ISO-10303-21;
HEADER;
FILE_DESCRIPTION(('STEP AP242'),'1');
FILE_NAME('2008900104.stp','2025-01-23T20:48:48',('TraceParts'),('TraceParts S.A.'),'Spatial InterOp 3D',' ',' ');
FILE_SCHEMA(('AP242_MANAGED_MODEL_BASED_3D_ENGINEERING_MIM_LF  {1 0 10303 442 1 1 4}'));
ENDSEC;
DATA;
#1=PRODUCT_DEFINITION_CONTEXT('',#10,'design');
#2=APPLICATION_PROTOCOL_DEFINITION('INTERNATIONAL STANDARD','ap242_managed_model_based_3d_engineering',2014,#10);
#3=PRODUCT_CATEGORY_RELATIONSHIP('NONE','NONE',#11,#12);
#4=SHAPE_DEFINITION_REPRESENTATION(#13,#14);
#5=SHAPE_DEFINITION_REPRESENTATION(#13,#15);
#6= (GEOMETRIC_REPRESENTATION_CONTEXT(3)GLOBAL_UNCERTAINTY_ASSIGNED_CONTEXT((#18))GLOBAL_UNIT_ASSIGNED_CONTEXT((#20,#21,#22))REPRESENTATION_CONTEXT('NONE','WORKSPACE'));
#10=APPLICATION_CONTEXT('managed model based 3d engineering');
#11=PRODUCT_CATEGORY('part','NONE');
#12=PRODUCT_RELATED_PRODUCT_CATEGORY('detail',' ',(#24));
#13=PRODUCT_DEFINITION_SHAPE('NONE','NONE',#25);
#14=ADVANCED_BREP_SHAPE_REPRESENTATION('2008900104_1',(#26,#27),#6);
#15=GEOMETRICALLY_BOUNDED_SURFACE_SHAPE_REPRESENTATION('1',(#28,#29),#6);
#18=UNCERTAINTY_MEASURE_WITH_UNIT(LENGTH_MEASURE(1.0E-06),#20,'','');
#20= (CONVERSION_BASED_UNIT('MILLIMETRE',#32)LENGTH_UNIT()NAMED_UNIT(#35));
#21= (NAMED_UNIT(#37)PLANE_ANGLE_UNIT()SI_UNIT($,.RADIAN.));
#22= (NAMED_UNIT(#37)SOLID_ANGLE_UNIT()SI_UNIT($,.STERADIAN.));
#24=PRODUCT('2008900104_1','2008900104_1','PART-2008900104_1-DESC',(#43));
#25=PRODUCT_DEFINITION('','NONE',#44,#1);
#26=MANIFOLD_SOLID_BREP('2008900104_1',#45);
#27=AXIS2_PLACEMENT_3D('',#46,#47,#48);
#28=GEOMETRIC_SET('1',(#49,#50,#51,#52,#53,#54,#55,#56,#57,#58,#59,#60,#61,#62,#63,#64));
#29=AXIS2_PLACEMENT_3D('',#65,#66,#67);
#32=LENGTH_MEASURE_WITH_UNIT(LENGTH_MEASURE(1.0),#68);
#35=DIMENSIONAL_EXPONENTS(1.0,0.0,0.0,0.0,0.0,0.0,0.0);
#37=DIMENSIONAL_EXPONENTS(0.0,0.0,0.0,0.0,0.0,0.0,0.0);
#43=PRODUCT_CONTEXT('',#10,'mechanical');
#44=PRODUCT_DEFINITION_FORMATION_WITH_SPECIFIED_SOURCE(' ','NONE',#24,.NOT_KNOWN.);
#45=CLOSED_SHELL('',(#69,#70,#71,#72,#73,#74,#75,#76,#77,#78,#79,#80,#81,#82,#83,#84,#85,#86,#87,#88,#89,#90,#91,#92,#93,#94,#95,#96,#97,#98,#99,#100,#101,#102,#103,#104,#105,#106,#107,#108,#109,#110,#111,#112,#113,#114,#115,#116,#117,#118,#119,#120,#121,#122,#123,#124,#125,#126,#127,#128,#129,#130,#131,#132,#133,#134,#135,#136,#137,#138,#139,#140,#141,#142,#143,#144,#145,#146,#147,#148,#149,#150,#151,#152,#153,#154,#155,#156,#157,#158,#159,#160,#161,#162,#163,#164,#165,#166,#167,#168,#169,#170,#171,#172,#173,#174,#175,#176,#177,#178,#179,#180,#181,#182,#183,#184,#185,#186,#187,#188,#189,#190,#191,#192,#193,#194,#195,#196,#197,#198,#199,#200,#201,#202,#203,#204,#205,#206,#207,#208,#209,#210,#211,#212,#213,#214,#215,#216,#217,#218,#219,#220,#221,#222,#223,#224,#225,#226,#227,#228,#229,#230,#231,#232,#233,#234,#235,#236,#237,#238,#239,#240,#241,#242,#243,#244,#245,#246,#247,#248,#249,#250,#251,#252,#253,#254,#255,#256,#257,#258,#259,#260,#261,#262,#263,#264,#265,#266,#267,#268,#269,#270,#271,#272,#273,#274,#275,#276,#277,#278,#279,#280,#281,#282,#283,#284));
#46=CARTESIAN_POINT('',(0.0,0.0,0.0));
#47=DIRECTION('',(0.0,0.0,1.0));
#48=DIRECTION('',(1.0,0.0,0.0));
#49=COMPOSITE_CURVE('2008900104_2',(#285),.U.);
#50=COMPOSITE_CURVE('2008900104_3',(#286),.U.);
#51=COMPOSITE_CURVE('2008900104_4',(#287),.U.);
#52=COMPOSITE_CURVE('2008900104_5',(#288),.U.);
#53=COMPOSITE_CURVE('2008900104_6',(#289),.U.);
#54=COMPOSITE_CURVE('2008900104_7',(#290),.U.);
#55=COMPOSITE_CURVE('2008900104_8',(#291),.U.);
#56=COMPOSITE_CURVE('2008900104_9',(#292),.U.);
#57=COMPOSITE_CURVE('2008900104_10',(#293),.U.);
#58=COMPOSITE_CURVE('2008900104_11',(#294),.U.);
#59=COMPOSITE_CURVE('2008900104_12',(#295),.U.);
#60=COMPOSITE_CURVE('2008900104_13',(#296),.U.);
#61=COMPOSITE_CURVE('2008900104_14',(#297),.U.);
#62=COMPOSITE_CURVE('2008900104_15',(#298),.U.);
#63=COMPOSITE_CURVE('2008900104_16',(#299),.U.);
#64=COMPOSITE_CURVE('2008900104_17',(#300),.U.);
#65=CARTESIAN_POINT('',(0.0,0.0,0.0));
#66=DIRECTION('',(0.0,0.0,1.0));
#67=DIRECTION('',(1.0,0.0,0.0));
#68= (NAMED_UNIT(#35)LENGTH_UNIT()SI_UNIT(.MILLI.,.METRE.));
#69=ADVANCED_FACE('',(#302),#303,.F.);
#70=ADVANCED_FACE('',(#304),#305,.T.);
#71=ADVANCED_FACE('',(#306),#307,.T.);
#72=ADVANCED_FACE('',(#308),#309,.F.);
#73=ADVANCED_FACE('',(#310),#311,.T.);
#74=ADVANCED_FACE('',(#312),#313,.T.);
#75=ADVANCED_FACE('',(#314),#315,.T.);
#76=ADVANCED_FACE('',(#316),#317,.T.);
#77=ADVANCED_FACE('',(#318),#319,.T.);
#78=ADVANCED_FACE('',(#320),#321,.F.);
#79=ADVANCED_FACE('',(#322),#323,.F.);
#80=ADVANCED_FACE('',(#324),#325,.F.);
#81=ADVANCED_FACE('',(#326),#327,.T.);
#82=ADVANCED_FACE('',(#328),#329,.F.);
#83=ADVANCED_FACE('',(#330),#331,.T.);
#84=ADVANCED_FACE('',(#332),#333,.F.);
#85=ADVANCED_FACE('',(#334),#335,.T.);
#86=ADVANCED_FACE('',(#336),#337,.F.);
#87=ADVANCED_FACE('',(#338),#339,.F.);
#88=ADVANCED_FACE('',(#340),#341,.T.);
#89=ADVANCED_FACE('',(#342),#343,.F.);
#90=ADVANCED_FACE('',(#344),#345,.F.);
#91=ADVANCED_FACE('',(#346),#347,.F.);
#92=ADVANCED_FACE('',(#348),#349,.T.);
#93=ADVANCED_FACE('',(#350),#351,.T.);
#94=ADVANCED_FACE('',(#352),#353,.F.);
#95=ADVANCED_FACE('',(#354),#355,.F.);
#96=ADVANCED_FACE('',(#356),#357,.F.);
#97=ADVANCED_FACE('',(#358),#359,.T.);
#98=ADVANCED_FACE('',(#360),#361,.T.);
#99=ADVANCED_FACE('',(#362),#363,.T.);
#100=ADVANCED_FACE('',(#364),#365,.F.);
#101=ADVANCED_FACE('',(#366),#367,.T.);
#102=ADVANCED_FACE('',(#368),#369,.T.);
#103=ADVANCED_FACE('',(#370),#371,.F.);
#104=ADVANCED_FACE('',(#372),#373,.T.);
#105=ADVANCED_FACE('',(#374),#375,.T.);
#106=ADVANCED_FACE('',(#376),#377,.T.);
#107=ADVANCED_FACE('',(#378),#379,.F.);
#108=ADVANCED_FACE('',(#380),#381,.F.);
#109=ADVANCED_FACE('',(#382),#383,.T.);
#110=ADVANCED_FACE('',(#384),#385,.F.);
#111=ADVANCED_FACE('',(#386),#387,.F.);
#112=ADVANCED_FACE('',(#388),#389,.F.);
#113=ADVANCED_FACE('',(#390),#391,.T.);
#114=ADVANCED_FACE('',(#392),#393,.T.);
#115=ADVANCED_FACE('',(#394),#395,.T.);
#116=ADVANCED_FACE('',(#396),#397,.T.);
#117=ADVANCED_FACE('',(#398),#399,.F.);
#118=ADVANCED_FACE('',(#400),#401,.T.);
#119=ADVANCED_FACE('',(#402),#403,.T.);
#120=ADVANCED_FACE('',(#404),#405,.F.);
#121=ADVANCED_FACE('',(#406),#407,.F.);
#122=ADVANCED_FACE('',(#408),#409,.T.);
#123=ADVANCED_FACE('',(#410),#411,.T.);
#124=ADVANCED_FACE('',(#412),#413,.F.);
#125=ADVANCED_FACE('',(#414),#415,.F.);
#126=ADVANCED_FACE('',(#416),#417,.T.);
#127=ADVANCED_FACE('',(#418),#419,.T.);
#128=ADVANCED_FACE('',(#420),#421,.F.);
#129=ADVANCED_FACE('',(#422),#423,.T.);
#130=ADVANCED_FACE('',(#424),#425,.T.);
#131=ADVANCED_FACE('',(#426),#427,.F.);
#132=ADVANCED_FACE('',(#428),#429,.T.);
#133=ADVANCED_FACE('',(#430),#431,.F.);
#134=ADVANCED_FACE('',(#432,#433),#434,.F.);
#135=ADVANCED_FACE('',(#435),#436,.F.);
#136=ADVANCED_FACE('',(#437),#438,.T.);
#137=ADVANCED_FACE('',(#439),#440,.T.);
#138=ADVANCED_FACE('',(#441),#442,.T.);
#139=ADVANCED_FACE('',(#443),#444,.T.);
#140=ADVANCED_FACE('',(#445),#446,.F.);
#141=ADVANCED_FACE('',(#447),#448,.T.);
#142=ADVANCED_FACE('',(#449),#450,.T.);
#143=ADVANCED_FACE('',(#451),#452,.F.);
#144=ADVANCED_FACE('',(#453),#454,.T.);
#145=ADVANCED_FACE('',(#455),#456,.F.);
#146=ADVANCED_FACE('',(#457),#458,.F.);
#147=ADVANCED_FACE('',(#459),#460,.F.);
#148=ADVANCED_FACE('',(#461),#462,.F.);
#149=ADVANCED_FACE('',(#463),#464,.F.);
#150=ADVANCED_FACE('',(#465),#466,.F.);
#151=ADVANCED_FACE('',(#467),#468,.F.);
#152=ADVANCED_FACE('',(#469),#470,.F.);
#153=ADVANCED_FACE('',(#471),#472,.F.);
#154=ADVANCED_FACE('',(#473),#474,.F.);
#155=ADVANCED_FACE('',(#475),#476,.T.);
#156=ADVANCED_FACE('',(#477),#478,.T.);
#157=ADVANCED_FACE('',(#479,#480),#481,.F.);
#158=ADVANCED_FACE('',(#482),#483,.F.);
#159=ADVANCED_FACE('',(#484),#485,.F.);
#160=ADVANCED_FACE('',(#486),#487,.F.);
#161=ADVANCED_FACE('',(#488),#489,.F.);
#162=ADVANCED_FACE('',(#490),#491,.F.);
#163=ADVANCED_FACE('',(#492),#493,.T.);
#164=ADVANCED_FACE('',(#494),#495,.F.);
#165=ADVANCED_FACE('',(#496),#497,.T.);
#166=ADVANCED_FACE('',(#498),#499,.T.);
#167=ADVANCED_FACE('',(#500),#501,.T.);
#168=ADVANCED_FACE('',(#502),#503,.T.);
#169=ADVANCED_FACE('',(#504),#505,.F.);
#170=ADVANCED_FACE('',(#506),#507,.F.);
#171=ADVANCED_FACE('',(#508),#509,.T.);
#172=ADVANCED_FACE('',(#510),#511,.T.);
#173=ADVANCED_FACE('',(#512),#513,.T.);
#174=ADVANCED_FACE('',(#514),#515,.T.);
#175=ADVANCED_FACE('',(#516),#517,.F.);
#176=ADVANCED_FACE('',(#518),#519,.F.);
#177=ADVANCED_FACE('',(#520,#521,#522),#523,.T.);
#178=ADVANCED_FACE('',(#524,#525,#526),#527,.T.);
#179=ADVANCED_FACE('',(#528),#529,.T.);
#180=ADVANCED_FACE('',(#530),#531,.T.);
#181=ADVANCED_FACE('',(#532),#533,.F.);
#182=ADVANCED_FACE('',(#534),#535,.F.);
#183=ADVANCED_FACE('',(#536),#537,.F.);
#184=ADVANCED_FACE('',(#538),#539,.F.);
#185=ADVANCED_FACE('',(#540),#541,.F.);
#186=ADVANCED_FACE('',(#542),#543,.F.);
#187=ADVANCED_FACE('',(#544),#545,.F.);
#188=ADVANCED_FACE('',(#546),#547,.F.);
#189=ADVANCED_FACE('',(#548),#549,.T.);
#190=ADVANCED_FACE('',(#550),#551,.F.);
#191=ADVANCED_FACE('',(#552),#553,.F.);
#192=ADVANCED_FACE('',(#554),#555,.F.);
#193=ADVANCED_FACE('',(#556),#557,.F.);
#194=ADVANCED_FACE('',(#558),#559,.F.);
#195=ADVANCED_FACE('',(#560),#561,.F.);
#196=ADVANCED_FACE('',(#562),#563,.F.);
#197=ADVANCED_FACE('',(#564),#565,.F.);
#198=ADVANCED_FACE('',(#566),#567,.T.);
#199=ADVANCED_FACE('',(#568),#569,.F.);
#200=ADVANCED_FACE('',(#570),#571,.F.);
#201=ADVANCED_FACE('',(#572),#573,.F.);
#202=ADVANCED_FACE('',(#574),#575,.F.);
#203=ADVANCED_FACE('',(#576),#577,.F.);
#204=ADVANCED_FACE('',(#578),#579,.F.);
#205=ADVANCED_FACE('',(#580),#581,.F.);
#206=ADVANCED_FACE('',(#582),#583,.F.);
#207=ADVANCED_FACE('',(#584),#585,.T.);
#208=ADVANCED_FACE('',(#586),#587,.F.);
#209=ADVANCED_FACE('',(#588),#589,.F.);
#210=ADVANCED_FACE('',(#590),#591,.F.);
#211=ADVANCED_FACE('',(#592),#593,.F.);
#212=ADVANCED_FACE('',(#594),#595,.F.);
#213=ADVANCED_FACE('',(#596),#597,.F.);
#214=ADVANCED_FACE('',(#598),#599,.F.);
#215=ADVANCED_FACE('',(#600),#601,.F.);
#216=ADVANCED_FACE('',(#602),#603,.T.);
#217=ADVANCED_FACE('',(#604),#605,.T.);
#218=ADVANCED_FACE('',(#606),#607,.T.);
#219=ADVANCED_FACE('',(#608),#609,.T.);
#220=ADVANCED_FACE('',(#610),#611,.F.);
#221=ADVANCED_FACE('',(#612),#613,.F.);
#222=ADVANCED_FACE('',(#614),#615,.T.);
#223=ADVANCED_FACE('',(#616),#617,.T.);
#224=ADVANCED_FACE('',(#618),#619,.T.);
#225=ADVANCED_FACE('',(#620),#621,.T.);
#226=ADVANCED_FACE('',(#622),#623,.F.);
#227=ADVANCED_FACE('',(#624),#625,.F.);
#228=ADVANCED_FACE('',(#626),#627,.F.);
#229=ADVANCED_FACE('',(#628),#629,.F.);
#230=ADVANCED_FACE('',(#630),#631,.F.);
#231=ADVANCED_FACE('',(#632),#633,.F.);
#232=ADVANCED_FACE('',(#634),#635,.T.);
#233=ADVANCED_FACE('',(#636),#637,.T.);
#234=ADVANCED_FACE('',(#638),#639,.T.);
#235=ADVANCED_FACE('',(#640),#641,.T.);
#236=ADVANCED_FACE('',(#642),#643,.T.);
#237=ADVANCED_FACE('',(#644),#645,.F.);
#238=ADVANCED_FACE('',(#646),#647,.F.);
#239=ADVANCED_FACE('',(#648),#649,.F.);
#240=ADVANCED_FACE('',(#650),#651,.F.);
#241=ADVANCED_FACE('',(#652),#653,.F.);
#242=ADVANCED_FACE('',(#654),#655,.F.);
#243=ADVANCED_FACE('',(#656),#657,.T.);
#244=ADVANCED_FACE('',(#658),#659,.T.);
#245=ADVANCED_FACE('',(#660),#661,.T.);
#246=ADVANCED_FACE('',(#662),#663,.F.);
#247=ADVANCED_FACE('',(#664),#665,.F.);
#248=ADVANCED_FACE('',(#666),#667,.F.);
#249=ADVANCED_FACE('',(#668),#669,.F.);
#250=ADVANCED_FACE('',(#670),#671,.F.);
#251=ADVANCED_FACE('',(#672),#673,.F.);
#252=ADVANCED_FACE('',(#674),#675,.F.);
#253=ADVANCED_FACE('',(#676),#677,.F.);
#254=ADVANCED_FACE('',(#678),#679,.F.);
#255=ADVANCED_FACE('',(#680),#681,.T.);
#256=ADVANCED_FACE('',(#682),#683,.F.);
#257=ADVANCED_FACE('',(#684),#685,.T.);
#258=ADVANCED_FACE('',(#686),#687,.F.);
#259=ADVANCED_FACE('',(#688),#689,.T.);
#260=ADVANCED_FACE('',(#690),#691,.T.);
#261=ADVANCED_FACE('',(#692),#693,.T.);
#262=ADVANCED_FACE('',(#694),#695,.T.);
#263=ADVANCED_FACE('',(#696),#697,.T.);
#264=ADVANCED_FACE('',(#698),#699,.T.);
#265=ADVANCED_FACE('',(#700),#701,.T.);
#266=ADVANCED_FACE('',(#702),#703,.T.);
#267=ADVANCED_FACE('',(#704),#705,.T.);
#268=ADVANCED_FACE('',(#706),#707,.T.);
#269=ADVANCED_FACE('',(#708),#709,.T.);
#270=ADVANCED_FACE('',(#710),#711,.T.);
#271=ADVANCED_FACE('',(#712),#713,.T.);
#272=ADVANCED_FACE('',(#714),#715,.F.);
#273=ADVANCED_FACE('',(#716),#717,.T.);
#274=ADVANCED_FACE('',(#718),#719,.T.);
#275=ADVANCED_FACE('',(#720),#721,.F.);
#276=ADVANCED_FACE('',(#722),#723,.F.);
#277=ADVANCED_FACE('',(#724),#725,.F.);
#278=ADVANCED_FACE('',(#726),#727,.F.);
#279=ADVANCED_FACE('',(#728),#729,.F.);
#280=ADVANCED_FACE('',(#730),#731,.F.);
#281=ADVANCED_FACE('',(#732),#733,.F.);
#282=ADVANCED_FACE('',(#734),#735,.F.);
#283=ADVANCED_FACE('',(#736),#737,.F.);
#284=ADVANCED_FACE('',(#738),#739,.F.);
#285=COMPOSITE_CURVE_SEGMENT(.CONTINUOUS.,.T.,#740);
#286=COMPOSITE_CURVE_SEGMENT(.CONTINUOUS.,.T.,#741);
#287=COMPOSITE_CURVE_SEGMENT(.CONTINUOUS.,.T.,#742);
#288=COMPOSITE_CURVE_SEGMENT(.CONTINUOUS.,.T.,#743);
#289=COMPOSITE_CURVE_SEGMENT(.CONTINUOUS.,.T.,#744);
#290=COMPOSITE_CURVE_SEGMENT(.CONTINUOUS.,.T.,#745);
#291=COMPOSITE_CURVE_SEGMENT(.CONTINUOUS.,.T.,#746);
#292=COMPOSITE_CURVE_SEGMENT(.CONTINUOUS.,.T.,#747);
#293=COMPOSITE_CURVE_SEGMENT(.CONTINUOUS.,.T.,#748);
#294=COMPOSITE_CURVE_SEGMENT(.CONTINUOUS.,.T.,#749);
#295=COMPOSITE_CURVE_SEGMENT(.CONTINUOUS.,.T.,#750);
#296=COMPOSITE_CURVE_SEGMENT(.CONTINUOUS.,.T.,#751);
#297=COMPOSITE_CURVE_SEGMENT(.CONTINUOUS.,.T.,#752);
#298=COMPOSITE_CURVE_SEGMENT(.CONTINUOUS.,.T.,#753);
#299=COMPOSITE_CURVE_SEGMENT(.CONTINUOUS.,.T.,#754);
#300=COMPOSITE_CURVE_SEGMENT(.CONTINUOUS.,.T.,#755);
#302=FACE_OUTER_BOUND('',#756,.T.);
#303=PLANE('',#757);
#304=FACE_OUTER_BOUND('',#758,.T.);
#305=PLANE('',#759);
#306=FACE_OUTER_BOUND('',#760,.T.);
#307=PLANE('',#761);
#308=FACE_OUTER_BOUND('',#762,.T.);
#309=PLANE('',#763);
#310=FACE_OUTER_BOUND('',#764,.T.);
#311=PLANE('',#765);
#312=FACE_OUTER_BOUND('',#766,.T.);
#313=PLANE('',#767);
#314=FACE_OUTER_BOUND('',#768,.T.);
#315=PLANE('',#769);
#316=FACE_OUTER_BOUND('',#770,.T.);
#317=PLANE('',#771);
#318=FACE_OUTER_BOUND('',#772,.T.);
#319=PLANE('',#773);
#320=FACE_OUTER_BOUND('',#774,.T.);
#321=PLANE('',#775);
#322=FACE_OUTER_BOUND('',#776,.T.);
#323=CYLINDRICAL_SURFACE('',#777,0.6);
#324=FACE_OUTER_BOUND('',#778,.T.);
#325=PLANE('',#779);
#326=FACE_OUTER_BOUND('',#780,.T.);
#327=PLANE('',#781);
#328=FACE_OUTER_BOUND('',#782,.T.);
#329=CYLINDRICAL_SURFACE('',#783,1.3);
#330=FACE_OUTER_BOUND('',#784,.T.);
#331=PLANE('',#785);
#332=FACE_OUTER_BOUND('',#786,.T.);
#333=CYLINDRICAL_SURFACE('',#787,0.166);
#334=FACE_OUTER_BOUND('',#788,.T.);
#335=PLANE('',#789);
#336=FACE_OUTER_BOUND('',#790,.T.);
#337=PLANE('',#791);
#338=FACE_OUTER_BOUND('',#792,.T.);
#339=PLANE('',#793);
#340=FACE_OUTER_BOUND('',#794,.T.);
#341=PLANE('',#795);
#342=FACE_OUTER_BOUND('',#796,.T.);
#343=PLANE('',#797);
#344=FACE_OUTER_BOUND('',#798,.T.);
#345=PLANE('',#799);
#346=FACE_OUTER_BOUND('',#800,.T.);
#347=PLANE('',#801);
#348=FACE_OUTER_BOUND('',#802,.T.);
#349=PLANE('',#803);
#350=FACE_OUTER_BOUND('',#804,.T.);
#351=PLANE('',#805);
#352=FACE_OUTER_BOUND('',#806,.T.);
#353=PLANE('',#807);
#354=FACE_OUTER_BOUND('',#808,.T.);
#355=PLANE('',#809);
#356=FACE_OUTER_BOUND('',#810,.T.);
#357=PLANE('',#811);
#358=FACE_OUTER_BOUND('',#812,.T.);
#359=PLANE('',#813);
#360=FACE_OUTER_BOUND('',#814,.T.);
#361=PLANE('',#815);
#362=FACE_OUTER_BOUND('',#816,.T.);
#363=PLANE('',#817);
#364=FACE_OUTER_BOUND('',#818,.T.);
#365=PLANE('',#819);
#366=FACE_OUTER_BOUND('',#820,.T.);
#367=PLANE('',#821);
#368=FACE_OUTER_BOUND('',#822,.T.);
#369=PLANE('',#823);
#370=FACE_OUTER_BOUND('',#824,.T.);
#371=PLANE('',#825);
#372=FACE_OUTER_BOUND('',#826,.T.);
#373=PLANE('',#827);
#374=FACE_OUTER_BOUND('',#828,.T.);
#375=PLANE('',#829);
#376=FACE_OUTER_BOUND('',#830,.T.);
#377=PLANE('',#831);
#378=FACE_OUTER_BOUND('',#832,.T.);
#379=PLANE('',#833);
#380=FACE_OUTER_BOUND('',#834,.T.);
#381=PLANE('',#835);
#382=FACE_OUTER_BOUND('',#836,.T.);
#383=PLANE('',#837);
#384=FACE_OUTER_BOUND('',#838,.T.);
#385=PLANE('',#839);
#386=FACE_OUTER_BOUND('',#840,.T.);
#387=PLANE('',#841);
#388=FACE_OUTER_BOUND('',#842,.T.);
#389=PLANE('',#843);
#390=FACE_OUTER_BOUND('',#844,.T.);
#391=PLANE('',#845);
#392=FACE_OUTER_BOUND('',#846,.T.);
#393=PLANE('',#847);
#394=FACE_OUTER_BOUND('',#848,.T.);
#395=PLANE('',#849);
#396=FACE_OUTER_BOUND('',#850,.T.);
#397=PLANE('',#851);
#398=FACE_OUTER_BOUND('',#852,.T.);
#399=PLANE('',#853);
#400=FACE_OUTER_BOUND('',#854,.T.);
#401=PLANE('',#855);
#402=FACE_OUTER_BOUND('',#856,.T.);
#403=PLANE('',#857);
#404=FACE_OUTER_BOUND('',#858,.T.);
#405=PLANE('',#859);
#406=FACE_OUTER_BOUND('',#860,.T.);
#407=PLANE('',#861);
#408=FACE_OUTER_BOUND('',#862,.T.);
#409=PLANE('',#863);
#410=FACE_OUTER_BOUND('',#864,.T.);
#411=PLANE('',#865);
#412=FACE_OUTER_BOUND('',#866,.T.);
#413=PLANE('',#867);
#414=FACE_OUTER_BOUND('',#868,.T.);
#415=PLANE('',#869);
#416=FACE_OUTER_BOUND('',#870,.T.);
#417=PLANE('',#871);
#418=FACE_OUTER_BOUND('',#872,.T.);
#419=PLANE('',#873);
#420=FACE_OUTER_BOUND('',#874,.T.);
#421=PLANE('',#875);
#422=FACE_OUTER_BOUND('',#876,.T.);
#423=PLANE('',#877);
#424=FACE_OUTER_BOUND('',#878,.T.);
#425=PLANE('',#879);
#426=FACE_OUTER_BOUND('',#880,.T.);
#427=PLANE('',#881);
#428=FACE_OUTER_BOUND('',#882,.T.);
#429=PLANE('',#883);
#430=FACE_OUTER_BOUND('',#884,.T.);
#431=PLANE('',#885);
#432=FACE_OUTER_BOUND('',#886,.T.);
#433=FACE_BOUND('',#887,.T.);
#434=PLANE('',#888);
#435=FACE_OUTER_BOUND('',#889,.T.);
#436=PLANE('',#890);
#437=FACE_OUTER_BOUND('',#891,.T.);
#438=PLANE('',#892);
#439=FACE_OUTER_BOUND('',#893,.T.);
#440=PLANE('',#894);
#441=FACE_OUTER_BOUND('',#895,.T.);
#442=PLANE('',#896);
#443=FACE_OUTER_BOUND('',#897,.T.);
#444=PLANE('',#898);
#445=FACE_OUTER_BOUND('',#899,.T.);
#446=PLANE('',#900);
#447=FACE_OUTER_BOUND('',#901,.T.);
#448=PLANE('',#902);
#449=FACE_OUTER_BOUND('',#903,.T.);
#450=PLANE('',#904);
#451=FACE_OUTER_BOUND('',#905,.T.);
#452=PLANE('',#906);
#453=FACE_OUTER_BOUND('',#907,.T.);
#454=PLANE('',#908);
#455=FACE_OUTER_BOUND('',#909,.T.);
#456=PLANE('',#910);
#457=FACE_OUTER_BOUND('',#911,.T.);
#458=PLANE('',#912);
#459=FACE_OUTER_BOUND('',#913,.T.);
#460=PLANE('',#914);
#461=FACE_OUTER_BOUND('',#915,.T.);
#462=PLANE('',#916);
#463=FACE_OUTER_BOUND('',#917,.T.);
#464=PLANE('',#918);
#465=FACE_OUTER_BOUND('',#919,.T.);
#466=PLANE('',#920);
#467=FACE_OUTER_BOUND('',#921,.T.);
#468=PLANE('',#922);
#469=FACE_OUTER_BOUND('',#923,.T.);
#470=PLANE('',#924);
#471=FACE_OUTER_BOUND('',#925,.T.);
#472=PLANE('',#926);
#473=FACE_OUTER_BOUND('',#927,.T.);
#474=PLANE('',#928);
#475=FACE_OUTER_BOUND('',#929,.T.);
#476=PLANE('',#930);
#477=FACE_OUTER_BOUND('',#931,.T.);
#478=PLANE('',#932);
#479=FACE_OUTER_BOUND('',#933,.T.);
#480=FACE_BOUND('',#934,.T.);
#481=PLANE('',#935);
#482=FACE_OUTER_BOUND('',#936,.T.);
#483=PLANE('',#937);
#484=FACE_OUTER_BOUND('',#938,.T.);
#485=PLANE('',#939);
#486=FACE_OUTER_BOUND('',#940,.T.);
#487=PLANE('',#941);
#488=FACE_OUTER_BOUND('',#942,.T.);
#489=PLANE('',#943);
#490=FACE_OUTER_BOUND('',#944,.T.);
#491=PLANE('',#945);
#492=FACE_OUTER_BOUND('',#946,.T.);
#493=PLANE('',#947);
#494=FACE_OUTER_BOUND('',#948,.T.);
#495=PLANE('',#949);
#496=FACE_OUTER_BOUND('',#950,.T.);
#497=PLANE('',#951);
#498=FACE_OUTER_BOUND('',#952,.T.);
#499=PLANE('',#953);
#500=FACE_OUTER_BOUND('',#954,.T.);
#501=PLANE('',#955);
#502=FACE_OUTER_BOUND('',#956,.T.);
#503=PLANE('',#957);
#504=FACE_OUTER_BOUND('',#958,.T.);
#505=PLANE('',#959);
#506=FACE_OUTER_BOUND('',#960,.T.);
#507=PLANE('',#961);
#508=FACE_OUTER_BOUND('',#962,.T.);
#509=PLANE('',#963);
#510=FACE_OUTER_BOUND('',#964,.T.);
#511=PLANE('',#965);
#512=FACE_OUTER_BOUND('',#966,.T.);
#513=PLANE('',#967);
#514=FACE_OUTER_BOUND('',#968,.T.);
#515=PLANE('',#969);
#516=FACE_OUTER_BOUND('',#970,.T.);
#517=PLANE('',#971);
#518=FACE_OUTER_BOUND('',#972,.T.);
#519=PLANE('',#973);
#520=FACE_OUTER_BOUND('',#974,.T.);
#521=FACE_BOUND('',#975,.T.);
#522=FACE_BOUND('',#976,.T.);
#523=PLANE('',#977);
#524=FACE_OUTER_BOUND('',#978,.T.);
#525=FACE_BOUND('',#979,.T.);
#526=FACE_BOUND('',#980,.T.);
#527=PLANE('',#981);
#528=FACE_OUTER_BOUND('',#982,.T.);
#529=PLANE('',#983);
#530=FACE_OUTER_BOUND('',#984,.T.);
#531=PLANE('',#985);
#532=FACE_OUTER_BOUND('',#986,.T.);
#533=PLANE('',#987);
#534=FACE_OUTER_BOUND('',#988,.T.);
#535=PLANE('',#989);
#536=FACE_OUTER_BOUND('',#990,.T.);
#537=PLANE('',#991);
#538=FACE_OUTER_BOUND('',#992,.T.);
#539=PLANE('',#993);
#540=FACE_OUTER_BOUND('',#994,.T.);
#541=PLANE('',#995);
#542=FACE_OUTER_BOUND('',#996,.T.);
#543=PLANE('',#997);
#544=FACE_OUTER_BOUND('',#998,.T.);
#545=PLANE('',#999);
#546=FACE_OUTER_BOUND('',#1000,.T.);
#547=PLANE('',#1001);
#548=FACE_OUTER_BOUND('',#1002,.T.);
#549=PLANE('',#1003);
#550=FACE_OUTER_BOUND('',#1004,.T.);
#551=PLANE('',#1005);
#552=FACE_OUTER_BOUND('',#1006,.T.);
#553=PLANE('',#1007);
#554=FACE_OUTER_BOUND('',#1008,.T.);
#555=PLANE('',#1009);
#556=FACE_OUTER_BOUND('',#1010,.T.);
#557=PLANE('',#1011);
#558=FACE_OUTER_BOUND('',#1012,.T.);
#559=PLANE('',#1013);
#560=FACE_OUTER_BOUND('',#1014,.T.);
#561=PLANE('',#1015);
#562=FACE_OUTER_BOUND('',#1016,.T.);
#563=PLANE('',#1017);
#564=FACE_OUTER_BOUND('',#1018,.T.);
#565=PLANE('',#1019);
#566=FACE_OUTER_BOUND('',#1020,.T.);
#567=PLANE('',#1021);
#568=FACE_OUTER_BOUND('',#1022,.T.);
#569=PLANE('',#1023);
#570=FACE_OUTER_BOUND('',#1024,.T.);
#571=PLANE('',#1025);
#572=FACE_OUTER_BOUND('',#1026,.T.);
#573=PLANE('',#1027);
#574=FACE_OUTER_BOUND('',#1028,.T.);
#575=PLANE('',#1029);
#576=FACE_OUTER_BOUND('',#1030,.T.);
#577=PLANE('',#1031);
#578=FACE_OUTER_BOUND('',#1032,.T.);
#579=PLANE('',#1033);
#580=FACE_OUTER_BOUND('',#1034,.T.);
#581=PLANE('',#1035);
#582=FACE_OUTER_BOUND('',#1036,.T.);
#583=PLANE('',#1037);
#584=FACE_OUTER_BOUND('',#1038,.T.);
#585=PLANE('',#1039);
#586=FACE_OUTER_BOUND('',#1040,.T.);
#587=PLANE('',#1041);
#588=FACE_OUTER_BOUND('',#1042,.T.);
#589=PLANE('',#1043);
#590=FACE_OUTER_BOUND('',#1044,.T.);
#591=PLANE('',#1045);
#592=FACE_OUTER_BOUND('',#1046,.T.);
#593=PLANE('',#1047);
#594=FACE_OUTER_BOUND('',#1048,.T.);
#595=PLANE('',#1049);
#596=FACE_OUTER_BOUND('',#1050,.T.);
#597=PLANE('',#1051);
#598=FACE_OUTER_BOUND('',#1052,.T.);
#599=PLANE('',#1053);
#600=FACE_OUTER_BOUND('',#1054,.T.);
#601=PLANE('',#1055);
#602=FACE_OUTER_BOUND('',#1056,.T.);
#603=PLANE('',#1057);
#604=FACE_OUTER_BOUND('',#1058,.T.);
#605=PLANE('',#1059);
#606=FACE_OUTER_BOUND('',#1060,.T.);
#607=PLANE('',#1061);
#608=FACE_OUTER_BOUND('',#1062,.T.);
#609=PLANE('',#1063);
#610=FACE_OUTER_BOUND('',#1064,.T.);
#611=PLANE('',#1065);
#612=FACE_OUTER_BOUND('',#1066,.T.);
#613=PLANE('',#1067);
#614=FACE_OUTER_BOUND('',#1068,.T.);
#615=PLANE('',#1069);
#616=FACE_OUTER_BOUND('',#1070,.T.);
#617=PLANE('',#1071);
#618=FACE_OUTER_BOUND('',#1072,.T.);
#619=PLANE('',#1073);
#620=FACE_OUTER_BOUND('',#1074,.T.);
#621=PLANE('',#1075);
#622=FACE_OUTER_BOUND('',#1076,.T.);
#623=PLANE('',#1077);
#624=FACE_OUTER_BOUND('',#1078,.T.);
#625=PLANE('',#1079);
#626=FACE_OUTER_BOUND('',#1080,.T.);
#627=PLANE('',#1081);
#628=FACE_OUTER_BOUND('',#1082,.T.);
#629=PLANE('',#1083);
#630=FACE_OUTER_BOUND('',#1084,.T.);
#631=PLANE('',#1085);
#632=FACE_OUTER_BOUND('',#1086,.T.);
#633=PLANE('',#1087);
#634=FACE_OUTER_BOUND('',#1088,.T.);
#635=PLANE('',#1089);
#636=FACE_OUTER_BOUND('',#1090,.T.);
#637=PLANE('',#1091);
#638=FACE_OUTER_BOUND('',#1092,.T.);
#639=PLANE('',#1093);
#640=FACE_OUTER_BOUND('',#1094,.T.);
#641=PLANE('',#1095);
#642=FACE_OUTER_BOUND('',#1096,.T.);
#643=PLANE('',#1097);
#644=FACE_OUTER_BOUND('',#1098,.T.);
#645=PLANE('',#1099);
#646=FACE_OUTER_BOUND('',#1100,.T.);
#647=PLANE('',#1101);
#648=FACE_OUTER_BOUND('',#1102,.T.);
#649=PLANE('',#1103);
#650=FACE_OUTER_BOUND('',#1104,.T.);
#651=PLANE('',#1105);
#652=FACE_OUTER_BOUND('',#1106,.T.);
#653=PLANE('',#1107);
#654=FACE_OUTER_BOUND('',#1108,.T.);
#655=PLANE('',#1109);
#656=FACE_OUTER_BOUND('',#1110,.T.);
#657=PLANE('',#1111);
#658=FACE_OUTER_BOUND('',#1112,.T.);
#659=PLANE('',#1113);
#660=FACE_OUTER_BOUND('',#1114,.T.);
#661=PLANE('',#1115);
#662=FACE_OUTER_BOUND('',#1116,.T.);
#663=PLANE('',#1117);
#664=FACE_OUTER_BOUND('',#1118,.T.);
#665=PLANE('',#1119);
#666=FACE_OUTER_BOUND('',#1120,.T.);
#667=CYLINDRICAL_SURFACE('',#1121,0.166);
#668=FACE_OUTER_BOUND('',#1122,.T.);
#669=PLANE('',#1123);
#670=FACE_OUTER_BOUND('',#1124,.T.);
#671=PLANE('',#1125);
#672=FACE_OUTER_BOUND('',#1126,.T.);
#673=PLANE('',#1127);
#674=FACE_OUTER_BOUND('',#1128,.T.);
#675=CYLINDRICAL_SURFACE('',#1129,0.6);
#676=FACE_OUTER_BOUND('',#1130,.T.);
#677=PLANE('',#1131);
#678=FACE_OUTER_BOUND('',#1132,.T.);
#679=CYLINDRICAL_SURFACE('',#1133,1.3);
#680=FACE_OUTER_BOUND('',#1134,.T.);
#681=PLANE('',#1135);
#682=FACE_OUTER_BOUND('',#1136,.T.);
#683=PLANE('',#1137);
#684=FACE_OUTER_BOUND('',#1138,.T.);
#685=PLANE('',#1139);
#686=FACE_OUTER_BOUND('',#1140,.T.);
#687=PLANE('',#1141);
#688=FACE_OUTER_BOUND('',#1142,.T.);
#689=PLANE('',#1143);
#690=FACE_OUTER_BOUND('',#1144,.T.);
#691=PLANE('',#1145);
#692=FACE_OUTER_BOUND('',#1146,.T.);
#693=PLANE('',#1147);
#694=FACE_OUTER_BOUND('',#1148,.T.);
#695=PLANE('',#1149);
#696=FACE_OUTER_BOUND('',#1150,.T.);
#697=PLANE('',#1151);
#698=FACE_OUTER_BOUND('',#1152,.T.);
#699=PLANE('',#1153);
#700=FACE_OUTER_BOUND('',#1154,.T.);
#701=PLANE('',#1155);
#702=FACE_OUTER_BOUND('',#1156,.T.);
#703=PLANE('',#1157);
#704=FACE_OUTER_BOUND('',#1158,.T.);
#705=CYLINDRICAL_SURFACE('',#1159,0.75);
#706=FACE_OUTER_BOUND('',#1160,.T.);
#707=PLANE('',#1161);
#708=FACE_OUTER_BOUND('',#1162,.T.);
#709=PLANE('',#1163);
#710=FACE_OUTER_BOUND('',#1164,.T.);
#711=PLANE('',#1165);
#712=FACE_OUTER_BOUND('',#1166,.T.);
#713=PLANE('',#1167);
#714=FACE_OUTER_BOUND('',#1168,.T.);
#715=PLANE('',#1169);
#716=FACE_OUTER_BOUND('',#1170,.T.);
#717=PLANE('',#1171);
#718=FACE_OUTER_BOUND('',#1172,.T.);
#719=PLANE('',#1173);
#720=FACE_OUTER_BOUND('',#1174,.T.);
#721=PLANE('',#1175);
#722=FACE_OUTER_BOUND('',#1176,.T.);
#723=PLANE('',#1177);
#724=FACE_OUTER_BOUND('',#1178,.T.);
#725=PLANE('',#1179);
#726=FACE_OUTER_BOUND('',#1180,.T.);
#727=PLANE('',#1181);
#728=FACE_OUTER_BOUND('',#1182,.T.);
#729=PLANE('',#1183);
#730=FACE_OUTER_BOUND('',#1184,.T.);
#731=PLANE('',#1185);
#732=FACE_OUTER_BOUND('',#1186,.T.);
#733=PLANE('',#1187);
#734=FACE_OUTER_BOUND('',#1188,.T.);
#735=PLANE('',#1189);
#736=FACE_OUTER_BOUND('',#1190,.T.);
#737=PLANE('',#1191);
#738=FACE_OUTER_BOUND('',#1192,.T.);
#739=PLANE('',#1193);
#740=TRIMMED_CURVE('',#1194,(PARAMETER_VALUE(0.0)),(PARAMETER_VALUE(1.0)),.T.,.UNSPECIFIED.);
#741=TRIMMED_CURVE('',#1195,(PARAMETER_VALUE(0.0)),(PARAMETER_VALUE(1.0)),.T.,.UNSPECIFIED.);
#742=TRIMMED_CURVE('',#1196,(PARAMETER_VALUE(0.0)),(PARAMETER_VALUE(1.0)),.T.,.UNSPECIFIED.);
#743=TRIMMED_CURVE('',#1197,(PARAMETER_VALUE(0.0)),(PARAMETER_VALUE(1.0)),.T.,.UNSPECIFIED.);
#744=TRIMMED_CURVE('',#1198,(PARAMETER_VALUE(0.0)),(PARAMETER_VALUE(1.0)),.T.,.UNSPECIFIED.);
#745=TRIMMED_CURVE('',#1199,(PARAMETER_VALUE(0.0)),(PARAMETER_VALUE(1.0)),.T.,.UNSPECIFIED.);
#746=TRIMMED_CURVE('',#1200,(PARAMETER_VALUE(0.0)),(PARAMETER_VALUE(1.0)),.T.,.UNSPECIFIED.);
#747=TRIMMED_CURVE('',#1201,(PARAMETER_VALUE(0.0)),(PARAMETER_VALUE(1.0)),.T.,.UNSPECIFIED.);
#748=TRIMMED_CURVE('',#1202,(PARAMETER_VALUE(0.0)),(PARAMETER_VALUE(1.0)),.T.,.UNSPECIFIED.);
#749=TRIMMED_CURVE('',#1203,(PARAMETER_VALUE(0.0)),(PARAMETER_VALUE(1.0)),.T.,.UNSPECIFIED.);
#750=TRIMMED_CURVE('',#1204,(PARAMETER_VALUE(0.0)),(PARAMETER_VALUE(1.0)),.T.,.UNSPECIFIED.);
#751=TRIMMED_CURVE('',#1205,(PARAMETER_VALUE(0.0)),(PARAMETER_VALUE(1.0)),.T.,.UNSPECIFIED.);
#752=TRIMMED_CURVE('',#1206,(PARAMETER_VALUE(0.0)),(PARAMETER_VALUE(1.0)),.T.,.UNSPECIFIED.);
#753=TRIMMED_CURVE('',#1207,(PARAMETER_VALUE(0.0)),(PARAMETER_VALUE(1.0)),.T.,.UNSPECIFIED.);
#754=TRIMMED_CURVE('',#1208,(PARAMETER_VALUE(0.0)),(PARAMETER_VALUE(1.0)),.T.,.UNSPECIFIED.);
#755=TRIMMED_CURVE('',#1209,(PARAMETER_VALUE(0.0)),(PARAMETER_VALUE(1.0)),.T.,.UNSPECIFIED.);
#756=EDGE_LOOP('',(#1210,#1211,#1212,#1213,#1214,#1215,#1216,#1217,#1218,#1219,#1220,#1221,#1222,#1223,#1224,#1225,#1226,#1227,#1228,#1229,#1230,#1231,#1232,#1233));
#757=AXIS2_PLACEMENT_3D('',#1234,#1235,#1236);
#758=EDGE_LOOP('',(#1237,#1238,#1239,#1240));
#759=AXIS2_PLACEMENT_3D('',#1241,#1242,#1243);
#760=EDGE_LOOP('',(#1244,#1245,#1246,#1247));
#761=AXIS2_PLACEMENT_3D('',#1248,#1249,#1250);
#762=EDGE_LOOP('',(#1251,#1252,#1253,#1254));
#763=AXIS2_PLACEMENT_3D('',#1255,#1256,#1257);
#764=EDGE_LOOP('',(#1258,#1259,#1260,#1261,#1262,#1263,#1264,#1265,#1266,#1267,#1268,#1269,#1270,#1271,#1272,#1273,#1274,#1275,#1276,#1277,#1278,#1279,#1280,#1281,#1282,#1283,#1284,#1285,#1286,#1287,#1288,#1289,#1290,#1291,#1292,#1293));
#765=AXIS2_PLACEMENT_3D('',#1294,#1295,#1296);
#766=EDGE_LOOP('',(#1297,#1298,#1299,#1300,#1301,#1302));
#767=AXIS2_PLACEMENT_3D('',#1303,#1304,#1305);
#768=EDGE_LOOP('',(#1306,#1307,#1308,#1309));
#769=AXIS2_PLACEMENT_3D('',#1310,#1311,#1312);
#770=EDGE_LOOP('',(#1313,#1314,#1315,#1316,#1317,#1318,#1319,#1320));
#771=AXIS2_PLACEMENT_3D('',#1321,#1322,#1323);
#772=EDGE_LOOP('',(#1324,#1325,#1326,#1327,#1328,#1329,#1330,#1331));
#773=AXIS2_PLACEMENT_3D('',#1332,#1333,#1334);
#774=EDGE_LOOP('',(#1335,#1336,#1337,#1338,#1339,#1340,#1341,#1342,#1343,#1344,#1345,#1346,#1347));
#775=AXIS2_PLACEMENT_3D('',#1348,#1349,#1350);
#776=EDGE_LOOP('',(#1351,#1352,#1353,#1354));
#777=AXIS2_PLACEMENT_3D('',#1355,#1356,#1357);
#778=EDGE_LOOP('',(#1358,#1359,#1360,#1361,#1362,#1363,#1364,#1365,#1366,#1367));
#779=AXIS2_PLACEMENT_3D('',#1368,#1369,#1370);
#780=EDGE_LOOP('',(#1371,#1372,#1373,#1374,#1375,#1376,#1377,#1378,#1379,#1380,#1381,#1382,#1383,#1384,#1385,#1386,#1387,#1388,#1389,#1390,#1391,#1392));
#781=AXIS2_PLACEMENT_3D('',#1393,#1394,#1395);
#782=EDGE_LOOP('',(#1396,#1397,#1398,#1399));
#783=AXIS2_PLACEMENT_3D('',#1400,#1401,#1402);
#784=EDGE_LOOP('',(#1403,#1404,#1405,#1406));
#785=AXIS2_PLACEMENT_3D('',#1407,#1408,#1409);
#786=EDGE_LOOP('',(#1410,#1411,#1412,#1413));
#787=AXIS2_PLACEMENT_3D('',#1414,#1415,#1416);
#788=EDGE_LOOP('',(#1417,#1418,#1419,#1420,#1421,#1422));
#789=AXIS2_PLACEMENT_3D('',#1423,#1424,#1425);
#790=EDGE_LOOP('',(#1426,#1427,#1428,#1429,#1430,#1431));
#791=AXIS2_PLACEMENT_3D('',#1432,#1433,#1434);
#792=EDGE_LOOP('',(#1435,#1436,#1437,#1438,#1439,#1440,#1441,#1442,#1443,#1444));
#793=AXIS2_PLACEMENT_3D('',#1445,#1446,#1447);
#794=EDGE_LOOP('',(#1448,#1449,#1450,#1451,#1452,#1453,#1454,#1455));
#795=AXIS2_PLACEMENT_3D('',#1456,#1457,#1458);
#796=EDGE_LOOP('',(#1459,#1460,#1461,#1462));
#797=AXIS2_PLACEMENT_3D('',#1463,#1464,#1465);
#798=EDGE_LOOP('',(#1466,#1467,#1468,#1469));
#799=AXIS2_PLACEMENT_3D('',#1470,#1471,#1472);
#800=EDGE_LOOP('',(#1473,#1474,#1475,#1476));
#801=AXIS2_PLACEMENT_3D('',#1477,#1478,#1479);
#802=EDGE_LOOP('',(#1480,#1481,#1482,#1483));
#803=AXIS2_PLACEMENT_3D('',#1484,#1485,#1486);
#804=EDGE_LOOP('',(#1487,#1488,#1489,#1490,#1491,#1492,#1493,#1494,#1495,#1496));
#805=AXIS2_PLACEMENT_3D('',#1497,#1498,#1499);
#806=EDGE_LOOP('',(#1500,#1501,#1502,#1503,#1504,#1505));
#807=AXIS2_PLACEMENT_3D('',#1506,#1507,#1508);
#808=EDGE_LOOP('',(#1509,#1510,#1511,#1512,#1513,#1514,#1515,#1516,#1517,#1518,#1519,#1520,#1521));
#809=AXIS2_PLACEMENT_3D('',#1522,#1523,#1524);
#810=EDGE_LOOP('',(#1525,#1526,#1527,#1528));
#811=AXIS2_PLACEMENT_3D('',#1529,#1530,#1531);
#812=EDGE_LOOP('',(#1532,#1533,#1534,#1535,#1536));
#813=AXIS2_PLACEMENT_3D('',#1537,#1538,#1539);
#814=EDGE_LOOP('',(#1540,#1541,#1542,#1543));
#815=AXIS2_PLACEMENT_3D('',#1544,#1545,#1546);
#816=EDGE_LOOP('',(#1547,#1548,#1549,#1550));
#817=AXIS2_PLACEMENT_3D('',#1551,#1552,#1553);
#818=EDGE_LOOP('',(#1554,#1555,#1556,#1557,#1558,#1559,#1560,#1561,#1562,#1563,#1564,#1565));
#819=AXIS2_PLACEMENT_3D('',#1566,#1567,#1568);
#820=EDGE_LOOP('',(#1569,#1570,#1571,#1572,#1573,#1574,#1575));
#821=AXIS2_PLACEMENT_3D('',#1576,#1577,#1578);
#822=EDGE_LOOP('',(#1579,#1580,#1581,#1582,#1583,#1584,#1585));
#823=AXIS2_PLACEMENT_3D('',#1586,#1587,#1588);
#824=EDGE_LOOP('',(#1589,#1590,#1591,#1592,#1593));
#825=AXIS2_PLACEMENT_3D('',#1594,#1595,#1596);
#826=EDGE_LOOP('',(#1597,#1598,#1599,#1600));
#827=AXIS2_PLACEMENT_3D('',#1601,#1602,#1603);
#828=EDGE_LOOP('',(#1604,#1605,#1606,#1607));
#829=AXIS2_PLACEMENT_3D('',#1608,#1609,#1610);
#830=EDGE_LOOP('',(#1611,#1612,#1613,#1614));
#831=AXIS2_PLACEMENT_3D('',#1615,#1616,#1617);
#832=EDGE_LOOP('',(#1618,#1619,#1620,#1621));
#833=AXIS2_PLACEMENT_3D('',#1622,#1623,#1624);
#834=EDGE_LOOP('',(#1625,#1626,#1627,#1628,#1629,#1630,#1631,#1632,#1633,#1634,#1635,#1636,#1637,#1638,#1639,#1640,#1641,#1642,#1643,#1644,#1645,#1646,#1647,#1648));
#835=AXIS2_PLACEMENT_3D('',#1649,#1650,#1651);
#836=EDGE_LOOP('',(#1652,#1653,#1654,#1655));
#837=AXIS2_PLACEMENT_3D('',#1656,#1657,#1658);
#838=EDGE_LOOP('',(#1659,#1660,#1661,#1662,#1663));
#839=AXIS2_PLACEMENT_3D('',#1664,#1665,#1666);
#840=EDGE_LOOP('',(#1667,#1668,#1669,#1670));
#841=AXIS2_PLACEMENT_3D('',#1671,#1672,#1673);
#842=EDGE_LOOP('',(#1674,#1675,#1676,#1677,#1678));
#843=AXIS2_PLACEMENT_3D('',#1679,#1680,#1681);
#844=EDGE_LOOP('',(#1682,#1683,#1684,#1685));
#845=AXIS2_PLACEMENT_3D('',#1686,#1687,#1688);
#846=EDGE_LOOP('',(#1689,#1690,#1691,#1692,#1693,#1694,#1695,#1696,#1697,#1698,#1699));
#847=AXIS2_PLACEMENT_3D('',#1700,#1701,#1702);
#848=EDGE_LOOP('',(#1703,#1704,#1705,#1706));
#849=AXIS2_PLACEMENT_3D('',#1707,#1708,#1709);
#850=EDGE_LOOP('',(#1710,#1711,#1712,#1713));
#851=AXIS2_PLACEMENT_3D('',#1714,#1715,#1716);
#852=EDGE_LOOP('',(#1717,#1718,#1719,#1720));
#853=AXIS2_PLACEMENT_3D('',#1721,#1722,#1723);
#854=EDGE_LOOP('',(#1724,#1725,#1726,#1727,#1728,#1729,#1730,#1731,#1732,#1733,#1734,#1735));
#855=AXIS2_PLACEMENT_3D('',#1736,#1737,#1738);
#856=EDGE_LOOP('',(#1739,#1740,#1741,#1742,#1743,#1744,#1745,#1746,#1747,#1748,#1749,#1750));
#857=AXIS2_PLACEMENT_3D('',#1751,#1752,#1753);
#858=EDGE_LOOP('',(#1754,#1755,#1756,#1757,#1758,#1759,#1760,#1761,#1762,#1763,#1764,#1765));
#859=AXIS2_PLACEMENT_3D('',#1766,#1767,#1768);
#860=EDGE_LOOP('',(#1769,#1770,#1771,#1772));
#861=AXIS2_PLACEMENT_3D('',#1773,#1774,#1775);
#862=EDGE_LOOP('',(#1776,#1777,#1778,#1779));
#863=AXIS2_PLACEMENT_3D('',#1780,#1781,#1782);
#864=EDGE_LOOP('',(#1783,#1784,#1785,#1786));
#865=AXIS2_PLACEMENT_3D('',#1787,#1788,#1789);
#866=EDGE_LOOP('',(#1790,#1791,#1792,#1793,#1794,#1795,#1796,#1797,#1798,#1799,#1800,#1801));
#867=AXIS2_PLACEMENT_3D('',#1802,#1803,#1804);
#868=EDGE_LOOP('',(#1805,#1806,#1807,#1808,#1809,#1810,#1811,#1812,#1813,#1814,#1815,#1816));
#869=AXIS2_PLACEMENT_3D('',#1817,#1818,#1819);
#870=EDGE_LOOP('',(#1820,#1821,#1822,#1823,#1824,#1825,#1826,#1827,#1828,#1829,#1830,#1831));
#871=AXIS2_PLACEMENT_3D('',#1832,#1833,#1834);
#872=EDGE_LOOP('',(#1835,#1836,#1837,#1838,#1839));
#873=AXIS2_PLACEMENT_3D('',#1840,#1841,#1842);
#874=EDGE_LOOP('',(#1843,#1844,#1845,#1846,#1847,#1848,#1849,#1850));
#875=AXIS2_PLACEMENT_3D('',#1851,#1852,#1853);
#876=EDGE_LOOP('',(#1854,#1855,#1856,#1857,#1858));
#877=AXIS2_PLACEMENT_3D('',#1859,#1860,#1861);
#878=EDGE_LOOP('',(#1862,#1863,#1864,#1865));
#879=AXIS2_PLACEMENT_3D('',#1866,#1867,#1868);
#880=EDGE_LOOP('',(#1869,#1870,#1871,#1872,#1873,#1874));
#881=AXIS2_PLACEMENT_3D('',#1875,#1876,#1877);
#882=EDGE_LOOP('',(#1878,#1879,#1880,#1881));
#883=AXIS2_PLACEMENT_3D('',#1882,#1883,#1884);
#884=EDGE_LOOP('',(#1885,#1886,#1887,#1888));
#885=AXIS2_PLACEMENT_3D('',#1889,#1890,#1891);
#886=EDGE_LOOP('',(#1892,#1893,#1894,#1895,#1896,#1897,#1898,#1899,#1900,#1901,#1902,#1903,#1904,#1905));
#887=EDGE_LOOP('',(#1906,#1907,#1908,#1909,#1910,#1911,#1912,#1913));
#888=AXIS2_PLACEMENT_3D('',#1914,#1915,#1916);
#889=EDGE_LOOP('',(#1917,#1918,#1919,#1920,#1921,#1922));
#890=AXIS2_PLACEMENT_3D('',#1923,#1924,#1925);
#891=EDGE_LOOP('',(#1926,#1927,#1928,#1929));
#892=AXIS2_PLACEMENT_3D('',#1930,#1931,#1932);
#893=EDGE_LOOP('',(#1933,#1934,#1935,#1936));
#894=AXIS2_PLACEMENT_3D('',#1937,#1938,#1939);
#895=EDGE_LOOP('',(#1940,#1941,#1942,#1943,#1944,#1945,#1946,#1947,#1948,#1949,#1950,#1951));
#896=AXIS2_PLACEMENT_3D('',#1952,#1953,#1954);
#897=EDGE_LOOP('',(#1955,#1956,#1957,#1958,#1959));
#898=AXIS2_PLACEMENT_3D('',#1960,#1961,#1962);
#899=EDGE_LOOP('',(#1963,#1964,#1965,#1966,#1967,#1968,#1969,#1970));
#900=AXIS2_PLACEMENT_3D('',#1971,#1972,#1973);
#901=EDGE_LOOP('',(#1974,#1975,#1976,#1977,#1978));
#902=AXIS2_PLACEMENT_3D('',#1979,#1980,#1981);
#903=EDGE_LOOP('',(#1982,#1983,#1984,#1985));
#904=AXIS2_PLACEMENT_3D('',#1986,#1987,#1988);
#905=EDGE_LOOP('',(#1989,#1990,#1991,#1992,#1993,#1994));
#906=AXIS2_PLACEMENT_3D('',#1995,#1996,#1997);
#907=EDGE_LOOP('',(#1998,#1999,#2000,#2001));
#908=AXIS2_PLACEMENT_3D('',#2002,#2003,#2004);
#909=EDGE_LOOP('',(#2005,#2006,#2007,#2008));
#910=AXIS2_PLACEMENT_3D('',#2009,#2010,#2011);
#911=EDGE_LOOP('',(#2012,#2013,#2014,#2015));
#912=AXIS2_PLACEMENT_3D('',#2016,#2017,#2018);
#913=EDGE_LOOP('',(#2019,#2020,#2021,#2022));
#914=AXIS2_PLACEMENT_3D('',#2023,#2024,#2025);
#915=EDGE_LOOP('',(#2026,#2027,#2028,#2029));
#916=AXIS2_PLACEMENT_3D('',#2030,#2031,#2032);
#917=EDGE_LOOP('',(#2033,#2034,#2035,#2036));
#918=AXIS2_PLACEMENT_3D('',#2037,#2038,#2039);
#919=EDGE_LOOP('',(#2040,#2041,#2042,#2043));
#920=AXIS2_PLACEMENT_3D('',#2044,#2045,#2046);
#921=EDGE_LOOP('',(#2047,#2048,#2049,#2050));
#922=AXIS2_PLACEMENT_3D('',#2051,#2052,#2053);
#923=EDGE_LOOP('',(#2054,#2055,#2056,#2057));
#924=AXIS2_PLACEMENT_3D('',#2058,#2059,#2060);
#925=EDGE_LOOP('',(#2061,#2062,#2063,#2064));
#926=AXIS2_PLACEMENT_3D('',#2065,#2066,#2067);
#927=EDGE_LOOP('',(#2068,#2069,#2070,#2071,#2072,#2073,#2074,#2075,#2076,#2077));
#928=AXIS2_PLACEMENT_3D('',#2078,#2079,#2080);
#929=EDGE_LOOP('',(#2081,#2082,#2083,#2084));
#930=AXIS2_PLACEMENT_3D('',#2085,#2086,#2087);
#931=EDGE_LOOP('',(#2088,#2089,#2090,#2091));
#932=AXIS2_PLACEMENT_3D('',#2092,#2093,#2094);
#933=EDGE_LOOP('',(#2095,#2096,#2097,#2098,#2099,#2100,#2101,#2102,#2103,#2104,#2105,#2106,#2107,#2108,#2109));
#934=EDGE_LOOP('',(#2110,#2111,#2112,#2113,#2114,#2115,#2116,#2117));
#935=AXIS2_PLACEMENT_3D('',#2118,#2119,#2120);
#936=EDGE_LOOP('',(#2121,#2122,#2123,#2124));
#937=AXIS2_PLACEMENT_3D('',#2125,#2126,#2127);
#938=EDGE_LOOP('',(#2128,#2129,#2130,#2131));
#939=AXIS2_PLACEMENT_3D('',#2132,#2133,#2134);
#940=EDGE_LOOP('',(#2135,#2136,#2137,#2138));
#941=AXIS2_PLACEMENT_3D('',#2139,#2140,#2141);
#942=EDGE_LOOP('',(#2142,#2143,#2144,#2145));
#943=AXIS2_PLACEMENT_3D('',#2146,#2147,#2148);
#944=EDGE_LOOP('',(#2149,#2150,#2151,#2152,#2153,#2154));
#945=AXIS2_PLACEMENT_3D('',#2155,#2156,#2157);
#946=EDGE_LOOP('',(#2158,#2159,#2160,#2161));
#947=AXIS2_PLACEMENT_3D('',#2162,#2163,#2164);
#948=EDGE_LOOP('',(#2165,#2166,#2167,#2168,#2169,#2170,#2171,#2172));
#949=AXIS2_PLACEMENT_3D('',#2173,#2174,#2175);
#950=EDGE_LOOP('',(#2176,#2177,#2178,#2179,#2180));
#951=AXIS2_PLACEMENT_3D('',#2181,#2182,#2183);
#952=EDGE_LOOP('',(#2184,#2185,#2186,#2187,#2188,#2189,#2190,#2191,#2192,#2193,#2194,#2195));
#953=AXIS2_PLACEMENT_3D('',#2196,#2197,#2198);
#954=EDGE_LOOP('',(#2199,#2200,#2201,#2202,#2203));
#955=AXIS2_PLACEMENT_3D('',#2204,#2205,#2206);
#956=EDGE_LOOP('',(#2207,#2208,#2209,#2210));
#957=AXIS2_PLACEMENT_3D('',#2211,#2212,#2213);
#958=EDGE_LOOP('',(#2214,#2215,#2216,#2217,#2218,#2219));
#959=AXIS2_PLACEMENT_3D('',#2220,#2221,#2222);
#960=EDGE_LOOP('',(#2223,#2224,#2225,#2226));
#961=AXIS2_PLACEMENT_3D('',#2227,#2228,#2229);
#962=EDGE_LOOP('',(#2230,#2231,#2232,#2233));
#963=AXIS2_PLACEMENT_3D('',#2234,#2235,#2236);
#964=EDGE_LOOP('',(#2237,#2238,#2239,#2240));
#965=AXIS2_PLACEMENT_3D('',#2241,#2242,#2243);
#966=EDGE_LOOP('',(#2244,#2245,#2246,#2247));
#967=AXIS2_PLACEMENT_3D('',#2248,#2249,#2250);
#968=EDGE_LOOP('',(#2251,#2252,#2253,#2254));
#969=AXIS2_PLACEMENT_3D('',#2255,#2256,#2257);
#970=EDGE_LOOP('',(#2258,#2259,#2260,#2261));
#971=AXIS2_PLACEMENT_3D('',#2262,#2263,#2264);
#972=EDGE_LOOP('',(#2265,#2266,#2267,#2268));
#973=AXIS2_PLACEMENT_3D('',#2269,#2270,#2271);
#974=EDGE_LOOP('',(#2272,#2273,#2274,#2275));
#975=EDGE_LOOP('',(#2276,#2277,#2278,#2279,#2280,#2281,#2282,#2283));
#976=EDGE_LOOP('',(#2284,#2285,#2286,#2287,#2288,#2289,#2290,#2291));
#977=AXIS2_PLACEMENT_3D('',#2292,#2293,#2294);
#978=EDGE_LOOP('',(#2295,#2296,#2297,#2298,#2299,#2300));
#979=EDGE_LOOP('',(#2301,#2302,#2303,#2304,#2305,#2306,#2307,#2308));
#980=EDGE_LOOP('',(#2309,#2310,#2311,#2312,#2313,#2314,#2315,#2316));
#981=AXIS2_PLACEMENT_3D('',#2317,#2318,#2319);
#982=EDGE_LOOP('',(#2320,#2321,#2322,#2323));
#983=AXIS2_PLACEMENT_3D('',#2324,#2325,#2326);
#984=EDGE_LOOP('',(#2327,#2328,#2329,#2330));
#985=AXIS2_PLACEMENT_3D('',#2331,#2332,#2333);
#986=EDGE_LOOP('',(#2334,#2335,#2336,#2337));
#987=AXIS2_PLACEMENT_3D('',#2338,#2339,#2340);
#988=EDGE_LOOP('',(#2341,#2342,#2343,#2344));
#989=AXIS2_PLACEMENT_3D('',#2345,#2346,#2347);
#990=EDGE_LOOP('',(#2348,#2349,#2350,#2351));
#991=AXIS2_PLACEMENT_3D('',#2352,#2353,#2354);
#992=EDGE_LOOP('',(#2355,#2356,#2357,#2358));
#993=AXIS2_PLACEMENT_3D('',#2359,#2360,#2361);
#994=EDGE_LOOP('',(#2362,#2363,#2364,#2365));
#995=AXIS2_PLACEMENT_3D('',#2366,#2367,#2368);
#996=EDGE_LOOP('',(#2369,#2370,#2371,#2372));
#997=AXIS2_PLACEMENT_3D('',#2373,#2374,#2375);
#998=EDGE_LOOP('',(#2376,#2377,#2378,#2379));
#999=AXIS2_PLACEMENT_3D('',#2380,#2381,#2382);
#1000=EDGE_LOOP('',(#2383,#2384,#2385,#2386));
#1001=AXIS2_PLACEMENT_3D('',#2387,#2388,#2389);
#1002=EDGE_LOOP('',(#2390,#2391,#2392,#2393,#2394,#2395,#2396,#2397));
#1003=AXIS2_PLACEMENT_3D('',#2398,#2399,#2400);
#1004=EDGE_LOOP('',(#2401,#2402,#2403,#2404));
#1005=AXIS2_PLACEMENT_3D('',#2405,#2406,#2407);
#1006=EDGE_LOOP('',(#2408,#2409,#2410,#2411));
#1007=AXIS2_PLACEMENT_3D('',#2412,#2413,#2414);
#1008=EDGE_LOOP('',(#2415,#2416,#2417,#2418));
#1009=AXIS2_PLACEMENT_3D('',#2419,#2420,#2421);
#1010=EDGE_LOOP('',(#2422,#2423,#2424,#2425));
#1011=AXIS2_PLACEMENT_3D('',#2426,#2427,#2428);
#1012=EDGE_LOOP('',(#2429,#2430,#2431,#2432));
#1013=AXIS2_PLACEMENT_3D('',#2433,#2434,#2435);
#1014=EDGE_LOOP('',(#2436,#2437,#2438,#2439));
#1015=AXIS2_PLACEMENT_3D('',#2440,#2441,#2442);
#1016=EDGE_LOOP('',(#2443,#2444,#2445,#2446));
#1017=AXIS2_PLACEMENT_3D('',#2447,#2448,#2449);
#1018=EDGE_LOOP('',(#2450,#2451,#2452,#2453));
#1019=AXIS2_PLACEMENT_3D('',#2454,#2455,#2456);
#1020=EDGE_LOOP('',(#2457,#2458,#2459,#2460,#2461,#2462,#2463,#2464));
#1021=AXIS2_PLACEMENT_3D('',#2465,#2466,#2467);
#1022=EDGE_LOOP('',(#2468,#2469,#2470,#2471));
#1023=AXIS2_PLACEMENT_3D('',#2472,#2473,#2474);
#1024=EDGE_LOOP('',(#2475,#2476,#2477,#2478));
#1025=AXIS2_PLACEMENT_3D('',#2479,#2480,#2481);
#1026=EDGE_LOOP('',(#2482,#2483,#2484,#2485));
#1027=AXIS2_PLACEMENT_3D('',#2486,#2487,#2488);
#1028=EDGE_LOOP('',(#2489,#2490,#2491,#2492));
#1029=AXIS2_PLACEMENT_3D('',#2493,#2494,#2495);
#1030=EDGE_LOOP('',(#2496,#2497,#2498,#2499));
#1031=AXIS2_PLACEMENT_3D('',#2500,#2501,#2502);
#1032=EDGE_LOOP('',(#2503,#2504,#2505,#2506));
#1033=AXIS2_PLACEMENT_3D('',#2507,#2508,#2509);
#1034=EDGE_LOOP('',(#2510,#2511,#2512,#2513));
#1035=AXIS2_PLACEMENT_3D('',#2514,#2515,#2516);
#1036=EDGE_LOOP('',(#2517,#2518,#2519,#2520));
#1037=AXIS2_PLACEMENT_3D('',#2521,#2522,#2523);
#1038=EDGE_LOOP('',(#2524,#2525,#2526,#2527,#2528,#2529,#2530,#2531));
#1039=AXIS2_PLACEMENT_3D('',#2532,#2533,#2534);
#1040=EDGE_LOOP('',(#2535,#2536,#2537,#2538));
#1041=AXIS2_PLACEMENT_3D('',#2539,#2540,#2541);
#1042=EDGE_LOOP('',(#2542,#2543,#2544,#2545));
#1043=AXIS2_PLACEMENT_3D('',#2546,#2547,#2548);
#1044=EDGE_LOOP('',(#2549,#2550,#2551,#2552));
#1045=AXIS2_PLACEMENT_3D('',#2553,#2554,#2555);
#1046=EDGE_LOOP('',(#2556,#2557,#2558,#2559));
#1047=AXIS2_PLACEMENT_3D('',#2560,#2561,#2562);
#1048=EDGE_LOOP('',(#2563,#2564,#2565,#2566));
#1049=AXIS2_PLACEMENT_3D('',#2567,#2568,#2569);
#1050=EDGE_LOOP('',(#2570,#2571,#2572,#2573));
#1051=AXIS2_PLACEMENT_3D('',#2574,#2575,#2576);
#1052=EDGE_LOOP('',(#2577,#2578,#2579,#2580));
#1053=AXIS2_PLACEMENT_3D('',#2581,#2582,#2583);
#1054=EDGE_LOOP('',(#2584,#2585,#2586,#2587));
#1055=AXIS2_PLACEMENT_3D('',#2588,#2589,#2590);
#1056=EDGE_LOOP('',(#2591,#2592,#2593,#2594,#2595,#2596,#2597,#2598));
#1057=AXIS2_PLACEMENT_3D('',#2599,#2600,#2601);
#1058=EDGE_LOOP('',(#2602,#2603,#2604,#2605,#2606,#2607,#2608,#2609,#2610,#2611,#2612));
#1059=AXIS2_PLACEMENT_3D('',#2613,#2614,#2615);
#1060=EDGE_LOOP('',(#2616,#2617,#2618,#2619));
#1061=AXIS2_PLACEMENT_3D('',#2620,#2621,#2622);
#1062=EDGE_LOOP('',(#2623,#2624,#2625,#2626));
#1063=AXIS2_PLACEMENT_3D('',#2627,#2628,#2629);
#1064=EDGE_LOOP('',(#2630,#2631,#2632,#2633,#2634,#2635,#2636,#2637,#2638));
#1065=AXIS2_PLACEMENT_3D('',#2639,#2640,#2641);
#1066=EDGE_LOOP('',(#2642,#2643,#2644,#2645,#2646,#2647,#2648,#2649));
#1067=AXIS2_PLACEMENT_3D('',#2650,#2651,#2652);
#1068=EDGE_LOOP('',(#2653,#2654,#2655,#2656,#2657));
#1069=AXIS2_PLACEMENT_3D('',#2658,#2659,#2660);
#1070=EDGE_LOOP('',(#2661,#2662,#2663,#2664,#2665,#2666,#2667,#2668,#2669,#2670,#2671,#2672));
#1071=AXIS2_PLACEMENT_3D('',#2673,#2674,#2675);
#1072=EDGE_LOOP('',(#2676,#2677,#2678,#2679,#2680));
#1073=AXIS2_PLACEMENT_3D('',#2681,#2682,#2683);
#1074=EDGE_LOOP('',(#2684,#2685,#2686,#2687));
#1075=AXIS2_PLACEMENT_3D('',#2688,#2689,#2690);
#1076=EDGE_LOOP('',(#2691,#2692,#2693,#2694,#2695,#2696));
#1077=AXIS2_PLACEMENT_3D('',#2697,#2698,#2699);
#1078=EDGE_LOOP('',(#2700,#2701,#2702,#2703));
#1079=AXIS2_PLACEMENT_3D('',#2704,#2705,#2706);
#1080=EDGE_LOOP('',(#2707,#2708,#2709,#2710));
#1081=AXIS2_PLACEMENT_3D('',#2711,#2712,#2713);
#1082=EDGE_LOOP('',(#2714,#2715,#2716,#2717));
#1083=AXIS2_PLACEMENT_3D('',#2718,#2719,#2720);
#1084=EDGE_LOOP('',(#2721,#2722,#2723,#2724));
#1085=AXIS2_PLACEMENT_3D('',#2725,#2726,#2727);
#1086=EDGE_LOOP('',(#2728,#2729,#2730,#2731));
#1087=AXIS2_PLACEMENT_3D('',#2732,#2733,#2734);
#1088=EDGE_LOOP('',(#2735,#2736,#2737,#2738));
#1089=AXIS2_PLACEMENT_3D('',#2739,#2740,#2741);
#1090=EDGE_LOOP('',(#2742,#2743,#2744,#2745));
#1091=AXIS2_PLACEMENT_3D('',#2746,#2747,#2748);
#1092=EDGE_LOOP('',(#2749,#2750,#2751,#2752));
#1093=AXIS2_PLACEMENT_3D('',#2753,#2754,#2755);
#1094=EDGE_LOOP('',(#2756,#2757,#2758,#2759));
#1095=AXIS2_PLACEMENT_3D('',#2760,#2761,#2762);
#1096=EDGE_LOOP('',(#2763,#2764,#2765,#2766));
#1097=AXIS2_PLACEMENT_3D('',#2767,#2768,#2769);
#1098=EDGE_LOOP('',(#2770,#2771,#2772,#2773));
#1099=AXIS2_PLACEMENT_3D('',#2774,#2775,#2776);
#1100=EDGE_LOOP('',(#2777,#2778,#2779,#2780));
#1101=AXIS2_PLACEMENT_3D('',#2781,#2782,#2783);
#1102=EDGE_LOOP('',(#2784,#2785,#2786,#2787));
#1103=AXIS2_PLACEMENT_3D('',#2788,#2789,#2790);
#1104=EDGE_LOOP('',(#2791,#2792,#2793,#2794));
#1105=AXIS2_PLACEMENT_3D('',#2795,#2796,#2797);
#1106=EDGE_LOOP('',(#2798,#2799,#2800,#2801,#2802));
#1107=AXIS2_PLACEMENT_3D('',#2803,#2804,#2805);
#1108=EDGE_LOOP('',(#2806,#2807,#2808,#2809));
#1109=AXIS2_PLACEMENT_3D('',#2810,#2811,#2812);
#1110=EDGE_LOOP('',(#2813,#2814,#2815,#2816,#2817,#2818));
#1111=AXIS2_PLACEMENT_3D('',#2819,#2820,#2821);
#1112=EDGE_LOOP('',(#2822,#2823,#2824,#2825));
#1113=AXIS2_PLACEMENT_3D('',#2826,#2827,#2828);
#1114=EDGE_LOOP('',(#2829,#2830,#2831,#2832,#2833));
#1115=AXIS2_PLACEMENT_3D('',#2834,#2835,#2836);
#1116=EDGE_LOOP('',(#2837,#2838,#2839,#2840));
#1117=AXIS2_PLACEMENT_3D('',#2841,#2842,#2843);
#1118=EDGE_LOOP('',(#2844,#2845,#2846,#2847,#2848,#2849,#2850,#2851,#2852,#2853));
#1119=AXIS2_PLACEMENT_3D('',#2854,#2855,#2856);
#1120=EDGE_LOOP('',(#2857,#2858,#2859,#2860));
#1121=AXIS2_PLACEMENT_3D('',#2861,#2862,#2863);
#1122=EDGE_LOOP('',(#2864,#2865,#2866,#2867,#2868,#2869));
#1123=AXIS2_PLACEMENT_3D('',#2870,#2871,#2872);
#1124=EDGE_LOOP('',(#2873,#2874,#2875,#2876));
#1125=AXIS2_PLACEMENT_3D('',#2877,#2878,#2879);
#1126=EDGE_LOOP('',(#2880,#2881,#2882,#2883));
#1127=AXIS2_PLACEMENT_3D('',#2884,#2885,#2886);
#1128=EDGE_LOOP('',(#2887,#2888,#2889,#2890));
#1129=AXIS2_PLACEMENT_3D('',#2891,#2892,#2893);
#1130=EDGE_LOOP('',(#2894,#2895,#2896,#2897));
#1131=AXIS2_PLACEMENT_3D('',#2898,#2899,#2900);
#1132=EDGE_LOOP('',(#2901,#2902,#2903,#2904));
#1133=AXIS2_PLACEMENT_3D('',#2905,#2906,#2907);
#1134=EDGE_LOOP('',(#2908,#2909,#2910,#2911));
#1135=AXIS2_PLACEMENT_3D('',#2912,#2913,#2914);
#1136=EDGE_LOOP('',(#2915,#2916,#2917,#2918,#2919,#2920,#2921,#2922,#2923,#2924));
#1137=AXIS2_PLACEMENT_3D('',#2925,#2926,#2927);
#1138=EDGE_LOOP('',(#2928,#2929,#2930,#2931));
#1139=AXIS2_PLACEMENT_3D('',#2932,#2933,#2934);
#1140=EDGE_LOOP('',(#2935,#2936,#2937,#2938,#2939,#2940,#2941,#2942,#2943,#2944));
#1141=AXIS2_PLACEMENT_3D('',#2945,#2946,#2947);
#1142=EDGE_LOOP('',(#2948,#2949,#2950,#2951));
#1143=AXIS2_PLACEMENT_3D('',#2952,#2953,#2954);
#1144=EDGE_LOOP('',(#2955,#2956,#2957,#2958,#2959,#2960));
#1145=AXIS2_PLACEMENT_3D('',#2961,#2962,#2963);
#1146=EDGE_LOOP('',(#2964,#2965,#2966,#2967));
#1147=AXIS2_PLACEMENT_3D('',#2968,#2969,#2970);
#1148=EDGE_LOOP('',(#2971,#2972,#2973,#2974));
#1149=AXIS2_PLACEMENT_3D('',#2975,#2976,#2977);
#1150=EDGE_LOOP('',(#2978,#2979,#2980,#2981));
#1151=AXIS2_PLACEMENT_3D('',#2982,#2983,#2984);
#1152=EDGE_LOOP('',(#2985,#2986,#2987,#2988));
#1153=AXIS2_PLACEMENT_3D('',#2989,#2990,#2991);
#1154=EDGE_LOOP('',(#2992,#2993,#2994,#2995));
#1155=AXIS2_PLACEMENT_3D('',#2996,#2997,#2998);
#1156=EDGE_LOOP('',(#2999,#3000,#3001,#3002));
#1157=AXIS2_PLACEMENT_3D('',#3003,#3004,#3005);
#1158=EDGE_LOOP('',(#3006,#3007,#3008,#3009));
#1159=AXIS2_PLACEMENT_3D('',#3010,#3011,#3012);
#1160=EDGE_LOOP('',(#3013,#3014,#3015,#3016));
#1161=AXIS2_PLACEMENT_3D('',#3017,#3018,#3019);
#1162=EDGE_LOOP('',(#3020,#3021,#3022,#3023));
#1163=AXIS2_PLACEMENT_3D('',#3024,#3025,#3026);
#1164=EDGE_LOOP('',(#3027,#3028,#3029,#3030));
#1165=AXIS2_PLACEMENT_3D('',#3031,#3032,#3033);
#1166=EDGE_LOOP('',(#3034,#3035,#3036,#3037));
#1167=AXIS2_PLACEMENT_3D('',#3038,#3039,#3040);
#1168=EDGE_LOOP('',(#3041,#3042,#3043,#3044));
#1169=AXIS2_PLACEMENT_3D('',#3045,#3046,#3047);
#1170=EDGE_LOOP('',(#3048,#3049,#3050,#3051));
#1171=AXIS2_PLACEMENT_3D('',#3052,#3053,#3054);
#1172=EDGE_LOOP('',(#3055,#3056,#3057,#3058));
#1173=AXIS2_PLACEMENT_3D('',#3059,#3060,#3061);
#1174=EDGE_LOOP('',(#3062,#3063,#3064,#3065));
#1175=AXIS2_PLACEMENT_3D('',#3066,#3067,#3068);
#1176=EDGE_LOOP('',(#3069,#3070,#3071,#3072));
#1177=AXIS2_PLACEMENT_3D('',#3073,#3074,#3075);
#1178=EDGE_LOOP('',(#3076,#3077,#3078,#3079));
#1179=AXIS2_PLACEMENT_3D('',#3080,#3081,#3082);
#1180=EDGE_LOOP('',(#3083,#3084,#3085,#3086));
#1181=AXIS2_PLACEMENT_3D('',#3087,#3088,#3089);
#1182=EDGE_LOOP('',(#3090,#3091,#3092,#3093));
#1183=AXIS2_PLACEMENT_3D('',#3094,#3095,#3096);
#1184=EDGE_LOOP('',(#3097,#3098,#3099,#3100));
#1185=AXIS2_PLACEMENT_3D('',#3101,#3102,#3103);
#1186=EDGE_LOOP('',(#3104,#3105,#3106,#3107));
#1187=AXIS2_PLACEMENT_3D('',#3108,#3109,#3110);
#1188=EDGE_LOOP('',(#3111,#3112,#3113,#3114));
#1189=AXIS2_PLACEMENT_3D('',#3115,#3116,#3117);
#1190=EDGE_LOOP('',(#3118,#3119,#3120,#3121));
#1191=AXIS2_PLACEMENT_3D('',#3122,#3123,#3124);
#1192=EDGE_LOOP('',(#3125,#3126,#3127,#3128));
#1193=AXIS2_PLACEMENT_3D('',#3129,#3130,#3131);
#1194=LINE('',#3132,#3133);
#1195=LINE('',#3134,#3135);
#1196=LINE('',#3136,#3137);
#1197=LINE('',#3138,#3139);
#1198=LINE('',#3140,#3141);
#1199=LINE('',#3142,#3143);
#1200=LINE('',#3144,#3145);
#1201=LINE('',#3146,#3147);
#1202=LINE('',#3148,#3149);
#1203=LINE('',#3150,#3151);
#1204=LINE('',#3152,#3153);
#1205=LINE('',#3154,#3155);
#1206=LINE('',#3156,#3157);
#1207=LINE('',#3158,#3159);
#1208=LINE('',#3160,#3161);
#1209=LINE('',#3162,#3163);
#1210=ORIENTED_EDGE('',*,*,#3164,.F.);
#1211=ORIENTED_EDGE('',*,*,#3165,.F.);
#1212=ORIENTED_EDGE('',*,*,#3166,.T.);
#1213=ORIENTED_EDGE('',*,*,#3167,.F.);
#1214=ORIENTED_EDGE('',*,*,#3168,.F.);
#1215=ORIENTED_EDGE('',*,*,#3169,.F.);
#1216=ORIENTED_EDGE('',*,*,#3170,.F.);
#1217=ORIENTED_EDGE('',*,*,#3171,.F.);
#1218=ORIENTED_EDGE('',*,*,#3172,.F.);
#1219=ORIENTED_EDGE('',*,*,#3173,.T.);
#1220=ORIENTED_EDGE('',*,*,#3174,.T.);
#1221=ORIENTED_EDGE('',*,*,#3175,.F.);
#1222=ORIENTED_EDGE('',*,*,#3176,.F.);
#1223=ORIENTED_EDGE('',*,*,#3177,.F.);
#1224=ORIENTED_EDGE('',*,*,#3178,.T.);
#1225=ORIENTED_EDGE('',*,*,#3179,.F.);
#1226=ORIENTED_EDGE('',*,*,#3180,.F.);
#1227=ORIENTED_EDGE('',*,*,#3181,.F.);
#1228=ORIENTED_EDGE('',*,*,#3182,.T.);
#1229=ORIENTED_EDGE('',*,*,#3183,.F.);
#1230=ORIENTED_EDGE('',*,*,#3184,.F.);
#1231=ORIENTED_EDGE('',*,*,#3185,.F.);
#1232=ORIENTED_EDGE('',*,*,#3186,.T.);
#1233=ORIENTED_EDGE('',*,*,#3187,.F.);
#1234=CARTESIAN_POINT('',(0.0,-3.2,0.0));
#1235=DIRECTION('',(-0.0,1.0,0.0));
#1236=DIRECTION('',(1.0,0.0,0.0));
#1237=ORIENTED_EDGE('',*,*,#3188,.T.);
#1238=ORIENTED_EDGE('',*,*,#3189,.T.);
#1239=ORIENTED_EDGE('',*,*,#3190,.T.);
#1240=ORIENTED_EDGE('',*,*,#3187,.T.);
#1241=CARTESIAN_POINT('',(0.0,-3.2,-4.6));
#1242=DIRECTION('',(0.0,0.0,1.0));
#1243=DIRECTION('',(1.0,0.0,0.0));
#1244=ORIENTED_EDGE('',*,*,#3191,.T.);
#1245=ORIENTED_EDGE('',*,*,#3192,.T.);
#1246=ORIENTED_EDGE('',*,*,#3193,.T.);
#1247=ORIENTED_EDGE('',*,*,#3183,.T.);
#1248=CARTESIAN_POINT('',(0.0,-3.2,-4.6));
#1249=DIRECTION('',(0.0,0.0,1.0));
#1250=DIRECTION('',(1.0,0.0,0.0));
#1251=ORIENTED_EDGE('',*,*,#3190,.F.);
#1252=ORIENTED_EDGE('',*,*,#3194,.F.);
#1253=ORIENTED_EDGE('',*,*,#3195,.F.);
#1254=ORIENTED_EDGE('',*,*,#3164,.T.);
#1255=CARTESIAN_POINT('',(-1.25,-3.1,10.4));
#1256=DIRECTION('',(-1.0,0.0,0.0));
#1257=DIRECTION('',(0.0,0.0,1.0));
#1258=ORIENTED_EDGE('',*,*,#3196,.T.);
#1259=ORIENTED_EDGE('',*,*,#3197,.T.);
#1260=ORIENTED_EDGE('',*,*,#3198,.F.);
#1261=ORIENTED_EDGE('',*,*,#3199,.F.);
#1262=ORIENTED_EDGE('',*,*,#3200,.F.);
#1263=ORIENTED_EDGE('',*,*,#3201,.F.);
#1264=ORIENTED_EDGE('',*,*,#3202,.F.);
#1265=ORIENTED_EDGE('',*,*,#3203,.T.);
#1266=ORIENTED_EDGE('',*,*,#3204,.F.);
#1267=ORIENTED_EDGE('',*,*,#3205,.F.);
#1268=ORIENTED_EDGE('',*,*,#3169,.T.);
#1269=ORIENTED_EDGE('',*,*,#3206,.F.);
#1270=ORIENTED_EDGE('',*,*,#3207,.F.);
#1271=ORIENTED_EDGE('',*,*,#3208,.F.);
#1272=ORIENTED_EDGE('',*,*,#3165,.T.);
#1273=ORIENTED_EDGE('',*,*,#3195,.T.);
#1274=ORIENTED_EDGE('',*,*,#3209,.F.);
#1275=ORIENTED_EDGE('',*,*,#3210,.F.);
#1276=ORIENTED_EDGE('',*,*,#3185,.T.);
#1277=ORIENTED_EDGE('',*,*,#3211,.T.);
#1278=ORIENTED_EDGE('',*,*,#3212,.F.);
#1279=ORIENTED_EDGE('',*,*,#3213,.F.);
#1280=ORIENTED_EDGE('',*,*,#3181,.T.);
#1281=ORIENTED_EDGE('',*,*,#3214,.F.);
#1282=ORIENTED_EDGE('',*,*,#3215,.F.);
#1283=ORIENTED_EDGE('',*,*,#3216,.F.);
#1284=ORIENTED_EDGE('',*,*,#3177,.T.);
#1285=ORIENTED_EDGE('',*,*,#3217,.T.);
#1286=ORIENTED_EDGE('',*,*,#3218,.F.);
#1287=ORIENTED_EDGE('',*,*,#3219,.F.);
#1288=ORIENTED_EDGE('',*,*,#3220,.F.);
#1289=ORIENTED_EDGE('',*,*,#3221,.T.);
#1290=ORIENTED_EDGE('',*,*,#3222,.T.);
#1291=ORIENTED_EDGE('',*,*,#3223,.T.);
#1292=ORIENTED_EDGE('',*,*,#3224,.T.);
#1293=ORIENTED_EDGE('',*,*,#3225,.T.);
#1294=CARTESIAN_POINT('',(-9.35,-3.2,10.4));
#1295=DIRECTION('',(0.0,0.0,1.0));
#1296=DIRECTION('',(1.0,0.0,0.0));
#1297=ORIENTED_EDGE('',*,*,#3226,.F.);
#1298=ORIENTED_EDGE('',*,*,#3227,.F.);
#1299=ORIENTED_EDGE('',*,*,#3228,.F.);
#1300=ORIENTED_EDGE('',*,*,#3229,.F.);
#1301=ORIENTED_EDGE('',*,*,#3225,.F.);
#1302=ORIENTED_EDGE('',*,*,#3230,.T.);
#1303=CARTESIAN_POINT('',(1.2,-3.2,-10.4));
#1304=DIRECTION('',(-1.0,0.0,0.0));
#1305=DIRECTION('',(0.0,0.0,1.0));
#1306=ORIENTED_EDGE('',*,*,#3231,.T.);
#1307=ORIENTED_EDGE('',*,*,#3232,.T.);
#1308=ORIENTED_EDGE('',*,*,#3233,.T.);
#1309=ORIENTED_EDGE('',*,*,#3234,.F.);
#1310=CARTESIAN_POINT('',(1.2,-3.2,-10.4));
#1311=DIRECTION('',(-1.0,0.0,0.0));
#1312=DIRECTION('',(0.0,0.0,1.0));
#1313=ORIENTED_EDGE('',*,*,#3235,.T.);
#1314=ORIENTED_EDGE('',*,*,#3236,.T.);
#1315=ORIENTED_EDGE('',*,*,#3237,.F.);
#1316=ORIENTED_EDGE('',*,*,#3230,.F.);
#1317=ORIENTED_EDGE('',*,*,#3224,.F.);
#1318=ORIENTED_EDGE('',*,*,#3238,.T.);
#1319=ORIENTED_EDGE('',*,*,#3239,.F.);
#1320=ORIENTED_EDGE('',*,*,#3240,.F.);
#1321=CARTESIAN_POINT('',(-1.8,-1.3,-0.3960254037844));
#1322=DIRECTION('',(-0.0,1.0,0.0));
#1323=DIRECTION('',(1.0,0.0,0.0));
#1324=ORIENTED_EDGE('',*,*,#3241,.T.);
#1325=ORIENTED_EDGE('',*,*,#3242,.F.);
#1326=ORIENTED_EDGE('',*,*,#3198,.T.);
#1327=ORIENTED_EDGE('',*,*,#3243,.F.);
#1328=ORIENTED_EDGE('',*,*,#3244,.T.);
#1329=ORIENTED_EDGE('',*,*,#3245,.T.);
#1330=ORIENTED_EDGE('',*,*,#3246,.F.);
#1331=ORIENTED_EDGE('',*,*,#3247,.T.);
#1332=CARTESIAN_POINT('',(-1.8,-1.3,-0.3960254037844));
#1333=DIRECTION('',(-0.0,1.0,0.0));
#1334=DIRECTION('',(1.0,0.0,0.0));
#1335=ORIENTED_EDGE('',*,*,#3248,.F.);
#1336=ORIENTED_EDGE('',*,*,#3249,.F.);
#1337=ORIENTED_EDGE('',*,*,#3250,.T.);
#1338=ORIENTED_EDGE('',*,*,#3251,.F.);
#1339=ORIENTED_EDGE('',*,*,#3252,.F.);
#1340=ORIENTED_EDGE('',*,*,#3253,.F.);
#1341=ORIENTED_EDGE('',*,*,#3254,.T.);
#1342=ORIENTED_EDGE('',*,*,#3255,.F.);
#1343=ORIENTED_EDGE('',*,*,#3256,.F.);
#1344=ORIENTED_EDGE('',*,*,#3257,.T.);
#1345=ORIENTED_EDGE('',*,*,#3258,.F.);
#1346=ORIENTED_EDGE('',*,*,#3259,.T.);
#1347=ORIENTED_EDGE('',*,*,#3240,.T.);
#1348=CARTESIAN_POINT('',(2.646504300443,1.5,-0.53));
#1349=DIRECTION('',(-0.999961923064171,0.0,0.00872653549837275));
#1350=DIRECTION('',(0.0,1.0,0.0));
#1351=ORIENTED_EDGE('',*,*,#3260,.T.);
#1352=ORIENTED_EDGE('',*,*,#3261,.T.);
#1353=ORIENTED_EDGE('',*,*,#3235,.F.);
#1354=ORIENTED_EDGE('',*,*,#3259,.F.);
#1355=CARTESIAN_POINT('',(2.7,-0.7,1.6));
#1356=DIRECTION('',(1.0,-0.0,0.0));
#1357=DIRECTION('',(0.0,0.0,1.0));
#1358=ORIENTED_EDGE('',*,*,#3262,.F.);
#1359=ORIENTED_EDGE('',*,*,#3263,.F.);
#1360=ORIENTED_EDGE('',*,*,#3264,.T.);
#1361=ORIENTED_EDGE('',*,*,#3265,.T.);
#1362=ORIENTED_EDGE('',*,*,#3266,.T.);
#1363=ORIENTED_EDGE('',*,*,#3236,.F.);
#1364=ORIENTED_EDGE('',*,*,#3261,.F.);
#1365=ORIENTED_EDGE('',*,*,#3267,.T.);
#1366=ORIENTED_EDGE('',*,*,#3268,.F.);
#1367=ORIENTED_EDGE('',*,*,#3269,.T.);
#1368=CARTESIAN_POINT('',(1.532,1.5,2.574));
#1369=DIRECTION('',(1.0,0.0,0.0));
#1370=DIRECTION('',(0.0,1.0,0.0));
#1371=ORIENTED_EDGE('',*,*,#3270,.F.);
#1372=ORIENTED_EDGE('',*,*,#3271,.T.);
#1373=ORIENTED_EDGE('',*,*,#3272,.T.);
#1374=ORIENTED_EDGE('',*,*,#3273,.T.);
#1375=ORIENTED_EDGE('',*,*,#3274,.F.);
#1376=ORIENTED_EDGE('',*,*,#3275,.F.);
#1377=ORIENTED_EDGE('',*,*,#3276,.T.);
#1378=ORIENTED_EDGE('',*,*,#3277,.F.);
#1379=ORIENTED_EDGE('',*,*,#3278,.T.);
#1380=ORIENTED_EDGE('',*,*,#3279,.F.);
#1381=ORIENTED_EDGE('',*,*,#3280,.T.);
#1382=ORIENTED_EDGE('',*,*,#3281,.T.);
#1383=ORIENTED_EDGE('',*,*,#3282,.T.);
#1384=ORIENTED_EDGE('',*,*,#3283,.T.);
#1385=ORIENTED_EDGE('',*,*,#3284,.F.);
#1386=ORIENTED_EDGE('',*,*,#3285,.F.);
#1387=ORIENTED_EDGE('',*,*,#3286,.T.);
#1388=ORIENTED_EDGE('',*,*,#3231,.F.);
#1389=ORIENTED_EDGE('',*,*,#3287,.T.);
#1390=ORIENTED_EDGE('',*,*,#3269,.F.);
#1391=ORIENTED_EDGE('',*,*,#3288,.F.);
#1392=ORIENTED_EDGE('',*,*,#3256,.T.);
#1393=CARTESIAN_POINT('',(3.1,0.7,0.7794479322876));
#1394=DIRECTION('',(0.0,-1.0,0.0));
#1395=DIRECTION('',(0.0,0.0,-1.0));
#1396=ORIENTED_EDGE('',*,*,#3288,.T.);
#1397=ORIENTED_EDGE('',*,*,#3268,.T.);
#1398=ORIENTED_EDGE('',*,*,#3289,.F.);
#1399=ORIENTED_EDGE('',*,*,#3257,.F.);
#1400=CARTESIAN_POINT('',(2.7,-0.6,2.3));
#1401=DIRECTION('',(1.0,-0.0,0.0));
#1402=DIRECTION('',(0.0,0.0,1.0));
#1403=ORIENTED_EDGE('',*,*,#3289,.T.);
#1404=ORIENTED_EDGE('',*,*,#3267,.F.);
#1405=ORIENTED_EDGE('',*,*,#3260,.F.);
#1406=ORIENTED_EDGE('',*,*,#3258,.T.);
#1407=CARTESIAN_POINT('',(2.7,-0.7,1.0));
#1408=DIRECTION('',(0.0,0.0,1.0));
#1409=DIRECTION('',(1.0,0.0,0.0));
#1410=ORIENTED_EDGE('',*,*,#3234,.T.);
#1411=ORIENTED_EDGE('',*,*,#3290,.T.);
#1412=ORIENTED_EDGE('',*,*,#3262,.T.);
#1413=ORIENTED_EDGE('',*,*,#3287,.F.);
#1414=CARTESIAN_POINT('',(1.366,1.5,2.574));
#1415=DIRECTION('',(-0.0,-1.0,0.0));
#1416=DIRECTION('',(-1.0,0.0,0.0));
#1417=ORIENTED_EDGE('',*,*,#3291,.T.);
#1418=ORIENTED_EDGE('',*,*,#3263,.T.);
#1419=ORIENTED_EDGE('',*,*,#3290,.F.);
#1420=ORIENTED_EDGE('',*,*,#3233,.F.);
#1421=ORIENTED_EDGE('',*,*,#3292,.T.);
#1422=ORIENTED_EDGE('',*,*,#3254,.F.);
#1423=CARTESIAN_POINT('',(2.7,1.5,5.6));
#1424=DIRECTION('',(-0.0,1.0,0.0));
#1425=DIRECTION('',(1.0,0.0,0.0));
#1426=ORIENTED_EDGE('',*,*,#3292,.F.);
#1427=ORIENTED_EDGE('',*,*,#3293,.F.);
#1428=ORIENTED_EDGE('',*,*,#3294,.F.);
#1429=ORIENTED_EDGE('',*,*,#3295,.F.);
#1430=ORIENTED_EDGE('',*,*,#3270,.T.);
#1431=ORIENTED_EDGE('',*,*,#3255,.T.);
#1432=CARTESIAN_POINT('',(1.2,3.2,5.6));
#1433=DIRECTION('',(0.0,0.0,1.0));
#1434=DIRECTION('',(1.0,0.0,0.0));
#1435=ORIENTED_EDGE('',*,*,#3296,.F.);
#1436=ORIENTED_EDGE('',*,*,#3297,.F.);
#1437=ORIENTED_EDGE('',*,*,#3298,.F.);
#1438=ORIENTED_EDGE('',*,*,#3299,.F.);
#1439=ORIENTED_EDGE('',*,*,#3300,.F.);
#1440=ORIENTED_EDGE('',*,*,#3301,.F.);
#1441=ORIENTED_EDGE('',*,*,#3302,.F.);
#1442=ORIENTED_EDGE('',*,*,#3303,.F.);
#1443=ORIENTED_EDGE('',*,*,#3271,.F.);
#1444=ORIENTED_EDGE('',*,*,#3295,.T.);
#1445=CARTESIAN_POINT('',(3.1,-3.2,-10.4));
#1446=DIRECTION('',(-1.0,0.0,0.0));
#1447=DIRECTION('',(0.0,0.0,1.0));
#1448=ORIENTED_EDGE('',*,*,#3304,.F.);
#1449=ORIENTED_EDGE('',*,*,#3305,.F.);
#1450=ORIENTED_EDGE('',*,*,#3272,.F.);
#1451=ORIENTED_EDGE('',*,*,#3303,.T.);
#1452=ORIENTED_EDGE('',*,*,#3306,.T.);
#1453=ORIENTED_EDGE('',*,*,#3307,.F.);
#1454=ORIENTED_EDGE('',*,*,#3276,.F.);
#1455=ORIENTED_EDGE('',*,*,#3308,.T.);
#1456=CARTESIAN_POINT('',(3.1,0.7,10.4));
#1457=DIRECTION('',(0.0,0.0,1.0));
#1458=DIRECTION('',(1.0,0.0,0.0));
#1459=ORIENTED_EDGE('',*,*,#3309,.F.);
#1460=ORIENTED_EDGE('',*,*,#3310,.F.);
#1461=ORIENTED_EDGE('',*,*,#3308,.F.);
#1462=ORIENTED_EDGE('',*,*,#3275,.T.);
#1463=CARTESIAN_POINT('',(-0.425,1.9,10.4));
#1464=DIRECTION('',(-1.0,0.0,0.0));
#1465=DIRECTION('',(0.0,0.0,1.0));
#1466=ORIENTED_EDGE('',*,*,#3310,.T.);
#1467=ORIENTED_EDGE('',*,*,#3311,.F.);
#1468=ORIENTED_EDGE('',*,*,#3312,.F.);
#1469=ORIENTED_EDGE('',*,*,#3304,.T.);
#1470=CARTESIAN_POINT('',(1.325,1.9,10.4));
#1471=DIRECTION('',(-0.0,1.0,0.0));
#1472=DIRECTION('',(1.0,0.0,0.0));
#1473=ORIENTED_EDGE('',*,*,#3305,.T.);
#1474=ORIENTED_EDGE('',*,*,#3312,.T.);
#1475=ORIENTED_EDGE('',*,*,#3313,.F.);
#1476=ORIENTED_EDGE('',*,*,#3273,.F.);
#1477=CARTESIAN_POINT('',(1.325,0.7,10.4));
#1478=DIRECTION('',(1.0,0.0,0.0));
#1479=DIRECTION('',(0.0,1.0,0.0));
#1480=ORIENTED_EDGE('',*,*,#3313,.T.);
#1481=ORIENTED_EDGE('',*,*,#3311,.T.);
#1482=ORIENTED_EDGE('',*,*,#3309,.T.);
#1483=ORIENTED_EDGE('',*,*,#3274,.T.);
#1484=CARTESIAN_POINT('',(3.1,-3.2,5.9));
#1485=DIRECTION('',(0.0,0.0,1.0));
#1486=DIRECTION('',(1.0,0.0,0.0));
#1487=ORIENTED_EDGE('',*,*,#3277,.T.);
#1488=ORIENTED_EDGE('',*,*,#3307,.T.);
#1489=ORIENTED_EDGE('',*,*,#3314,.T.);
#1490=ORIENTED_EDGE('',*,*,#3315,.T.);
#1491=ORIENTED_EDGE('',*,*,#3316,.T.);
#1492=ORIENTED_EDGE('',*,*,#3317,.T.);
#1493=ORIENTED_EDGE('',*,*,#3318,.T.);
#1494=ORIENTED_EDGE('',*,*,#3319,.T.);
#1495=ORIENTED_EDGE('',*,*,#3320,.T.);
#1496=ORIENTED_EDGE('',*,*,#3321,.F.);
#1497=CARTESIAN_POINT('',(-2.2,-3.2,-10.4));
#1498=DIRECTION('',(-1.0,0.0,0.0));
#1499=DIRECTION('',(0.0,0.0,1.0));
#1500=ORIENTED_EDGE('',*,*,#3278,.F.);
#1501=ORIENTED_EDGE('',*,*,#3321,.T.);
#1502=ORIENTED_EDGE('',*,*,#3322,.T.);
#1503=ORIENTED_EDGE('',*,*,#3323,.T.);
#1504=ORIENTED_EDGE('',*,*,#3324,.T.);
#1505=ORIENTED_EDGE('',*,*,#3325,.F.);
#1506=CARTESIAN_POINT('',(-2.2,3.2,5.6));
#1507=DIRECTION('',(0.0,0.0,1.0));
#1508=DIRECTION('',(1.0,0.0,0.0));
#1509=ORIENTED_EDGE('',*,*,#3247,.F.);
#1510=ORIENTED_EDGE('',*,*,#3326,.F.);
#1511=ORIENTED_EDGE('',*,*,#3327,.T.);
#1512=ORIENTED_EDGE('',*,*,#3328,.F.);
#1513=ORIENTED_EDGE('',*,*,#3279,.T.);
#1514=ORIENTED_EDGE('',*,*,#3325,.T.);
#1515=ORIENTED_EDGE('',*,*,#3329,.F.);
#1516=ORIENTED_EDGE('',*,*,#3330,.T.);
#1517=ORIENTED_EDGE('',*,*,#3331,.T.);
#1518=ORIENTED_EDGE('',*,*,#3332,.T.);
#1519=ORIENTED_EDGE('',*,*,#3333,.F.);
#1520=ORIENTED_EDGE('',*,*,#3334,.F.);
#1521=ORIENTED_EDGE('',*,*,#3335,.T.);
#1522=CARTESIAN_POINT('',(-1.8,1.5,5.6));
#1523=DIRECTION('',(0.999961923064171,0.0,0.00872653549837275));
#1524=DIRECTION('',(0.0,-1.0,0.0));
#1525=ORIENTED_EDGE('',*,*,#3336,.F.);
#1526=ORIENTED_EDGE('',*,*,#3337,.T.);
#1527=ORIENTED_EDGE('',*,*,#3241,.F.);
#1528=ORIENTED_EDGE('',*,*,#3335,.F.);
#1529=CARTESIAN_POINT('',(-1.8,-3.2,-10.4));
#1530=DIRECTION('',(1.0,0.0,0.0));
#1531=DIRECTION('',(0.0,1.0,0.0));
#1532=ORIENTED_EDGE('',*,*,#3338,.F.);
#1533=ORIENTED_EDGE('',*,*,#3339,.T.);
#1534=ORIENTED_EDGE('',*,*,#3340,.T.);
#1535=ORIENTED_EDGE('',*,*,#3341,.F.);
#1536=ORIENTED_EDGE('',*,*,#3337,.F.);
#1537=CARTESIAN_POINT('',(-2.45,-2.2,7.1));
#1538=DIRECTION('',(0.0,0.0,-1.0));
#1539=DIRECTION('',(0.0,-1.0,0.0));
#1540=ORIENTED_EDGE('',*,*,#3341,.T.);
#1541=ORIENTED_EDGE('',*,*,#3342,.T.);
#1542=ORIENTED_EDGE('',*,*,#3199,.T.);
#1543=ORIENTED_EDGE('',*,*,#3242,.T.);
#1544=CARTESIAN_POINT('',(-1.8,-3.2,-10.4));
#1545=DIRECTION('',(1.0,0.0,0.0));
#1546=DIRECTION('',(0.0,1.0,0.0));
#1547=ORIENTED_EDGE('',*,*,#3200,.T.);
#1548=ORIENTED_EDGE('',*,*,#3342,.F.);
#1549=ORIENTED_EDGE('',*,*,#3340,.F.);
#1550=ORIENTED_EDGE('',*,*,#3343,.F.);
#1551=CARTESIAN_POINT('',(-2.45,-0.8,7.1));
#1552=DIRECTION('',(-0.0,1.0,0.0));
#1553=DIRECTION('',(1.0,0.0,0.0));
#1554=ORIENTED_EDGE('',*,*,#3344,.F.);
#1555=ORIENTED_EDGE('',*,*,#3345,.F.);
#1556=ORIENTED_EDGE('',*,*,#3346,.T.);
#1557=ORIENTED_EDGE('',*,*,#3347,.F.);
#1558=ORIENTED_EDGE('',*,*,#3348,.F.);
#1559=ORIENTED_EDGE('',*,*,#3349,.F.);
#1560=ORIENTED_EDGE('',*,*,#3350,.T.);
#1561=ORIENTED_EDGE('',*,*,#3351,.F.);
#1562=ORIENTED_EDGE('',*,*,#3201,.T.);
#1563=ORIENTED_EDGE('',*,*,#3343,.T.);
#1564=ORIENTED_EDGE('',*,*,#3339,.F.);
#1565=ORIENTED_EDGE('',*,*,#3352,.F.);
#1566=CARTESIAN_POINT('',(-2.45,-2.2,-10.4));
#1567=DIRECTION('',(-1.0,0.0,0.0));
#1568=DIRECTION('',(0.0,0.0,1.0));
#1569=ORIENTED_EDGE('',*,*,#3353,.T.);
#1570=ORIENTED_EDGE('',*,*,#3354,.F.);
#1571=ORIENTED_EDGE('',*,*,#3355,.T.);
#1572=ORIENTED_EDGE('',*,*,#3356,.T.);
#1573=ORIENTED_EDGE('',*,*,#3227,.T.);
#1574=ORIENTED_EDGE('',*,*,#3357,.F.);
#1575=ORIENTED_EDGE('',*,*,#3249,.T.);
#1576=CARTESIAN_POINT('',(-2.45,-1.8,-1.8));
#1577=DIRECTION('',(-0.0,1.0,0.0));
#1578=DIRECTION('',(1.0,0.0,0.0));
#1579=ORIENTED_EDGE('',*,*,#3358,.F.);
#1580=ORIENTED_EDGE('',*,*,#3359,.F.);
#1581=ORIENTED_EDGE('',*,*,#3352,.T.);
#1582=ORIENTED_EDGE('',*,*,#3338,.T.);
#1583=ORIENTED_EDGE('',*,*,#3336,.T.);
#1584=ORIENTED_EDGE('',*,*,#3334,.T.);
#1585=ORIENTED_EDGE('',*,*,#3360,.F.);
#1586=CARTESIAN_POINT('',(-2.45,-1.8,-1.8));
#1587=DIRECTION('',(-0.0,1.0,0.0));
#1588=DIRECTION('',(1.0,0.0,0.0));
#1589=ORIENTED_EDGE('',*,*,#3357,.T.);
#1590=ORIENTED_EDGE('',*,*,#3226,.T.);
#1591=ORIENTED_EDGE('',*,*,#3237,.T.);
#1592=ORIENTED_EDGE('',*,*,#3361,.F.);
#1593=ORIENTED_EDGE('',*,*,#3250,.F.);
#1594=CARTESIAN_POINT('',(2.7,-1.8,-0.53));
#1595=DIRECTION('',(0.0,-0.258819045102493,0.965925826289076));
#1596=DIRECTION('',(-1.0,0.0,0.0));
#1597=ORIENTED_EDGE('',*,*,#3361,.T.);
#1598=ORIENTED_EDGE('',*,*,#3266,.F.);
#1599=ORIENTED_EDGE('',*,*,#3362,.F.);
#1600=ORIENTED_EDGE('',*,*,#3251,.T.);
#1601=CARTESIAN_POINT('',(2.7,-0.09597228928638,-0.07));
#1602=DIRECTION('',(0.0,0.260619655578795,-0.965441554484781));
#1603=DIRECTION('',(-1.0,0.0,0.0));
#1604=ORIENTED_EDGE('',*,*,#3362,.T.);
#1605=ORIENTED_EDGE('',*,*,#3265,.F.);
#1606=ORIENTED_EDGE('',*,*,#3363,.F.);
#1607=ORIENTED_EDGE('',*,*,#3252,.T.);
#1608=CARTESIAN_POINT('',(2.7,1.22,0.67));
#1609=DIRECTION('',(0.0,0.490143289314685,-0.871641873672772));
#1610=DIRECTION('',(-1.0,0.0,0.0));
#1611=ORIENTED_EDGE('',*,*,#3363,.T.);
#1612=ORIENTED_EDGE('',*,*,#3264,.F.);
#1613=ORIENTED_EDGE('',*,*,#3291,.F.);
#1614=ORIENTED_EDGE('',*,*,#3253,.T.);
#1615=CARTESIAN_POINT('',(2.7,1.5,1.737296518422));
#1616=DIRECTION('',(0.0,0.96726775277588,-0.253757944584795));
#1617=DIRECTION('',(-1.0,0.0,0.0));
#1618=ORIENTED_EDGE('',*,*,#3356,.F.);
#1619=ORIENTED_EDGE('',*,*,#3364,.F.);
#1620=ORIENTED_EDGE('',*,*,#3365,.T.);
#1621=ORIENTED_EDGE('',*,*,#3228,.T.);
#1622=CARTESIAN_POINT('',(3.35,-2.2,-1.8));
#1623=DIRECTION('',(0.0,0.0,1.0));
#1624=DIRECTION('',(1.0,0.0,0.0));
#1625=ORIENTED_EDGE('',*,*,#3366,.F.);
#1626=ORIENTED_EDGE('',*,*,#3367,.F.);
#1627=ORIENTED_EDGE('',*,*,#3368,.T.);
#1628=ORIENTED_EDGE('',*,*,#3369,.T.);
#1629=ORIENTED_EDGE('',*,*,#3370,.T.);
#1630=ORIENTED_EDGE('',*,*,#3371,.F.);
#1631=ORIENTED_EDGE('',*,*,#3372,.T.);
#1632=ORIENTED_EDGE('',*,*,#3373,.F.);
#1633=ORIENTED_EDGE('',*,*,#3374,.F.);
#1634=ORIENTED_EDGE('',*,*,#3375,.F.);
#1635=ORIENTED_EDGE('',*,*,#3345,.T.);
#1636=ORIENTED_EDGE('',*,*,#3376,.T.);
#1637=ORIENTED_EDGE('',*,*,#3377,.F.);
#1638=ORIENTED_EDGE('',*,*,#3196,.F.);
#1639=ORIENTED_EDGE('',*,*,#3229,.T.);
#1640=ORIENTED_EDGE('',*,*,#3365,.F.);
#1641=ORIENTED_EDGE('',*,*,#3378,.F.);
#1642=ORIENTED_EDGE('',*,*,#3379,.F.);
#1643=ORIENTED_EDGE('',*,*,#3380,.T.);
#1644=ORIENTED_EDGE('',*,*,#3381,.F.);
#1645=ORIENTED_EDGE('',*,*,#3382,.F.);
#1646=ORIENTED_EDGE('',*,*,#3383,.F.);
#1647=ORIENTED_EDGE('',*,*,#3384,.F.);
#1648=ORIENTED_EDGE('',*,*,#3385,.T.);
#1649=CARTESIAN_POINT('',(3.35,-2.2,-10.4));
#1650=DIRECTION('',(0.0,-1.0,0.0));
#1651=DIRECTION('',(0.0,0.0,-1.0));
#1652=ORIENTED_EDGE('',*,*,#3385,.F.);
#1653=ORIENTED_EDGE('',*,*,#3386,.F.);
#1654=ORIENTED_EDGE('',*,*,#3387,.T.);
#1655=ORIENTED_EDGE('',*,*,#3388,.F.);
#1656=CARTESIAN_POINT('',(5.525,-2.5,-10.1));
#1657=DIRECTION('',(0.0,0.707106781186548,-0.707106781186548));
#1658=DIRECTION('',(-1.0,0.0,0.0));
#1659=ORIENTED_EDGE('',*,*,#3389,.F.);
#1660=ORIENTED_EDGE('',*,*,#3174,.F.);
#1661=ORIENTED_EDGE('',*,*,#3390,.F.);
#1662=ORIENTED_EDGE('',*,*,#3366,.T.);
#1663=ORIENTED_EDGE('',*,*,#3388,.T.);
#1664=CARTESIAN_POINT('',(1.7,-2.2,-7.35));
#1665=DIRECTION('',(1.0,0.0,0.0));
#1666=DIRECTION('',(0.0,1.0,0.0));
#1667=ORIENTED_EDGE('',*,*,#3391,.F.);
#1668=ORIENTED_EDGE('',*,*,#3367,.T.);
#1669=ORIENTED_EDGE('',*,*,#3390,.T.);
#1670=ORIENTED_EDGE('',*,*,#3173,.F.);
#1671=CARTESIAN_POINT('',(-0.8,-2.2,-7.35));
#1672=DIRECTION('',(0.0,0.0,1.0));
#1673=DIRECTION('',(1.0,0.0,0.0));
#1674=ORIENTED_EDGE('',*,*,#3368,.F.);
#1675=ORIENTED_EDGE('',*,*,#3391,.T.);
#1676=ORIENTED_EDGE('',*,*,#3172,.T.);
#1677=ORIENTED_EDGE('',*,*,#3392,.T.);
#1678=ORIENTED_EDGE('',*,*,#3393,.T.);
#1679=CARTESIAN_POINT('',(-0.8,-2.2,-10.4));
#1680=DIRECTION('',(-1.0,0.0,0.0));
#1681=DIRECTION('',(0.0,0.0,1.0));
#1682=ORIENTED_EDGE('',*,*,#3369,.F.);
#1683=ORIENTED_EDGE('',*,*,#3393,.F.);
#1684=ORIENTED_EDGE('',*,*,#3394,.T.);
#1685=ORIENTED_EDGE('',*,*,#3395,.F.);
#1686=CARTESIAN_POINT('',(-5.075,-2.5,-10.1));
#1687=DIRECTION('',(0.0,0.707106781186548,-0.707106781186548));
#1688=DIRECTION('',(-1.0,0.0,0.0));
#1689=ORIENTED_EDGE('',*,*,#3396,.F.);
#1690=ORIENTED_EDGE('',*,*,#3170,.T.);
#1691=ORIENTED_EDGE('',*,*,#3205,.T.);
#1692=ORIENTED_EDGE('',*,*,#3397,.T.);
#1693=ORIENTED_EDGE('',*,*,#3398,.F.);
#1694=ORIENTED_EDGE('',*,*,#3399,.F.);
#1695=ORIENTED_EDGE('',*,*,#3400,.F.);
#1696=ORIENTED_EDGE('',*,*,#3401,.T.);
#1697=ORIENTED_EDGE('',*,*,#3402,.F.);
#1698=ORIENTED_EDGE('',*,*,#3370,.F.);
#1699=ORIENTED_EDGE('',*,*,#3395,.T.);
#1700=CARTESIAN_POINT('',(-9.35,-3.2,-10.4));
#1701=DIRECTION('',(-1.0,0.0,0.0));
#1702=DIRECTION('',(0.0,0.0,1.0));
#1703=ORIENTED_EDGE('',*,*,#3403,.T.);
#1704=ORIENTED_EDGE('',*,*,#3404,.F.);
#1705=ORIENTED_EDGE('',*,*,#3371,.T.);
#1706=ORIENTED_EDGE('',*,*,#3402,.T.);
#1707=CARTESIAN_POINT('',(0.0,-3.2,-9.4));
#1708=DIRECTION('',(0.0,0.0,-1.0));
#1709=DIRECTION('',(0.0,-1.0,0.0));
#1710=ORIENTED_EDGE('',*,*,#3383,.T.);
#1711=ORIENTED_EDGE('',*,*,#3405,.F.);
#1712=ORIENTED_EDGE('',*,*,#3406,.T.);
#1713=ORIENTED_EDGE('',*,*,#3407,.F.);
#1714=CARTESIAN_POINT('',(0.0,-3.2,-9.4));
#1715=DIRECTION('',(0.0,0.0,-1.0));
#1716=DIRECTION('',(0.0,-1.0,0.0));
#1717=ORIENTED_EDGE('',*,*,#3408,.T.);
#1718=ORIENTED_EDGE('',*,*,#3409,.F.);
#1719=ORIENTED_EDGE('',*,*,#3372,.F.);
#1720=ORIENTED_EDGE('',*,*,#3404,.T.);
#1721=CARTESIAN_POINT('',(-7.45,-2.2,-10.4));
#1722=DIRECTION('',(-1.0,0.0,0.0));
#1723=DIRECTION('',(0.0,0.0,1.0));
#1724=ORIENTED_EDGE('',*,*,#3410,.T.);
#1725=ORIENTED_EDGE('',*,*,#3373,.T.);
#1726=ORIENTED_EDGE('',*,*,#3409,.T.);
#1727=ORIENTED_EDGE('',*,*,#3411,.F.);
#1728=ORIENTED_EDGE('',*,*,#3412,.F.);
#1729=ORIENTED_EDGE('',*,*,#3413,.T.);
#1730=ORIENTED_EDGE('',*,*,#3414,.F.);
#1731=ORIENTED_EDGE('',*,*,#3415,.F.);
#1732=ORIENTED_EDGE('',*,*,#3416,.F.);
#1733=ORIENTED_EDGE('',*,*,#3417,.T.);
#1734=ORIENTED_EDGE('',*,*,#3418,.F.);
#1735=ORIENTED_EDGE('',*,*,#3419,.F.);
#1736=CARTESIAN_POINT('',(0.0,-3.2,-1.8));
#1737=DIRECTION('',(0.0,0.0,-1.0));
#1738=DIRECTION('',(0.0,-1.0,0.0));
#1739=ORIENTED_EDGE('',*,*,#3420,.F.);
#1740=ORIENTED_EDGE('',*,*,#3421,.F.);
#1741=ORIENTED_EDGE('',*,*,#3422,.F.);
#1742=ORIENTED_EDGE('',*,*,#3423,.T.);
#1743=ORIENTED_EDGE('',*,*,#3424,.F.);
#1744=ORIENTED_EDGE('',*,*,#3425,.F.);
#1745=ORIENTED_EDGE('',*,*,#3426,.T.);
#1746=ORIENTED_EDGE('',*,*,#3381,.T.);
#1747=ORIENTED_EDGE('',*,*,#3427,.T.);
#1748=ORIENTED_EDGE('',*,*,#3428,.F.);
#1749=ORIENTED_EDGE('',*,*,#3429,.F.);
#1750=ORIENTED_EDGE('',*,*,#3430,.T.);
#1751=CARTESIAN_POINT('',(0.0,-3.2,-1.8));
#1752=DIRECTION('',(0.0,0.0,-1.0));
#1753=DIRECTION('',(0.0,-1.0,0.0));
#1754=ORIENTED_EDGE('',*,*,#3431,.F.);
#1755=ORIENTED_EDGE('',*,*,#3415,.T.);
#1756=ORIENTED_EDGE('',*,*,#3432,.F.);
#1757=ORIENTED_EDGE('',*,*,#3411,.T.);
#1758=ORIENTED_EDGE('',*,*,#3408,.F.);
#1759=ORIENTED_EDGE('',*,*,#3403,.F.);
#1760=ORIENTED_EDGE('',*,*,#3401,.F.);
#1761=ORIENTED_EDGE('',*,*,#3433,.F.);
#1762=ORIENTED_EDGE('',*,*,#3347,.T.);
#1763=ORIENTED_EDGE('',*,*,#3434,.F.);
#1764=ORIENTED_EDGE('',*,*,#3435,.T.);
#1765=ORIENTED_EDGE('',*,*,#3419,.T.);
#1766=CARTESIAN_POINT('',(-7.45,-0.35,-10.4));
#1767=DIRECTION('',(-0.0,1.0,0.0));
#1768=DIRECTION('',(1.0,0.0,0.0));
#1769=ORIENTED_EDGE('',*,*,#3374,.T.);
#1770=ORIENTED_EDGE('',*,*,#3410,.F.);
#1771=ORIENTED_EDGE('',*,*,#3435,.F.);
#1772=ORIENTED_EDGE('',*,*,#3436,.T.);
#1773=CARTESIAN_POINT('',(-2.9,-0.35,-10.4));
#1774=DIRECTION('',(1.0,0.0,0.0));
#1775=DIRECTION('',(0.0,1.0,0.0));
#1776=ORIENTED_EDGE('',*,*,#3437,.T.);
#1777=ORIENTED_EDGE('',*,*,#3438,.F.);
#1778=ORIENTED_EDGE('',*,*,#3379,.T.);
#1779=ORIENTED_EDGE('',*,*,#3439,.T.);
#1780=CARTESIAN_POINT('',(0.0,-3.2,-6.3));
#1781=DIRECTION('',(0.0,0.0,-1.0));
#1782=DIRECTION('',(0.0,-1.0,0.0));
#1783=ORIENTED_EDGE('',*,*,#3375,.T.);
#1784=ORIENTED_EDGE('',*,*,#3436,.F.);
#1785=ORIENTED_EDGE('',*,*,#3434,.T.);
#1786=ORIENTED_EDGE('',*,*,#3346,.F.);
#1787=CARTESIAN_POINT('',(0.0,-3.2,-6.3));
#1788=DIRECTION('',(0.0,0.0,-1.0));
#1789=DIRECTION('',(0.0,-1.0,0.0));
#1790=ORIENTED_EDGE('',*,*,#3440,.T.);
#1791=ORIENTED_EDGE('',*,*,#3441,.F.);
#1792=ORIENTED_EDGE('',*,*,#3221,.F.);
#1793=ORIENTED_EDGE('',*,*,#3442,.T.);
#1794=ORIENTED_EDGE('',*,*,#3443,.F.);
#1795=ORIENTED_EDGE('',*,*,#3444,.T.);
#1796=ORIENTED_EDGE('',*,*,#3445,.T.);
#1797=ORIENTED_EDGE('',*,*,#3446,.T.);
#1798=ORIENTED_EDGE('',*,*,#3439,.F.);
#1799=ORIENTED_EDGE('',*,*,#3378,.T.);
#1800=ORIENTED_EDGE('',*,*,#3364,.T.);
#1801=ORIENTED_EDGE('',*,*,#3355,.F.);
#1802=CARTESIAN_POINT('',(3.35,3.2,-10.4));
#1803=DIRECTION('',(1.0,0.0,0.0));
#1804=DIRECTION('',(0.0,1.0,0.0));
#1805=ORIENTED_EDGE('',*,*,#3447,.F.);
#1806=ORIENTED_EDGE('',*,*,#3437,.F.);
#1807=ORIENTED_EDGE('',*,*,#3446,.F.);
#1808=ORIENTED_EDGE('',*,*,#3448,.F.);
#1809=ORIENTED_EDGE('',*,*,#3449,.T.);
#1810=ORIENTED_EDGE('',*,*,#3406,.F.);
#1811=ORIENTED_EDGE('',*,*,#3450,.T.);
#1812=ORIENTED_EDGE('',*,*,#3425,.T.);
#1813=ORIENTED_EDGE('',*,*,#3451,.F.);
#1814=ORIENTED_EDGE('',*,*,#3421,.T.);
#1815=ORIENTED_EDGE('',*,*,#3452,.F.);
#1816=ORIENTED_EDGE('',*,*,#3428,.T.);
#1817=CARTESIAN_POINT('',(3.8,-0.35,-10.4));
#1818=DIRECTION('',(-0.0,1.0,0.0));
#1819=DIRECTION('',(1.0,0.0,0.0));
#1820=ORIENTED_EDGE('',*,*,#3452,.T.);
#1821=ORIENTED_EDGE('',*,*,#3453,.T.);
#1822=ORIENTED_EDGE('',*,*,#3454,.F.);
#1823=ORIENTED_EDGE('',*,*,#3455,.T.);
#1824=ORIENTED_EDGE('',*,*,#3456,.T.);
#1825=ORIENTED_EDGE('',*,*,#3457,.T.);
#1826=ORIENTED_EDGE('',*,*,#3458,.T.);
#1827=ORIENTED_EDGE('',*,*,#3459,.T.);
#1828=ORIENTED_EDGE('',*,*,#3460,.T.);
#1829=ORIENTED_EDGE('',*,*,#3461,.T.);
#1830=ORIENTED_EDGE('',*,*,#3462,.T.);
#1831=ORIENTED_EDGE('',*,*,#3463,.F.);
#1832=CARTESIAN_POINT('',(-2.0,-1.8,-1.8));
#1833=DIRECTION('',(0.0,0.0,1.0));
#1834=DIRECTION('',(1.0,0.0,0.0));
#1835=ORIENTED_EDGE('',*,*,#3464,.T.);
#1836=ORIENTED_EDGE('',*,*,#3465,.T.);
#1837=ORIENTED_EDGE('',*,*,#3466,.F.);
#1838=ORIENTED_EDGE('',*,*,#3429,.T.);
#1839=ORIENTED_EDGE('',*,*,#3463,.T.);
#1840=CARTESIAN_POINT('',(4.65,-1.8,-1.8));
#1841=DIRECTION('',(1.0,0.0,0.0));
#1842=DIRECTION('',(0.0,1.0,0.0));
#1843=ORIENTED_EDGE('',*,*,#3467,.F.);
#1844=ORIENTED_EDGE('',*,*,#3468,.F.);
#1845=ORIENTED_EDGE('',*,*,#3469,.T.);
#1846=ORIENTED_EDGE('',*,*,#3470,.T.);
#1847=ORIENTED_EDGE('',*,*,#3471,.T.);
#1848=ORIENTED_EDGE('',*,*,#3472,.F.);
#1849=ORIENTED_EDGE('',*,*,#3430,.F.);
#1850=ORIENTED_EDGE('',*,*,#3466,.T.);
#1851=CARTESIAN_POINT('',(4.25,-1.4,3.8));
#1852=DIRECTION('',(0.0,-1.0,0.0));
#1853=DIRECTION('',(0.0,0.0,-1.0));
#1854=ORIENTED_EDGE('',*,*,#3420,.T.);
#1855=ORIENTED_EDGE('',*,*,#3472,.T.);
#1856=ORIENTED_EDGE('',*,*,#3473,.T.);
#1857=ORIENTED_EDGE('',*,*,#3474,.T.);
#1858=ORIENTED_EDGE('',*,*,#3453,.F.);
#1859=CARTESIAN_POINT('',(5.55,-1.8,-1.8));
#1860=DIRECTION('',(-1.0,0.0,0.0));
#1861=DIRECTION('',(0.0,0.0,1.0));
#1862=ORIENTED_EDGE('',*,*,#3474,.F.);
#1863=ORIENTED_EDGE('',*,*,#3475,.F.);
#1864=ORIENTED_EDGE('',*,*,#3476,.F.);
#1865=ORIENTED_EDGE('',*,*,#3454,.T.);
#1866=CARTESIAN_POINT('',(5.95,1.14,-0.8));
#1867=DIRECTION('',(-0.0,1.0,0.0));
#1868=DIRECTION('',(1.0,0.0,0.0));
#1869=ORIENTED_EDGE('',*,*,#3470,.F.);
#1870=ORIENTED_EDGE('',*,*,#3477,.T.);
#1871=ORIENTED_EDGE('',*,*,#3478,.T.);
#1872=ORIENTED_EDGE('',*,*,#3455,.F.);
#1873=ORIENTED_EDGE('',*,*,#3476,.T.);
#1874=ORIENTED_EDGE('',*,*,#3479,.F.);
#1875=CARTESIAN_POINT('',(5.95,-1.4,3.8));
#1876=DIRECTION('',(1.0,0.0,0.0));
#1877=DIRECTION('',(0.0,1.0,0.0));
#1878=ORIENTED_EDGE('',*,*,#3479,.T.);
#1879=ORIENTED_EDGE('',*,*,#3475,.T.);
#1880=ORIENTED_EDGE('',*,*,#3473,.F.);
#1881=ORIENTED_EDGE('',*,*,#3471,.F.);
#1882=CARTESIAN_POINT('',(5.95,-1.8,-0.8));
#1883=DIRECTION('',(0.0,0.0,1.0));
#1884=DIRECTION('',(1.0,0.0,0.0));
#1885=ORIENTED_EDGE('',*,*,#3480,.T.);
#1886=ORIENTED_EDGE('',*,*,#3456,.F.);
#1887=ORIENTED_EDGE('',*,*,#3478,.F.);
#1888=ORIENTED_EDGE('',*,*,#3481,.T.);
#1889=CARTESIAN_POINT('',(5.95,1.89,3.8));
#1890=DIRECTION('',(-0.0,1.0,0.0));
#1891=DIRECTION('',(1.0,0.0,0.0));
#1892=ORIENTED_EDGE('',*,*,#3482,.F.);
#1893=ORIENTED_EDGE('',*,*,#3483,.F.);
#1894=ORIENTED_EDGE('',*,*,#3484,.F.);
#1895=ORIENTED_EDGE('',*,*,#3481,.F.);
#1896=ORIENTED_EDGE('',*,*,#3477,.F.);
#1897=ORIENTED_EDGE('',*,*,#3469,.F.);
#1898=ORIENTED_EDGE('',*,*,#3485,.T.);
#1899=ORIENTED_EDGE('',*,*,#3486,.F.);
#1900=ORIENTED_EDGE('',*,*,#3487,.F.);
#1901=ORIENTED_EDGE('',*,*,#3488,.F.);
#1902=ORIENTED_EDGE('',*,*,#3443,.T.);
#1903=ORIENTED_EDGE('',*,*,#3489,.F.);
#1904=ORIENTED_EDGE('',*,*,#3490,.F.);
#1905=ORIENTED_EDGE('',*,*,#3491,.F.);
#1906=ORIENTED_EDGE('',*,*,#3492,.F.);
#1907=ORIENTED_EDGE('',*,*,#3493,.F.);
#1908=ORIENTED_EDGE('',*,*,#3494,.F.);
#1909=ORIENTED_EDGE('',*,*,#3495,.F.);
#1910=ORIENTED_EDGE('',*,*,#3496,.F.);
#1911=ORIENTED_EDGE('',*,*,#3497,.F.);
#1912=ORIENTED_EDGE('',*,*,#3498,.F.);
#1913=ORIENTED_EDGE('',*,*,#3499,.T.);
#1914=CARTESIAN_POINT('',(9.35,3.2,3.8));
#1915=DIRECTION('',(0.0,0.0,-1.0));
#1916=DIRECTION('',(0.0,-1.0,0.0));
#1917=ORIENTED_EDGE('',*,*,#3500,.F.);
#1918=ORIENTED_EDGE('',*,*,#3501,.F.);
#1919=ORIENTED_EDGE('',*,*,#3502,.F.);
#1920=ORIENTED_EDGE('',*,*,#3499,.F.);
#1921=ORIENTED_EDGE('',*,*,#3503,.T.);
#1922=ORIENTED_EDGE('',*,*,#3504,.T.);
#1923=CARTESIAN_POINT('',(6.25,1.89,3.8));
#1924=DIRECTION('',(-1.0,0.0,0.0));
#1925=DIRECTION('',(0.0,0.0,1.0));
#1926=ORIENTED_EDGE('',*,*,#3505,.T.);
#1927=ORIENTED_EDGE('',*,*,#3506,.F.);
#1928=ORIENTED_EDGE('',*,*,#3507,.F.);
#1929=ORIENTED_EDGE('',*,*,#3504,.F.);
#1930=CARTESIAN_POINT('',(6.25,1.14,-0.8));
#1931=DIRECTION('',(0.0,0.0,1.0));
#1932=DIRECTION('',(1.0,0.0,0.0));
#1933=ORIENTED_EDGE('',*,*,#3500,.T.);
#1934=ORIENTED_EDGE('',*,*,#3507,.T.);
#1935=ORIENTED_EDGE('',*,*,#3508,.F.);
#1936=ORIENTED_EDGE('',*,*,#3509,.F.);
#1937=CARTESIAN_POINT('',(6.25,1.14,-1.8));
#1938=DIRECTION('',(-0.0,1.0,0.0));
#1939=DIRECTION('',(1.0,0.0,0.0));
#1940=ORIENTED_EDGE('',*,*,#3451,.T.);
#1941=ORIENTED_EDGE('',*,*,#3510,.T.);
#1942=ORIENTED_EDGE('',*,*,#3511,.F.);
#1943=ORIENTED_EDGE('',*,*,#3512,.T.);
#1944=ORIENTED_EDGE('',*,*,#3513,.T.);
#1945=ORIENTED_EDGE('',*,*,#3514,.T.);
#1946=ORIENTED_EDGE('',*,*,#3515,.T.);
#1947=ORIENTED_EDGE('',*,*,#3516,.T.);
#1948=ORIENTED_EDGE('',*,*,#3517,.T.);
#1949=ORIENTED_EDGE('',*,*,#3501,.T.);
#1950=ORIENTED_EDGE('',*,*,#3509,.T.);
#1951=ORIENTED_EDGE('',*,*,#3518,.F.);
#1952=CARTESIAN_POINT('',(0.0,-1.8,-1.8));
#1953=DIRECTION('',(0.0,0.0,1.0));
#1954=DIRECTION('',(1.0,0.0,0.0));
#1955=ORIENTED_EDGE('',*,*,#3508,.T.);
#1956=ORIENTED_EDGE('',*,*,#3506,.T.);
#1957=ORIENTED_EDGE('',*,*,#3519,.F.);
#1958=ORIENTED_EDGE('',*,*,#3422,.T.);
#1959=ORIENTED_EDGE('',*,*,#3518,.T.);
#1960=CARTESIAN_POINT('',(6.65,-1.8,-1.8));
#1961=DIRECTION('',(1.0,0.0,0.0));
#1962=DIRECTION('',(0.0,1.0,0.0));
#1963=ORIENTED_EDGE('',*,*,#3505,.F.);
#1964=ORIENTED_EDGE('',*,*,#3503,.F.);
#1965=ORIENTED_EDGE('',*,*,#3498,.T.);
#1966=ORIENTED_EDGE('',*,*,#3520,.T.);
#1967=ORIENTED_EDGE('',*,*,#3521,.T.);
#1968=ORIENTED_EDGE('',*,*,#3522,.F.);
#1969=ORIENTED_EDGE('',*,*,#3423,.F.);
#1970=ORIENTED_EDGE('',*,*,#3519,.T.);
#1971=CARTESIAN_POINT('',(6.25,-1.4,3.8));
#1972=DIRECTION('',(0.0,-1.0,0.0));
#1973=DIRECTION('',(0.0,0.0,-1.0));
#1974=ORIENTED_EDGE('',*,*,#3424,.T.);
#1975=ORIENTED_EDGE('',*,*,#3522,.T.);
#1976=ORIENTED_EDGE('',*,*,#3523,.T.);
#1977=ORIENTED_EDGE('',*,*,#3524,.T.);
#1978=ORIENTED_EDGE('',*,*,#3510,.F.);
#1979=CARTESIAN_POINT('',(7.55,-1.8,-1.8));
#1980=DIRECTION('',(-1.0,0.0,0.0));
#1981=DIRECTION('',(0.0,0.0,1.0));
#1982=ORIENTED_EDGE('',*,*,#3524,.F.);
#1983=ORIENTED_EDGE('',*,*,#3525,.F.);
#1984=ORIENTED_EDGE('',*,*,#3526,.F.);
#1985=ORIENTED_EDGE('',*,*,#3511,.T.);
#1986=CARTESIAN_POINT('',(7.95,1.14,-0.8));
#1987=DIRECTION('',(-0.0,1.0,0.0));
#1988=DIRECTION('',(1.0,0.0,0.0));
#1989=ORIENTED_EDGE('',*,*,#3520,.F.);
#1990=ORIENTED_EDGE('',*,*,#3497,.T.);
#1991=ORIENTED_EDGE('',*,*,#3527,.T.);
#1992=ORIENTED_EDGE('',*,*,#3512,.F.);
#1993=ORIENTED_EDGE('',*,*,#3526,.T.);
#1994=ORIENTED_EDGE('',*,*,#3528,.F.);
#1995=CARTESIAN_POINT('',(7.95,-1.4,3.8));
#1996=DIRECTION('',(1.0,0.0,0.0));
#1997=DIRECTION('',(0.0,1.0,0.0));
#1998=ORIENTED_EDGE('',*,*,#3528,.T.);
#1999=ORIENTED_EDGE('',*,*,#3525,.T.);
#2000=ORIENTED_EDGE('',*,*,#3523,.F.);
#2001=ORIENTED_EDGE('',*,*,#3521,.F.);
#2002=CARTESIAN_POINT('',(7.95,-1.8,-0.8));
#2003=DIRECTION('',(0.0,0.0,1.0));
#2004=DIRECTION('',(1.0,0.0,0.0));
#2005=ORIENTED_EDGE('',*,*,#3529,.T.);
#2006=ORIENTED_EDGE('',*,*,#3513,.F.);
#2007=ORIENTED_EDGE('',*,*,#3527,.F.);
#2008=ORIENTED_EDGE('',*,*,#3496,.T.);
#2009=CARTESIAN_POINT('',(7.95,1.89,3.8));
#2010=DIRECTION('',(-0.0,1.0,0.0));
#2011=DIRECTION('',(1.0,0.0,0.0));
#2012=ORIENTED_EDGE('',*,*,#3530,.T.);
#2013=ORIENTED_EDGE('',*,*,#3514,.F.);
#2014=ORIENTED_EDGE('',*,*,#3529,.F.);
#2015=ORIENTED_EDGE('',*,*,#3495,.T.);
#2016=CARTESIAN_POINT('',(7.55,1.89,3.8));
#2017=DIRECTION('',(1.0,0.0,0.0));
#2018=DIRECTION('',(0.0,1.0,0.0));
#2019=ORIENTED_EDGE('',*,*,#3531,.T.);
#2020=ORIENTED_EDGE('',*,*,#3515,.F.);
#2021=ORIENTED_EDGE('',*,*,#3530,.F.);
#2022=ORIENTED_EDGE('',*,*,#3494,.T.);
#2023=CARTESIAN_POINT('',(7.55,2.35,3.8));
#2024=DIRECTION('',(-0.0,1.0,0.0));
#2025=DIRECTION('',(1.0,0.0,0.0));
#2026=ORIENTED_EDGE('',*,*,#3532,.T.);
#2027=ORIENTED_EDGE('',*,*,#3516,.F.);
#2028=ORIENTED_EDGE('',*,*,#3531,.F.);
#2029=ORIENTED_EDGE('',*,*,#3493,.T.);
#2030=CARTESIAN_POINT('',(6.65,2.35,3.8));
#2031=DIRECTION('',(-1.0,0.0,0.0));
#2032=DIRECTION('',(0.0,0.0,1.0));
#2033=ORIENTED_EDGE('',*,*,#3502,.T.);
#2034=ORIENTED_EDGE('',*,*,#3517,.F.);
#2035=ORIENTED_EDGE('',*,*,#3532,.F.);
#2036=ORIENTED_EDGE('',*,*,#3492,.T.);
#2037=CARTESIAN_POINT('',(6.65,1.89,3.8));
#2038=DIRECTION('',(-0.0,1.0,0.0));
#2039=DIRECTION('',(1.0,0.0,0.0));
#2040=ORIENTED_EDGE('',*,*,#3533,.T.);
#2041=ORIENTED_EDGE('',*,*,#3460,.F.);
#2042=ORIENTED_EDGE('',*,*,#3534,.F.);
#2043=ORIENTED_EDGE('',*,*,#3491,.T.);
#2044=CARTESIAN_POINT('',(4.65,1.89,3.8));
#2045=DIRECTION('',(-0.0,1.0,0.0));
#2046=DIRECTION('',(1.0,0.0,0.0));
#2047=ORIENTED_EDGE('',*,*,#3534,.T.);
#2048=ORIENTED_EDGE('',*,*,#3459,.F.);
#2049=ORIENTED_EDGE('',*,*,#3535,.F.);
#2050=ORIENTED_EDGE('',*,*,#3482,.T.);
#2051=CARTESIAN_POINT('',(4.65,2.35,3.8));
#2052=DIRECTION('',(-1.0,0.0,0.0));
#2053=DIRECTION('',(0.0,0.0,1.0));
#2054=ORIENTED_EDGE('',*,*,#3535,.T.);
#2055=ORIENTED_EDGE('',*,*,#3458,.F.);
#2056=ORIENTED_EDGE('',*,*,#3536,.F.);
#2057=ORIENTED_EDGE('',*,*,#3483,.T.);
#2058=CARTESIAN_POINT('',(5.55,2.35,3.8));
#2059=DIRECTION('',(-0.0,1.0,0.0));
#2060=DIRECTION('',(1.0,0.0,0.0));
#2061=ORIENTED_EDGE('',*,*,#3536,.T.);
#2062=ORIENTED_EDGE('',*,*,#3457,.F.);
#2063=ORIENTED_EDGE('',*,*,#3480,.F.);
#2064=ORIENTED_EDGE('',*,*,#3484,.T.);
#2065=CARTESIAN_POINT('',(5.55,1.89,3.8));
#2066=DIRECTION('',(1.0,0.0,0.0));
#2067=DIRECTION('',(0.0,1.0,0.0));
#2068=ORIENTED_EDGE('',*,*,#3537,.T.);
#2069=ORIENTED_EDGE('',*,*,#3538,.F.);
#2070=ORIENTED_EDGE('',*,*,#3461,.F.);
#2071=ORIENTED_EDGE('',*,*,#3533,.F.);
#2072=ORIENTED_EDGE('',*,*,#3490,.T.);
#2073=ORIENTED_EDGE('',*,*,#3539,.F.);
#2074=ORIENTED_EDGE('',*,*,#3219,.T.);
#2075=ORIENTED_EDGE('',*,*,#3540,.F.);
#2076=ORIENTED_EDGE('',*,*,#3485,.F.);
#2077=ORIENTED_EDGE('',*,*,#3468,.T.);
#2078=CARTESIAN_POINT('',(4.25,3.2,3.8));
#2079=DIRECTION('',(-1.0,0.0,0.0));
#2080=DIRECTION('',(0.0,0.0,1.0));
#2081=ORIENTED_EDGE('',*,*,#3204,.T.);
#2082=ORIENTED_EDGE('',*,*,#3541,.T.);
#2083=ORIENTED_EDGE('',*,*,#3542,.T.);
#2084=ORIENTED_EDGE('',*,*,#3397,.F.);
#2085=CARTESIAN_POINT('',(0.0,-1.8,0.0));
#2086=DIRECTION('',(-0.0,1.0,0.0));
#2087=DIRECTION('',(1.0,0.0,0.0));
#2088=ORIENTED_EDGE('',*,*,#3543,.T.);
#2089=ORIENTED_EDGE('',*,*,#3486,.T.);
#2090=ORIENTED_EDGE('',*,*,#3540,.T.);
#2091=ORIENTED_EDGE('',*,*,#3218,.T.);
#2092=CARTESIAN_POINT('',(0.0,-1.8,0.0));
#2093=DIRECTION('',(-0.0,1.0,0.0));
#2094=DIRECTION('',(1.0,0.0,0.0));
#2095=ORIENTED_EDGE('',*,*,#3544,.T.);
#2096=ORIENTED_EDGE('',*,*,#3545,.F.);
#2097=ORIENTED_EDGE('',*,*,#3398,.T.);
#2098=ORIENTED_EDGE('',*,*,#3542,.F.);
#2099=ORIENTED_EDGE('',*,*,#3546,.F.);
#2100=ORIENTED_EDGE('',*,*,#3547,.F.);
#2101=ORIENTED_EDGE('',*,*,#3548,.T.);
#2102=ORIENTED_EDGE('',*,*,#3549,.F.);
#2103=ORIENTED_EDGE('',*,*,#3550,.F.);
#2104=ORIENTED_EDGE('',*,*,#3551,.F.);
#2105=ORIENTED_EDGE('',*,*,#3552,.F.);
#2106=ORIENTED_EDGE('',*,*,#3553,.F.);
#2107=ORIENTED_EDGE('',*,*,#3554,.F.);
#2108=ORIENTED_EDGE('',*,*,#3350,.F.);
#2109=ORIENTED_EDGE('',*,*,#3555,.F.);
#2110=ORIENTED_EDGE('',*,*,#3556,.F.);
#2111=ORIENTED_EDGE('',*,*,#3557,.F.);
#2112=ORIENTED_EDGE('',*,*,#3558,.F.);
#2113=ORIENTED_EDGE('',*,*,#3559,.F.);
#2114=ORIENTED_EDGE('',*,*,#3560,.F.);
#2115=ORIENTED_EDGE('',*,*,#3561,.T.);
#2116=ORIENTED_EDGE('',*,*,#3562,.F.);
#2117=ORIENTED_EDGE('',*,*,#3563,.F.);
#2118=CARTESIAN_POINT('',(-3.35,3.2,3.8));
#2119=DIRECTION('',(0.0,0.0,-1.0));
#2120=DIRECTION('',(0.0,-1.0,0.0));
#2121=ORIENTED_EDGE('',*,*,#3564,.T.);
#2122=ORIENTED_EDGE('',*,*,#3565,.F.);
#2123=ORIENTED_EDGE('',*,*,#3566,.F.);
#2124=ORIENTED_EDGE('',*,*,#3563,.T.);
#2125=CARTESIAN_POINT('',(-6.65,2.35,3.8));
#2126=DIRECTION('',(-1.0,0.0,0.0));
#2127=DIRECTION('',(0.0,0.0,1.0));
#2128=ORIENTED_EDGE('',*,*,#3566,.T.);
#2129=ORIENTED_EDGE('',*,*,#3567,.F.);
#2130=ORIENTED_EDGE('',*,*,#3568,.F.);
#2131=ORIENTED_EDGE('',*,*,#3556,.T.);
#2132=CARTESIAN_POINT('',(-5.75,2.35,3.8));
#2133=DIRECTION('',(-0.0,1.0,0.0));
#2134=DIRECTION('',(1.0,0.0,0.0));
#2135=ORIENTED_EDGE('',*,*,#3568,.T.);
#2136=ORIENTED_EDGE('',*,*,#3569,.F.);
#2137=ORIENTED_EDGE('',*,*,#3570,.F.);
#2138=ORIENTED_EDGE('',*,*,#3557,.T.);
#2139=CARTESIAN_POINT('',(-5.75,1.49,3.8));
#2140=DIRECTION('',(1.0,0.0,0.0));
#2141=DIRECTION('',(0.0,1.0,0.0));
#2142=ORIENTED_EDGE('',*,*,#3570,.T.);
#2143=ORIENTED_EDGE('',*,*,#3571,.F.);
#2144=ORIENTED_EDGE('',*,*,#3572,.F.);
#2145=ORIENTED_EDGE('',*,*,#3558,.T.);
#2146=CARTESIAN_POINT('',(-5.35,1.49,3.8));
#2147=DIRECTION('',(-0.0,1.0,0.0));
#2148=DIRECTION('',(1.0,0.0,0.0));
#2149=ORIENTED_EDGE('',*,*,#3573,.F.);
#2150=ORIENTED_EDGE('',*,*,#3559,.T.);
#2151=ORIENTED_EDGE('',*,*,#3572,.T.);
#2152=ORIENTED_EDGE('',*,*,#3574,.F.);
#2153=ORIENTED_EDGE('',*,*,#3575,.T.);
#2154=ORIENTED_EDGE('',*,*,#3576,.F.);
#2155=CARTESIAN_POINT('',(-5.35,-1.4,3.8));
#2156=DIRECTION('',(1.0,0.0,0.0));
#2157=DIRECTION('',(0.0,1.0,0.0));
#2158=ORIENTED_EDGE('',*,*,#3576,.T.);
#2159=ORIENTED_EDGE('',*,*,#3577,.T.);
#2160=ORIENTED_EDGE('',*,*,#3578,.F.);
#2161=ORIENTED_EDGE('',*,*,#3579,.F.);
#2162=CARTESIAN_POINT('',(-5.35,-1.4,-0.8));
#2163=DIRECTION('',(0.0,0.0,1.0));
#2164=DIRECTION('',(1.0,0.0,0.0));
#2165=ORIENTED_EDGE('',*,*,#3413,.F.);
#2166=ORIENTED_EDGE('',*,*,#3580,.T.);
#2167=ORIENTED_EDGE('',*,*,#3581,.F.);
#2168=ORIENTED_EDGE('',*,*,#3582,.F.);
#2169=ORIENTED_EDGE('',*,*,#3560,.T.);
#2170=ORIENTED_EDGE('',*,*,#3573,.T.);
#2171=ORIENTED_EDGE('',*,*,#3579,.T.);
#2172=ORIENTED_EDGE('',*,*,#3583,.F.);
#2173=CARTESIAN_POINT('',(-7.05,-1.4,3.8));
#2174=DIRECTION('',(0.0,-1.0,0.0));
#2175=DIRECTION('',(0.0,0.0,-1.0));
#2176=ORIENTED_EDGE('',*,*,#3414,.T.);
#2177=ORIENTED_EDGE('',*,*,#3583,.T.);
#2178=ORIENTED_EDGE('',*,*,#3578,.T.);
#2179=ORIENTED_EDGE('',*,*,#3584,.T.);
#2180=ORIENTED_EDGE('',*,*,#3585,.F.);
#2181=CARTESIAN_POINT('',(-5.75,-1.8,-1.8));
#2182=DIRECTION('',(-1.0,0.0,0.0));
#2183=DIRECTION('',(0.0,0.0,1.0));
#2184=ORIENTED_EDGE('',*,*,#3586,.F.);
#2185=ORIENTED_EDGE('',*,*,#3574,.T.);
#2186=ORIENTED_EDGE('',*,*,#3571,.T.);
#2187=ORIENTED_EDGE('',*,*,#3569,.T.);
#2188=ORIENTED_EDGE('',*,*,#3567,.T.);
#2189=ORIENTED_EDGE('',*,*,#3565,.T.);
#2190=ORIENTED_EDGE('',*,*,#3587,.T.);
#2191=ORIENTED_EDGE('',*,*,#3588,.T.);
#2192=ORIENTED_EDGE('',*,*,#3589,.T.);
#2193=ORIENTED_EDGE('',*,*,#3590,.F.);
#2194=ORIENTED_EDGE('',*,*,#3432,.T.);
#2195=ORIENTED_EDGE('',*,*,#3585,.T.);
#2196=CARTESIAN_POINT('',(0.0,-1.8,-1.8));
#2197=DIRECTION('',(0.0,0.0,1.0));
#2198=DIRECTION('',(1.0,0.0,0.0));
#2199=ORIENTED_EDGE('',*,*,#3591,.T.);
#2200=ORIENTED_EDGE('',*,*,#3592,.T.);
#2201=ORIENTED_EDGE('',*,*,#3580,.F.);
#2202=ORIENTED_EDGE('',*,*,#3412,.T.);
#2203=ORIENTED_EDGE('',*,*,#3590,.T.);
#2204=CARTESIAN_POINT('',(-6.65,-1.8,-1.8));
#2205=DIRECTION('',(1.0,0.0,0.0));
#2206=DIRECTION('',(0.0,1.0,0.0));
#2207=ORIENTED_EDGE('',*,*,#3581,.T.);
#2208=ORIENTED_EDGE('',*,*,#3592,.F.);
#2209=ORIENTED_EDGE('',*,*,#3593,.F.);
#2210=ORIENTED_EDGE('',*,*,#3594,.F.);
#2211=CARTESIAN_POINT('',(-7.05,1.14,-0.8));
#2212=DIRECTION('',(0.0,0.0,1.0));
#2213=DIRECTION('',(1.0,0.0,0.0));
#2214=ORIENTED_EDGE('',*,*,#3595,.F.);
#2215=ORIENTED_EDGE('',*,*,#3588,.F.);
#2216=ORIENTED_EDGE('',*,*,#3596,.F.);
#2217=ORIENTED_EDGE('',*,*,#3561,.F.);
#2218=ORIENTED_EDGE('',*,*,#3582,.T.);
#2219=ORIENTED_EDGE('',*,*,#3594,.T.);
#2220=CARTESIAN_POINT('',(-7.05,1.49,3.8));
#2221=DIRECTION('',(-1.0,0.0,0.0));
#2222=DIRECTION('',(0.0,0.0,1.0));
#2223=ORIENTED_EDGE('',*,*,#3596,.T.);
#2224=ORIENTED_EDGE('',*,*,#3587,.F.);
#2225=ORIENTED_EDGE('',*,*,#3564,.F.);
#2226=ORIENTED_EDGE('',*,*,#3562,.T.);
#2227=CARTESIAN_POINT('',(-6.65,1.49,3.8));
#2228=DIRECTION('',(-0.0,1.0,0.0));
#2229=DIRECTION('',(1.0,0.0,0.0));
#2230=ORIENTED_EDGE('',*,*,#3595,.T.);
#2231=ORIENTED_EDGE('',*,*,#3593,.T.);
#2232=ORIENTED_EDGE('',*,*,#3591,.F.);
#2233=ORIENTED_EDGE('',*,*,#3589,.F.);
#2234=CARTESIAN_POINT('',(-7.05,1.14,-1.8));
#2235=DIRECTION('',(-0.0,1.0,0.0));
#2236=DIRECTION('',(1.0,0.0,0.0));
#2237=ORIENTED_EDGE('',*,*,#3584,.F.);
#2238=ORIENTED_EDGE('',*,*,#3577,.F.);
#2239=ORIENTED_EDGE('',*,*,#3575,.F.);
#2240=ORIENTED_EDGE('',*,*,#3586,.T.);
#2241=CARTESIAN_POINT('',(-5.35,1.14,-0.8));
#2242=DIRECTION('',(-0.0,1.0,0.0));
#2243=DIRECTION('',(1.0,0.0,0.0));
#2244=ORIENTED_EDGE('',*,*,#3349,.T.);
#2245=ORIENTED_EDGE('',*,*,#3597,.T.);
#2246=ORIENTED_EDGE('',*,*,#3598,.T.);
#2247=ORIENTED_EDGE('',*,*,#3555,.T.);
#2248=CARTESIAN_POINT('',(0.0,3.2,0.0));
#2249=DIRECTION('',(-0.0,1.0,0.0));
#2250=DIRECTION('',(1.0,0.0,0.0));
#2251=ORIENTED_EDGE('',*,*,#3599,.T.);
#2252=ORIENTED_EDGE('',*,*,#3600,.T.);
#2253=ORIENTED_EDGE('',*,*,#3444,.F.);
#2254=ORIENTED_EDGE('',*,*,#3488,.T.);
#2255=CARTESIAN_POINT('',(0.0,3.2,0.0));
#2256=DIRECTION('',(-0.0,1.0,0.0));
#2257=DIRECTION('',(1.0,0.0,0.0));
#2258=ORIENTED_EDGE('',*,*,#3601,.T.);
#2259=ORIENTED_EDGE('',*,*,#3602,.F.);
#2260=ORIENTED_EDGE('',*,*,#3544,.F.);
#2261=ORIENTED_EDGE('',*,*,#3598,.F.);
#2262=CARTESIAN_POINT('',(-8.25,0.45,3.8));
#2263=DIRECTION('',(1.0,0.0,0.0));
#2264=DIRECTION('',(0.0,1.0,0.0));
#2265=ORIENTED_EDGE('',*,*,#3545,.T.);
#2266=ORIENTED_EDGE('',*,*,#3602,.T.);
#2267=ORIENTED_EDGE('',*,*,#3603,.F.);
#2268=ORIENTED_EDGE('',*,*,#3399,.T.);
#2269=CARTESIAN_POINT('',(-9.35,0.45,3.8));
#2270=DIRECTION('',(0.0,-1.0,0.0));
#2271=DIRECTION('',(0.0,0.0,-1.0));
#2272=ORIENTED_EDGE('',*,*,#3445,.F.);
#2273=ORIENTED_EDGE('',*,*,#3600,.F.);
#2274=ORIENTED_EDGE('',*,*,#3604,.F.);
#2275=ORIENTED_EDGE('',*,*,#3448,.T.);
#2276=ORIENTED_EDGE('',*,*,#3605,.F.);
#2277=ORIENTED_EDGE('',*,*,#3606,.F.);
#2278=ORIENTED_EDGE('',*,*,#3607,.F.);
#2279=ORIENTED_EDGE('',*,*,#3608,.F.);
#2280=ORIENTED_EDGE('',*,*,#3609,.F.);
#2281=ORIENTED_EDGE('',*,*,#3610,.F.);
#2282=ORIENTED_EDGE('',*,*,#3611,.F.);
#2283=ORIENTED_EDGE('',*,*,#3612,.F.);
#2284=ORIENTED_EDGE('',*,*,#3613,.F.);
#2285=ORIENTED_EDGE('',*,*,#3614,.F.);
#2286=ORIENTED_EDGE('',*,*,#3615,.F.);
#2287=ORIENTED_EDGE('',*,*,#3616,.F.);
#2288=ORIENTED_EDGE('',*,*,#3617,.F.);
#2289=ORIENTED_EDGE('',*,*,#3618,.F.);
#2290=ORIENTED_EDGE('',*,*,#3619,.F.);
#2291=ORIENTED_EDGE('',*,*,#3620,.F.);
#2292=CARTESIAN_POINT('',(9.35,-3.2,-10.4));
#2293=DIRECTION('',(0.0,0.0,-1.0));
#2294=DIRECTION('',(0.0,-1.0,0.0));
#2295=ORIENTED_EDGE('',*,*,#3400,.T.);
#2296=ORIENTED_EDGE('',*,*,#3603,.T.);
#2297=ORIENTED_EDGE('',*,*,#3601,.F.);
#2298=ORIENTED_EDGE('',*,*,#3597,.F.);
#2299=ORIENTED_EDGE('',*,*,#3348,.T.);
#2300=ORIENTED_EDGE('',*,*,#3433,.T.);
#2301=ORIENTED_EDGE('',*,*,#3621,.F.);
#2302=ORIENTED_EDGE('',*,*,#3622,.F.);
#2303=ORIENTED_EDGE('',*,*,#3623,.F.);
#2304=ORIENTED_EDGE('',*,*,#3624,.F.);
#2305=ORIENTED_EDGE('',*,*,#3625,.F.);
#2306=ORIENTED_EDGE('',*,*,#3626,.F.);
#2307=ORIENTED_EDGE('',*,*,#3627,.F.);
#2308=ORIENTED_EDGE('',*,*,#3628,.F.);
#2309=ORIENTED_EDGE('',*,*,#3629,.F.);
#2310=ORIENTED_EDGE('',*,*,#3630,.F.);
#2311=ORIENTED_EDGE('',*,*,#3631,.F.);
#2312=ORIENTED_EDGE('',*,*,#3632,.F.);
#2313=ORIENTED_EDGE('',*,*,#3633,.F.);
#2314=ORIENTED_EDGE('',*,*,#3634,.F.);
#2315=ORIENTED_EDGE('',*,*,#3635,.F.);
#2316=ORIENTED_EDGE('',*,*,#3636,.F.);
#2317=CARTESIAN_POINT('',(9.35,-3.2,-10.4));
#2318=DIRECTION('',(0.0,0.0,-1.0));
#2319=DIRECTION('',(0.0,-1.0,0.0));
#2320=ORIENTED_EDGE('',*,*,#3637,.F.);
#2321=ORIENTED_EDGE('',*,*,#3175,.T.);
#2322=ORIENTED_EDGE('',*,*,#3389,.T.);
#2323=ORIENTED_EDGE('',*,*,#3387,.F.);
#2324=CARTESIAN_POINT('',(9.35,-3.2,-10.4));
#2325=DIRECTION('',(0.0,0.0,-1.0));
#2326=DIRECTION('',(0.0,-1.0,0.0));
#2327=ORIENTED_EDGE('',*,*,#3392,.F.);
#2328=ORIENTED_EDGE('',*,*,#3171,.T.);
#2329=ORIENTED_EDGE('',*,*,#3396,.T.);
#2330=ORIENTED_EDGE('',*,*,#3394,.F.);
#2331=CARTESIAN_POINT('',(9.35,-3.2,-10.4));
#2332=DIRECTION('',(0.0,0.0,-1.0));
#2333=DIRECTION('',(0.0,-1.0,0.0));
#2334=ORIENTED_EDGE('',*,*,#3638,.T.);
#2335=ORIENTED_EDGE('',*,*,#3639,.F.);
#2336=ORIENTED_EDGE('',*,*,#3640,.F.);
#2337=ORIENTED_EDGE('',*,*,#3628,.T.);
#2338=CARTESIAN_POINT('',(-3.55,2.75,-10.4));
#2339=DIRECTION('',(1.0,0.0,0.0));
#2340=DIRECTION('',(0.0,1.0,0.0));
#2341=ORIENTED_EDGE('',*,*,#3640,.T.);
#2342=ORIENTED_EDGE('',*,*,#3641,.F.);
#2343=ORIENTED_EDGE('',*,*,#3642,.F.);
#2344=ORIENTED_EDGE('',*,*,#3621,.T.);
#2345=CARTESIAN_POINT('',(-4.85,2.75,-10.4));
#2346=DIRECTION('',(-0.0,1.0,0.0));
#2347=DIRECTION('',(1.0,0.0,0.0));
#2348=ORIENTED_EDGE('',*,*,#3642,.T.);
#2349=ORIENTED_EDGE('',*,*,#3643,.F.);
#2350=ORIENTED_EDGE('',*,*,#3644,.F.);
#2351=ORIENTED_EDGE('',*,*,#3622,.T.);
#2352=CARTESIAN_POINT('',(-4.85,2.29,-10.4));
#2353=DIRECTION('',(-1.0,0.0,0.0));
#2354=DIRECTION('',(0.0,0.0,1.0));
#2355=ORIENTED_EDGE('',*,*,#3644,.T.);
#2356=ORIENTED_EDGE('',*,*,#3645,.F.);
#2357=ORIENTED_EDGE('',*,*,#3646,.F.);
#2358=ORIENTED_EDGE('',*,*,#3623,.T.);
#2359=CARTESIAN_POINT('',(-4.65,2.29,-10.4));
#2360=DIRECTION('',(0.0,-1.0,0.0));
#2361=DIRECTION('',(0.0,0.0,-1.0));
#2362=ORIENTED_EDGE('',*,*,#3646,.T.);
#2363=ORIENTED_EDGE('',*,*,#3647,.F.);
#2364=ORIENTED_EDGE('',*,*,#3648,.F.);
#2365=ORIENTED_EDGE('',*,*,#3624,.T.);
#2366=CARTESIAN_POINT('',(-4.65,1.19,-10.4));
#2367=DIRECTION('',(-1.0,0.0,0.0));
#2368=DIRECTION('',(0.0,0.0,1.0));
#2369=ORIENTED_EDGE('',*,*,#3648,.T.);
#2370=ORIENTED_EDGE('',*,*,#3649,.F.);
#2371=ORIENTED_EDGE('',*,*,#3650,.F.);
#2372=ORIENTED_EDGE('',*,*,#3625,.T.);
#2373=CARTESIAN_POINT('',(-3.75,1.19,-10.4));
#2374=DIRECTION('',(0.0,-1.0,0.0));
#2375=DIRECTION('',(0.0,0.0,-1.0));
#2376=ORIENTED_EDGE('',*,*,#3650,.T.);
#2377=ORIENTED_EDGE('',*,*,#3651,.F.);
#2378=ORIENTED_EDGE('',*,*,#3652,.F.);
#2379=ORIENTED_EDGE('',*,*,#3626,.T.);
#2380=CARTESIAN_POINT('',(-3.75,2.29,-10.4));
#2381=DIRECTION('',(1.0,0.0,0.0));
#2382=DIRECTION('',(0.0,1.0,0.0));
#2383=ORIENTED_EDGE('',*,*,#3652,.T.);
#2384=ORIENTED_EDGE('',*,*,#3653,.F.);
#2385=ORIENTED_EDGE('',*,*,#3638,.F.);
#2386=ORIENTED_EDGE('',*,*,#3627,.T.);
#2387=CARTESIAN_POINT('',(-3.55,2.29,-10.4));
#2388=DIRECTION('',(0.0,-1.0,0.0));
#2389=DIRECTION('',(0.0,0.0,-1.0));
#2390=ORIENTED_EDGE('',*,*,#3653,.T.);
#2391=ORIENTED_EDGE('',*,*,#3651,.T.);
#2392=ORIENTED_EDGE('',*,*,#3649,.T.);
#2393=ORIENTED_EDGE('',*,*,#3647,.T.);
#2394=ORIENTED_EDGE('',*,*,#3645,.T.);
#2395=ORIENTED_EDGE('',*,*,#3643,.T.);
#2396=ORIENTED_EDGE('',*,*,#3641,.T.);
#2397=ORIENTED_EDGE('',*,*,#3639,.T.);
#2398=CARTESIAN_POINT('',(0.0,-3.2,-9.6));
#2399=DIRECTION('',(0.0,0.0,-1.0));
#2400=DIRECTION('',(0.0,-1.0,0.0));
#2401=ORIENTED_EDGE('',*,*,#3654,.T.);
#2402=ORIENTED_EDGE('',*,*,#3655,.F.);
#2403=ORIENTED_EDGE('',*,*,#3656,.F.);
#2404=ORIENTED_EDGE('',*,*,#3636,.T.);
#2405=CARTESIAN_POINT('',(-5.55,2.75,-10.4));
#2406=DIRECTION('',(1.0,0.0,0.0));
#2407=DIRECTION('',(0.0,1.0,0.0));
#2408=ORIENTED_EDGE('',*,*,#3656,.T.);
#2409=ORIENTED_EDGE('',*,*,#3657,.F.);
#2410=ORIENTED_EDGE('',*,*,#3658,.F.);
#2411=ORIENTED_EDGE('',*,*,#3629,.T.);
#2412=CARTESIAN_POINT('',(-6.85,2.75,-10.4));
#2413=DIRECTION('',(-0.0,1.0,0.0));
#2414=DIRECTION('',(1.0,0.0,0.0));
#2415=ORIENTED_EDGE('',*,*,#3658,.T.);
#2416=ORIENTED_EDGE('',*,*,#3659,.F.);
#2417=ORIENTED_EDGE('',*,*,#3660,.F.);
#2418=ORIENTED_EDGE('',*,*,#3630,.T.);
#2419=CARTESIAN_POINT('',(-6.85,2.29,-10.4));
#2420=DIRECTION('',(-1.0,0.0,0.0));
#2421=DIRECTION('',(0.0,0.0,1.0));
#2422=ORIENTED_EDGE('',*,*,#3660,.T.);
#2423=ORIENTED_EDGE('',*,*,#3661,.F.);
#2424=ORIENTED_EDGE('',*,*,#3662,.F.);
#2425=ORIENTED_EDGE('',*,*,#3631,.T.);
#2426=CARTESIAN_POINT('',(-6.65,2.29,-10.4));
#2427=DIRECTION('',(0.0,-1.0,0.0));
#2428=DIRECTION('',(0.0,0.0,-1.0));
#2429=ORIENTED_EDGE('',*,*,#3662,.T.);
#2430=ORIENTED_EDGE('',*,*,#3663,.F.);
#2431=ORIENTED_EDGE('',*,*,#3664,.F.);
#2432=ORIENTED_EDGE('',*,*,#3632,.T.);
#2433=CARTESIAN_POINT('',(-6.65,1.19,-10.4));
#2434=DIRECTION('',(-1.0,0.0,0.0));
#2435=DIRECTION('',(0.0,0.0,1.0));
#2436=ORIENTED_EDGE('',*,*,#3664,.T.);
#2437=ORIENTED_EDGE('',*,*,#3665,.F.);
#2438=ORIENTED_EDGE('',*,*,#3666,.F.);
#2439=ORIENTED_EDGE('',*,*,#3633,.T.);
#2440=CARTESIAN_POINT('',(-5.75,1.19,-10.4));
#2441=DIRECTION('',(0.0,-1.0,0.0));
#2442=DIRECTION('',(0.0,0.0,-1.0));
#2443=ORIENTED_EDGE('',*,*,#3666,.T.);
#2444=ORIENTED_EDGE('',*,*,#3667,.F.);
#2445=ORIENTED_EDGE('',*,*,#3668,.F.);
#2446=ORIENTED_EDGE('',*,*,#3634,.T.);
#2447=CARTESIAN_POINT('',(-5.75,2.29,-10.4));
#2448=DIRECTION('',(1.0,0.0,0.0));
#2449=DIRECTION('',(0.0,1.0,0.0));
#2450=ORIENTED_EDGE('',*,*,#3668,.T.);
#2451=ORIENTED_EDGE('',*,*,#3669,.F.);
#2452=ORIENTED_EDGE('',*,*,#3654,.F.);
#2453=ORIENTED_EDGE('',*,*,#3635,.T.);
#2454=CARTESIAN_POINT('',(-5.55,2.29,-10.4));
#2455=DIRECTION('',(0.0,-1.0,0.0));
#2456=DIRECTION('',(0.0,0.0,-1.0));
#2457=ORIENTED_EDGE('',*,*,#3669,.T.);
#2458=ORIENTED_EDGE('',*,*,#3667,.T.);
#2459=ORIENTED_EDGE('',*,*,#3665,.T.);
#2460=ORIENTED_EDGE('',*,*,#3663,.T.);
#2461=ORIENTED_EDGE('',*,*,#3661,.T.);
#2462=ORIENTED_EDGE('',*,*,#3659,.T.);
#2463=ORIENTED_EDGE('',*,*,#3657,.T.);
#2464=ORIENTED_EDGE('',*,*,#3655,.T.);
#2465=CARTESIAN_POINT('',(-2.0,-3.2,-9.6));
#2466=DIRECTION('',(0.0,0.0,-1.0));
#2467=DIRECTION('',(0.0,-1.0,0.0));
#2468=ORIENTED_EDGE('',*,*,#3670,.T.);
#2469=ORIENTED_EDGE('',*,*,#3671,.F.);
#2470=ORIENTED_EDGE('',*,*,#3672,.F.);
#2471=ORIENTED_EDGE('',*,*,#3612,.T.);
#2472=CARTESIAN_POINT('',(5.75,2.75,-10.4));
#2473=DIRECTION('',(1.0,0.0,0.0));
#2474=DIRECTION('',(0.0,1.0,0.0));
#2475=ORIENTED_EDGE('',*,*,#3672,.T.);
#2476=ORIENTED_EDGE('',*,*,#3673,.F.);
#2477=ORIENTED_EDGE('',*,*,#3674,.F.);
#2478=ORIENTED_EDGE('',*,*,#3605,.T.);
#2479=CARTESIAN_POINT('',(4.45,2.75,-10.4));
#2480=DIRECTION('',(-0.0,1.0,0.0));
#2481=DIRECTION('',(1.0,0.0,0.0));
#2482=ORIENTED_EDGE('',*,*,#3674,.T.);
#2483=ORIENTED_EDGE('',*,*,#3675,.F.);
#2484=ORIENTED_EDGE('',*,*,#3676,.F.);
#2485=ORIENTED_EDGE('',*,*,#3606,.T.);
#2486=CARTESIAN_POINT('',(4.45,2.29,-10.4));
#2487=DIRECTION('',(-1.0,0.0,0.0));
#2488=DIRECTION('',(0.0,0.0,1.0));
#2489=ORIENTED_EDGE('',*,*,#3676,.T.);
#2490=ORIENTED_EDGE('',*,*,#3677,.F.);
#2491=ORIENTED_EDGE('',*,*,#3678,.F.);
#2492=ORIENTED_EDGE('',*,*,#3607,.T.);
#2493=CARTESIAN_POINT('',(4.65,2.29,-10.4));
#2494=DIRECTION('',(0.0,-1.0,0.0));
#2495=DIRECTION('',(0.0,0.0,-1.0));
#2496=ORIENTED_EDGE('',*,*,#3678,.T.);
#2497=ORIENTED_EDGE('',*,*,#3679,.F.);
#2498=ORIENTED_EDGE('',*,*,#3680,.F.);
#2499=ORIENTED_EDGE('',*,*,#3608,.T.);
#2500=CARTESIAN_POINT('',(4.65,1.19,-10.4));
#2501=DIRECTION('',(-1.0,0.0,0.0));
#2502=DIRECTION('',(0.0,0.0,1.0));
#2503=ORIENTED_EDGE('',*,*,#3680,.T.);
#2504=ORIENTED_EDGE('',*,*,#3681,.F.);
#2505=ORIENTED_EDGE('',*,*,#3682,.F.);
#2506=ORIENTED_EDGE('',*,*,#3609,.T.);
#2507=CARTESIAN_POINT('',(5.55,1.19,-10.4));
#2508=DIRECTION('',(0.0,-1.0,0.0));
#2509=DIRECTION('',(0.0,0.0,-1.0));
#2510=ORIENTED_EDGE('',*,*,#3682,.T.);
#2511=ORIENTED_EDGE('',*,*,#3683,.F.);
#2512=ORIENTED_EDGE('',*,*,#3684,.F.);
#2513=ORIENTED_EDGE('',*,*,#3610,.T.);
#2514=CARTESIAN_POINT('',(5.55,2.29,-10.4));
#2515=DIRECTION('',(1.0,0.0,0.0));
#2516=DIRECTION('',(0.0,1.0,0.0));
#2517=ORIENTED_EDGE('',*,*,#3684,.T.);
#2518=ORIENTED_EDGE('',*,*,#3685,.F.);
#2519=ORIENTED_EDGE('',*,*,#3670,.F.);
#2520=ORIENTED_EDGE('',*,*,#3611,.T.);
#2521=CARTESIAN_POINT('',(5.75,2.29,-10.4));
#2522=DIRECTION('',(0.0,-1.0,0.0));
#2523=DIRECTION('',(0.0,0.0,-1.0));
#2524=ORIENTED_EDGE('',*,*,#3685,.T.);
#2525=ORIENTED_EDGE('',*,*,#3683,.T.);
#2526=ORIENTED_EDGE('',*,*,#3681,.T.);
#2527=ORIENTED_EDGE('',*,*,#3679,.T.);
#2528=ORIENTED_EDGE('',*,*,#3677,.T.);
#2529=ORIENTED_EDGE('',*,*,#3675,.T.);
#2530=ORIENTED_EDGE('',*,*,#3673,.T.);
#2531=ORIENTED_EDGE('',*,*,#3671,.T.);
#2532=CARTESIAN_POINT('',(0.0,-3.2,-9.6));
#2533=DIRECTION('',(0.0,0.0,-1.0));
#2534=DIRECTION('',(0.0,-1.0,0.0));
#2535=ORIENTED_EDGE('',*,*,#3686,.T.);
#2536=ORIENTED_EDGE('',*,*,#3687,.F.);
#2537=ORIENTED_EDGE('',*,*,#3688,.F.);
#2538=ORIENTED_EDGE('',*,*,#3620,.T.);
#2539=CARTESIAN_POINT('',(7.75,2.75,-10.4));
#2540=DIRECTION('',(1.0,0.0,0.0));
#2541=DIRECTION('',(0.0,1.0,0.0));
#2542=ORIENTED_EDGE('',*,*,#3688,.T.);
#2543=ORIENTED_EDGE('',*,*,#3689,.F.);
#2544=ORIENTED_EDGE('',*,*,#3690,.F.);
#2545=ORIENTED_EDGE('',*,*,#3613,.T.);
#2546=CARTESIAN_POINT('',(6.45,2.75,-10.4));
#2547=DIRECTION('',(-0.0,1.0,0.0));
#2548=DIRECTION('',(1.0,0.0,0.0));
#2549=ORIENTED_EDGE('',*,*,#3690,.T.);
#2550=ORIENTED_EDGE('',*,*,#3691,.F.);
#2551=ORIENTED_EDGE('',*,*,#3692,.F.);
#2552=ORIENTED_EDGE('',*,*,#3614,.T.);
#2553=CARTESIAN_POINT('',(6.45,2.29,-10.4));
#2554=DIRECTION('',(-1.0,0.0,0.0));
#2555=DIRECTION('',(0.0,0.0,1.0));
#2556=ORIENTED_EDGE('',*,*,#3692,.T.);
#2557=ORIENTED_EDGE('',*,*,#3693,.F.);
#2558=ORIENTED_EDGE('',*,*,#3694,.F.);
#2559=ORIENTED_EDGE('',*,*,#3615,.T.);
#2560=CARTESIAN_POINT('',(6.65,2.29,-10.4));
#2561=DIRECTION('',(0.0,-1.0,0.0));
#2562=DIRECTION('',(0.0,0.0,-1.0));
#2563=ORIENTED_EDGE('',*,*,#3694,.T.);
#2564=ORIENTED_EDGE('',*,*,#3695,.F.);
#2565=ORIENTED_EDGE('',*,*,#3696,.F.);
#2566=ORIENTED_EDGE('',*,*,#3616,.T.);
#2567=CARTESIAN_POINT('',(6.65,1.19,-10.4));
#2568=DIRECTION('',(-1.0,0.0,0.0));
#2569=DIRECTION('',(0.0,0.0,1.0));
#2570=ORIENTED_EDGE('',*,*,#3696,.T.);
#2571=ORIENTED_EDGE('',*,*,#3697,.F.);
#2572=ORIENTED_EDGE('',*,*,#3698,.F.);
#2573=ORIENTED_EDGE('',*,*,#3617,.T.);
#2574=CARTESIAN_POINT('',(7.55,1.19,-10.4));
#2575=DIRECTION('',(0.0,-1.0,0.0));
#2576=DIRECTION('',(0.0,0.0,-1.0));
#2577=ORIENTED_EDGE('',*,*,#3698,.T.);
#2578=ORIENTED_EDGE('',*,*,#3699,.F.);
#2579=ORIENTED_EDGE('',*,*,#3700,.F.);
#2580=ORIENTED_EDGE('',*,*,#3618,.T.);
#2581=CARTESIAN_POINT('',(7.55,2.29,-10.4));
#2582=DIRECTION('',(1.0,0.0,0.0));
#2583=DIRECTION('',(0.0,1.0,0.0));
#2584=ORIENTED_EDGE('',*,*,#3700,.T.);
#2585=ORIENTED_EDGE('',*,*,#3701,.F.);
#2586=ORIENTED_EDGE('',*,*,#3686,.F.);
#2587=ORIENTED_EDGE('',*,*,#3619,.T.);
#2588=CARTESIAN_POINT('',(7.75,2.29,-10.4));
#2589=DIRECTION('',(0.0,-1.0,0.0));
#2590=DIRECTION('',(0.0,0.0,-1.0));
#2591=ORIENTED_EDGE('',*,*,#3701,.T.);
#2592=ORIENTED_EDGE('',*,*,#3699,.T.);
#2593=ORIENTED_EDGE('',*,*,#3697,.T.);
#2594=ORIENTED_EDGE('',*,*,#3695,.T.);
#2595=ORIENTED_EDGE('',*,*,#3693,.T.);
#2596=ORIENTED_EDGE('',*,*,#3691,.T.);
#2597=ORIENTED_EDGE('',*,*,#3689,.T.);
#2598=ORIENTED_EDGE('',*,*,#3687,.T.);
#2599=CARTESIAN_POINT('',(2.0,-3.2,-9.6));
#2600=DIRECTION('',(0.0,0.0,-1.0));
#2601=DIRECTION('',(0.0,-1.0,0.0));
#2602=ORIENTED_EDGE('',*,*,#3384,.T.);
#2603=ORIENTED_EDGE('',*,*,#3407,.T.);
#2604=ORIENTED_EDGE('',*,*,#3449,.F.);
#2605=ORIENTED_EDGE('',*,*,#3604,.T.);
#2606=ORIENTED_EDGE('',*,*,#3599,.F.);
#2607=ORIENTED_EDGE('',*,*,#3487,.T.);
#2608=ORIENTED_EDGE('',*,*,#3543,.F.);
#2609=ORIENTED_EDGE('',*,*,#3217,.F.);
#2610=ORIENTED_EDGE('',*,*,#3176,.T.);
#2611=ORIENTED_EDGE('',*,*,#3637,.T.);
#2612=ORIENTED_EDGE('',*,*,#3386,.T.);
#2613=CARTESIAN_POINT('',(9.35,-3.2,10.4));
#2614=DIRECTION('',(1.0,0.0,0.0));
#2615=DIRECTION('',(0.0,1.0,0.0));
#2616=ORIENTED_EDGE('',*,*,#3351,.T.);
#2617=ORIENTED_EDGE('',*,*,#3554,.T.);
#2618=ORIENTED_EDGE('',*,*,#3702,.F.);
#2619=ORIENTED_EDGE('',*,*,#3202,.T.);
#2620=CARTESIAN_POINT('',(0.0,1.49,0.0));
#2621=DIRECTION('',(-0.0,1.0,0.0));
#2622=DIRECTION('',(1.0,0.0,0.0));
#2623=ORIENTED_EDGE('',*,*,#3539,.T.);
#2624=ORIENTED_EDGE('',*,*,#3489,.T.);
#2625=ORIENTED_EDGE('',*,*,#3442,.F.);
#2626=ORIENTED_EDGE('',*,*,#3220,.T.);
#2627=CARTESIAN_POINT('',(0.0,1.49,0.0));
#2628=DIRECTION('',(-0.0,1.0,0.0));
#2629=DIRECTION('',(1.0,0.0,0.0));
#2630=ORIENTED_EDGE('',*,*,#3546,.T.);
#2631=ORIENTED_EDGE('',*,*,#3541,.F.);
#2632=ORIENTED_EDGE('',*,*,#3203,.F.);
#2633=ORIENTED_EDGE('',*,*,#3702,.T.);
#2634=ORIENTED_EDGE('',*,*,#3703,.T.);
#2635=ORIENTED_EDGE('',*,*,#3704,.F.);
#2636=ORIENTED_EDGE('',*,*,#3705,.T.);
#2637=ORIENTED_EDGE('',*,*,#3706,.F.);
#2638=ORIENTED_EDGE('',*,*,#3707,.F.);
#2639=CARTESIAN_POINT('',(-3.35,3.2,10.4));
#2640=DIRECTION('',(1.0,0.0,0.0));
#2641=DIRECTION('',(0.0,1.0,0.0));
#2642=ORIENTED_EDGE('',*,*,#3417,.F.);
#2643=ORIENTED_EDGE('',*,*,#3708,.T.);
#2644=ORIENTED_EDGE('',*,*,#3709,.F.);
#2645=ORIENTED_EDGE('',*,*,#3710,.F.);
#2646=ORIENTED_EDGE('',*,*,#3547,.T.);
#2647=ORIENTED_EDGE('',*,*,#3707,.T.);
#2648=ORIENTED_EDGE('',*,*,#3711,.T.);
#2649=ORIENTED_EDGE('',*,*,#3712,.F.);
#2650=CARTESIAN_POINT('',(-5.05,-1.4,3.8));
#2651=DIRECTION('',(0.0,-1.0,0.0));
#2652=DIRECTION('',(0.0,0.0,-1.0));
#2653=ORIENTED_EDGE('',*,*,#3418,.T.);
#2654=ORIENTED_EDGE('',*,*,#3712,.T.);
#2655=ORIENTED_EDGE('',*,*,#3713,.T.);
#2656=ORIENTED_EDGE('',*,*,#3714,.T.);
#2657=ORIENTED_EDGE('',*,*,#3715,.F.);
#2658=CARTESIAN_POINT('',(-3.75,-1.8,-1.8));
#2659=DIRECTION('',(-1.0,0.0,0.0));
#2660=DIRECTION('',(0.0,0.0,1.0));
#2661=ORIENTED_EDGE('',*,*,#3716,.F.);
#2662=ORIENTED_EDGE('',*,*,#3704,.T.);
#2663=ORIENTED_EDGE('',*,*,#3717,.T.);
#2664=ORIENTED_EDGE('',*,*,#3718,.T.);
#2665=ORIENTED_EDGE('',*,*,#3719,.T.);
#2666=ORIENTED_EDGE('',*,*,#3720,.T.);
#2667=ORIENTED_EDGE('',*,*,#3721,.T.);
#2668=ORIENTED_EDGE('',*,*,#3722,.T.);
#2669=ORIENTED_EDGE('',*,*,#3723,.T.);
#2670=ORIENTED_EDGE('',*,*,#3724,.F.);
#2671=ORIENTED_EDGE('',*,*,#3431,.T.);
#2672=ORIENTED_EDGE('',*,*,#3715,.T.);
#2673=CARTESIAN_POINT('',(2.0,-1.8,-1.8));
#2674=DIRECTION('',(0.0,0.0,1.0));
#2675=DIRECTION('',(1.0,0.0,0.0));
#2676=ORIENTED_EDGE('',*,*,#3725,.T.);
#2677=ORIENTED_EDGE('',*,*,#3726,.T.);
#2678=ORIENTED_EDGE('',*,*,#3708,.F.);
#2679=ORIENTED_EDGE('',*,*,#3416,.T.);
#2680=ORIENTED_EDGE('',*,*,#3724,.T.);
#2681=CARTESIAN_POINT('',(-4.65,-1.8,-1.8));
#2682=DIRECTION('',(1.0,0.0,0.0));
#2683=DIRECTION('',(0.0,1.0,0.0));
#2684=ORIENTED_EDGE('',*,*,#3709,.T.);
#2685=ORIENTED_EDGE('',*,*,#3726,.F.);
#2686=ORIENTED_EDGE('',*,*,#3727,.F.);
#2687=ORIENTED_EDGE('',*,*,#3728,.F.);
#2688=CARTESIAN_POINT('',(-5.05,1.14,-0.8));
#2689=DIRECTION('',(0.0,0.0,1.0));
#2690=DIRECTION('',(1.0,0.0,0.0));
#2691=ORIENTED_EDGE('',*,*,#3729,.F.);
#2692=ORIENTED_EDGE('',*,*,#3722,.F.);
#2693=ORIENTED_EDGE('',*,*,#3730,.F.);
#2694=ORIENTED_EDGE('',*,*,#3548,.F.);
#2695=ORIENTED_EDGE('',*,*,#3710,.T.);
#2696=ORIENTED_EDGE('',*,*,#3728,.T.);
#2697=CARTESIAN_POINT('',(-5.05,1.49,3.8));
#2698=DIRECTION('',(-1.0,0.0,0.0));
#2699=DIRECTION('',(0.0,0.0,1.0));
#2700=ORIENTED_EDGE('',*,*,#3730,.T.);
#2701=ORIENTED_EDGE('',*,*,#3721,.F.);
#2702=ORIENTED_EDGE('',*,*,#3731,.F.);
#2703=ORIENTED_EDGE('',*,*,#3549,.T.);
#2704=CARTESIAN_POINT('',(-4.65,1.49,3.8));
#2705=DIRECTION('',(-0.0,1.0,0.0));
#2706=DIRECTION('',(1.0,0.0,0.0));
#2707=ORIENTED_EDGE('',*,*,#3731,.T.);
#2708=ORIENTED_EDGE('',*,*,#3720,.F.);
#2709=ORIENTED_EDGE('',*,*,#3732,.F.);
#2710=ORIENTED_EDGE('',*,*,#3550,.T.);
#2711=CARTESIAN_POINT('',(-4.65,2.35,3.8));
#2712=DIRECTION('',(-1.0,0.0,0.0));
#2713=DIRECTION('',(0.0,0.0,1.0));
#2714=ORIENTED_EDGE('',*,*,#3732,.T.);
#2715=ORIENTED_EDGE('',*,*,#3719,.F.);
#2716=ORIENTED_EDGE('',*,*,#3733,.F.);
#2717=ORIENTED_EDGE('',*,*,#3551,.T.);
#2718=CARTESIAN_POINT('',(-3.75,2.35,3.8));
#2719=DIRECTION('',(-0.0,1.0,0.0));
#2720=DIRECTION('',(1.0,0.0,0.0));
#2721=ORIENTED_EDGE('',*,*,#3733,.T.);
#2722=ORIENTED_EDGE('',*,*,#3718,.F.);
#2723=ORIENTED_EDGE('',*,*,#3734,.F.);
#2724=ORIENTED_EDGE('',*,*,#3552,.T.);
#2725=CARTESIAN_POINT('',(-3.75,1.49,3.8));
#2726=DIRECTION('',(1.0,0.0,0.0));
#2727=DIRECTION('',(0.0,1.0,0.0));
#2728=ORIENTED_EDGE('',*,*,#3734,.T.);
#2729=ORIENTED_EDGE('',*,*,#3717,.F.);
#2730=ORIENTED_EDGE('',*,*,#3703,.F.);
#2731=ORIENTED_EDGE('',*,*,#3553,.T.);
#2732=CARTESIAN_POINT('',(-3.35,1.49,3.8));
#2733=DIRECTION('',(-0.0,1.0,0.0));
#2734=DIRECTION('',(1.0,0.0,0.0));
#2735=ORIENTED_EDGE('',*,*,#3729,.T.);
#2736=ORIENTED_EDGE('',*,*,#3727,.T.);
#2737=ORIENTED_EDGE('',*,*,#3725,.F.);
#2738=ORIENTED_EDGE('',*,*,#3723,.F.);
#2739=CARTESIAN_POINT('',(-5.05,1.14,-1.8));
#2740=DIRECTION('',(-0.0,1.0,0.0));
#2741=DIRECTION('',(1.0,0.0,0.0));
#2742=ORIENTED_EDGE('',*,*,#3714,.F.);
#2743=ORIENTED_EDGE('',*,*,#3735,.F.);
#2744=ORIENTED_EDGE('',*,*,#3705,.F.);
#2745=ORIENTED_EDGE('',*,*,#3716,.T.);
#2746=CARTESIAN_POINT('',(-3.35,1.14,-0.8));
#2747=DIRECTION('',(-0.0,1.0,0.0));
#2748=DIRECTION('',(1.0,0.0,0.0));
#2749=ORIENTED_EDGE('',*,*,#3706,.T.);
#2750=ORIENTED_EDGE('',*,*,#3735,.T.);
#2751=ORIENTED_EDGE('',*,*,#3713,.F.);
#2752=ORIENTED_EDGE('',*,*,#3711,.F.);
#2753=CARTESIAN_POINT('',(-3.35,-1.4,-0.8));
#2754=DIRECTION('',(0.0,0.0,1.0));
#2755=DIRECTION('',(1.0,0.0,0.0));
#2756=ORIENTED_EDGE('',*,*,#3538,.T.);
#2757=ORIENTED_EDGE('',*,*,#3736,.T.);
#2758=ORIENTED_EDGE('',*,*,#3464,.F.);
#2759=ORIENTED_EDGE('',*,*,#3462,.F.);
#2760=CARTESIAN_POINT('',(4.25,1.14,-1.8));
#2761=DIRECTION('',(-0.0,1.0,0.0));
#2762=DIRECTION('',(1.0,0.0,0.0));
#2763=ORIENTED_EDGE('',*,*,#3465,.F.);
#2764=ORIENTED_EDGE('',*,*,#3736,.F.);
#2765=ORIENTED_EDGE('',*,*,#3537,.F.);
#2766=ORIENTED_EDGE('',*,*,#3467,.T.);
#2767=CARTESIAN_POINT('',(4.25,1.14,-0.8));
#2768=DIRECTION('',(0.0,0.0,1.0));
#2769=DIRECTION('',(1.0,0.0,0.0));
#2770=ORIENTED_EDGE('',*,*,#3382,.T.);
#2771=ORIENTED_EDGE('',*,*,#3426,.F.);
#2772=ORIENTED_EDGE('',*,*,#3450,.F.);
#2773=ORIENTED_EDGE('',*,*,#3405,.T.);
#2774=CARTESIAN_POINT('',(8.35,-0.35,-10.4));
#2775=DIRECTION('',(1.0,0.0,0.0));
#2776=DIRECTION('',(0.0,1.0,0.0));
#2777=ORIENTED_EDGE('',*,*,#3447,.T.);
#2778=ORIENTED_EDGE('',*,*,#3427,.F.);
#2779=ORIENTED_EDGE('',*,*,#3380,.F.);
#2780=ORIENTED_EDGE('',*,*,#3438,.T.);
#2781=CARTESIAN_POINT('',(3.8,-2.2,-10.4));
#2782=DIRECTION('',(-1.0,0.0,0.0));
#2783=DIRECTION('',(0.0,0.0,1.0));
#2784=ORIENTED_EDGE('',*,*,#3441,.T.);
#2785=ORIENTED_EDGE('',*,*,#3737,.T.);
#2786=ORIENTED_EDGE('',*,*,#3738,.T.);
#2787=ORIENTED_EDGE('',*,*,#3222,.F.);
#2788=CARTESIAN_POINT('',(3.35,-0.8,7.1));
#2789=DIRECTION('',(0.0,-1.0,0.0));
#2790=DIRECTION('',(0.0,0.0,-1.0));
#2791=ORIENTED_EDGE('',*,*,#3223,.F.);
#2792=ORIENTED_EDGE('',*,*,#3738,.F.);
#2793=ORIENTED_EDGE('',*,*,#3739,.F.);
#2794=ORIENTED_EDGE('',*,*,#3238,.F.);
#2795=CARTESIAN_POINT('',(2.7,-3.2,-10.4));
#2796=DIRECTION('',(1.0,0.0,0.0));
#2797=DIRECTION('',(0.0,1.0,0.0));
#2798=ORIENTED_EDGE('',*,*,#3739,.T.);
#2799=ORIENTED_EDGE('',*,*,#3737,.F.);
#2800=ORIENTED_EDGE('',*,*,#3440,.F.);
#2801=ORIENTED_EDGE('',*,*,#3354,.T.);
#2802=ORIENTED_EDGE('',*,*,#3740,.T.);
#2803=CARTESIAN_POINT('',(3.35,-2.2,7.1));
#2804=DIRECTION('',(0.0,0.0,1.0));
#2805=DIRECTION('',(1.0,0.0,0.0));
#2806=ORIENTED_EDGE('',*,*,#3239,.T.);
#2807=ORIENTED_EDGE('',*,*,#3740,.F.);
#2808=ORIENTED_EDGE('',*,*,#3353,.F.);
#2809=ORIENTED_EDGE('',*,*,#3248,.T.);
#2810=CARTESIAN_POINT('',(2.7,-3.2,-10.4));
#2811=DIRECTION('',(-1.0,0.0,0.0));
#2812=DIRECTION('',(0.0,0.0,1.0));
#2813=ORIENTED_EDGE('',*,*,#3197,.F.);
#2814=ORIENTED_EDGE('',*,*,#3377,.T.);
#2815=ORIENTED_EDGE('',*,*,#3741,.T.);
#2816=ORIENTED_EDGE('',*,*,#3358,.T.);
#2817=ORIENTED_EDGE('',*,*,#3742,.T.);
#2818=ORIENTED_EDGE('',*,*,#3243,.T.);
#2819=CARTESIAN_POINT('',(-0.3,-3.2,-10.4));
#2820=DIRECTION('',(1.0,0.0,0.0));
#2821=DIRECTION('',(0.0,1.0,0.0));
#2822=ORIENTED_EDGE('',*,*,#3743,.F.);
#2823=ORIENTED_EDGE('',*,*,#3744,.F.);
#2824=ORIENTED_EDGE('',*,*,#3283,.F.);
#2825=ORIENTED_EDGE('',*,*,#3745,.T.);
#2826=CARTESIAN_POINT('',(-0.3,-3.2,-10.4));
#2827=DIRECTION('',(1.0,0.0,0.0));
#2828=DIRECTION('',(0.0,1.0,0.0));
#2829=ORIENTED_EDGE('',*,*,#3746,.T.);
#2830=ORIENTED_EDGE('',*,*,#3244,.F.);
#2831=ORIENTED_EDGE('',*,*,#3742,.F.);
#2832=ORIENTED_EDGE('',*,*,#3360,.T.);
#2833=ORIENTED_EDGE('',*,*,#3333,.T.);
#2834=CARTESIAN_POINT('',(-1.8,-1.8,-0.53));
#2835=DIRECTION('',(0.0,0.258819045102493,-0.965925826289076));
#2836=DIRECTION('',(-1.0,0.0,0.0));
#2837=ORIENTED_EDGE('',*,*,#3747,.T.);
#2838=ORIENTED_EDGE('',*,*,#3748,.T.);
#2839=ORIENTED_EDGE('',*,*,#3746,.F.);
#2840=ORIENTED_EDGE('',*,*,#3332,.F.);
#2841=CARTESIAN_POINT('',(-1.8,-0.09597228928638,-0.07));
#2842=DIRECTION('',(0.0,-0.260619655578795,0.965441554484781));
#2843=DIRECTION('',(-1.0,0.0,0.0));
#2844=ORIENTED_EDGE('',*,*,#3749,.T.);
#2845=ORIENTED_EDGE('',*,*,#3750,.F.);
#2846=ORIENTED_EDGE('',*,*,#3751,.T.);
#2847=ORIENTED_EDGE('',*,*,#3245,.F.);
#2848=ORIENTED_EDGE('',*,*,#3748,.F.);
#2849=ORIENTED_EDGE('',*,*,#3752,.F.);
#2850=ORIENTED_EDGE('',*,*,#3753,.F.);
#2851=ORIENTED_EDGE('',*,*,#3754,.T.);
#2852=ORIENTED_EDGE('',*,*,#3755,.T.);
#2853=ORIENTED_EDGE('',*,*,#3281,.F.);
#2854=CARTESIAN_POINT('',(-0.632,1.5,-0.396));
#2855=DIRECTION('',(-1.0,0.0,0.0));
#2856=DIRECTION('',(0.0,0.0,1.0));
#2857=ORIENTED_EDGE('',*,*,#3282,.F.);
#2858=ORIENTED_EDGE('',*,*,#3755,.F.);
#2859=ORIENTED_EDGE('',*,*,#3756,.T.);
#2860=ORIENTED_EDGE('',*,*,#3745,.F.);
#2861=CARTESIAN_POINT('',(-0.466,1.5,2.574));
#2862=DIRECTION('',(-0.0,-1.0,0.0));
#2863=DIRECTION('',(-1.0,0.0,0.0));
#2864=ORIENTED_EDGE('',*,*,#3324,.F.);
#2865=ORIENTED_EDGE('',*,*,#3743,.T.);
#2866=ORIENTED_EDGE('',*,*,#3756,.F.);
#2867=ORIENTED_EDGE('',*,*,#3754,.F.);
#2868=ORIENTED_EDGE('',*,*,#3757,.F.);
#2869=ORIENTED_EDGE('',*,*,#3329,.T.);
#2870=CARTESIAN_POINT('',(-1.8,1.5,5.6));
#2871=DIRECTION('',(0.0,-1.0,0.0));
#2872=DIRECTION('',(0.0,0.0,-1.0));
#2873=ORIENTED_EDGE('',*,*,#3757,.T.);
#2874=ORIENTED_EDGE('',*,*,#3753,.T.);
#2875=ORIENTED_EDGE('',*,*,#3758,.F.);
#2876=ORIENTED_EDGE('',*,*,#3330,.F.);
#2877=CARTESIAN_POINT('',(-1.8,1.5,1.737296518422));
#2878=DIRECTION('',(0.0,-0.96726775277588,0.253757944584795));
#2879=DIRECTION('',(-1.0,0.0,0.0));
#2880=ORIENTED_EDGE('',*,*,#3758,.T.);
#2881=ORIENTED_EDGE('',*,*,#3752,.T.);
#2882=ORIENTED_EDGE('',*,*,#3747,.F.);
#2883=ORIENTED_EDGE('',*,*,#3331,.F.);
#2884=CARTESIAN_POINT('',(-1.8,1.22,0.67));
#2885=DIRECTION('',(0.0,-0.490143289314685,0.871641873672772));
#2886=DIRECTION('',(-1.0,0.0,0.0));
#2887=ORIENTED_EDGE('',*,*,#3246,.T.);
#2888=ORIENTED_EDGE('',*,*,#3751,.F.);
#2889=ORIENTED_EDGE('',*,*,#3759,.F.);
#2890=ORIENTED_EDGE('',*,*,#3326,.T.);
#2891=CARTESIAN_POINT('',(-1.8,-0.7,1.6));
#2892=DIRECTION('',(1.0,-0.0,0.0));
#2893=DIRECTION('',(0.0,0.0,1.0));
#2894=ORIENTED_EDGE('',*,*,#3759,.T.);
#2895=ORIENTED_EDGE('',*,*,#3750,.T.);
#2896=ORIENTED_EDGE('',*,*,#3760,.F.);
#2897=ORIENTED_EDGE('',*,*,#3327,.F.);
#2898=CARTESIAN_POINT('',(-1.8,-0.7,1.0));
#2899=DIRECTION('',(0.0,0.0,-1.0));
#2900=DIRECTION('',(0.0,-1.0,0.0));
#2901=ORIENTED_EDGE('',*,*,#3760,.T.);
#2902=ORIENTED_EDGE('',*,*,#3749,.F.);
#2903=ORIENTED_EDGE('',*,*,#3280,.F.);
#2904=ORIENTED_EDGE('',*,*,#3328,.T.);
#2905=CARTESIAN_POINT('',(-1.8,-0.6,2.3));
#2906=DIRECTION('',(1.0,-0.0,0.0));
#2907=DIRECTION('',(0.0,0.0,1.0));
#2908=ORIENTED_EDGE('',*,*,#3344,.T.);
#2909=ORIENTED_EDGE('',*,*,#3359,.T.);
#2910=ORIENTED_EDGE('',*,*,#3741,.F.);
#2911=ORIENTED_EDGE('',*,*,#3376,.F.);
#2912=CARTESIAN_POINT('',(-2.45,-2.2,-1.8));
#2913=DIRECTION('',(0.0,0.0,-1.0));
#2914=DIRECTION('',(0.0,-1.0,0.0));
#2915=ORIENTED_EDGE('',*,*,#3323,.F.);
#2916=ORIENTED_EDGE('',*,*,#3761,.T.);
#2917=ORIENTED_EDGE('',*,*,#3762,.T.);
#2918=ORIENTED_EDGE('',*,*,#3763,.T.);
#2919=ORIENTED_EDGE('',*,*,#3764,.T.);
#2920=ORIENTED_EDGE('',*,*,#3765,.T.);
#2921=ORIENTED_EDGE('',*,*,#3766,.T.);
#2922=ORIENTED_EDGE('',*,*,#3767,.T.);
#2923=ORIENTED_EDGE('',*,*,#3284,.T.);
#2924=ORIENTED_EDGE('',*,*,#3744,.T.);
#2925=CARTESIAN_POINT('',(-0.3,3.2,5.6));
#2926=DIRECTION('',(0.999945169365512,0.0,0.0104717841162501));
#2927=DIRECTION('',(0.0,-1.0,0.0));
#2928=ORIENTED_EDGE('',*,*,#3285,.T.);
#2929=ORIENTED_EDGE('',*,*,#3767,.F.);
#2930=ORIENTED_EDGE('',*,*,#3768,.F.);
#2931=ORIENTED_EDGE('',*,*,#3769,.T.);
#2932=CARTESIAN_POINT('',(3.1,-0.06372773291499,-7.95));
#2933=DIRECTION('',(0.0,-0.996194698091745,0.087155742747664));
#2934=DIRECTION('',(-1.0,0.0,0.0));
#2935=ORIENTED_EDGE('',*,*,#3769,.F.);
#2936=ORIENTED_EDGE('',*,*,#3770,.F.);
#2937=ORIENTED_EDGE('',*,*,#3771,.F.);
#2938=ORIENTED_EDGE('',*,*,#3772,.F.);
#2939=ORIENTED_EDGE('',*,*,#3773,.F.);
#2940=ORIENTED_EDGE('',*,*,#3774,.F.);
#2941=ORIENTED_EDGE('',*,*,#3775,.F.);
#2942=ORIENTED_EDGE('',*,*,#3293,.T.);
#2943=ORIENTED_EDGE('',*,*,#3232,.F.);
#2944=ORIENTED_EDGE('',*,*,#3286,.F.);
#2945=CARTESIAN_POINT('',(1.032442266843,3.2,-10.4));
#2946=DIRECTION('',(-0.999945169365512,0.0,0.0104717841162501));
#2947=DIRECTION('',(0.0,1.0,0.0));
#2948=ORIENTED_EDGE('',*,*,#3776,.T.);
#2949=ORIENTED_EDGE('',*,*,#3761,.F.);
#2950=ORIENTED_EDGE('',*,*,#3777,.F.);
#2951=ORIENTED_EDGE('',*,*,#3775,.T.);
#2952=CARTESIAN_POINT('',(3.1,2.8,5.6));
#2953=DIRECTION('',(0.0,0.99875443433478,-0.049895690160709));
#2954=DIRECTION('',(-1.0,0.0,0.0));
#2955=ORIENTED_EDGE('',*,*,#3322,.F.);
#2956=ORIENTED_EDGE('',*,*,#3320,.F.);
#2957=ORIENTED_EDGE('',*,*,#3778,.F.);
#2958=ORIENTED_EDGE('',*,*,#3296,.T.);
#2959=ORIENTED_EDGE('',*,*,#3294,.T.);
#2960=ORIENTED_EDGE('',*,*,#3777,.T.);
#2961=CARTESIAN_POINT('',(3.1,2.8,6.7));
#2962=DIRECTION('',(-0.0,1.0,0.0));
#2963=DIRECTION('',(1.0,0.0,0.0));
#2964=ORIENTED_EDGE('',*,*,#3778,.T.);
#2965=ORIENTED_EDGE('',*,*,#3319,.F.);
#2966=ORIENTED_EDGE('',*,*,#3779,.F.);
#2967=ORIENTED_EDGE('',*,*,#3297,.T.);
#2968=CARTESIAN_POINT('',(3.1,3.05,6.7));
#2969=DIRECTION('',(0.0,0.0,-1.0));
#2970=DIRECTION('',(0.0,-1.0,0.0));
#2971=ORIENTED_EDGE('',*,*,#3779,.T.);
#2972=ORIENTED_EDGE('',*,*,#3318,.F.);
#2973=ORIENTED_EDGE('',*,*,#3780,.F.);
#2974=ORIENTED_EDGE('',*,*,#3298,.T.);
#2975=CARTESIAN_POINT('',(3.1,3.05,7.8));
#2976=DIRECTION('',(-0.0,1.0,0.0));
#2977=DIRECTION('',(1.0,0.0,0.0));
#2978=ORIENTED_EDGE('',*,*,#3780,.T.);
#2979=ORIENTED_EDGE('',*,*,#3317,.F.);
#2980=ORIENTED_EDGE('',*,*,#3781,.F.);
#2981=ORIENTED_EDGE('',*,*,#3299,.T.);
#2982=CARTESIAN_POINT('',(3.1,3.3,7.8));
#2983=DIRECTION('',(0.0,0.0,-1.0));
#2984=DIRECTION('',(0.0,-1.0,0.0));
#2985=ORIENTED_EDGE('',*,*,#3781,.T.);
#2986=ORIENTED_EDGE('',*,*,#3316,.F.);
#2987=ORIENTED_EDGE('',*,*,#3782,.F.);
#2988=ORIENTED_EDGE('',*,*,#3300,.T.);
#2989=CARTESIAN_POINT('',(3.1,3.3,8.9));
#2990=DIRECTION('',(-0.0,1.0,0.0));
#2991=DIRECTION('',(1.0,0.0,0.0));
#2992=ORIENTED_EDGE('',*,*,#3782,.T.);
#2993=ORIENTED_EDGE('',*,*,#3315,.F.);
#2994=ORIENTED_EDGE('',*,*,#3783,.F.);
#2995=ORIENTED_EDGE('',*,*,#3301,.T.);
#2996=CARTESIAN_POINT('',(3.1,3.55,8.9));
#2997=DIRECTION('',(0.0,0.0,-1.0));
#2998=DIRECTION('',(0.0,-1.0,0.0));
#2999=ORIENTED_EDGE('',*,*,#3783,.T.);
#3000=ORIENTED_EDGE('',*,*,#3314,.F.);
#3001=ORIENTED_EDGE('',*,*,#3306,.F.);
#3002=ORIENTED_EDGE('',*,*,#3302,.T.);
#3003=CARTESIAN_POINT('',(3.1,3.55,10.4));
#3004=DIRECTION('',(-0.0,1.0,0.0));
#3005=DIRECTION('',(1.0,0.0,0.0));
#3006=ORIENTED_EDGE('',*,*,#3784,.T.);
#3007=ORIENTED_EDGE('',*,*,#3762,.F.);
#3008=ORIENTED_EDGE('',*,*,#3776,.F.);
#3009=ORIENTED_EDGE('',*,*,#3774,.T.);
#3010=CARTESIAN_POINT('',(3.1,1.287206441334,-9.65));
#3011=DIRECTION('',(1.0,-0.0,0.0));
#3012=DIRECTION('',(0.0,0.0,1.0));
#3013=ORIENTED_EDGE('',*,*,#3785,.T.);
#3014=ORIENTED_EDGE('',*,*,#3763,.F.);
#3015=ORIENTED_EDGE('',*,*,#3784,.F.);
#3016=ORIENTED_EDGE('',*,*,#3773,.T.);
#3017=CARTESIAN_POINT('',(3.1,1.287206441334,-10.4));
#3018=DIRECTION('',(0.0,0.0,-1.0));
#3019=DIRECTION('',(0.0,-1.0,0.0));
#3020=ORIENTED_EDGE('',*,*,#3786,.T.);
#3021=ORIENTED_EDGE('',*,*,#3764,.F.);
#3022=ORIENTED_EDGE('',*,*,#3785,.F.);
#3023=ORIENTED_EDGE('',*,*,#3772,.T.);
#3024=CARTESIAN_POINT('',(3.1,0.192187633765,-10.4));
#3025=DIRECTION('',(0.0,-0.615661475325695,-0.788010753606693));
#3026=DIRECTION('',(0.0,-0.788010753606693,0.615661475325695));
#3027=ORIENTED_EDGE('',*,*,#3787,.T.);
#3028=ORIENTED_EDGE('',*,*,#3765,.F.);
#3029=ORIENTED_EDGE('',*,*,#3786,.F.);
#3030=ORIENTED_EDGE('',*,*,#3771,.T.);
#3031=CARTESIAN_POINT('',(3.1,-1.663727732915,-8.95));
#3032=DIRECTION('',(0.0,-1.0,0.0));
#3033=DIRECTION('',(0.0,0.0,-1.0));
#3034=ORIENTED_EDGE('',*,*,#3768,.T.);
#3035=ORIENTED_EDGE('',*,*,#3766,.F.);
#3036=ORIENTED_EDGE('',*,*,#3787,.F.);
#3037=ORIENTED_EDGE('',*,*,#3770,.T.);
#3038=CARTESIAN_POINT('',(3.1,-1.663727732915,-7.95));
#3039=DIRECTION('',(0.0,0.0,1.0));
#3040=DIRECTION('',(1.0,0.0,0.0));
#3041=ORIENTED_EDGE('',*,*,#3216,.T.);
#3042=ORIENTED_EDGE('',*,*,#3788,.T.);
#3043=ORIENTED_EDGE('',*,*,#3789,.F.);
#3044=ORIENTED_EDGE('',*,*,#3178,.F.);
#3045=CARTESIAN_POINT('',(6.8,-3.2,10.4));
#3046=DIRECTION('',(0.707106781186548,0.707106781186548,0.0));
#3047=DIRECTION('',(0.0,0.0,-1.0));
#3048=ORIENTED_EDGE('',*,*,#3790,.T.);
#3049=ORIENTED_EDGE('',*,*,#3791,.T.);
#3050=ORIENTED_EDGE('',*,*,#3792,.T.);
#3051=ORIENTED_EDGE('',*,*,#3167,.T.);
#3052=CARTESIAN_POINT('',(0.0,-3.2,-1.1));
#3053=DIRECTION('',(0.0,0.0,1.0));
#3054=DIRECTION('',(1.0,0.0,0.0));
#3055=ORIENTED_EDGE('',*,*,#3789,.T.);
#3056=ORIENTED_EDGE('',*,*,#3793,.T.);
#3057=ORIENTED_EDGE('',*,*,#3794,.T.);
#3058=ORIENTED_EDGE('',*,*,#3179,.T.);
#3059=CARTESIAN_POINT('',(0.0,-3.2,-1.1));
#3060=DIRECTION('',(0.0,0.0,1.0));
#3061=DIRECTION('',(1.0,0.0,0.0));
#3062=ORIENTED_EDGE('',*,*,#3792,.F.);
#3063=ORIENTED_EDGE('',*,*,#3795,.F.);
#3064=ORIENTED_EDGE('',*,*,#3206,.T.);
#3065=ORIENTED_EDGE('',*,*,#3168,.T.);
#3066=CARTESIAN_POINT('',(-5.5,-2.8,10.4));
#3067=DIRECTION('',(-0.707106781186548,0.707106781186548,0.0));
#3068=DIRECTION('',(0.0,0.0,1.0));
#3069=ORIENTED_EDGE('',*,*,#3795,.T.);
#3070=ORIENTED_EDGE('',*,*,#3791,.F.);
#3071=ORIENTED_EDGE('',*,*,#3796,.F.);
#3072=ORIENTED_EDGE('',*,*,#3207,.T.);
#3073=CARTESIAN_POINT('',(-3.4,-2.8,10.4));
#3074=DIRECTION('',(-0.0,1.0,0.0));
#3075=DIRECTION('',(1.0,0.0,0.0));
#3076=ORIENTED_EDGE('',*,*,#3208,.T.);
#3077=ORIENTED_EDGE('',*,*,#3796,.T.);
#3078=ORIENTED_EDGE('',*,*,#3790,.F.);
#3079=ORIENTED_EDGE('',*,*,#3166,.F.);
#3080=CARTESIAN_POINT('',(-3.0,-3.2,10.4));
#3081=DIRECTION('',(0.707106781186548,0.707106781186548,0.0));
#3082=DIRECTION('',(0.0,0.0,-1.0));
#3083=ORIENTED_EDGE('',*,*,#3794,.F.);
#3084=ORIENTED_EDGE('',*,*,#3797,.F.);
#3085=ORIENTED_EDGE('',*,*,#3214,.T.);
#3086=ORIENTED_EDGE('',*,*,#3180,.T.);
#3087=CARTESIAN_POINT('',(4.3,-2.8,10.4));
#3088=DIRECTION('',(-0.707106781186548,0.707106781186548,0.0));
#3089=DIRECTION('',(0.0,0.0,1.0));
#3090=ORIENTED_EDGE('',*,*,#3797,.T.);
#3091=ORIENTED_EDGE('',*,*,#3793,.F.);
#3092=ORIENTED_EDGE('',*,*,#3788,.F.);
#3093=ORIENTED_EDGE('',*,*,#3215,.T.);
#3094=CARTESIAN_POINT('',(6.4,-2.8,10.4));
#3095=DIRECTION('',(-0.0,1.0,0.0));
#3096=DIRECTION('',(1.0,0.0,0.0));
#3097=ORIENTED_EDGE('',*,*,#3213,.T.);
#3098=ORIENTED_EDGE('',*,*,#3798,.T.);
#3099=ORIENTED_EDGE('',*,*,#3191,.F.);
#3100=ORIENTED_EDGE('',*,*,#3182,.F.);
#3101=CARTESIAN_POINT('',(2.15,-3.2,10.4));
#3102=DIRECTION('',(1.0,0.0,0.0));
#3103=DIRECTION('',(0.0,1.0,0.0));
#3104=ORIENTED_EDGE('',*,*,#3799,.T.);
#3105=ORIENTED_EDGE('',*,*,#3192,.F.);
#3106=ORIENTED_EDGE('',*,*,#3798,.F.);
#3107=ORIENTED_EDGE('',*,*,#3212,.T.);
#3108=CARTESIAN_POINT('',(2.15,-3.1,10.4));
#3109=DIRECTION('',(-0.0,1.0,0.0));
#3110=DIRECTION('',(1.0,0.0,0.0));
#3111=ORIENTED_EDGE('',*,*,#3193,.F.);
#3112=ORIENTED_EDGE('',*,*,#3799,.F.);
#3113=ORIENTED_EDGE('',*,*,#3211,.F.);
#3114=ORIENTED_EDGE('',*,*,#3184,.T.);
#3115=CARTESIAN_POINT('',(0.95,-3.1,10.4));
#3116=DIRECTION('',(-1.0,0.0,0.0));
#3117=DIRECTION('',(0.0,0.0,1.0));
#3118=ORIENTED_EDGE('',*,*,#3210,.T.);
#3119=ORIENTED_EDGE('',*,*,#3800,.T.);
#3120=ORIENTED_EDGE('',*,*,#3188,.F.);
#3121=ORIENTED_EDGE('',*,*,#3186,.F.);
#3122=CARTESIAN_POINT('',(-0.05,-3.2,10.4));
#3123=DIRECTION('',(1.0,0.0,0.0));
#3124=DIRECTION('',(0.0,1.0,0.0));
#3125=ORIENTED_EDGE('',*,*,#3194,.T.);
#3126=ORIENTED_EDGE('',*,*,#3189,.F.);
#3127=ORIENTED_EDGE('',*,*,#3800,.F.);
#3128=ORIENTED_EDGE('',*,*,#3209,.T.);
#3129=CARTESIAN_POINT('',(-0.05,-3.1,10.4));
#3130=DIRECTION('',(-0.0,1.0,0.0));
#3131=DIRECTION('',(1.0,0.0,0.0));
#3132=CARTESIAN_POINT('',(5.65,-1.0,-3.3));
#3133=VECTOR('',#3801,6.6);
#3134=CARTESIAN_POINT('',(5.65,-1.0,-9.9));
#3135=VECTOR('',#3802,1.1);
#3136=CARTESIAN_POINT('',(4.55,-1.0,-9.9));
#3137=VECTOR('',#3803,6.6);
#3138=CARTESIAN_POINT('',(4.55,-1.0,-3.3));
#3139=VECTOR('',#3804,1.1);
#3140=CARTESIAN_POINT('',(7.65,-1.0,-3.3));
#3141=VECTOR('',#3805,6.6);
#3142=CARTESIAN_POINT('',(7.65,-1.0,-9.9));
#3143=VECTOR('',#3806,1.1);
#3144=CARTESIAN_POINT('',(6.55,-1.0,-9.9));
#3145=VECTOR('',#3807,6.6);
#3146=CARTESIAN_POINT('',(6.55,-1.0,-3.3));
#3147=VECTOR('',#3808,1.1);
#3148=CARTESIAN_POINT('',(-3.65,-1.0,-3.3));
#3149=VECTOR('',#3809,6.6);
#3150=CARTESIAN_POINT('',(-3.65,-1.0,-9.9));
#3151=VECTOR('',#3810,1.1);
#3152=CARTESIAN_POINT('',(-4.75,-1.0,-9.9));
#3153=VECTOR('',#3811,6.6);
#3154=CARTESIAN_POINT('',(-4.75,-1.0,-3.3));
#3155=VECTOR('',#3812,1.1);
#3156=CARTESIAN_POINT('',(-5.65,-1.0,-3.3));
#3157=VECTOR('',#3813,6.6);
#3158=CARTESIAN_POINT('',(-5.65,-1.0,-9.9));
#3159=VECTOR('',#3814,1.1);
#3160=CARTESIAN_POINT('',(-6.75,-1.0,-9.9));
#3161=VECTOR('',#3815,6.6);
#3162=CARTESIAN_POINT('',(-6.75,-1.0,-3.3));
#3163=VECTOR('',#3816,1.1);
#3164=EDGE_CURVE('',#3817,#3818,#3819,.T.);
#3165=EDGE_CURVE('',#3820,#3817,#3821,.T.);
#3166=EDGE_CURVE('',#3820,#3822,#3823,.T.);
#3167=EDGE_CURVE('',#3824,#3822,#3825,.T.);
#3168=EDGE_CURVE('',#3826,#3824,#3827,.T.);
#3169=EDGE_CURVE('',#3828,#3826,#3829,.T.);
#3170=EDGE_CURVE('',#3830,#3828,#3831,.T.);
#3171=EDGE_CURVE('',#3832,#3830,#3833,.T.);
#3172=EDGE_CURVE('',#3834,#3832,#3835,.T.);
#3173=EDGE_CURVE('',#3834,#3836,#3837,.T.);
#3174=EDGE_CURVE('',#3836,#3838,#3839,.T.);
#3175=EDGE_CURVE('',#3840,#3838,#3841,.T.);
#3176=EDGE_CURVE('',#3842,#3840,#3843,.T.);
#3177=EDGE_CURVE('',#3844,#3842,#3845,.T.);
#3178=EDGE_CURVE('',#3844,#3846,#3847,.T.);
#3179=EDGE_CURVE('',#3848,#3846,#3849,.T.);
#3180=EDGE_CURVE('',#3850,#3848,#3851,.T.);
#3181=EDGE_CURVE('',#3852,#3850,#3853,.T.);
#3182=EDGE_CURVE('',#3852,#3854,#3855,.T.);
#3183=EDGE_CURVE('',#3856,#3854,#3857,.T.);
#3184=EDGE_CURVE('',#3858,#3856,#3859,.T.);
#3185=EDGE_CURVE('',#3860,#3858,#3861,.T.);
#3186=EDGE_CURVE('',#3860,#3862,#3863,.T.);
#3187=EDGE_CURVE('',#3818,#3862,#3864,.T.);
#3188=EDGE_CURVE('',#3862,#3865,#3866,.T.);
#3189=EDGE_CURVE('',#3865,#3867,#3868,.T.);
#3190=EDGE_CURVE('',#3867,#3818,#3869,.T.);
#3191=EDGE_CURVE('',#3854,#3870,#3871,.T.);
#3192=EDGE_CURVE('',#3870,#3872,#3873,.T.);
#3193=EDGE_CURVE('',#3872,#3856,#3874,.T.);
#3194=EDGE_CURVE('',#3875,#3867,#3876,.T.);
#3195=EDGE_CURVE('',#3817,#3875,#3877,.T.);
#3196=EDGE_CURVE('',#3878,#3879,#3880,.T.);
#3197=EDGE_CURVE('',#3879,#3881,#3882,.T.);
#3198=EDGE_CURVE('',#3883,#3881,#3884,.T.);
#3199=EDGE_CURVE('',#3885,#3883,#3886,.T.);
#3200=EDGE_CURVE('',#3887,#3885,#3888,.T.);
#3201=EDGE_CURVE('',#3889,#3887,#3890,.T.);
#3202=EDGE_CURVE('',#3891,#3889,#3892,.T.);
#3203=EDGE_CURVE('',#3891,#3893,#3894,.T.);
#3204=EDGE_CURVE('',#3895,#3893,#3896,.T.);
#3205=EDGE_CURVE('',#3828,#3895,#3897,.T.);
#3206=EDGE_CURVE('',#3898,#3826,#3899,.T.);
#3207=EDGE_CURVE('',#3900,#3898,#3901,.T.);
#3208=EDGE_CURVE('',#3820,#3900,#3902,.T.);
#3209=EDGE_CURVE('',#3903,#3875,#3904,.T.);
#3210=EDGE_CURVE('',#3860,#3903,#3905,.T.);
#3211=EDGE_CURVE('',#3858,#3906,#3907,.T.);
#3212=EDGE_CURVE('',#3908,#3906,#3909,.T.);
#3213=EDGE_CURVE('',#3852,#3908,#3910,.T.);
#3214=EDGE_CURVE('',#3911,#3850,#3912,.T.);
#3215=EDGE_CURVE('',#3913,#3911,#3914,.T.);
#3216=EDGE_CURVE('',#3844,#3913,#3915,.T.);
#3217=EDGE_CURVE('',#3842,#3916,#3917,.T.);
#3218=EDGE_CURVE('',#3918,#3916,#3919,.T.);
#3219=EDGE_CURVE('',#3920,#3918,#3921,.T.);
#3220=EDGE_CURVE('',#3922,#3920,#3923,.T.);
#3221=EDGE_CURVE('',#3922,#3924,#3925,.T.);
#3222=EDGE_CURVE('',#3924,#3926,#3927,.T.);
#3223=EDGE_CURVE('',#3926,#3928,#3929,.T.);
#3224=EDGE_CURVE('',#3928,#3930,#3931,.T.);
#3225=EDGE_CURVE('',#3930,#3878,#3932,.T.);
#3226=EDGE_CURVE('',#3933,#3934,#3935,.T.);
#3227=EDGE_CURVE('',#3936,#3933,#3937,.T.);
#3228=EDGE_CURVE('',#3938,#3936,#3939,.T.);
#3229=EDGE_CURVE('',#3878,#3938,#3940,.T.);
#3230=EDGE_CURVE('',#3930,#3934,#3941,.T.);
#3231=EDGE_CURVE('',#3942,#3943,#3944,.T.);
#3232=EDGE_CURVE('',#3943,#3945,#3946,.T.);
#3233=EDGE_CURVE('',#3945,#3947,#3948,.T.);
#3234=EDGE_CURVE('',#3942,#3947,#3949,.T.);
#3235=EDGE_CURVE('',#3950,#3951,#3952,.T.);
#3236=EDGE_CURVE('',#3951,#3953,#3954,.T.);
#3237=EDGE_CURVE('',#3934,#3953,#3955,.T.);
#3238=EDGE_CURVE('',#3928,#3956,#3957,.T.);
#3239=EDGE_CURVE('',#3958,#3956,#3959,.T.);
#3240=EDGE_CURVE('',#3950,#3958,#3960,.T.);
#3241=EDGE_CURVE('',#3961,#3962,#3963,.T.);
#3242=EDGE_CURVE('',#3883,#3962,#3964,.T.);
#3243=EDGE_CURVE('',#3965,#3881,#3966,.T.);
#3244=EDGE_CURVE('',#3965,#3967,#3968,.T.);
#3245=EDGE_CURVE('',#3967,#3969,#3970,.T.);
#3246=EDGE_CURVE('',#3971,#3969,#3972,.T.);
#3247=EDGE_CURVE('',#3971,#3961,#3973,.T.);
#3248=EDGE_CURVE('',#3974,#3958,#3975,.T.);
#3249=EDGE_CURVE('',#3976,#3974,#3977,.T.);
#3250=EDGE_CURVE('',#3976,#3978,#3979,.T.);
#3251=EDGE_CURVE('',#3980,#3978,#3981,.T.);
#3252=EDGE_CURVE('',#3982,#3980,#3983,.T.);
#3253=EDGE_CURVE('',#3984,#3982,#3985,.T.);
#3254=EDGE_CURVE('',#3984,#3986,#3987,.T.);
#3255=EDGE_CURVE('',#3988,#3986,#3989,.T.);
#3256=EDGE_CURVE('',#3990,#3988,#3991,.T.);
#3257=EDGE_CURVE('',#3990,#3992,#3993,.T.);
#3258=EDGE_CURVE('',#3994,#3992,#3995,.T.);
#3259=EDGE_CURVE('',#3994,#3950,#3996,.T.);
#3260=EDGE_CURVE('',#3994,#3997,#3998,.T.);
#3261=EDGE_CURVE('',#3997,#3951,#3999,.T.);
#3262=EDGE_CURVE('',#4000,#4001,#4002,.T.);
#3263=EDGE_CURVE('',#4003,#4000,#4004,.T.);
#3264=EDGE_CURVE('',#4003,#4005,#4006,.T.);
#3265=EDGE_CURVE('',#4005,#4007,#4008,.T.);
#3266=EDGE_CURVE('',#4007,#3953,#4009,.T.);
#3267=EDGE_CURVE('',#3997,#4010,#4011,.T.);
#3268=EDGE_CURVE('',#4012,#4010,#4013,.T.);
#3269=EDGE_CURVE('',#4012,#4001,#4014,.T.);
#3270=EDGE_CURVE('',#4015,#3988,#4016,.T.);
#3271=EDGE_CURVE('',#4015,#4017,#4018,.T.);
#3272=EDGE_CURVE('',#4017,#4019,#4020,.T.);
#3273=EDGE_CURVE('',#4019,#4021,#4022,.T.);
#3274=EDGE_CURVE('',#4023,#4021,#4024,.T.);
#3275=EDGE_CURVE('',#4025,#4023,#4026,.T.);
#3276=EDGE_CURVE('',#4025,#4027,#4028,.T.);
#3277=EDGE_CURVE('',#4029,#4027,#4030,.T.);
#3278=EDGE_CURVE('',#4029,#4031,#4032,.T.);
#3279=EDGE_CURVE('',#4033,#4031,#4034,.T.);
#3280=EDGE_CURVE('',#4033,#4035,#4036,.T.);
#3281=EDGE_CURVE('',#4035,#4037,#4038,.T.);
#3282=EDGE_CURVE('',#4037,#4039,#4040,.T.);
#3283=EDGE_CURVE('',#4039,#4041,#4042,.T.);
#3284=EDGE_CURVE('',#4043,#4041,#4044,.T.);
#3285=EDGE_CURVE('',#4045,#4043,#4046,.T.);
#3286=EDGE_CURVE('',#4045,#3943,#4047,.T.);
#3287=EDGE_CURVE('',#3942,#4001,#4048,.T.);
#3288=EDGE_CURVE('',#3990,#4012,#4049,.T.);
#3289=EDGE_CURVE('',#3992,#4010,#4050,.T.);
#3290=EDGE_CURVE('',#3947,#4000,#4051,.T.);
#3291=EDGE_CURVE('',#3984,#4003,#4052,.T.);
#3292=EDGE_CURVE('',#3945,#3986,#4053,.T.);
#3293=EDGE_CURVE('',#4054,#3945,#4055,.T.);
#3294=EDGE_CURVE('',#4056,#4054,#4057,.T.);
#3295=EDGE_CURVE('',#4015,#4056,#4058,.T.);
#3296=EDGE_CURVE('',#4059,#4056,#4060,.T.);
#3297=EDGE_CURVE('',#4061,#4059,#4062,.T.);
#3298=EDGE_CURVE('',#4063,#4061,#4064,.T.);
#3299=EDGE_CURVE('',#4065,#4063,#4066,.T.);
#3300=EDGE_CURVE('',#4067,#4065,#4068,.T.);
#3301=EDGE_CURVE('',#4069,#4067,#4070,.T.);
#3302=EDGE_CURVE('',#4071,#4069,#4072,.T.);
#3303=EDGE_CURVE('',#4017,#4071,#4073,.T.);
#3304=EDGE_CURVE('',#4074,#4075,#4076,.T.);
#3305=EDGE_CURVE('',#4019,#4074,#4077,.T.);
#3306=EDGE_CURVE('',#4071,#4078,#4079,.T.);
#3307=EDGE_CURVE('',#4027,#4078,#4080,.T.);
#3308=EDGE_CURVE('',#4025,#4075,#4081,.T.);
#3309=EDGE_CURVE('',#4082,#4023,#4083,.T.);
#3310=EDGE_CURVE('',#4075,#4082,#4084,.T.);
#3311=EDGE_CURVE('',#4085,#4082,#4086,.T.);
#3312=EDGE_CURVE('',#4074,#4085,#4087,.T.);
#3313=EDGE_CURVE('',#4021,#4085,#4088,.T.);
#3314=EDGE_CURVE('',#4078,#4089,#4090,.T.);
#3315=EDGE_CURVE('',#4089,#4091,#4092,.T.);
#3316=EDGE_CURVE('',#4091,#4093,#4094,.T.);
#3317=EDGE_CURVE('',#4093,#4095,#4096,.T.);
#3318=EDGE_CURVE('',#4095,#4097,#4098,.T.);
#3319=EDGE_CURVE('',#4097,#4099,#4100,.T.);
#3320=EDGE_CURVE('',#4099,#4101,#4102,.T.);
#3321=EDGE_CURVE('',#4029,#4101,#4103,.T.);
#3322=EDGE_CURVE('',#4101,#4104,#4105,.T.);
#3323=EDGE_CURVE('',#4104,#4106,#4107,.T.);
#3324=EDGE_CURVE('',#4106,#4108,#4109,.T.);
#3325=EDGE_CURVE('',#4031,#4108,#4110,.T.);
#3326=EDGE_CURVE('',#4111,#3971,#4112,.T.);
#3327=EDGE_CURVE('',#4111,#4113,#4114,.T.);
#3328=EDGE_CURVE('',#4033,#4113,#4115,.T.);
#3329=EDGE_CURVE('',#4116,#4108,#4117,.T.);
#3330=EDGE_CURVE('',#4116,#4118,#4119,.T.);
#3331=EDGE_CURVE('',#4118,#4120,#4121,.T.);
#3332=EDGE_CURVE('',#4120,#4122,#4123,.T.);
#3333=EDGE_CURVE('',#4124,#4122,#4125,.T.);
#3334=EDGE_CURVE('',#4126,#4124,#4127,.T.);
#3335=EDGE_CURVE('',#4126,#3961,#4128,.T.);
#3336=EDGE_CURVE('',#4129,#4126,#4130,.T.);
#3337=EDGE_CURVE('',#4129,#3962,#4131,.T.);
#3338=EDGE_CURVE('',#4132,#4129,#4133,.T.);
#3339=EDGE_CURVE('',#4132,#4134,#4135,.T.);
#3340=EDGE_CURVE('',#4134,#4136,#4137,.T.);
#3341=EDGE_CURVE('',#3962,#4136,#4138,.T.);
#3342=EDGE_CURVE('',#4136,#3885,#4139,.T.);
#3343=EDGE_CURVE('',#3887,#4134,#4140,.T.);
#3344=EDGE_CURVE('',#4141,#4142,#4143,.T.);
#3345=EDGE_CURVE('',#4144,#4141,#4145,.T.);
#3346=EDGE_CURVE('',#4144,#4146,#4147,.T.);
#3347=EDGE_CURVE('',#4148,#4146,#4149,.T.);
#3348=EDGE_CURVE('',#4150,#4148,#4151,.T.);
#3349=EDGE_CURVE('',#4152,#4150,#4153,.T.);
#3350=EDGE_CURVE('',#4152,#4154,#4155,.T.);
#3351=EDGE_CURVE('',#3889,#4154,#4156,.T.);
#3352=EDGE_CURVE('',#4142,#4132,#4157,.T.);
#3353=EDGE_CURVE('',#3974,#4158,#4159,.T.);
#3354=EDGE_CURVE('',#4160,#4158,#4161,.T.);
#3355=EDGE_CURVE('',#4160,#4162,#4163,.T.);
#3356=EDGE_CURVE('',#4162,#3936,#4164,.T.);
#3357=EDGE_CURVE('',#3976,#3933,#4165,.T.);
#3358=EDGE_CURVE('',#4166,#4167,#4168,.T.);
#3359=EDGE_CURVE('',#4142,#4166,#4169,.T.);
#3360=EDGE_CURVE('',#4167,#4124,#4170,.T.);
#3361=EDGE_CURVE('',#3978,#3953,#4171,.T.);
#3362=EDGE_CURVE('',#3980,#4007,#4172,.T.);
#3363=EDGE_CURVE('',#3982,#4005,#4173,.T.);
#3364=EDGE_CURVE('',#4174,#4162,#4175,.T.);
#3365=EDGE_CURVE('',#4174,#3938,#4176,.T.);
#3366=EDGE_CURVE('',#4177,#4178,#4179,.T.);
#3367=EDGE_CURVE('',#4180,#4177,#4181,.T.);
#3368=EDGE_CURVE('',#4180,#4182,#4183,.T.);
#3369=EDGE_CURVE('',#4182,#4184,#4185,.T.);
#3370=EDGE_CURVE('',#4184,#4186,#4187,.T.);
#3371=EDGE_CURVE('',#4188,#4186,#4189,.T.);
#3372=EDGE_CURVE('',#4188,#4190,#4191,.T.);
#3373=EDGE_CURVE('',#4192,#4190,#4193,.T.);
#3374=EDGE_CURVE('',#4194,#4192,#4195,.T.);
#3375=EDGE_CURVE('',#4144,#4194,#4196,.T.);
#3376=EDGE_CURVE('',#4141,#4197,#4198,.T.);
#3377=EDGE_CURVE('',#3879,#4197,#4199,.T.);
#3378=EDGE_CURVE('',#4200,#4174,#4201,.T.);
#3379=EDGE_CURVE('',#4202,#4200,#4203,.T.);
#3380=EDGE_CURVE('',#4202,#4204,#4205,.T.);
#3381=EDGE_CURVE('',#4206,#4204,#4207,.T.);
#3382=EDGE_CURVE('',#4208,#4206,#4209,.T.);
#3383=EDGE_CURVE('',#4210,#4208,#4211,.T.);
#3384=EDGE_CURVE('',#4212,#4210,#4213,.T.);
#3385=EDGE_CURVE('',#4212,#4178,#4214,.T.);
#3386=EDGE_CURVE('',#4215,#4212,#4216,.T.);
#3387=EDGE_CURVE('',#4215,#4217,#4218,.T.);
#3388=EDGE_CURVE('',#4178,#4217,#4219,.T.);
#3389=EDGE_CURVE('',#3838,#4217,#4220,.T.);
#3390=EDGE_CURVE('',#4177,#3836,#4221,.T.);
#3391=EDGE_CURVE('',#4180,#3834,#4222,.T.);
#3392=EDGE_CURVE('',#3832,#4223,#4224,.T.);
#3393=EDGE_CURVE('',#4223,#4182,#4225,.T.);
#3394=EDGE_CURVE('',#4223,#4226,#4227,.T.);
#3395=EDGE_CURVE('',#4184,#4226,#4228,.T.);
#3396=EDGE_CURVE('',#3830,#4226,#4229,.T.);
#3397=EDGE_CURVE('',#3895,#4230,#4231,.T.);
#3398=EDGE_CURVE('',#4232,#4230,#4233,.T.);
#3399=EDGE_CURVE('',#4234,#4232,#4235,.T.);
#3400=EDGE_CURVE('',#4236,#4234,#4237,.T.);
#3401=EDGE_CURVE('',#4236,#4238,#4239,.T.);
#3402=EDGE_CURVE('',#4186,#4238,#4240,.T.);
#3403=EDGE_CURVE('',#4238,#4241,#4242,.T.);
#3404=EDGE_CURVE('',#4188,#4241,#4243,.T.);
#3405=EDGE_CURVE('',#4244,#4208,#4245,.T.);
#3406=EDGE_CURVE('',#4244,#4246,#4247,.T.);
#3407=EDGE_CURVE('',#4210,#4246,#4248,.T.);
#3408=EDGE_CURVE('',#4241,#4249,#4250,.T.);
#3409=EDGE_CURVE('',#4190,#4249,#4251,.T.);
#3410=EDGE_CURVE('',#4252,#4192,#4253,.T.);
#3411=EDGE_CURVE('',#4254,#4249,#4255,.T.);
#3412=EDGE_CURVE('',#4256,#4254,#4257,.T.);
#3413=EDGE_CURVE('',#4256,#4258,#4259,.T.);
#3414=EDGE_CURVE('',#4260,#4258,#4261,.T.);
#3415=EDGE_CURVE('',#4262,#4260,#4263,.T.);
#3416=EDGE_CURVE('',#4264,#4262,#4265,.T.);
#3417=EDGE_CURVE('',#4264,#4266,#4267,.T.);
#3418=EDGE_CURVE('',#4268,#4266,#4269,.T.);
#3419=EDGE_CURVE('',#4252,#4268,#4270,.T.);
#3420=EDGE_CURVE('',#4271,#4272,#4273,.T.);
#3421=EDGE_CURVE('',#4274,#4271,#4275,.T.);
#3422=EDGE_CURVE('',#4276,#4274,#4277,.T.);
#3423=EDGE_CURVE('',#4276,#4278,#4279,.T.);
#3424=EDGE_CURVE('',#4280,#4278,#4281,.T.);
#3425=EDGE_CURVE('',#4282,#4280,#4283,.T.);
#3426=EDGE_CURVE('',#4282,#4206,#4284,.T.);
#3427=EDGE_CURVE('',#4204,#4285,#4286,.T.);
#3428=EDGE_CURVE('',#4287,#4285,#4288,.T.);
#3429=EDGE_CURVE('',#4289,#4287,#4290,.T.);
#3430=EDGE_CURVE('',#4289,#4272,#4291,.T.);
#3431=EDGE_CURVE('',#4262,#4268,#4292,.T.);
#3432=EDGE_CURVE('',#4254,#4260,#4293,.T.);
#3433=EDGE_CURVE('',#4148,#4236,#4294,.T.);
#3434=EDGE_CURVE('',#4295,#4146,#4296,.T.);
#3435=EDGE_CURVE('',#4295,#4252,#4297,.T.);
#3436=EDGE_CURVE('',#4295,#4194,#4298,.T.);
#3437=EDGE_CURVE('',#4299,#4300,#4301,.T.);
#3438=EDGE_CURVE('',#4202,#4300,#4302,.T.);
#3439=EDGE_CURVE('',#4200,#4299,#4303,.T.);
#3440=EDGE_CURVE('',#4160,#4304,#4305,.T.);
#3441=EDGE_CURVE('',#3924,#4304,#4306,.T.);
#3442=EDGE_CURVE('',#3922,#4307,#4308,.T.);
#3443=EDGE_CURVE('',#4309,#4307,#4310,.T.);
#3444=EDGE_CURVE('',#4309,#4311,#4312,.T.);
#3445=EDGE_CURVE('',#4311,#4313,#4314,.T.);
#3446=EDGE_CURVE('',#4313,#4299,#4315,.T.);
#3447=EDGE_CURVE('',#4300,#4285,#4316,.T.);
#3448=EDGE_CURVE('',#4317,#4313,#4318,.T.);
#3449=EDGE_CURVE('',#4317,#4246,#4319,.T.);
#3450=EDGE_CURVE('',#4244,#4282,#4320,.T.);
#3451=EDGE_CURVE('',#4274,#4280,#4321,.T.);
#3452=EDGE_CURVE('',#4287,#4271,#4322,.T.);
#3453=EDGE_CURVE('',#4271,#4323,#4324,.T.);
#3454=EDGE_CURVE('',#4325,#4323,#4326,.T.);
#3455=EDGE_CURVE('',#4325,#4327,#4328,.T.);
#3456=EDGE_CURVE('',#4327,#4329,#4330,.T.);
#3457=EDGE_CURVE('',#4329,#4331,#4332,.T.);
#3458=EDGE_CURVE('',#4331,#4333,#4334,.T.);
#3459=EDGE_CURVE('',#4333,#4335,#4336,.T.);
#3460=EDGE_CURVE('',#4335,#4337,#4338,.T.);
#3461=EDGE_CURVE('',#4337,#4339,#4340,.T.);
#3462=EDGE_CURVE('',#4339,#4341,#4342,.T.);
#3463=EDGE_CURVE('',#4287,#4341,#4343,.T.);
#3464=EDGE_CURVE('',#4341,#4344,#4345,.T.);
#3465=EDGE_CURVE('',#4344,#4346,#4347,.T.);
#3466=EDGE_CURVE('',#4289,#4346,#4348,.T.);
#3467=EDGE_CURVE('',#4349,#4346,#4350,.T.);
#3468=EDGE_CURVE('',#4351,#4349,#4352,.T.);
#3469=EDGE_CURVE('',#4351,#4353,#4354,.T.);
#3470=EDGE_CURVE('',#4353,#4355,#4356,.T.);
#3471=EDGE_CURVE('',#4355,#4357,#4358,.T.);
#3472=EDGE_CURVE('',#4272,#4357,#4359,.T.);
#3473=EDGE_CURVE('',#4357,#4360,#4361,.T.);
#3474=EDGE_CURVE('',#4360,#4323,#4362,.T.);
#3475=EDGE_CURVE('',#4363,#4360,#4364,.T.);
#3476=EDGE_CURVE('',#4325,#4363,#4365,.T.);
#3477=EDGE_CURVE('',#4353,#4366,#4367,.T.);
#3478=EDGE_CURVE('',#4366,#4327,#4368,.T.);
#3479=EDGE_CURVE('',#4355,#4363,#4369,.T.);
#3480=EDGE_CURVE('',#4370,#4329,#4371,.T.);
#3481=EDGE_CURVE('',#4366,#4370,#4372,.T.);
#3482=EDGE_CURVE('',#4373,#4374,#4375,.T.);
#3483=EDGE_CURVE('',#4376,#4373,#4377,.T.);
#3484=EDGE_CURVE('',#4370,#4376,#4378,.T.);
#3485=EDGE_CURVE('',#4351,#4379,#4380,.T.);
#3486=EDGE_CURVE('',#4381,#4379,#4382,.T.);
#3487=EDGE_CURVE('',#4383,#4381,#4384,.T.);
#3488=EDGE_CURVE('',#4309,#4383,#4385,.T.);
#3489=EDGE_CURVE('',#4386,#4307,#4387,.T.);
#3490=EDGE_CURVE('',#4388,#4386,#4389,.T.);
#3491=EDGE_CURVE('',#4374,#4388,#4390,.T.);
#3492=EDGE_CURVE('',#4391,#4392,#4393,.T.);
#3493=EDGE_CURVE('',#4394,#4391,#4395,.T.);
#3494=EDGE_CURVE('',#4396,#4394,#4397,.T.);
#3495=EDGE_CURVE('',#4398,#4396,#4399,.T.);
#3496=EDGE_CURVE('',#4400,#4398,#4401,.T.);
#3497=EDGE_CURVE('',#4402,#4400,#4403,.T.);
#3498=EDGE_CURVE('',#4404,#4402,#4405,.T.);
#3499=EDGE_CURVE('',#4404,#4392,#4406,.T.);
#3500=EDGE_CURVE('',#4407,#4408,#4409,.T.);
#3501=EDGE_CURVE('',#4410,#4407,#4411,.T.);
#3502=EDGE_CURVE('',#4392,#4410,#4412,.T.);
#3503=EDGE_CURVE('',#4404,#4413,#4414,.T.);
#3504=EDGE_CURVE('',#4413,#4408,#4415,.T.);
#3505=EDGE_CURVE('',#4413,#4416,#4417,.T.);
#3506=EDGE_CURVE('',#4418,#4416,#4419,.T.);
#3507=EDGE_CURVE('',#4408,#4418,#4420,.T.);
#3508=EDGE_CURVE('',#4421,#4418,#4422,.T.);
#3509=EDGE_CURVE('',#4407,#4421,#4423,.T.);
#3510=EDGE_CURVE('',#4280,#4424,#4425,.T.);
#3511=EDGE_CURVE('',#4426,#4424,#4427,.T.);
#3512=EDGE_CURVE('',#4426,#4428,#4429,.T.);
#3513=EDGE_CURVE('',#4428,#4430,#4431,.T.);
#3514=EDGE_CURVE('',#4430,#4432,#4433,.T.);
#3515=EDGE_CURVE('',#4432,#4434,#4435,.T.);
#3516=EDGE_CURVE('',#4434,#4436,#4437,.T.);
#3517=EDGE_CURVE('',#4436,#4410,#4438,.T.);
#3518=EDGE_CURVE('',#4274,#4421,#4439,.T.);
#3519=EDGE_CURVE('',#4276,#4416,#4440,.T.);
#3520=EDGE_CURVE('',#4402,#4441,#4442,.T.);
#3521=EDGE_CURVE('',#4441,#4443,#4444,.T.);
#3522=EDGE_CURVE('',#4278,#4443,#4445,.T.);
#3523=EDGE_CURVE('',#4443,#4446,#4447,.T.);
#3524=EDGE_CURVE('',#4446,#4424,#4448,.T.);
#3525=EDGE_CURVE('',#4449,#4446,#4450,.T.);
#3526=EDGE_CURVE('',#4426,#4449,#4451,.T.);
#3527=EDGE_CURVE('',#4400,#4428,#4452,.T.);
#3528=EDGE_CURVE('',#4441,#4449,#4453,.T.);
#3529=EDGE_CURVE('',#4398,#4430,#4454,.T.);
#3530=EDGE_CURVE('',#4396,#4432,#4455,.T.);
#3531=EDGE_CURVE('',#4394,#4434,#4456,.T.);
#3532=EDGE_CURVE('',#4391,#4436,#4457,.T.);
#3533=EDGE_CURVE('',#4388,#4337,#4458,.T.);
#3534=EDGE_CURVE('',#4374,#4335,#4459,.T.);
#3535=EDGE_CURVE('',#4373,#4333,#4460,.T.);
#3536=EDGE_CURVE('',#4376,#4331,#4461,.T.);
#3537=EDGE_CURVE('',#4349,#4462,#4463,.T.);
#3538=EDGE_CURVE('',#4339,#4462,#4464,.T.);
#3539=EDGE_CURVE('',#3920,#4386,#4465,.T.);
#3540=EDGE_CURVE('',#4379,#3918,#4466,.T.);
#3541=EDGE_CURVE('',#3893,#4467,#4468,.T.);
#3542=EDGE_CURVE('',#4467,#4230,#4469,.T.);
#3543=EDGE_CURVE('',#3916,#4381,#4470,.T.);
#3544=EDGE_CURVE('',#4471,#4472,#4473,.T.);
#3545=EDGE_CURVE('',#4232,#4472,#4474,.T.);
#3546=EDGE_CURVE('',#4475,#4467,#4476,.T.);
#3547=EDGE_CURVE('',#4477,#4475,#4478,.T.);
#3548=EDGE_CURVE('',#4477,#4479,#4480,.T.);
#3549=EDGE_CURVE('',#4481,#4479,#4482,.T.);
#3550=EDGE_CURVE('',#4483,#4481,#4484,.T.);
#3551=EDGE_CURVE('',#4485,#4483,#4486,.T.);
#3552=EDGE_CURVE('',#4487,#4485,#4488,.T.);
#3553=EDGE_CURVE('',#4489,#4487,#4490,.T.);
#3554=EDGE_CURVE('',#4154,#4489,#4491,.T.);
#3555=EDGE_CURVE('',#4471,#4152,#4492,.T.);
#3556=EDGE_CURVE('',#4493,#4494,#4495,.T.);
#3557=EDGE_CURVE('',#4496,#4493,#4497,.T.);
#3558=EDGE_CURVE('',#4498,#4496,#4499,.T.);
#3559=EDGE_CURVE('',#4500,#4498,#4501,.T.);
#3560=EDGE_CURVE('',#4502,#4500,#4503,.T.);
#3561=EDGE_CURVE('',#4502,#4504,#4505,.T.);
#3562=EDGE_CURVE('',#4506,#4504,#4507,.T.);
#3563=EDGE_CURVE('',#4494,#4506,#4508,.T.);
#3564=EDGE_CURVE('',#4506,#4509,#4510,.T.);
#3565=EDGE_CURVE('',#4511,#4509,#4512,.T.);
#3566=EDGE_CURVE('',#4494,#4511,#4513,.T.);
#3567=EDGE_CURVE('',#4514,#4511,#4515,.T.);
#3568=EDGE_CURVE('',#4493,#4514,#4516,.T.);
#3569=EDGE_CURVE('',#4517,#4514,#4518,.T.);
#3570=EDGE_CURVE('',#4496,#4517,#4519,.T.);
#3571=EDGE_CURVE('',#4520,#4517,#4521,.T.);
#3572=EDGE_CURVE('',#4498,#4520,#4522,.T.);
#3573=EDGE_CURVE('',#4500,#4523,#4524,.T.);
#3574=EDGE_CURVE('',#4525,#4520,#4526,.T.);
#3575=EDGE_CURVE('',#4525,#4527,#4528,.T.);
#3576=EDGE_CURVE('',#4523,#4527,#4529,.T.);
#3577=EDGE_CURVE('',#4527,#4530,#4531,.T.);
#3578=EDGE_CURVE('',#4532,#4530,#4533,.T.);
#3579=EDGE_CURVE('',#4523,#4532,#4534,.T.);
#3580=EDGE_CURVE('',#4256,#4535,#4536,.T.);
#3581=EDGE_CURVE('',#4537,#4535,#4538,.T.);
#3582=EDGE_CURVE('',#4502,#4537,#4539,.T.);
#3583=EDGE_CURVE('',#4258,#4532,#4540,.T.);
#3584=EDGE_CURVE('',#4530,#4541,#4542,.T.);
#3585=EDGE_CURVE('',#4260,#4541,#4543,.T.);
#3586=EDGE_CURVE('',#4525,#4541,#4544,.T.);
#3587=EDGE_CURVE('',#4509,#4545,#4546,.T.);
#3588=EDGE_CURVE('',#4545,#4547,#4548,.T.);
#3589=EDGE_CURVE('',#4547,#4549,#4550,.T.);
#3590=EDGE_CURVE('',#4254,#4549,#4551,.T.);
#3591=EDGE_CURVE('',#4549,#4552,#4553,.T.);
#3592=EDGE_CURVE('',#4552,#4535,#4554,.T.);
#3593=EDGE_CURVE('',#4555,#4552,#4556,.T.);
#3594=EDGE_CURVE('',#4537,#4555,#4557,.T.);
#3595=EDGE_CURVE('',#4547,#4555,#4558,.T.);
#3596=EDGE_CURVE('',#4504,#4545,#4559,.T.);
#3597=EDGE_CURVE('',#4150,#4560,#4561,.T.);
#3598=EDGE_CURVE('',#4560,#4471,#4562,.T.);
#3599=EDGE_CURVE('',#4383,#4563,#4564,.T.);
#3600=EDGE_CURVE('',#4563,#4311,#4565,.T.);
#3601=EDGE_CURVE('',#4560,#4566,#4567,.T.);
#3602=EDGE_CURVE('',#4472,#4566,#4568,.T.);
#3603=EDGE_CURVE('',#4234,#4566,#4569,.T.);
#3604=EDGE_CURVE('',#4317,#4563,#4570,.T.);
#3605=EDGE_CURVE('',#4571,#4572,#4573,.T.);
#3606=EDGE_CURVE('',#4574,#4571,#4575,.T.);
#3607=EDGE_CURVE('',#4576,#4574,#4577,.T.);
#3608=EDGE_CURVE('',#4578,#4576,#4579,.T.);
#3609=EDGE_CURVE('',#4580,#4578,#4581,.T.);
#3610=EDGE_CURVE('',#4582,#4580,#4583,.T.);
#3611=EDGE_CURVE('',#4584,#4582,#4585,.T.);
#3612=EDGE_CURVE('',#4572,#4584,#4586,.T.);
#3613=EDGE_CURVE('',#4587,#4588,#4589,.T.);
#3614=EDGE_CURVE('',#4590,#4587,#4591,.T.);
#3615=EDGE_CURVE('',#4592,#4590,#4593,.T.);
#3616=EDGE_CURVE('',#4594,#4592,#4595,.T.);
#3617=EDGE_CURVE('',#4596,#4594,#4597,.T.);
#3618=EDGE_CURVE('',#4598,#4596,#4599,.T.);
#3619=EDGE_CURVE('',#4600,#4598,#4601,.T.);
#3620=EDGE_CURVE('',#4588,#4600,#4602,.T.);
#3621=EDGE_CURVE('',#4603,#4604,#4605,.T.);
#3622=EDGE_CURVE('',#4606,#4603,#4607,.T.);
#3623=EDGE_CURVE('',#4608,#4606,#4609,.T.);
#3624=EDGE_CURVE('',#4610,#4608,#4611,.T.);
#3625=EDGE_CURVE('',#4612,#4610,#4613,.T.);
#3626=EDGE_CURVE('',#4614,#4612,#4615,.T.);
#3627=EDGE_CURVE('',#4616,#4614,#4617,.T.);
#3628=EDGE_CURVE('',#4604,#4616,#4618,.T.);
#3629=EDGE_CURVE('',#4619,#4620,#4621,.T.);
#3630=EDGE_CURVE('',#4622,#4619,#4623,.T.);
#3631=EDGE_CURVE('',#4624,#4622,#4625,.T.);
#3632=EDGE_CURVE('',#4626,#4624,#4627,.T.);
#3633=EDGE_CURVE('',#4628,#4626,#4629,.T.);
#3634=EDGE_CURVE('',#4630,#4628,#4631,.T.);
#3635=EDGE_CURVE('',#4632,#4630,#4633,.T.);
#3636=EDGE_CURVE('',#4620,#4632,#4634,.T.);
#3637=EDGE_CURVE('',#3840,#4215,#4635,.T.);
#3638=EDGE_CURVE('',#4616,#4636,#4637,.T.);
#3639=EDGE_CURVE('',#4638,#4636,#4639,.T.);
#3640=EDGE_CURVE('',#4604,#4638,#4640,.T.);
#3641=EDGE_CURVE('',#4641,#4638,#4642,.T.);
#3642=EDGE_CURVE('',#4603,#4641,#4643,.T.);
#3643=EDGE_CURVE('',#4644,#4641,#4645,.T.);
#3644=EDGE_CURVE('',#4606,#4644,#4646,.T.);
#3645=EDGE_CURVE('',#4647,#4644,#4648,.T.);
#3646=EDGE_CURVE('',#4608,#4647,#4649,.T.);
#3647=EDGE_CURVE('',#4650,#4647,#4651,.T.);
#3648=EDGE_CURVE('',#4610,#4650,#4652,.T.);
#3649=EDGE_CURVE('',#4653,#4650,#4654,.T.);
#3650=EDGE_CURVE('',#4612,#4653,#4655,.T.);
#3651=EDGE_CURVE('',#4656,#4653,#4657,.T.);
#3652=EDGE_CURVE('',#4614,#4656,#4658,.T.);
#3653=EDGE_CURVE('',#4636,#4656,#4659,.T.);
#3654=EDGE_CURVE('',#4632,#4660,#4661,.T.);
#3655=EDGE_CURVE('',#4662,#4660,#4663,.T.);
#3656=EDGE_CURVE('',#4620,#4662,#4664,.T.);
#3657=EDGE_CURVE('',#4665,#4662,#4666,.T.);
#3658=EDGE_CURVE('',#4619,#4665,#4667,.T.);
#3659=EDGE_CURVE('',#4668,#4665,#4669,.T.);
#3660=EDGE_CURVE('',#4622,#4668,#4670,.T.);
#3661=EDGE_CURVE('',#4671,#4668,#4672,.T.);
#3662=EDGE_CURVE('',#4624,#4671,#4673,.T.);
#3663=EDGE_CURVE('',#4674,#4671,#4675,.T.);
#3664=EDGE_CURVE('',#4626,#4674,#4676,.T.);
#3665=EDGE_CURVE('',#4677,#4674,#4678,.T.);
#3666=EDGE_CURVE('',#4628,#4677,#4679,.T.);
#3667=EDGE_CURVE('',#4680,#4677,#4681,.T.);
#3668=EDGE_CURVE('',#4630,#4680,#4682,.T.);
#3669=EDGE_CURVE('',#4660,#4680,#4683,.T.);
#3670=EDGE_CURVE('',#4584,#4684,#4685,.T.);
#3671=EDGE_CURVE('',#4686,#4684,#4687,.T.);
#3672=EDGE_CURVE('',#4572,#4686,#4688,.T.);
#3673=EDGE_CURVE('',#4689,#4686,#4690,.T.);
#3674=EDGE_CURVE('',#4571,#4689,#4691,.T.);
#3675=EDGE_CURVE('',#4692,#4689,#4693,.T.);
#3676=EDGE_CURVE('',#4574,#4692,#4694,.T.);
#3677=EDGE_CURVE('',#4695,#4692,#4696,.T.);
#3678=EDGE_CURVE('',#4576,#4695,#4697,.T.);
#3679=EDGE_CURVE('',#4698,#4695,#4699,.T.);
#3680=EDGE_CURVE('',#4578,#4698,#4700,.T.);
#3681=EDGE_CURVE('',#4701,#4698,#4702,.T.);
#3682=EDGE_CURVE('',#4580,#4701,#4703,.T.);
#3683=EDGE_CURVE('',#4704,#4701,#4705,.T.);
#3684=EDGE_CURVE('',#4582,#4704,#4706,.T.);
#3685=EDGE_CURVE('',#4684,#4704,#4707,.T.);
#3686=EDGE_CURVE('',#4600,#4708,#4709,.T.);
#3687=EDGE_CURVE('',#4710,#4708,#4711,.T.);
#3688=EDGE_CURVE('',#4588,#4710,#4712,.T.);
#3689=EDGE_CURVE('',#4713,#4710,#4714,.T.);
#3690=EDGE_CURVE('',#4587,#4713,#4715,.T.);
#3691=EDGE_CURVE('',#4716,#4713,#4717,.T.);
#3692=EDGE_CURVE('',#4590,#4716,#4718,.T.);
#3693=EDGE_CURVE('',#4719,#4716,#4720,.T.);
#3694=EDGE_CURVE('',#4592,#4719,#4721,.T.);
#3695=EDGE_CURVE('',#4722,#4719,#4723,.T.);
#3696=EDGE_CURVE('',#4594,#4722,#4724,.T.);
#3697=EDGE_CURVE('',#4725,#4722,#4726,.T.);
#3698=EDGE_CURVE('',#4596,#4725,#4727,.T.);
#3699=EDGE_CURVE('',#4728,#4725,#4729,.T.);
#3700=EDGE_CURVE('',#4598,#4728,#4730,.T.);
#3701=EDGE_CURVE('',#4708,#4728,#4731,.T.);
#3702=EDGE_CURVE('',#3891,#4489,#4732,.T.);
#3703=EDGE_CURVE('',#4489,#4733,#4734,.T.);
#3704=EDGE_CURVE('',#4735,#4733,#4736,.T.);
#3705=EDGE_CURVE('',#4735,#4737,#4738,.T.);
#3706=EDGE_CURVE('',#4739,#4737,#4740,.T.);
#3707=EDGE_CURVE('',#4475,#4739,#4741,.T.);
#3708=EDGE_CURVE('',#4264,#4742,#4743,.T.);
#3709=EDGE_CURVE('',#4744,#4742,#4745,.T.);
#3710=EDGE_CURVE('',#4477,#4744,#4746,.T.);
#3711=EDGE_CURVE('',#4739,#4747,#4748,.T.);
#3712=EDGE_CURVE('',#4266,#4747,#4749,.T.);
#3713=EDGE_CURVE('',#4747,#4750,#4751,.T.);
#3714=EDGE_CURVE('',#4750,#4752,#4753,.T.);
#3715=EDGE_CURVE('',#4268,#4752,#4754,.T.);
#3716=EDGE_CURVE('',#4735,#4752,#4755,.T.);
#3717=EDGE_CURVE('',#4733,#4756,#4757,.T.);
#3718=EDGE_CURVE('',#4756,#4758,#4759,.T.);
#3719=EDGE_CURVE('',#4758,#4760,#4761,.T.);
#3720=EDGE_CURVE('',#4760,#4762,#4763,.T.);
#3721=EDGE_CURVE('',#4762,#4764,#4765,.T.);
#3722=EDGE_CURVE('',#4764,#4766,#4767,.T.);
#3723=EDGE_CURVE('',#4766,#4768,#4769,.T.);
#3724=EDGE_CURVE('',#4262,#4768,#4770,.T.);
#3725=EDGE_CURVE('',#4768,#4771,#4772,.T.);
#3726=EDGE_CURVE('',#4771,#4742,#4773,.T.);
#3727=EDGE_CURVE('',#4774,#4771,#4775,.T.);
#3728=EDGE_CURVE('',#4744,#4774,#4776,.T.);
#3729=EDGE_CURVE('',#4766,#4774,#4777,.T.);
#3730=EDGE_CURVE('',#4479,#4764,#4778,.T.);
#3731=EDGE_CURVE('',#4481,#4762,#4779,.T.);
#3732=EDGE_CURVE('',#4483,#4760,#4780,.T.);
#3733=EDGE_CURVE('',#4485,#4758,#4781,.T.);
#3734=EDGE_CURVE('',#4487,#4756,#4782,.T.);
#3735=EDGE_CURVE('',#4737,#4750,#4783,.T.);
#3736=EDGE_CURVE('',#4462,#4344,#4784,.T.);
#3737=EDGE_CURVE('',#4304,#4785,#4786,.T.);
#3738=EDGE_CURVE('',#4785,#3926,#4787,.T.);
#3739=EDGE_CURVE('',#3956,#4785,#4788,.T.);
#3740=EDGE_CURVE('',#4158,#3956,#4789,.T.);
#3741=EDGE_CURVE('',#4197,#4166,#4790,.T.);
#3742=EDGE_CURVE('',#4167,#3965,#4791,.T.);
#3743=EDGE_CURVE('',#4106,#4792,#4793,.T.);
#3744=EDGE_CURVE('',#4041,#4106,#4794,.T.);
#3745=EDGE_CURVE('',#4039,#4792,#4795,.T.);
#3746=EDGE_CURVE('',#4122,#3967,#4796,.T.);
#3747=EDGE_CURVE('',#4120,#4797,#4798,.T.);
#3748=EDGE_CURVE('',#4797,#3967,#4799,.T.);
#3749=EDGE_CURVE('',#4035,#4800,#4801,.T.);
#3750=EDGE_CURVE('',#4802,#4800,#4803,.T.);
#3751=EDGE_CURVE('',#4802,#3969,#4804,.T.);
#3752=EDGE_CURVE('',#4805,#4797,#4806,.T.);
#3753=EDGE_CURVE('',#4807,#4805,#4808,.T.);
#3754=EDGE_CURVE('',#4807,#4809,#4810,.T.);
#3755=EDGE_CURVE('',#4809,#4037,#4811,.T.);
#3756=EDGE_CURVE('',#4809,#4792,#4812,.T.);
#3757=EDGE_CURVE('',#4116,#4807,#4813,.T.);
#3758=EDGE_CURVE('',#4118,#4805,#4814,.T.);
#3759=EDGE_CURVE('',#4111,#4802,#4815,.T.);
#3760=EDGE_CURVE('',#4113,#4800,#4816,.T.);
#3761=EDGE_CURVE('',#4104,#4817,#4818,.T.);
#3762=EDGE_CURVE('',#4817,#4819,#4820,.T.);
#3763=EDGE_CURVE('',#4819,#4821,#4822,.T.);
#3764=EDGE_CURVE('',#4821,#4823,#4824,.T.);
#3765=EDGE_CURVE('',#4823,#4825,#4826,.T.);
#3766=EDGE_CURVE('',#4825,#4827,#4828,.T.);
#3767=EDGE_CURVE('',#4827,#4043,#4829,.T.);
#3768=EDGE_CURVE('',#4830,#4827,#4831,.T.);
#3769=EDGE_CURVE('',#4830,#4045,#4832,.T.);
#3770=EDGE_CURVE('',#4833,#4830,#4834,.T.);
#3771=EDGE_CURVE('',#4835,#4833,#4836,.T.);
#3772=EDGE_CURVE('',#4837,#4835,#4838,.T.);
#3773=EDGE_CURVE('',#4839,#4837,#4840,.T.);
#3774=EDGE_CURVE('',#4841,#4839,#4842,.T.);
#3775=EDGE_CURVE('',#4054,#4841,#4843,.T.);
#3776=EDGE_CURVE('',#4841,#4817,#4844,.T.);
#3777=EDGE_CURVE('',#4054,#4104,#4845,.T.);
#3778=EDGE_CURVE('',#4059,#4099,#4846,.T.);
#3779=EDGE_CURVE('',#4061,#4097,#4847,.T.);
#3780=EDGE_CURVE('',#4063,#4095,#4848,.T.);
#3781=EDGE_CURVE('',#4065,#4093,#4849,.T.);
#3782=EDGE_CURVE('',#4067,#4091,#4850,.T.);
#3783=EDGE_CURVE('',#4069,#4089,#4851,.T.);
#3784=EDGE_CURVE('',#4839,#4819,#4852,.T.);
#3785=EDGE_CURVE('',#4837,#4821,#4853,.T.);
#3786=EDGE_CURVE('',#4835,#4823,#4854,.T.);
#3787=EDGE_CURVE('',#4833,#4825,#4855,.T.);
#3788=EDGE_CURVE('',#3913,#4856,#4857,.T.);
#3789=EDGE_CURVE('',#3846,#4856,#4858,.T.);
#3790=EDGE_CURVE('',#3822,#4859,#4860,.T.);
#3791=EDGE_CURVE('',#4859,#4861,#4862,.T.);
#3792=EDGE_CURVE('',#4861,#3824,#4863,.T.);
#3793=EDGE_CURVE('',#4856,#4864,#4865,.T.);
#3794=EDGE_CURVE('',#4864,#3848,#4866,.T.);
#3795=EDGE_CURVE('',#3898,#4861,#4867,.T.);
#3796=EDGE_CURVE('',#3900,#4859,#4868,.T.);
#3797=EDGE_CURVE('',#3911,#4864,#4869,.T.);
#3798=EDGE_CURVE('',#3908,#3870,#4870,.T.);
#3799=EDGE_CURVE('',#3906,#3872,#4871,.T.);
#3800=EDGE_CURVE('',#3903,#3865,#4872,.T.);
#3801=DIRECTION('',(0.0,0.0,-1.0));
#3802=DIRECTION('',(-1.0,0.0,0.0));
#3803=DIRECTION('',(0.0,0.0,1.0));
#3804=DIRECTION('',(1.0,0.0,0.0));
#3805=DIRECTION('',(0.0,0.0,-1.0));
#3806=DIRECTION('',(-1.0,0.0,0.0));
#3807=DIRECTION('',(0.0,0.0,1.0));
#3808=DIRECTION('',(1.0,0.0,0.0));
#3809=DIRECTION('',(0.0,0.0,-1.0));
#3810=DIRECTION('',(-1.0,0.0,0.0));
#3811=DIRECTION('',(0.0,0.0,1.0));
#3812=DIRECTION('',(1.0,0.0,0.0));
#3813=DIRECTION('',(0.0,0.0,-1.0));
#3814=DIRECTION('',(-1.0,0.0,0.0));
#3815=DIRECTION('',(0.0,0.0,1.0));
#3816=DIRECTION('',(1.0,0.0,0.0));
#3817=VERTEX_POINT('',#4873);
#3818=VERTEX_POINT('',#4874);
#3819=LINE('',#4875,#4876);
#3820=VERTEX_POINT('',#4877);
#3821=LINE('',#4878,#4879);
#3822=VERTEX_POINT('',#4880);
#3823=LINE('',#4881,#4882);
#3824=VERTEX_POINT('',#4883);
#3825=LINE('',#4884,#4885);
#3826=VERTEX_POINT('',#4886);
#3827=LINE('',#4887,#4888);
#3828=VERTEX_POINT('',#4889);
#3829=LINE('',#4890,#4891);
#3830=VERTEX_POINT('',#4892);
#3831=LINE('',#4893,#4894);
#3832=VERTEX_POINT('',#4895);
#3833=LINE('',#4896,#4897);
#3834=VERTEX_POINT('',#4898);
#3835=LINE('',#4899,#4900);
#3836=VERTEX_POINT('',#4901);
#3837=LINE('',#4902,#4903);
#3838=VERTEX_POINT('',#4904);
#3839=LINE('',#4905,#4906);
#3840=VERTEX_POINT('',#4907);
#3841=LINE('',#4908,#4909);
#3842=VERTEX_POINT('',#4910);
#3843=LINE('',#4911,#4912);
#3844=VERTEX_POINT('',#4913);
#3845=LINE('',#4914,#4915);
#3846=VERTEX_POINT('',#4916);
#3847=LINE('',#4917,#4918);
#3848=VERTEX_POINT('',#4919);
#3849=LINE('',#4920,#4921);
#3850=VERTEX_POINT('',#4922);
#3851=LINE('',#4923,#4924);
#3852=VERTEX_POINT('',#4925);
#3853=LINE('',#4926,#4927);
#3854=VERTEX_POINT('',#4928);
#3855=LINE('',#4929,#4930);
#3856=VERTEX_POINT('',#4931);
#3857=LINE('',#4932,#4933);
#3858=VERTEX_POINT('',#4934);
#3859=LINE('',#4935,#4936);
#3860=VERTEX_POINT('',#4937);
#3861=LINE('',#4938,#4939);
#3862=VERTEX_POINT('',#4940);
#3863=LINE('',#4941,#4942);
#3864=LINE('',#4943,#4944);
#3865=VERTEX_POINT('',#4945);
#3866=LINE('',#4946,#4947);
#3867=VERTEX_POINT('',#4948);
#3868=LINE('',#4949,#4950);
#3869=LINE('',#4951,#4952);
#3870=VERTEX_POINT('',#4953);
#3871=LINE('',#4954,#4955);
#3872=VERTEX_POINT('',#4956);
#3873=LINE('',#4957,#4958);
#3874=LINE('',#4959,#4960);
#3875=VERTEX_POINT('',#4961);
#3876=LINE('',#4962,#4963);
#3877=LINE('',#4964,#4965);
#3878=VERTEX_POINT('',#4966);
#3879=VERTEX_POINT('',#4967);
#3880=LINE('',#4968,#4969);
#3881=VERTEX_POINT('',#4970);
#3882=LINE('',#4971,#4972);
#3883=VERTEX_POINT('',#4973);
#3884=LINE('',#4974,#4975);
#3885=VERTEX_POINT('',#4976);
#3886=LINE('',#4977,#4978);
#3887=VERTEX_POINT('',#4979);
#3888=LINE('',#4980,#4981);
#3889=VERTEX_POINT('',#4982);
#3890=LINE('',#4983,#4984);
#3891=VERTEX_POINT('',#4985);
#3892=LINE('',#4986,#4987);
#3893=VERTEX_POINT('',#4988);
#3894=LINE('',#4989,#4990);
#3895=VERTEX_POINT('',#4991);
#3896=LINE('',#4992,#4993);
#3897=LINE('',#4994,#4995);
#3898=VERTEX_POINT('',#4996);
#3899=LINE('',#4997,#4998);
#3900=VERTEX_POINT('',#4999);
#3901=LINE('',#5000,#5001);
#3902=LINE('',#5002,#5003);
#3903=VERTEX_POINT('',#5004);
#3904=LINE('',#5005,#5006);
#3905=LINE('',#5007,#5008);
#3906=VERTEX_POINT('',#5009);
#3907=LINE('',#5010,#5011);
#3908=VERTEX_POINT('',#5012);
#3909=LINE('',#5013,#5014);
#3910=LINE('',#5015,#5016);
#3911=VERTEX_POINT('',#5017);
#3912=LINE('',#5018,#5019);
#3913=VERTEX_POINT('',#5020);
#3914=LINE('',#5021,#5022);
#3915=LINE('',#5023,#5024);
#3916=VERTEX_POINT('',#5025);
#3917=LINE('',#5026,#5027);
#3918=VERTEX_POINT('',#5028);
#3919=LINE('',#5029,#5030);
#3920=VERTEX_POINT('',#5031);
#3921=LINE('',#5032,#5033);
#3922=VERTEX_POINT('',#5034);
#3923=LINE('',#5035,#5036);
#3924=VERTEX_POINT('',#5037);
#3925=LINE('',#5038,#5039);
#3926=VERTEX_POINT('',#5040);
#3927=LINE('',#5041,#5042);
#3928=VERTEX_POINT('',#5043);
#3929=LINE('',#5044,#5045);
#3930=VERTEX_POINT('',#5046);
#3931=LINE('',#5047,#5048);
#3932=LINE('',#5049,#5050);
#3933=VERTEX_POINT('',#5051);
#3934=VERTEX_POINT('',#5052);
#3935=LINE('',#5053,#5054);
#3936=VERTEX_POINT('',#5055);
#3937=LINE('',#5056,#5057);
#3938=VERTEX_POINT('',#5058);
#3939=LINE('',#5059,#5060);
#3940=LINE('',#5061,#5062);
#3941=LINE('',#5063,#5064);
#3942=VERTEX_POINT('',#5065);
#3943=VERTEX_POINT('',#5066);
#3944=LINE('',#5067,#5068);
#3945=VERTEX_POINT('',#5069);
#3946=LINE('',#5070,#5071);
#3947=VERTEX_POINT('',#5072);
#3948=LINE('',#5073,#5074);
#3949=LINE('',#5075,#5076);
#3950=VERTEX_POINT('',#5077);
#3951=VERTEX_POINT('',#5078);
#3952=LINE('',#5079,#5080);
#3953=VERTEX_POINT('',#5081);
#3954=LINE('',#5082,#5083);
#3955=LINE('',#5084,#5085);
#3956=VERTEX_POINT('',#5086);
#3957=LINE('',#5087,#5088);
#3958=VERTEX_POINT('',#5089);
#3959=LINE('',#5090,#5091);
#3960=LINE('',#5092,#5093);
#3961=VERTEX_POINT('',#5094);
#3962=VERTEX_POINT('',#5095);
#3963=LINE('',#5096,#5097);
#3964=LINE('',#5098,#5099);
#3965=VERTEX_POINT('',#5100);
#3966=LINE('',#5101,#5102);
#3967=VERTEX_POINT('',#5103);
#3968=LINE('',#5104,#5105);
#3969=VERTEX_POINT('',#5106);
#3970=LINE('',#5107,#5108);
#3971=VERTEX_POINT('',#5109);
#3972=LINE('',#5110,#5111);
#3973=LINE('',#5112,#5113);
#3974=VERTEX_POINT('',#5114);
#3975=LINE('',#5115,#5116);
#3976=VERTEX_POINT('',#5117);
#3977=LINE('',#5118,#5119);
#3978=VERTEX_POINT('',#5120);
#3979=LINE('',#5121,#5122);
#3980=VERTEX_POINT('',#5123);
#3981=LINE('',#5124,#5125);
#3982=VERTEX_POINT('',#5126);
#3983=LINE('',#5127,#5128);
#3984=VERTEX_POINT('',#5129);
#3985=LINE('',#5130,#5131);
#3986=VERTEX_POINT('',#5132);
#3987=LINE('',#5133,#5134);
#3988=VERTEX_POINT('',#5135);
#3989=LINE('',#5136,#5137);
#3990=VERTEX_POINT('',#5138);
#3991=LINE('',#5139,#5140);
#3992=VERTEX_POINT('',#5141);
#3993=B_SPLINE_CURVE_WITH_KNOTS('',3,(#5142,#5143,#5144,#5145,#5146,#5147,#5148,#5149,#5150),.UNSPECIFIED.,.F.,.F.,(4,1,1,1,1,1,4),(0.0,0.125,0.25,0.5,0.75,0.875,1.0),.UNSPECIFIED.);
#3994=VERTEX_POINT('',#5151);
#3995=LINE('',#5152,#5153);
#3996=B_SPLINE_CURVE_WITH_KNOTS('',3,(#5154,#5155,#5156,#5157,#5158,#5159,#5160),.UNSPECIFIED.,.F.,.F.,(4,1,1,1,4),(0.0,0.25,0.5,0.75,1.0),.UNSPECIFIED.);
#3997=VERTEX_POINT('',#5161);
#3998=LINE('',#5162,#5163);
#3999=CIRCLE('',#5164,0.6);
#4000=VERTEX_POINT('',#5165);
#4001=VERTEX_POINT('',#5166);
#4002=LINE('',#5167,#5168);
#4003=VERTEX_POINT('',#5169);
#4004=LINE('',#5170,#5171);
#4005=VERTEX_POINT('',#5172);
#4006=LINE('',#5173,#5174);
#4007=VERTEX_POINT('',#5175);
#4008=LINE('',#5176,#5177);
#4009=LINE('',#5178,#5179);
#4010=VERTEX_POINT('',#5180);
#4011=LINE('',#5181,#5182);
#4012=VERTEX_POINT('',#5183);
#4013=CIRCLE('',#5184,1.3);
#4014=LINE('',#5185,#5186);
#4015=VERTEX_POINT('',#5187);
#4016=LINE('',#5188,#5189);
#4017=VERTEX_POINT('',#5190);
#4018=LINE('',#5191,#5192);
#4019=VERTEX_POINT('',#5193);
#4020=LINE('',#5194,#5195);
#4021=VERTEX_POINT('',#5196);
#4022=LINE('',#5197,#5198);
#4023=VERTEX_POINT('',#5199);
#4024=LINE('',#5200,#5201);
#4025=VERTEX_POINT('',#5202);
#4026=LINE('',#5203,#5204);
#4027=VERTEX_POINT('',#5205);
#4028=LINE('',#5206,#5207);
#4029=VERTEX_POINT('',#5208);
#4030=LINE('',#5209,#5210);
#4031=VERTEX_POINT('',#5211);
#4032=LINE('',#5212,#5213);
#4033=VERTEX_POINT('',#5214);
#4034=LINE('',#5215,#5216);
#4035=VERTEX_POINT('',#5217);
#4036=LINE('',#5218,#5219);
#4037=VERTEX_POINT('',#5220);
#4038=LINE('',#5221,#5222);
#4039=VERTEX_POINT('',#5223);
#4040=CIRCLE('',#5224,0.166);
#4041=VERTEX_POINT('',#5225);
#4042=LINE('',#5226,#5227);
#4043=VERTEX_POINT('',#5228);
#4044=LINE('',#5229,#5230);
#4045=VERTEX_POINT('',#5231);
#4046=LINE('',#5232,#5233);
#4047=LINE('',#5234,#5235);
#4048=CIRCLE('',#5236,0.166);
#4049=LINE('',#5237,#5238);
#4050=LINE('',#5239,#5240);
#4051=CIRCLE('',#5241,0.166);
#4052=LINE('',#5242,#5243);
#4053=LINE('',#5244,#5245);
#4054=VERTEX_POINT('',#5246);
#4055=LINE('',#5247,#5248);
#4056=VERTEX_POINT('',#5249);
#4057=LINE('',#5250,#5251);
#4058=LINE('',#5252,#5253);
#4059=VERTEX_POINT('',#5254);
#4060=LINE('',#5255,#5256);
#4061=VERTEX_POINT('',#5257);
#4062=LINE('',#5258,#5259);
#4063=VERTEX_POINT('',#5260);
#4064=LINE('',#5261,#5262);
#4065=VERTEX_POINT('',#5263);
#4066=LINE('',#5264,#5265);
#4067=VERTEX_POINT('',#5266);
#4068=LINE('',#5267,#5268);
#4069=VERTEX_POINT('',#5269);
#4070=LINE('',#5270,#5271);
#4071=VERTEX_POINT('',#5272);
#4072=LINE('',#5273,#5274);
#4073=LINE('',#5275,#5276);
#4074=VERTEX_POINT('',#5277);
#4075=VERTEX_POINT('',#5278);
#4076=LINE('',#5279,#5280);
#4077=LINE('',#5281,#5282);
#4078=VERTEX_POINT('',#5283);
#4079=LINE('',#5284,#5285);
#4080=LINE('',#5286,#5287);
#4081=LINE('',#5288,#5289);
#4082=VERTEX_POINT('',#5290);
#4083=LINE('',#5291,#5292);
#4084=LINE('',#5293,#5294);
#4085=VERTEX_POINT('',#5295);
#4086=LINE('',#5296,#5297);
#4087=LINE('',#5298,#5299);
#4088=LINE('',#5300,#5301);
#4089=VERTEX_POINT('',#5302);
#4090=LINE('',#5303,#5304);
#4091=VERTEX_POINT('',#5305);
#4092=LINE('',#5306,#5307);
#4093=VERTEX_POINT('',#5308);
#4094=LINE('',#5309,#5310);
#4095=VERTEX_POINT('',#5311);
#4096=LINE('',#5312,#5313);
#4097=VERTEX_POINT('',#5314);
#4098=LINE('',#5315,#5316);
#4099=VERTEX_POINT('',#5317);
#4100=LINE('',#5318,#5319);
#4101=VERTEX_POINT('',#5320);
#4102=LINE('',#5321,#5322);
#4103=LINE('',#5323,#5324);
#4104=VERTEX_POINT('',#5325);
#4105=LINE('',#5326,#5327);
#4106=VERTEX_POINT('',#5328);
#4107=LINE('',#5329,#5330);
#4108=VERTEX_POINT('',#5331);
#4109=LINE('',#5332,#5333);
#4110=LINE('',#5334,#5335);
#4111=VERTEX_POINT('',#5336);
#4112=B_SPLINE_CURVE_WITH_KNOTS('',3,(#5337,#5338,#5339,#5340,#5341,#5342,#5343),.UNSPECIFIED.,.F.,.F.,(4,1,1,1,4),(0.0,0.25,0.5,0.75,1.0),.UNSPECIFIED.);
#4113=VERTEX_POINT('',#5344);
#4114=LINE('',#5345,#5346);
#4115=B_SPLINE_CURVE_WITH_KNOTS('',3,(#5347,#5348,#5349,#5350,#5351,#5352,#5353,#5354,#5355),.UNSPECIFIED.,.F.,.F.,(4,1,1,1,1,1,4),(0.0,0.125,0.25,0.5,0.75,0.875,1.0),.UNSPECIFIED.);
#4116=VERTEX_POINT('',#5356);
#4117=LINE('',#5357,#5358);
#4118=VERTEX_POINT('',#5359);
#4119=LINE('',#5360,#5361);
#4120=VERTEX_POINT('',#5362);
#4121=LINE('',#5363,#5364);
#4122=VERTEX_POINT('',#5365);
#4123=LINE('',#5366,#5367);
#4124=VERTEX_POINT('',#5368);
#4125=LINE('',#5369,#5370);
#4126=VERTEX_POINT('',#5371);
#4127=LINE('',#5372,#5373);
#4128=LINE('',#5374,#5375);
#4129=VERTEX_POINT('',#5376);
#4130=LINE('',#5377,#5378);
#4131=LINE('',#5379,#5380);
#4132=VERTEX_POINT('',#5381);
#4133=LINE('',#5382,#5383);
#4134=VERTEX_POINT('',#5384);
#4135=LINE('',#5385,#5386);
#4136=VERTEX_POINT('',#5387);
#4137=LINE('',#5388,#5389);
#4138=LINE('',#5390,#5391);
#4139=LINE('',#5392,#5393);
#4140=LINE('',#5394,#5395);
#4141=VERTEX_POINT('',#5396);
#4142=VERTEX_POINT('',#5397);
#4143=LINE('',#5398,#5399);
#4144=VERTEX_POINT('',#5400);
#4145=LINE('',#5401,#5402);
#4146=VERTEX_POINT('',#5403);
#4147=LINE('',#5404,#5405);
#4148=VERTEX_POINT('',#5406);
#4149=LINE('',#5407,#5408);
#4150=VERTEX_POINT('',#5409);
#4151=LINE('',#5410,#5411);
#4152=VERTEX_POINT('',#5412);
#4153=LINE('',#5413,#5414);
#4154=VERTEX_POINT('',#5415);
#4155=LINE('',#5416,#5417);
#4156=LINE('',#5418,#5419);
#4157=LINE('',#5420,#5421);
#4158=VERTEX_POINT('',#5422);
#4159=LINE('',#5423,#5424);
#4160=VERTEX_POINT('',#5425);
#4161=LINE('',#5426,#5427);
#4162=VERTEX_POINT('',#5428);
#4163=LINE('',#5429,#5430);
#4164=LINE('',#5431,#5432);
#4165=LINE('',#5433,#5434);
#4166=VERTEX_POINT('',#5435);
#4167=VERTEX_POINT('',#5436);
#4168=LINE('',#5437,#5438);
#4169=LINE('',#5439,#5440);
#4170=LINE('',#5441,#5442);
#4171=LINE('',#5443,#5444);
#4172=LINE('',#5445,#5446);
#4173=LINE('',#5447,#5448);
#4174=VERTEX_POINT('',#5449);
#4175=LINE('',#5450,#5451);
#4176=LINE('',#5452,#5453);
#4177=VERTEX_POINT('',#5454);
#4178=VERTEX_POINT('',#5455);
#4179=LINE('',#5456,#5457);
#4180=VERTEX_POINT('',#5458);
#4181=LINE('',#5459,#5460);
#4182=VERTEX_POINT('',#5461);
#4183=LINE('',#5462,#5463);
#4184=VERTEX_POINT('',#5464);
#4185=LINE('',#5465,#5466);
#4186=VERTEX_POINT('',#5467);
#4187=LINE('',#5468,#5469);
#4188=VERTEX_POINT('',#5470);
#4189=LINE('',#5471,#5472);
#4190=VERTEX_POINT('',#5473);
#4191=LINE('',#5474,#5475);
#4192=VERTEX_POINT('',#5476);
#4193=LINE('',#5477,#5478);
#4194=VERTEX_POINT('',#5479);
#4195=LINE('',#5480,#5481);
#4196=LINE('',#5482,#5483);
#4197=VERTEX_POINT('',#5484);
#4198=LINE('',#5485,#5486);
#4199=LINE('',#5487,#5488);
#4200=VERTEX_POINT('',#5489);
#4201=LINE('',#5490,#5491);
#4202=VERTEX_POINT('',#5492);
#4203=LINE('',#5493,#5494);
#4204=VERTEX_POINT('',#5495);
#4205=LINE('',#5496,#5497);
#4206=VERTEX_POINT('',#5498);
#4207=LINE('',#5499,#5500);
#4208=VERTEX_POINT('',#5501);
#4209=LINE('',#5502,#5503);
#4210=VERTEX_POINT('',#5504);
#4211=LINE('',#5505,#5506);
#4212=VERTEX_POINT('',#5507);
#4213=LINE('',#5508,#5509);
#4214=LINE('',#5510,#5511);
#4215=VERTEX_POINT('',#5512);
#4216=LINE('',#5513,#5514);
#4217=VERTEX_POINT('',#5515);
#4218=LINE('',#5516,#5517);
#4219=LINE('',#5518,#5519);
#4220=LINE('',#5520,#5521);
#4221=LINE('',#5522,#5523);
#4222=LINE('',#5524,#5525);
#4223=VERTEX_POINT('',#5526);
#4224=LINE('',#5527,#5528);
#4225=LINE('',#5529,#5530);
#4226=VERTEX_POINT('',#5531);
#4227=LINE('',#5532,#5533);
#4228=LINE('',#5534,#5535);
#4229=LINE('',#5536,#5537);
#4230=VERTEX_POINT('',#5538);
#4231=LINE('',#5539,#5540);
#4232=VERTEX_POINT('',#5541);
#4233=LINE('',#5542,#5543);
#4234=VERTEX_POINT('',#5544);
#4235=LINE('',#5545,#5546);
#4236=VERTEX_POINT('',#5547);
#4237=LINE('',#5548,#5549);
#4238=VERTEX_POINT('',#5550);
#4239=LINE('',#5551,#5552);
#4240=LINE('',#5553,#5554);
#4241=VERTEX_POINT('',#5555);
#4242=LINE('',#5556,#5557);
#4243=LINE('',#5558,#5559);
#4244=VERTEX_POINT('',#5560);
#4245=LINE('',#5561,#5562);
#4246=VERTEX_POINT('',#5563);
#4247=LINE('',#5564,#5565);
#4248=LINE('',#5566,#5567);
#4249=VERTEX_POINT('',#5568);
#4250=LINE('',#5569,#5570);
#4251=LINE('',#5571,#5572);
#4252=VERTEX_POINT('',#5573);
#4253=LINE('',#5574,#5575);
#4254=VERTEX_POINT('',#5576);
#4255=LINE('',#5577,#5578);
#4256=VERTEX_POINT('',#5579);
#4257=LINE('',#5580,#5581);
#4258=VERTEX_POINT('',#5582);
#4259=LINE('',#5583,#5584);
#4260=VERTEX_POINT('',#5585);
#4261=LINE('',#5586,#5587);
#4262=VERTEX_POINT('',#5588);
#4263=LINE('',#5589,#5590);
#4264=VERTEX_POINT('',#5591);
#4265=LINE('',#5592,#5593);
#4266=VERTEX_POINT('',#5594);
#4267=LINE('',#5595,#5596);
#4268=VERTEX_POINT('',#5597);
#4269=LINE('',#5598,#5599);
#4270=LINE('',#5600,#5601);
#4271=VERTEX_POINT('',#5602);
#4272=VERTEX_POINT('',#5603);
#4273=LINE('',#5604,#5605);
#4274=VERTEX_POINT('',#5606);
#4275=LINE('',#5607,#5608);
#4276=VERTEX_POINT('',#5609);
#4277=LINE('',#5610,#5611);
#4278=VERTEX_POINT('',#5612);
#4279=LINE('',#5613,#5614);
#4280=VERTEX_POINT('',#5615);
#4281=LINE('',#5616,#5617);
#4282=VERTEX_POINT('',#5618);
#4283=LINE('',#5619,#5620);
#4284=LINE('',#5621,#5622);
#4285=VERTEX_POINT('',#5623);
#4286=LINE('',#5624,#5625);
#4287=VERTEX_POINT('',#5626);
#4288=LINE('',#5627,#5628);
#4289=VERTEX_POINT('',#5629);
#4290=LINE('',#5630,#5631);
#4291=LINE('',#5632,#5633);
#4292=LINE('',#5634,#5635);
#4293=LINE('',#5636,#5637);
#4294=LINE('',#5638,#5639);
#4295=VERTEX_POINT('',#5640);
#4296=LINE('',#5641,#5642);
#4297=LINE('',#5643,#5644);
#4298=LINE('',#5645,#5646);
#4299=VERTEX_POINT('',#5647);
#4300=VERTEX_POINT('',#5648);
#4301=LINE('',#5649,#5650);
#4302=LINE('',#5651,#5652);
#4303=LINE('',#5653,#5654);
#4304=VERTEX_POINT('',#5655);
#4305=LINE('',#5656,#5657);
#4306=LINE('',#5658,#5659);
#4307=VERTEX_POINT('',#5660);
#4308=LINE('',#5661,#5662);
#4309=VERTEX_POINT('',#5663);
#4310=LINE('',#5664,#5665);
#4311=VERTEX_POINT('',#5666);
#4312=LINE('',#5667,#5668);
#4313=VERTEX_POINT('',#5669);
#4314=LINE('',#5670,#5671);
#4315=LINE('',#5672,#5673);
#4316=LINE('',#5674,#5675);
#4317=VERTEX_POINT('',#5676);
#4318=LINE('',#5677,#5678);
#4319=LINE('',#5679,#5680);
#4320=LINE('',#5681,#5682);
#4321=LINE('',#5683,#5684);
#4322=LINE('',#5685,#5686);
#4323=VERTEX_POINT('',#5687);
#4324=LINE('',#5688,#5689);
#4325=VERTEX_POINT('',#5690);
#4326=LINE('',#5691,#5692);
#4327=VERTEX_POINT('',#5693);
#4328=LINE('',#5694,#5695);
#4329=VERTEX_POINT('',#5696);
#4330=LINE('',#5697,#5698);
#4331=VERTEX_POINT('',#5699);
#4332=LINE('',#5700,#5701);
#4333=VERTEX_POINT('',#5702);
#4334=LINE('',#5703,#5704);
#4335=VERTEX_POINT('',#5705);
#4336=LINE('',#5706,#5707);
#4337=VERTEX_POINT('',#5708);
#4338=LINE('',#5709,#5710);
#4339=VERTEX_POINT('',#5711);
#4340=LINE('',#5712,#5713);
#4341=VERTEX_POINT('',#5714);
#4342=LINE('',#5715,#5716);
#4343=LINE('',#5717,#5718);
#4344=VERTEX_POINT('',#5719);
#4345=LINE('',#5720,#5721);
#4346=VERTEX_POINT('',#5722);
#4347=LINE('',#5723,#5724);
#4348=LINE('',#5725,#5726);
#4349=VERTEX_POINT('',#5727);
#4350=LINE('',#5728,#5729);
#4351=VERTEX_POINT('',#5730);
#4352=LINE('',#5731,#5732);
#4353=VERTEX_POINT('',#5733);
#4354=LINE('',#5734,#5735);
#4355=VERTEX_POINT('',#5736);
#4356=LINE('',#5737,#5738);
#4357=VERTEX_POINT('',#5739);
#4358=LINE('',#5740,#5741);
#4359=LINE('',#5742,#5743);
#4360=VERTEX_POINT('',#5744);
#4361=LINE('',#5745,#5746);
#4362=LINE('',#5747,#5748);
#4363=VERTEX_POINT('',#5749);
#4364=LINE('',#5750,#5751);
#4365=LINE('',#5752,#5753);
#4366=VERTEX_POINT('',#5754);
#4367=LINE('',#5755,#5756);
#4368=LINE('',#5757,#5758);
#4369=LINE('',#5759,#5760);
#4370=VERTEX_POINT('',#5761);
#4371=LINE('',#5762,#5763);
#4372=LINE('',#5764,#5765);
#4373=VERTEX_POINT('',#5766);
#4374=VERTEX_POINT('',#5767);
#4375=LINE('',#5768,#5769);
#4376=VERTEX_POINT('',#5770);
#4377=LINE('',#5771,#5772);
#4378=LINE('',#5773,#5774);
#4379=VERTEX_POINT('',#5775);
#4380=LINE('',#5776,#5777);
#4381=VERTEX_POINT('',#5778);
#4382=LINE('',#5779,#5780);
#4383=VERTEX_POINT('',#5781);
#4384=LINE('',#5782,#5783);
#4385=LINE('',#5784,#5785);
#4386=VERTEX_POINT('',#5786);
#4387=LINE('',#5787,#5788);
#4388=VERTEX_POINT('',#5789);
#4389=LINE('',#5790,#5791);
#4390=LINE('',#5792,#5793);
#4391=VERTEX_POINT('',#5794);
#4392=VERTEX_POINT('',#5795);
#4393=LINE('',#5796,#5797);
#4394=VERTEX_POINT('',#5798);
#4395=LINE('',#5799,#5800);
#4396=VERTEX_POINT('',#5801);
#4397=LINE('',#5802,#5803);
#4398=VERTEX_POINT('',#5804);
#4399=LINE('',#5805,#5806);
#4400=VERTEX_POINT('',#5807);
#4401=LINE('',#5808,#5809);
#4402=VERTEX_POINT('',#5810);
#4403=LINE('',#5811,#5812);
#4404=VERTEX_POINT('',#5813);
#4405=LINE('',#5814,#5815);
#4406=LINE('',#5816,#5817);
#4407=VERTEX_POINT('',#5818);
#4408=VERTEX_POINT('',#5819);
#4409=LINE('',#5820,#5821);
#4410=VERTEX_POINT('',#5822);
#4411=LINE('',#5823,#5824);
#4412=LINE('',#5825,#5826);
#4413=VERTEX_POINT('',#5827);
#4414=LINE('',#5828,#5829);
#4415=LINE('',#5830,#5831);
#4416=VERTEX_POINT('',#5832);
#4417=LINE('',#5833,#5834);
#4418=VERTEX_POINT('',#5835);
#4419=LINE('',#5836,#5837);
#4420=LINE('',#5838,#5839);
#4421=VERTEX_POINT('',#5840);
#4422=LINE('',#5841,#5842);
#4423=LINE('',#5843,#5844);
#4424=VERTEX_POINT('',#5845);
#4425=LINE('',#5846,#5847);
#4426=VERTEX_POINT('',#5848);
#4427=LINE('',#5849,#5850);
#4428=VERTEX_POINT('',#5851);
#4429=LINE('',#5852,#5853);
#4430=VERTEX_POINT('',#5854);
#4431=LINE('',#5855,#5856);
#4432=VERTEX_POINT('',#5857);
#4433=LINE('',#5858,#5859);
#4434=VERTEX_POINT('',#5860);
#4435=LINE('',#5861,#5862);
#4436=VERTEX_POINT('',#5863);
#4437=LINE('',#5864,#5865);
#4438=LINE('',#5866,#5867);
#4439=LINE('',#5868,#5869);
#4440=LINE('',#5870,#5871);
#4441=VERTEX_POINT('',#5872);
#4442=LINE('',#5873,#5874);
#4443=VERTEX_POINT('',#5875);
#4444=LINE('',#5876,#5877);
#4445=LINE('',#5878,#5879);
#4446=VERTEX_POINT('',#5880);
#4447=LINE('',#5881,#5882);
#4448=LINE('',#5883,#5884);
#4449=VERTEX_POINT('',#5885);
#4450=LINE('',#5886,#5887);
#4451=LINE('',#5888,#5889);
#4452=LINE('',#5890,#5891);
#4453=LINE('',#5892,#5893);
#4454=LINE('',#5894,#5895);
#4455=LINE('',#5896,#5897);
#4456=LINE('',#5898,#5899);
#4457=LINE('',#5900,#5901);
#4458=LINE('',#5902,#5903);
#4459=LINE('',#5904,#5905);
#4460=LINE('',#5906,#5907);
#4461=LINE('',#5908,#5909);
#4462=VERTEX_POINT('',#5910);
#4463=LINE('',#5911,#5912);
#4464=LINE('',#5913,#5914);
#4465=LINE('',#5915,#5916);
#4466=LINE('',#5917,#5918);
#4467=VERTEX_POINT('',#5919);
#4468=LINE('',#5920,#5921);
#4469=LINE('',#5922,#5923);
#4470=LINE('',#5924,#5925);
#4471=VERTEX_POINT('',#5926);
#4472=VERTEX_POINT('',#5927);
#4473=LINE('',#5928,#5929);
#4474=LINE('',#5930,#5931);
#4475=VERTEX_POINT('',#5932);
#4476=LINE('',#5933,#5934);
#4477=VERTEX_POINT('',#5935);
#4478=LINE('',#5936,#5937);
#4479=VERTEX_POINT('',#5938);
#4480=LINE('',#5939,#5940);
#4481=VERTEX_POINT('',#5941);
#4482=LINE('',#5942,#5943);
#4483=VERTEX_POINT('',#5944);
#4484=LINE('',#5945,#5946);
#4485=VERTEX_POINT('',#5947);
#4486=LINE('',#5948,#5949);
#4487=VERTEX_POINT('',#5950);
#4488=LINE('',#5951,#5952);
#4489=VERTEX_POINT('',#5953);
#4490=LINE('',#5954,#5955);
#4491=LINE('',#5956,#5957);
#4492=LINE('',#5958,#5959);
#4493=VERTEX_POINT('',#5960);
#4494=VERTEX_POINT('',#5961);
#4495=LINE('',#5962,#5963);
#4496=VERTEX_POINT('',#5964);
#4497=LINE('',#5965,#5966);
#4498=VERTEX_POINT('',#5967);
#4499=LINE('',#5968,#5969);
#4500=VERTEX_POINT('',#5970);
#4501=LINE('',#5971,#5972);
#4502=VERTEX_POINT('',#5973);
#4503=LINE('',#5974,#5975);
#4504=VERTEX_POINT('',#5976);
#4505=LINE('',#5977,#5978);
#4506=VERTEX_POINT('',#5979);
#4507=LINE('',#5980,#5981);
#4508=LINE('',#5982,#5983);
#4509=VERTEX_POINT('',#5984);
#4510=LINE('',#5985,#5986);
#4511=VERTEX_POINT('',#5987);
#4512=LINE('',#5988,#5989);
#4513=LINE('',#5990,#5991);
#4514=VERTEX_POINT('',#5992);
#4515=LINE('',#5993,#5994);
#4516=LINE('',#5995,#5996);
#4517=VERTEX_POINT('',#5997);
#4518=LINE('',#5998,#5999);
#4519=LINE('',#6000,#6001);
#4520=VERTEX_POINT('',#6002);
#4521=LINE('',#6003,#6004);
#4522=LINE('',#6005,#6006);
#4523=VERTEX_POINT('',#6007);
#4524=LINE('',#6008,#6009);
#4525=VERTEX_POINT('',#6010);
#4526=LINE('',#6011,#6012);
#4527=VERTEX_POINT('',#6013);
#4528=LINE('',#6014,#6015);
#4529=LINE('',#6016,#6017);
#4530=VERTEX_POINT('',#6018);
#4531=LINE('',#6019,#6020);
#4532=VERTEX_POINT('',#6021);
#4533=LINE('',#6022,#6023);
#4534=LINE('',#6024,#6025);
#4535=VERTEX_POINT('',#6026);
#4536=LINE('',#6027,#6028);
#4537=VERTEX_POINT('',#6029);
#4538=LINE('',#6030,#6031);
#4539=LINE('',#6032,#6033);
#4540=LINE('',#6034,#6035);
#4541=VERTEX_POINT('',#6036);
#4542=LINE('',#6037,#6038);
#4543=LINE('',#6039,#6040);
#4544=LINE('',#6041,#6042);
#4545=VERTEX_POINT('',#6043);
#4546=LINE('',#6044,#6045);
#4547=VERTEX_POINT('',#6046);
#4548=LINE('',#6047,#6048);
#4549=VERTEX_POINT('',#6049);
#4550=LINE('',#6050,#6051);
#4551=LINE('',#6052,#6053);
#4552=VERTEX_POINT('',#6054);
#4553=LINE('',#6055,#6056);
#4554=LINE('',#6057,#6058);
#4555=VERTEX_POINT('',#6059);
#4556=LINE('',#6060,#6061);
#4557=LINE('',#6062,#6063);
#4558=LINE('',#6064,#6065);
#4559=LINE('',#6066,#6067);
#4560=VERTEX_POINT('',#6068);
#4561=LINE('',#6069,#6070);
#4562=LINE('',#6071,#6072);
#4563=VERTEX_POINT('',#6073);
#4564=LINE('',#6074,#6075);
#4565=LINE('',#6076,#6077);
#4566=VERTEX_POINT('',#6078);
#4567=LINE('',#6079,#6080);
#4568=LINE('',#6081,#6082);
#4569=LINE('',#6083,#6084);
#4570=LINE('',#6085,#6086);
#4571=VERTEX_POINT('',#6087);
#4572=VERTEX_POINT('',#6088);
#4573=LINE('',#6089,#6090);
#4574=VERTEX_POINT('',#6091);
#4575=LINE('',#6092,#6093);
#4576=VERTEX_POINT('',#6094);
#4577=LINE('',#6095,#6096);
#4578=VERTEX_POINT('',#6097);
#4579=LINE('',#6098,#6099);
#4580=VERTEX_POINT('',#6100);
#4581=LINE('',#6101,#6102);
#4582=VERTEX_POINT('',#6103);
#4583=LINE('',#6104,#6105);
#4584=VERTEX_POINT('',#6106);
#4585=LINE('',#6107,#6108);
#4586=LINE('',#6109,#6110);
#4587=VERTEX_POINT('',#6111);
#4588=VERTEX_POINT('',#6112);
#4589=LINE('',#6113,#6114);
#4590=VERTEX_POINT('',#6115);
#4591=LINE('',#6116,#6117);
#4592=VERTEX_POINT('',#6118);
#4593=LINE('',#6119,#6120);
#4594=VERTEX_POINT('',#6121);
#4595=LINE('',#6122,#6123);
#4596=VERTEX_POINT('',#6124);
#4597=LINE('',#6125,#6126);
#4598=VERTEX_POINT('',#6127);
#4599=LINE('',#6128,#6129);
#4600=VERTEX_POINT('',#6130);
#4601=LINE('',#6131,#6132);
#4602=LINE('',#6133,#6134);
#4603=VERTEX_POINT('',#6135);
#4604=VERTEX_POINT('',#6136);
#4605=LINE('',#6137,#6138);
#4606=VERTEX_POINT('',#6139);
#4607=LINE('',#6140,#6141);
#4608=VERTEX_POINT('',#6142);
#4609=LINE('',#6143,#6144);
#4610=VERTEX_POINT('',#6145);
#4611=LINE('',#6146,#6147);
#4612=VERTEX_POINT('',#6148);
#4613=LINE('',#6149,#6150);
#4614=VERTEX_POINT('',#6151);
#4615=LINE('',#6152,#6153);
#4616=VERTEX_POINT('',#6154);
#4617=LINE('',#6155,#6156);
#4618=LINE('',#6157,#6158);
#4619=VERTEX_POINT('',#6159);
#4620=VERTEX_POINT('',#6160);
#4621=LINE('',#6161,#6162);
#4622=VERTEX_POINT('',#6163);
#4623=LINE('',#6164,#6165);
#4624=VERTEX_POINT('',#6166);
#4625=LINE('',#6167,#6168);
#4626=VERTEX_POINT('',#6169);
#4627=LINE('',#6170,#6171);
#4628=VERTEX_POINT('',#6172);
#4629=LINE('',#6173,#6174);
#4630=VERTEX_POINT('',#6175);
#4631=LINE('',#6176,#6177);
#4632=VERTEX_POINT('',#6178);
#4633=LINE('',#6179,#6180);
#4634=LINE('',#6181,#6182);
#4635=LINE('',#6183,#6184);
#4636=VERTEX_POINT('',#6185);
#4637=LINE('',#6186,#6187);
#4638=VERTEX_POINT('',#6188);
#4639=LINE('',#6189,#6190);
#4640=LINE('',#6191,#6192);
#4641=VERTEX_POINT('',#6193);
#4642=LINE('',#6194,#6195);
#4643=LINE('',#6196,#6197);
#4644=VERTEX_POINT('',#6198);
#4645=LINE('',#6199,#6200);
#4646=LINE('',#6201,#6202);
#4647=VERTEX_POINT('',#6203);
#4648=LINE('',#6204,#6205);
#4649=LINE('',#6206,#6207);
#4650=VERTEX_POINT('',#6208);
#4651=LINE('',#6209,#6210);
#4652=LINE('',#6211,#6212);
#4653=VERTEX_POINT('',#6213);
#4654=LINE('',#6214,#6215);
#4655=LINE('',#6216,#6217);
#4656=VERTEX_POINT('',#6218);
#4657=LINE('',#6219,#6220);
#4658=LINE('',#6221,#6222);
#4659=LINE('',#6223,#6224);
#4660=VERTEX_POINT('',#6225);
#4661=LINE('',#6226,#6227);
#4662=VERTEX_POINT('',#6228);
#4663=LINE('',#6229,#6230);
#4664=LINE('',#6231,#6232);
#4665=VERTEX_POINT('',#6233);
#4666=LINE('',#6234,#6235);
#4667=LINE('',#6236,#6237);
#4668=VERTEX_POINT('',#6238);
#4669=LINE('',#6239,#6240);
#4670=LINE('',#6241,#6242);
#4671=VERTEX_POINT('',#6243);
#4672=LINE('',#6244,#6245);
#4673=LINE('',#6246,#6247);
#4674=VERTEX_POINT('',#6248);
#4675=LINE('',#6249,#6250);
#4676=LINE('',#6251,#6252);
#4677=VERTEX_POINT('',#6253);
#4678=LINE('',#6254,#6255);
#4679=LINE('',#6256,#6257);
#4680=VERTEX_POINT('',#6258);
#4681=LINE('',#6259,#6260);
#4682=LINE('',#6261,#6262);
#4683=LINE('',#6263,#6264);
#4684=VERTEX_POINT('',#6265);
#4685=LINE('',#6266,#6267);
#4686=VERTEX_POINT('',#6268);
#4687=LINE('',#6269,#6270);
#4688=LINE('',#6271,#6272);
#4689=VERTEX_POINT('',#6273);
#4690=LINE('',#6274,#6275);
#4691=LINE('',#6276,#6277);
#4692=VERTEX_POINT('',#6278);
#4693=LINE('',#6279,#6280);
#4694=LINE('',#6281,#6282);
#4695=VERTEX_POINT('',#6283);
#4696=LINE('',#6284,#6285);
#4697=LINE('',#6286,#6287);
#4698=VERTEX_POINT('',#6288);
#4699=LINE('',#6289,#6290);
#4700=LINE('',#6291,#6292);
#4701=VERTEX_POINT('',#6293);
#4702=LINE('',#6294,#6295);
#4703=LINE('',#6296,#6297);
#4704=VERTEX_POINT('',#6298);
#4705=LINE('',#6299,#6300);
#4706=LINE('',#6301,#6302);
#4707=LINE('',#6303,#6304);
#4708=VERTEX_POINT('',#6305);
#4709=LINE('',#6306,#6307);
#4710=VERTEX_POINT('',#6308);
#4711=LINE('',#6309,#6310);
#4712=LINE('',#6311,#6312);
#4713=VERTEX_POINT('',#6313);
#4714=LINE('',#6314,#6315);
#4715=LINE('',#6316,#6317);
#4716=VERTEX_POINT('',#6318);
#4717=LINE('',#6319,#6320);
#4718=LINE('',#6321,#6322);
#4719=VERTEX_POINT('',#6323);
#4720=LINE('',#6324,#6325);
#4721=LINE('',#6326,#6327);
#4722=VERTEX_POINT('',#6328);
#4723=LINE('',#6329,#6330);
#4724=LINE('',#6331,#6332);
#4725=VERTEX_POINT('',#6333);
#4726=LINE('',#6334,#6335);
#4727=LINE('',#6336,#6337);
#4728=VERTEX_POINT('',#6338);
#4729=LINE('',#6339,#6340);
#4730=LINE('',#6341,#6342);
#4731=LINE('',#6343,#6344);
#4732=LINE('',#6345,#6346);
#4733=VERTEX_POINT('',#6347);
#4734=LINE('',#6348,#6349);
#4735=VERTEX_POINT('',#6350);
#4736=LINE('',#6351,#6352);
#4737=VERTEX_POINT('',#6353);
#4738=LINE('',#6354,#6355);
#4739=VERTEX_POINT('',#6356);
#4740=LINE('',#6357,#6358);
#4741=LINE('',#6359,#6360);
#4742=VERTEX_POINT('',#6361);
#4743=LINE('',#6362,#6363);
#4744=VERTEX_POINT('',#6364);
#4745=LINE('',#6365,#6366);
#4746=LINE('',#6367,#6368);
#4747=VERTEX_POINT('',#6369);
#4748=LINE('',#6370,#6371);
#4749=LINE('',#6372,#6373);
#4750=VERTEX_POINT('',#6374);
#4751=LINE('',#6375,#6376);
#4752=VERTEX_POINT('',#6377);
#4753=LINE('',#6378,#6379);
#4754=LINE('',#6380,#6381);
#4755=LINE('',#6382,#6383);
#4756=VERTEX_POINT('',#6384);
#4757=LINE('',#6385,#6386);
#4758=VERTEX_POINT('',#6387);
#4759=LINE('',#6388,#6389);
#4760=VERTEX_POINT('',#6390);
#4761=LINE('',#6391,#6392);
#4762=VERTEX_POINT('',#6393);
#4763=LINE('',#6394,#6395);
#4764=VERTEX_POINT('',#6396);
#4765=LINE('',#6397,#6398);
#4766=VERTEX_POINT('',#6399);
#4767=LINE('',#6400,#6401);
#4768=VERTEX_POINT('',#6402);
#4769=LINE('',#6403,#6404);
#4770=LINE('',#6405,#6406);
#4771=VERTEX_POINT('',#6407);
#4772=LINE('',#6408,#6409);
#4773=LINE('',#6410,#6411);
#4774=VERTEX_POINT('',#6412);
#4775=LINE('',#6413,#6414);
#4776=LINE('',#6415,#6416);
#4777=LINE('',#6417,#6418);
#4778=LINE('',#6419,#6420);
#4779=LINE('',#6421,#6422);
#4780=LINE('',#6423,#6424);
#4781=LINE('',#6425,#6426);
#4782=LINE('',#6427,#6428);
#4783=LINE('',#6429,#6430);
#4784=LINE('',#6431,#6432);
#4785=VERTEX_POINT('',#6433);
#4786=LINE('',#6434,#6435);
#4787=LINE('',#6436,#6437);
#4788=LINE('',#6438,#6439);
#4789=LINE('',#6440,#6441);
#4790=LINE('',#6442,#6443);
#4791=LINE('',#6444,#6445);
#4792=VERTEX_POINT('',#6446);
#4793=LINE('',#6447,#6448);
#4794=LINE('',#6449,#6450);
#4795=LINE('',#6451,#6452);
#4796=LINE('',#6453,#6454);
#4797=VERTEX_POINT('',#6455);
#4798=LINE('',#6456,#6457);
#4799=LINE('',#6458,#6459);
#4800=VERTEX_POINT('',#6460);
#4801=CIRCLE('',#6461,1.3);
#4802=VERTEX_POINT('',#6462);
#4803=LINE('',#6463,#6464);
#4804=CIRCLE('',#6465,0.6);
#4805=VERTEX_POINT('',#6466);
#4806=LINE('',#6467,#6468);
#4807=VERTEX_POINT('',#6469);
#4808=LINE('',#6470,#6471);
#4809=VERTEX_POINT('',#6472);
#4810=LINE('',#6473,#6474);
#4811=LINE('',#6475,#6476);
#4812=CIRCLE('',#6477,0.166);
#4813=LINE('',#6478,#6479);
#4814=LINE('',#6480,#6481);
#4815=LINE('',#6482,#6483);
#4816=LINE('',#6484,#6485);
#4817=VERTEX_POINT('',#6486);
#4818=LINE('',#6487,#6488);
#4819=VERTEX_POINT('',#6489);
#4820=B_SPLINE_CURVE_WITH_KNOTS('',3,(#6490,#6491,#6492,#6493,#6494,#6495,#6496),.UNSPECIFIED.,.F.,.F.,(4,1,1,1,4),(0.0,0.25,0.5,0.75,1.0),.UNSPECIFIED.);
#4821=VERTEX_POINT('',#6497);
#4822=LINE('',#6498,#6499);
#4823=VERTEX_POINT('',#6500);
#4824=LINE('',#6501,#6502);
#4825=VERTEX_POINT('',#6503);
#4826=LINE('',#6504,#6505);
#4827=VERTEX_POINT('',#6506);
#4828=LINE('',#6507,#6508);
#4829=LINE('',#6509,#6510);
#4830=VERTEX_POINT('',#6511);
#4831=LINE('',#6512,#6513);
#4832=LINE('',#6514,#6515);
#4833=VERTEX_POINT('',#6516);
#4834=LINE('',#6517,#6518);
#4835=VERTEX_POINT('',#6519);
#4836=LINE('',#6520,#6521);
#4837=VERTEX_POINT('',#6522);
#4838=LINE('',#6523,#6524);
#4839=VERTEX_POINT('',#6525);
#4840=LINE('',#6526,#6527);
#4841=VERTEX_POINT('',#6528);
#4842=B_SPLINE_CURVE_WITH_KNOTS('',3,(#6529,#6530,#6531,#6532,#6533,#6534,#6535),.UNSPECIFIED.,.F.,.F.,(4,1,1,1,4),(0.0,0.25,0.5,0.75,1.0),.UNSPECIFIED.);
#4843=LINE('',#6536,#6537);
#4844=LINE('',#6538,#6539);
#4845=LINE('',#6540,#6541);
#4846=LINE('',#6542,#6543);
#4847=LINE('',#6544,#6545);
#4848=LINE('',#6546,#6547);
#4849=LINE('',#6548,#6549);
#4850=LINE('',#6550,#6551);
#4851=LINE('',#6552,#6553);
#4852=LINE('',#6554,#6555);
#4853=LINE('',#6556,#6557);
#4854=LINE('',#6558,#6559);
#4855=LINE('',#6560,#6561);
#4856=VERTEX_POINT('',#6562);
#4857=LINE('',#6563,#6564);
#4858=LINE('',#6565,#6566);
#4859=VERTEX_POINT('',#6567);
#4860=LINE('',#6568,#6569);
#4861=VERTEX_POINT('',#6570);
#4862=LINE('',#6571,#6572);
#4863=LINE('',#6573,#6574);
#4864=VERTEX_POINT('',#6575);
#4865=LINE('',#6576,#6577);
#4866=LINE('',#6578,#6579);
#4867=LINE('',#6580,#6581);
#4868=LINE('',#6582,#6583);
#4869=LINE('',#6584,#6585);
#4870=LINE('',#6586,#6587);
#4871=LINE('',#6588,#6589);
#4872=LINE('',#6590,#6591);
#4873=CARTESIAN_POINT('',(-1.25,-3.2,10.4));
#4874=CARTESIAN_POINT('',(-1.25,-3.2,-4.6));
#4875=CARTESIAN_POINT('',(-1.25,-3.2,10.4));
#4876=VECTOR('',#6592,15.0);
#4877=CARTESIAN_POINT('',(-3.0,-3.2,10.4));
#4878=CARTESIAN_POINT('',(-3.0,-3.2,10.4));
#4879=VECTOR('',#6593,1.75);
#4880=CARTESIAN_POINT('',(-3.0,-3.2,-1.1));
#4881=CARTESIAN_POINT('',(-3.0,-3.2,10.4));
#4882=VECTOR('',#6594,11.5);
#4883=CARTESIAN_POINT('',(-5.9,-3.2,-1.1));
#4884=CARTESIAN_POINT('',(-5.9,-3.2,-1.1));
#4885=VECTOR('',#6595,2.9);
#4886=CARTESIAN_POINT('',(-5.9,-3.2,10.4));
#4887=CARTESIAN_POINT('',(-5.9,-3.2,10.4));
#4888=VECTOR('',#6596,11.5);
#4889=CARTESIAN_POINT('',(-9.35,-3.2,10.4));
#4890=CARTESIAN_POINT('',(-9.35,-3.2,10.4));
#4891=VECTOR('',#6597,3.45);
#4892=CARTESIAN_POINT('',(-9.35,-3.2,-10.4));
#4893=CARTESIAN_POINT('',(-9.35,-3.2,-10.4));
#4894=VECTOR('',#6598,20.8);
#4895=CARTESIAN_POINT('',(-0.8,-3.2,-10.4));
#4896=CARTESIAN_POINT('',(-0.8,-3.2,-10.4));
#4897=VECTOR('',#6599,8.55);
#4898=CARTESIAN_POINT('',(-0.8,-3.2,-7.35));
#4899=CARTESIAN_POINT('',(-0.8,-3.2,-7.35));
#4900=VECTOR('',#6600,3.05);
#4901=CARTESIAN_POINT('',(1.7,-3.2,-7.35));
#4902=CARTESIAN_POINT('',(-0.8,-3.2,-7.35));
#4903=VECTOR('',#6601,2.5);
#4904=CARTESIAN_POINT('',(1.7,-3.2,-10.4));
#4905=CARTESIAN_POINT('',(1.7,-3.2,-7.35));
#4906=VECTOR('',#6602,3.05);
#4907=CARTESIAN_POINT('',(9.35,-3.2,-10.4));
#4908=CARTESIAN_POINT('',(9.35,-3.2,-10.4));
#4909=VECTOR('',#6603,7.65);
#4910=CARTESIAN_POINT('',(9.35,-3.2,10.4));
#4911=CARTESIAN_POINT('',(9.35,-3.2,10.4));
#4912=VECTOR('',#6604,20.8);
#4913=CARTESIAN_POINT('',(6.8,-3.2,10.4));
#4914=CARTESIAN_POINT('',(6.8,-3.2,10.4));
#4915=VECTOR('',#6605,2.55);
#4916=CARTESIAN_POINT('',(6.8,-3.2,-1.1));
#4917=CARTESIAN_POINT('',(6.8,-3.2,10.4));
#4918=VECTOR('',#6606,11.5);
#4919=CARTESIAN_POINT('',(3.9,-3.2,-1.1));
#4920=CARTESIAN_POINT('',(3.9,-3.2,-1.1));
#4921=VECTOR('',#6607,2.9);
#4922=CARTESIAN_POINT('',(3.9,-3.2,10.4));
#4923=CARTESIAN_POINT('',(3.9,-3.2,10.4));
#4924=VECTOR('',#6608,11.5);
#4925=CARTESIAN_POINT('',(2.15,-3.2,10.4));
#4926=CARTESIAN_POINT('',(2.15,-3.2,10.4));
#4927=VECTOR('',#6609,1.75);
#4928=CARTESIAN_POINT('',(2.15,-3.2,-4.6));
#4929=CARTESIAN_POINT('',(2.15,-3.2,10.4));
#4930=VECTOR('',#6610,15.0);
#4931=CARTESIAN_POINT('',(0.95,-3.2,-4.6));
#4932=CARTESIAN_POINT('',(0.95,-3.2,-4.6));
#4933=VECTOR('',#6611,1.2);
#4934=CARTESIAN_POINT('',(0.95,-3.2,10.4));
#4935=CARTESIAN_POINT('',(0.95,-3.2,10.4));
#4936=VECTOR('',#6612,15.0);
#4937=CARTESIAN_POINT('',(-0.05,-3.2,10.4));
#4938=CARTESIAN_POINT('',(-0.05,-3.2,10.4));
#4939=VECTOR('',#6613,1.0);
#4940=CARTESIAN_POINT('',(-0.05,-3.2,-4.6));
#4941=CARTESIAN_POINT('',(-0.05,-3.2,10.4));
#4942=VECTOR('',#6614,15.0);
#4943=CARTESIAN_POINT('',(-1.25,-3.2,-4.6));
#4944=VECTOR('',#6615,1.2);
#4945=CARTESIAN_POINT('',(-0.05,-3.1,-4.6));
#4946=CARTESIAN_POINT('',(-0.05,-3.2,-4.6));
#4947=VECTOR('',#6616,0.1);
#4948=CARTESIAN_POINT('',(-1.25,-3.1,-4.6));
#4949=CARTESIAN_POINT('',(-0.05,-3.1,-4.6));
#4950=VECTOR('',#6617,1.2);
#4951=CARTESIAN_POINT('',(-1.25,-3.1,-4.6));
#4952=VECTOR('',#6618,0.1);
#4953=CARTESIAN_POINT('',(2.15,-3.1,-4.6));
#4954=CARTESIAN_POINT('',(2.15,-3.2,-4.6));
#4955=VECTOR('',#6619,0.1);
#4956=CARTESIAN_POINT('',(0.95,-3.1,-4.6));
#4957=CARTESIAN_POINT('',(2.15,-3.1,-4.6));
#4958=VECTOR('',#6620,1.2);
#4959=CARTESIAN_POINT('',(0.95,-3.1,-4.6));
#4960=VECTOR('',#6621,0.1);
#4961=CARTESIAN_POINT('',(-1.25,-3.1,10.4));
#4962=CARTESIAN_POINT('',(-1.25,-3.1,10.4));
#4963=VECTOR('',#6622,15.0);
#4964=CARTESIAN_POINT('',(-1.25,-3.2,10.4));
#4965=VECTOR('',#6623,0.1);
#4966=CARTESIAN_POINT('',(1.2,-2.2,10.4));
#4967=CARTESIAN_POINT('',(-0.3,-2.2,10.4));
#4968=CARTESIAN_POINT('',(1.2,-2.2,10.4));
#4969=VECTOR('',#6624,1.5);
#4970=CARTESIAN_POINT('',(-0.3,-1.3,10.4));
#4971=CARTESIAN_POINT('',(-0.3,-2.2,10.4));
#4972=VECTOR('',#6625,0.9);
#4973=CARTESIAN_POINT('',(-1.8,-1.3,10.4));
#4974=CARTESIAN_POINT('',(-1.8,-1.3,10.4));
#4975=VECTOR('',#6626,1.5);
#4976=CARTESIAN_POINT('',(-1.8,-0.8,10.4));
#4977=CARTESIAN_POINT('',(-1.8,-0.8,10.4));
#4978=VECTOR('',#6627,0.5);
#4979=CARTESIAN_POINT('',(-2.45,-0.8,10.4));
#4980=CARTESIAN_POINT('',(-2.45,-0.8,10.4));
#4981=VECTOR('',#6628,0.65);
#4982=CARTESIAN_POINT('',(-2.45,1.49,10.4));
#4983=CARTESIAN_POINT('',(-2.45,1.49,10.4));
#4984=VECTOR('',#6629,2.29);
#4985=CARTESIAN_POINT('',(-3.35,1.49,10.4));
#4986=CARTESIAN_POINT('',(-3.35,1.49,10.4));
#4987=VECTOR('',#6630,0.9);
#4988=CARTESIAN_POINT('',(-3.35,-1.8,10.4));
#4989=CARTESIAN_POINT('',(-3.35,1.49,10.4));
#4990=VECTOR('',#6631,3.29);
#4991=CARTESIAN_POINT('',(-9.35,-1.8,10.4));
#4992=CARTESIAN_POINT('',(-9.35,-1.8,10.4));
#4993=VECTOR('',#6632,6.0);
#4994=CARTESIAN_POINT('',(-9.35,-3.2,10.4));
#4995=VECTOR('',#6633,1.4);
#4996=CARTESIAN_POINT('',(-5.5,-2.8,10.4));
#4997=CARTESIAN_POINT('',(-5.5,-2.8,10.4));
#4998=VECTOR('',#6634,0.5656854249492);
#4999=CARTESIAN_POINT('',(-3.4,-2.8,10.4));
#5000=CARTESIAN_POINT('',(-3.4,-2.8,10.4));
#5001=VECTOR('',#6635,2.1);
#5002=CARTESIAN_POINT('',(-3.0,-3.2,10.4));
#5003=VECTOR('',#6636,0.5656854249492);
#5004=CARTESIAN_POINT('',(-0.05,-3.1,10.4));
#5005=CARTESIAN_POINT('',(-0.05,-3.1,10.4));
#5006=VECTOR('',#6637,1.2);
#5007=CARTESIAN_POINT('',(-0.05,-3.2,10.4));
#5008=VECTOR('',#6638,0.1);
#5009=CARTESIAN_POINT('',(0.95,-3.1,10.4));
#5010=CARTESIAN_POINT('',(0.95,-3.2,10.4));
#5011=VECTOR('',#6639,0.1);
#5012=CARTESIAN_POINT('',(2.15,-3.1,10.4));
#5013=CARTESIAN_POINT('',(2.15,-3.1,10.4));
#5014=VECTOR('',#6640,1.2);
#5015=CARTESIAN_POINT('',(2.15,-3.2,10.4));
#5016=VECTOR('',#6641,0.1);
#5017=CARTESIAN_POINT('',(4.3,-2.8,10.4));
#5018=CARTESIAN_POINT('',(4.3,-2.8,10.4));
#5019=VECTOR('',#6642,0.5656854249492);
#5020=CARTESIAN_POINT('',(6.4,-2.8,10.4));
#5021=CARTESIAN_POINT('',(6.4,-2.8,10.4));
#5022=VECTOR('',#6643,2.1);
#5023=CARTESIAN_POINT('',(6.8,-3.2,10.4));
#5024=VECTOR('',#6644,0.5656854249492);
#5025=CARTESIAN_POINT('',(9.35,-1.8,10.4));
#5026=CARTESIAN_POINT('',(9.35,-3.2,10.4));
#5027=VECTOR('',#6645,1.4);
#5028=CARTESIAN_POINT('',(4.25,-1.8,10.4));
#5029=CARTESIAN_POINT('',(4.25,-1.8,10.4));
#5030=VECTOR('',#6646,5.1);
#5031=CARTESIAN_POINT('',(4.25,1.49,10.4));
#5032=CARTESIAN_POINT('',(4.25,1.49,10.4));
#5033=VECTOR('',#6647,3.29);
#5034=CARTESIAN_POINT('',(3.35,1.49,10.4));
#5035=CARTESIAN_POINT('',(3.35,1.49,10.4));
#5036=VECTOR('',#6648,0.9);
#5037=CARTESIAN_POINT('',(3.35,-0.8,10.4));
#5038=CARTESIAN_POINT('',(3.35,1.49,10.4));
#5039=VECTOR('',#6649,2.29);
#5040=CARTESIAN_POINT('',(2.7,-0.8,10.4));
#5041=CARTESIAN_POINT('',(3.35,-0.8,10.4));
#5042=VECTOR('',#6650,0.65);
#5043=CARTESIAN_POINT('',(2.7,-1.3,10.4));
#5044=CARTESIAN_POINT('',(2.7,-0.8,10.4));
#5045=VECTOR('',#6651,0.5);
#5046=CARTESIAN_POINT('',(1.2,-1.3,10.4));
#5047=CARTESIAN_POINT('',(2.7,-1.3,10.4));
#5048=VECTOR('',#6652,1.5);
#5049=CARTESIAN_POINT('',(1.2,-1.3,10.4));
#5050=VECTOR('',#6653,0.9);
#5051=CARTESIAN_POINT('',(1.2,-1.8,-0.53));
#5052=CARTESIAN_POINT('',(1.2,-1.3,-0.3959837585833));
#5053=CARTESIAN_POINT('',(1.2,-1.8,-0.53));
#5054=VECTOR('',#6654,0.5176488703392);
#5055=CARTESIAN_POINT('',(1.2,-1.8,-1.8));
#5056=CARTESIAN_POINT('',(1.2,-1.8,-1.8));
#5057=VECTOR('',#6655,1.27);
#5058=CARTESIAN_POINT('',(1.2,-2.2,-1.8));
#5059=CARTESIAN_POINT('',(1.2,-2.2,-1.8));
#5060=VECTOR('',#6656,0.4);
#5061=CARTESIAN_POINT('',(1.2,-2.2,10.4));
#5062=VECTOR('',#6657,12.2);
#5063=CARTESIAN_POINT('',(1.2,-1.3,10.4));
#5064=VECTOR('',#6658,10.79598375858);
#5065=CARTESIAN_POINT('',(1.2,0.7,2.574));
#5066=CARTESIAN_POINT('',(1.2,0.7,5.6));
#5067=CARTESIAN_POINT('',(1.2,0.7,2.574));
#5068=VECTOR('',#6659,3.026);
#5069=CARTESIAN_POINT('',(1.2,1.5,5.6));
#5070=CARTESIAN_POINT('',(1.2,0.7,5.6));
#5071=VECTOR('',#6660,0.8);
#5072=CARTESIAN_POINT('',(1.2,1.5,2.574));
#5073=CARTESIAN_POINT('',(1.2,1.5,5.6));
#5074=VECTOR('',#6661,3.026);
#5075=CARTESIAN_POINT('',(1.2,0.7,2.574));
#5076=VECTOR('',#6662,0.8);
#5077=CARTESIAN_POINT('',(2.665092528837,-1.3,1.6));
#5078=CARTESIAN_POINT('',(1.532,-1.3,1.6));
#5079=CARTESIAN_POINT('',(2.665092528837,-1.3,1.6));
#5080=VECTOR('',#6663,1.133092528837);
#5081=CARTESIAN_POINT('',(1.532,-1.299969192882,-0.3955172825948));
#5082=CARTESIAN_POINT('',(1.532,-1.3,1.6));
#5083=VECTOR('',#6664,1.995517282833);
#5084=CARTESIAN_POINT('',(1.2,-1.3,-0.3959837585833));
#5085=VECTOR('',#6665,0.3320003291398);
#5086=CARTESIAN_POINT('',(2.7,-1.3,7.1));
#5087=CARTESIAN_POINT('',(2.7,-1.3,10.4));
#5088=VECTOR('',#6666,3.3);
#5089=CARTESIAN_POINT('',(2.7,-1.3,5.6));
#5090=CARTESIAN_POINT('',(2.7,-1.3,5.6));
#5091=VECTOR('',#6667,1.5);
#5092=CARTESIAN_POINT('',(2.665092528837,-1.3,1.6));
#5093=VECTOR('',#6668,4.000152313543);
#5094=CARTESIAN_POINT('',(-1.8,-1.3,5.6));
#5095=CARTESIAN_POINT('',(-1.8,-1.3,7.1));
#5096=CARTESIAN_POINT('',(-1.8,-1.3,5.6));
#5097=VECTOR('',#6669,1.5);
#5098=CARTESIAN_POINT('',(-1.8,-1.3,10.4));
#5099=VECTOR('',#6670,3.3);
#5100=CARTESIAN_POINT('',(-0.3,-1.3,-0.3959837481748));
#5101=CARTESIAN_POINT('',(-0.3,-1.3,-0.3959837481748));
#5102=VECTOR('',#6671,10.79598374817);
#5103=CARTESIAN_POINT('',(-0.632,-1.300062886569,-0.3955425126133));
#5104=CARTESIAN_POINT('',(-0.3,-1.3,-0.3959837481748));
#5105=VECTOR('',#6672,0.3320002991618);
#5106=CARTESIAN_POINT('',(-0.632,-1.3,1.6));
#5107=CARTESIAN_POINT('',(-0.632,-1.300062886569,-0.3955425126133));
#5108=VECTOR('',#6673,1.995542513604);
#5109=CARTESIAN_POINT('',(-1.765092528837,-1.3,1.6));
#5110=CARTESIAN_POINT('',(-1.765092528837,-1.3,1.6));
#5111=VECTOR('',#6674,1.133092528837);
#5112=CARTESIAN_POINT('',(-1.765092528837,-1.3,1.6));
#5113=VECTOR('',#6675,4.000152313543);
#5114=CARTESIAN_POINT('',(2.7,-1.8,5.6));
#5115=CARTESIAN_POINT('',(2.7,-1.8,5.6));
#5116=VECTOR('',#6676,0.5);
#5117=CARTESIAN_POINT('',(2.646504300443,-1.8,-0.53));
#5118=CARTESIAN_POINT('',(2.646504300443,-1.8,-0.53));
#5119=VECTOR('',#6677,6.130233420505);
#5120=CARTESIAN_POINT('',(2.647678130507,-1.29987632103,-0.3954923974453));
#5121=CARTESIAN_POINT('',(2.646504300443,-1.8,-0.53));
#5122=VECTOR('',#6678,0.517897062444);
#5123=CARTESIAN_POINT('',(2.650518659626,-0.09597228928638,-0.07));
#5124=CARTESIAN_POINT('',(2.650518659626,-0.09597228928638,-0.07));
#5125=VECTOR('',#6679,1.247132024707);
#5126=CARTESIAN_POINT('',(2.656976541792,1.22,0.67));
#5127=CARTESIAN_POINT('',(2.656976541792,1.22,0.67));
#5128=VECTOR('',#6680,1.509776397488);
#5129=CARTESIAN_POINT('',(2.666290697401,1.5,1.737296518422));
#5130=CARTESIAN_POINT('',(2.666290697401,1.5,1.737296518422));
#5131=VECTOR('',#6681,1.103453040111);
#5132=CARTESIAN_POINT('',(2.7,1.5,5.6));
#5133=CARTESIAN_POINT('',(2.666290697401,1.5,1.737296518422));
#5134=VECTOR('',#6682,3.862850567091);
#5135=CARTESIAN_POINT('',(2.7,0.7,5.6));
#5136=CARTESIAN_POINT('',(2.7,0.7,5.6));
#5137=VECTOR('',#6683,0.8);
#5138=CARTESIAN_POINT('',(2.67120133629,0.7,2.3));
#5139=CARTESIAN_POINT('',(2.67120133629,0.7,2.3));
#5140=VECTOR('',#6684,3.300125658673);
#5141=CARTESIAN_POINT('',(2.659856408163,-0.6,1.0));
#5142=CARTESIAN_POINT('',(2.67120133629,0.7,2.3));
#5143=CARTESIAN_POINT('',(2.670255943612,0.7,2.191668729167));
#5144=CARTESIAN_POINT('',(2.66858860775,0.6743942491437,2.00061096337));
#5145=CARTESIAN_POINT('',(2.665782464208,0.5626171102111,1.679058762841));
#5146=CARTESIAN_POINT('',(2.663019559692,0.3375496850653,1.362461263946));
#5147=CARTESIAN_POINT('',(2.661055383781,0.02095354219487,1.137388997642));
#5148=CARTESIAN_POINT('',(2.660079881251,-0.3006022669412,1.025607479587));
#5149=CARTESIAN_POINT('',(2.659856408163,-0.4916646040874,1.0));
#5150=CARTESIAN_POINT('',(2.659856408163,-0.6,1.0));
#5151=CARTESIAN_POINT('',(2.659856408163,-0.7,1.0));
#5152=CARTESIAN_POINT('',(2.659856408163,-0.7,1.0));
#5153=VECTOR('',#6685,0.1);
#5154=CARTESIAN_POINT('',(2.659856408163,-0.7,1.0));
#5155=CARTESIAN_POINT('',(2.659856408163,-0.8000019039193,1.0));
#5156=CARTESIAN_POINT('',(2.660235223023,-0.9565961753093,1.043407883546));
#5157=CARTESIAN_POINT('',(2.661312949542,-1.133101957636,1.166903110478));
#5158=CARTESIAN_POINT('',(2.662853297095,-1.256594601432,1.343409457364));
#5159=CARTESIAN_POINT('',(2.664219858673,-1.3,1.500001903847));
#5160=CARTESIAN_POINT('',(2.665092528837,-1.3,1.6));
#5161=CARTESIAN_POINT('',(1.532,-0.7,1.0));
#5162=CARTESIAN_POINT('',(2.659856408163,-0.7,1.0));
#5163=VECTOR('',#6686,1.127856408163);
#5164=AXIS2_PLACEMENT_3D('',#6687,#6688,#6689);
#5165=CARTESIAN_POINT('',(1.532,1.5,2.574));
#5166=CARTESIAN_POINT('',(1.532,0.7,2.574));
#5167=CARTESIAN_POINT('',(1.532,1.5,2.574));
#5168=VECTOR('',#6690,0.8);
#5169=CARTESIAN_POINT('',(1.532,1.5,1.737296518422));
#5170=CARTESIAN_POINT('',(1.532,1.5,1.737296518422));
#5171=VECTOR('',#6691,0.8367034815782);
#5172=CARTESIAN_POINT('',(1.532,1.22,0.67));
#5173=CARTESIAN_POINT('',(1.532,1.5,1.737296518422));
#5174=VECTOR('',#6692,1.103413729403);
#5175=CARTESIAN_POINT('',(1.532,-0.09597228928638,-0.07));
#5176=CARTESIAN_POINT('',(1.532,1.22,0.67));
#5177=VECTOR('',#6693,1.509762586028);
#5178=CARTESIAN_POINT('',(1.532,-0.09597228928638,-0.07));
#5179=VECTOR('',#6694,1.247224937666);
#5180=CARTESIAN_POINT('',(1.532,-0.6,1.0));
#5181=CARTESIAN_POINT('',(1.532,-0.7,1.0));
#5182=VECTOR('',#6695,0.1);
#5183=CARTESIAN_POINT('',(1.532,0.7,2.3));
#5184=AXIS2_PLACEMENT_3D('',#6696,#6697,#6698);
#5185=CARTESIAN_POINT('',(1.532,0.7,2.3));
#5186=VECTOR('',#6699,0.274);
#5187=CARTESIAN_POINT('',(3.1,0.7,5.6));
#5188=CARTESIAN_POINT('',(3.1,0.7,5.6));
#5189=VECTOR('',#6700,0.4);
#5190=CARTESIAN_POINT('',(3.1,0.7,10.4));
#5191=CARTESIAN_POINT('',(3.1,0.7,5.6));
#5192=VECTOR('',#6701,4.8);
#5193=CARTESIAN_POINT('',(1.325,0.7,10.4));
#5194=CARTESIAN_POINT('',(3.1,0.7,10.4));
#5195=VECTOR('',#6702,1.775);
#5196=CARTESIAN_POINT('',(1.325,0.7,5.9));
#5197=CARTESIAN_POINT('',(1.325,0.7,10.4));
#5198=VECTOR('',#6703,4.5);
#5199=CARTESIAN_POINT('',(-0.425,0.7,5.9));
#5200=CARTESIAN_POINT('',(-0.425,0.7,5.9));
#5201=VECTOR('',#6704,1.75);
#5202=CARTESIAN_POINT('',(-0.425,0.7,10.4));
#5203=CARTESIAN_POINT('',(-0.425,0.7,10.4));
#5204=VECTOR('',#6705,4.5);
#5205=CARTESIAN_POINT('',(-2.2,0.7,10.4));
#5206=CARTESIAN_POINT('',(-0.425,0.7,10.4));
#5207=VECTOR('',#6706,1.775);
#5208=CARTESIAN_POINT('',(-2.2,0.7,5.6));
#5209=CARTESIAN_POINT('',(-2.2,0.7,5.6));
#5210=VECTOR('',#6707,4.8);
#5211=CARTESIAN_POINT('',(-1.8,0.7,5.6));
#5212=CARTESIAN_POINT('',(-2.2,0.7,5.6));
#5213=VECTOR('',#6708,0.4);
#5214=CARTESIAN_POINT('',(-1.77120133629,0.7,2.3));
#5215=CARTESIAN_POINT('',(-1.77120133629,0.7,2.3));
#5216=VECTOR('',#6709,3.300125658673);
#5217=CARTESIAN_POINT('',(-0.632,0.7,2.3));
#5218=CARTESIAN_POINT('',(-1.77120133629,0.7,2.3));
#5219=VECTOR('',#6710,1.13920133629);
#5220=CARTESIAN_POINT('',(-0.632,0.7,2.574));
#5221=CARTESIAN_POINT('',(-0.632,0.7,2.3));
#5222=VECTOR('',#6711,0.274);
#5223=CARTESIAN_POINT('',(-0.3,0.7,2.574));
#5224=AXIS2_PLACEMENT_3D('',#6712,#6713,#6714);
#5225=CARTESIAN_POINT('',(-0.3,0.7,5.6));
#5226=CARTESIAN_POINT('',(-0.3,0.7,2.574));
#5227=VECTOR('',#6715,3.026);
#5228=CARTESIAN_POINT('',(-0.2495174514356,0.7,0.7794479322876));
#5229=CARTESIAN_POINT('',(-0.2495174514356,0.7,0.7794479322876));
#5230=VECTOR('',#6716,4.820816396134);
#5231=CARTESIAN_POINT('',(1.149517451436,0.7,0.7794479322876));
#5232=CARTESIAN_POINT('',(1.149517451436,0.7,0.7794479322876));
#5233=VECTOR('',#6717,1.399034902871);
#5234=CARTESIAN_POINT('',(1.149517451436,0.7,0.7794479322876));
#5235=VECTOR('',#6718,4.820816396134);
#5236=AXIS2_PLACEMENT_3D('',#6719,#6720,#6721);
#5237=CARTESIAN_POINT('',(2.67120133629,0.7,2.3));
#5238=VECTOR('',#6722,1.13920133629);
#5239=CARTESIAN_POINT('',(2.659856408163,-0.6,1.0));
#5240=VECTOR('',#6723,1.127856408163);
#5241=AXIS2_PLACEMENT_3D('',#6724,#6725,#6726);
#5242=CARTESIAN_POINT('',(2.666290697401,1.5,1.737296518422));
#5243=VECTOR('',#6727,1.134290697401);
#5244=CARTESIAN_POINT('',(1.2,1.5,5.6));
#5245=VECTOR('',#6728,1.5);
#5246=CARTESIAN_POINT('',(1.2,2.8,5.6));
#5247=CARTESIAN_POINT('',(1.2,2.8,5.6));
#5248=VECTOR('',#6729,1.3);
#5249=CARTESIAN_POINT('',(3.1,2.8,5.6));
#5250=CARTESIAN_POINT('',(3.1,2.8,5.6));
#5251=VECTOR('',#6730,1.9);
#5252=CARTESIAN_POINT('',(3.1,0.7,5.6));
#5253=VECTOR('',#6731,2.1);
#5254=CARTESIAN_POINT('',(3.1,2.8,6.7));
#5255=CARTESIAN_POINT('',(3.1,2.8,6.7));
#5256=VECTOR('',#6732,1.1);
#5257=CARTESIAN_POINT('',(3.1,3.05,6.7));
#5258=CARTESIAN_POINT('',(3.1,3.05,6.7));
#5259=VECTOR('',#6733,0.25);
#5260=CARTESIAN_POINT('',(3.1,3.05,7.8));
#5261=CARTESIAN_POINT('',(3.1,3.05,7.8));
#5262=VECTOR('',#6734,1.1);
#5263=CARTESIAN_POINT('',(3.1,3.3,7.8));
#5264=CARTESIAN_POINT('',(3.1,3.3,7.8));
#5265=VECTOR('',#6735,0.25);
#5266=CARTESIAN_POINT('',(3.1,3.3,8.9));
#5267=CARTESIAN_POINT('',(3.1,3.3,8.9));
#5268=VECTOR('',#6736,1.1);
#5269=CARTESIAN_POINT('',(3.1,3.55,8.9));
#5270=CARTESIAN_POINT('',(3.1,3.55,8.9));
#5271=VECTOR('',#6737,0.25);
#5272=CARTESIAN_POINT('',(3.1,3.55,10.4));
#5273=CARTESIAN_POINT('',(3.1,3.55,10.4));
#5274=VECTOR('',#6738,1.5);
#5275=CARTESIAN_POINT('',(3.1,0.7,10.4));
#5276=VECTOR('',#6739,2.85);
#5277=CARTESIAN_POINT('',(1.325,1.9,10.4));
#5278=CARTESIAN_POINT('',(-0.425,1.9,10.4));
#5279=CARTESIAN_POINT('',(1.325,1.9,10.4));
#5280=VECTOR('',#6740,1.75);
#5281=CARTESIAN_POINT('',(1.325,0.7,10.4));
#5282=VECTOR('',#6741,1.2);
#5283=CARTESIAN_POINT('',(-2.2,3.55,10.4));
#5284=CARTESIAN_POINT('',(3.1,3.55,10.4));
#5285=VECTOR('',#6742,5.3);
#5286=CARTESIAN_POINT('',(-2.2,0.7,10.4));
#5287=VECTOR('',#6743,2.85);
#5288=CARTESIAN_POINT('',(-0.425,0.7,10.4));
#5289=VECTOR('',#6744,1.2);
#5290=CARTESIAN_POINT('',(-0.425,1.9,5.9));
#5291=CARTESIAN_POINT('',(-0.425,1.9,5.9));
#5292=VECTOR('',#6745,1.2);
#5293=CARTESIAN_POINT('',(-0.425,1.9,10.4));
#5294=VECTOR('',#6746,4.5);
#5295=CARTESIAN_POINT('',(1.325,1.9,5.9));
#5296=CARTESIAN_POINT('',(1.325,1.9,5.9));
#5297=VECTOR('',#6747,1.75);
#5298=CARTESIAN_POINT('',(1.325,1.9,10.4));
#5299=VECTOR('',#6748,4.5);
#5300=CARTESIAN_POINT('',(1.325,0.7,5.9));
#5301=VECTOR('',#6749,1.2);
#5302=CARTESIAN_POINT('',(-2.2,3.55,8.9));
#5303=CARTESIAN_POINT('',(-2.2,3.55,10.4));
#5304=VECTOR('',#6750,1.5);
#5305=CARTESIAN_POINT('',(-2.2,3.3,8.9));
#5306=CARTESIAN_POINT('',(-2.2,3.55,8.9));
#5307=VECTOR('',#6751,0.25);
#5308=CARTESIAN_POINT('',(-2.2,3.3,7.8));
#5309=CARTESIAN_POINT('',(-2.2,3.3,8.9));
#5310=VECTOR('',#6752,1.1);
#5311=CARTESIAN_POINT('',(-2.2,3.05,7.8));
#5312=CARTESIAN_POINT('',(-2.2,3.3,7.8));
#5313=VECTOR('',#6753,0.25);
#5314=CARTESIAN_POINT('',(-2.2,3.05,6.7));
#5315=CARTESIAN_POINT('',(-2.2,3.05,7.8));
#5316=VECTOR('',#6754,1.1);
#5317=CARTESIAN_POINT('',(-2.2,2.8,6.7));
#5318=CARTESIAN_POINT('',(-2.2,3.05,6.7));
#5319=VECTOR('',#6755,0.25);
#5320=CARTESIAN_POINT('',(-2.2,2.8,5.6));
#5321=CARTESIAN_POINT('',(-2.2,2.8,6.7));
#5322=VECTOR('',#6756,1.1);
#5323=CARTESIAN_POINT('',(-2.2,0.7,5.6));
#5324=VECTOR('',#6757,2.1);
#5325=CARTESIAN_POINT('',(-0.3,2.8,5.6));
#5326=CARTESIAN_POINT('',(-2.2,2.8,5.6));
#5327=VECTOR('',#6758,1.9);
#5328=CARTESIAN_POINT('',(-0.3,1.5,5.6));
#5329=CARTESIAN_POINT('',(-0.3,2.8,5.6));
#5330=VECTOR('',#6759,1.3);
#5331=CARTESIAN_POINT('',(-1.8,1.5,5.6));
#5332=CARTESIAN_POINT('',(-0.3,1.5,5.6));
#5333=VECTOR('',#6760,1.5);
#5334=CARTESIAN_POINT('',(-1.8,0.7,5.6));
#5335=VECTOR('',#6761,0.8);
#5336=CARTESIAN_POINT('',(-1.759856408163,-0.7,1.0));
#5337=CARTESIAN_POINT('',(-1.759856408163,-0.7,1.0));
#5338=CARTESIAN_POINT('',(-1.759856408163,-0.8000019039193,1.0));
#5339=CARTESIAN_POINT('',(-1.760235223023,-0.9565961753093,1.043407883546));
#5340=CARTESIAN_POINT('',(-1.761312949542,-1.133101957636,1.166903110478));
#5341=CARTESIAN_POINT('',(-1.762853297095,-1.256594601432,1.343409457364));
#5342=CARTESIAN_POINT('',(-1.764219858673,-1.3,1.500001903847));
#5343=CARTESIAN_POINT('',(-1.765092528837,-1.3,1.6));
#5344=CARTESIAN_POINT('',(-1.759856408163,-0.6,1.0));
#5345=CARTESIAN_POINT('',(-1.759856408163,-0.7,1.0));
#5346=VECTOR('',#6762,0.1);
#5347=CARTESIAN_POINT('',(-1.77120133629,0.7,2.3));
#5348=CARTESIAN_POINT('',(-1.770255943612,0.7,2.191668729167));
#5349=CARTESIAN_POINT('',(-1.76858860775,0.6743942491437,2.00061096337));
#5350=CARTESIAN_POINT('',(-1.765782464208,0.5626171102111,1.679058762841));
#5351=CARTESIAN_POINT('',(-1.763019559692,0.3375496850653,1.362461263946));
#5352=CARTESIAN_POINT('',(-1.761055383781,0.02095354219487,1.137388997642));
#5353=CARTESIAN_POINT('',(-1.760079881251,-0.3006022669412,1.025607479587));
#5354=CARTESIAN_POINT('',(-1.759856408163,-0.4916646040874,1.0));
#5355=CARTESIAN_POINT('',(-1.759856408163,-0.6,1.0));
#5356=CARTESIAN_POINT('',(-1.766290697401,1.5,1.737296518422));
#5357=CARTESIAN_POINT('',(-1.766290697401,1.5,1.737296518422));
#5358=VECTOR('',#6763,3.862850567091);
#5359=CARTESIAN_POINT('',(-1.756976541792,1.22,0.67));
#5360=CARTESIAN_POINT('',(-1.766290697401,1.5,1.737296518422));
#5361=VECTOR('',#6764,1.103453040111);
#5362=CARTESIAN_POINT('',(-1.750518659626,-0.09597228928638,-0.07));
#5363=CARTESIAN_POINT('',(-1.756976541792,1.22,0.67));
#5364=VECTOR('',#6765,1.509776397488);
#5365=CARTESIAN_POINT('',(-1.747678106418,-1.299886581029,-0.3954951577903));
#5366=CARTESIAN_POINT('',(-1.750518659626,-0.09597228928638,-0.07));
#5367=VECTOR('',#6766,1.247142649559);
#5368=CARTESIAN_POINT('',(-1.746504300443,-1.8,-0.53));
#5369=CARTESIAN_POINT('',(-1.746504300443,-1.8,-0.53));
#5370=VECTOR('',#6767,0.5178864375837);
#5371=CARTESIAN_POINT('',(-1.8,-1.8,5.6));
#5372=CARTESIAN_POINT('',(-1.8,-1.8,5.6));
#5373=VECTOR('',#6768,6.130233420505);
#5374=CARTESIAN_POINT('',(-1.8,-1.8,5.6));
#5375=VECTOR('',#6769,0.5);
#5376=CARTESIAN_POINT('',(-1.8,-1.8,7.1));
#5377=CARTESIAN_POINT('',(-1.8,-1.8,7.1));
#5378=VECTOR('',#6770,1.5);
#5379=CARTESIAN_POINT('',(-1.8,-1.8,7.1));
#5380=VECTOR('',#6771,0.5);
#5381=CARTESIAN_POINT('',(-2.45,-1.8,7.1));
#5382=CARTESIAN_POINT('',(-2.45,-1.8,7.1));
#5383=VECTOR('',#6772,0.65);
#5384=CARTESIAN_POINT('',(-2.45,-0.8,7.1));
#5385=CARTESIAN_POINT('',(-2.45,-1.8,7.1));
#5386=VECTOR('',#6773,1.0);
#5387=CARTESIAN_POINT('',(-1.8,-0.8,7.1));
#5388=CARTESIAN_POINT('',(-2.45,-0.8,7.1));
#5389=VECTOR('',#6774,0.65);
#5390=CARTESIAN_POINT('',(-1.8,-1.3,7.1));
#5391=VECTOR('',#6775,0.5);
#5392=CARTESIAN_POINT('',(-1.8,-0.8,7.1));
#5393=VECTOR('',#6776,3.3);
#5394=CARTESIAN_POINT('',(-2.45,-0.8,10.4));
#5395=VECTOR('',#6777,3.3);
#5396=CARTESIAN_POINT('',(-2.45,-2.2,-1.8));
#5397=CARTESIAN_POINT('',(-2.45,-1.8,-1.8));
#5398=CARTESIAN_POINT('',(-2.45,-2.2,-1.8));
#5399=VECTOR('',#6778,0.4);
#5400=CARTESIAN_POINT('',(-2.45,-2.2,-6.3));
#5401=CARTESIAN_POINT('',(-2.45,-2.2,-6.3));
#5402=VECTOR('',#6779,4.5);
#5403=CARTESIAN_POINT('',(-2.45,-0.35,-6.3));
#5404=CARTESIAN_POINT('',(-2.45,-2.2,-6.3));
#5405=VECTOR('',#6780,1.85);
#5406=CARTESIAN_POINT('',(-2.45,-0.35,-10.4));
#5407=CARTESIAN_POINT('',(-2.45,-0.35,-10.4));
#5408=VECTOR('',#6781,4.1);
#5409=CARTESIAN_POINT('',(-2.45,3.2,-10.4));
#5410=CARTESIAN_POINT('',(-2.45,3.2,-10.4));
#5411=VECTOR('',#6782,3.55);
#5412=CARTESIAN_POINT('',(-2.45,3.2,3.8));
#5413=CARTESIAN_POINT('',(-2.45,3.2,3.8));
#5414=VECTOR('',#6783,14.2);
#5415=CARTESIAN_POINT('',(-2.45,1.49,3.8));
#5416=CARTESIAN_POINT('',(-2.45,3.2,3.8));
#5417=VECTOR('',#6784,1.71);
#5418=CARTESIAN_POINT('',(-2.45,1.49,10.4));
#5419=VECTOR('',#6785,6.6);
#5420=CARTESIAN_POINT('',(-2.45,-1.8,-1.8));
#5421=VECTOR('',#6786,8.9);
#5422=CARTESIAN_POINT('',(2.7,-1.8,7.1));
#5423=CARTESIAN_POINT('',(2.7,-1.8,5.6));
#5424=VECTOR('',#6787,1.5);
#5425=CARTESIAN_POINT('',(3.35,-1.8,7.1));
#5426=CARTESIAN_POINT('',(3.35,-1.8,7.1));
#5427=VECTOR('',#6788,0.65);
#5428=CARTESIAN_POINT('',(3.35,-1.8,-1.8));
#5429=CARTESIAN_POINT('',(3.35,-1.8,7.1));
#5430=VECTOR('',#6789,8.9);
#5431=CARTESIAN_POINT('',(3.35,-1.8,-1.8));
#5432=VECTOR('',#6790,2.15);
#5433=CARTESIAN_POINT('',(2.646504300443,-1.8,-0.53));
#5434=VECTOR('',#6791,1.446504300443);
#5435=CARTESIAN_POINT('',(-0.3,-1.8,-1.8));
#5436=CARTESIAN_POINT('',(-0.3,-1.8,-0.53));
#5437=CARTESIAN_POINT('',(-0.3,-1.8,-1.8));
#5438=VECTOR('',#6792,1.27);
#5439=CARTESIAN_POINT('',(-2.45,-1.8,-1.8));
#5440=VECTOR('',#6793,2.15);
#5441=CARTESIAN_POINT('',(-0.3,-1.8,-0.53));
#5442=VECTOR('',#6794,1.446504300443);
#5443=CARTESIAN_POINT('',(2.647678130507,-1.29987632103,-0.3954923974453));
#5444=VECTOR('',#6795,1.11567813465);
#5445=CARTESIAN_POINT('',(2.650518659626,-0.09597228928638,-0.07));
#5446=VECTOR('',#6796,1.118518659626);
#5447=CARTESIAN_POINT('',(2.656976541792,1.22,0.67));
#5448=VECTOR('',#6797,1.124976541792);
#5449=CARTESIAN_POINT('',(3.35,-2.2,-1.8));
#5450=CARTESIAN_POINT('',(3.35,-2.2,-1.8));
#5451=VECTOR('',#6798,0.4);
#5452=CARTESIAN_POINT('',(3.35,-2.2,-1.8));
#5453=VECTOR('',#6799,2.15);
#5454=CARTESIAN_POINT('',(1.7,-2.2,-7.35));
#5455=CARTESIAN_POINT('',(1.7,-2.2,-9.8));
#5456=CARTESIAN_POINT('',(1.7,-2.2,-7.35));
#5457=VECTOR('',#6800,2.45);
#5458=CARTESIAN_POINT('',(-0.8,-2.2,-7.35));
#5459=CARTESIAN_POINT('',(-0.8,-2.2,-7.35));
#5460=VECTOR('',#6801,2.5);
#5461=CARTESIAN_POINT('',(-0.8,-2.2,-9.8));
#5462=CARTESIAN_POINT('',(-0.8,-2.2,-7.35));
#5463=VECTOR('',#6802,2.45);
#5464=CARTESIAN_POINT('',(-9.35,-2.2,-9.8));
#5465=CARTESIAN_POINT('',(-0.8,-2.2,-9.8));
#5466=VECTOR('',#6803,8.55);
#5467=CARTESIAN_POINT('',(-9.35,-2.2,-9.4));
#5468=CARTESIAN_POINT('',(-9.35,-2.2,-9.8));
#5469=VECTOR('',#6804,0.4);
#5470=CARTESIAN_POINT('',(-7.45,-2.2,-9.4));
#5471=CARTESIAN_POINT('',(-7.45,-2.2,-9.4));
#5472=VECTOR('',#6805,1.9);
#5473=CARTESIAN_POINT('',(-7.45,-2.2,-1.8));
#5474=CARTESIAN_POINT('',(-7.45,-2.2,-9.4));
#5475=VECTOR('',#6806,7.6);
#5476=CARTESIAN_POINT('',(-2.9,-2.2,-1.8));
#5477=CARTESIAN_POINT('',(-2.9,-2.2,-1.8));
#5478=VECTOR('',#6807,4.55);
#5479=CARTESIAN_POINT('',(-2.9,-2.2,-6.3));
#5480=CARTESIAN_POINT('',(-2.9,-2.2,-6.3));
#5481=VECTOR('',#6808,4.5);
#5482=CARTESIAN_POINT('',(-2.45,-2.2,-6.3));
#5483=VECTOR('',#6809,0.45);
#5484=CARTESIAN_POINT('',(-0.3,-2.2,-1.8));
#5485=CARTESIAN_POINT('',(-2.45,-2.2,-1.8));
#5486=VECTOR('',#6810,2.15);
#5487=CARTESIAN_POINT('',(-0.3,-2.2,10.4));
#5488=VECTOR('',#6811,12.2);
#5489=CARTESIAN_POINT('',(3.35,-2.2,-6.3));
#5490=CARTESIAN_POINT('',(3.35,-2.2,-6.3));
#5491=VECTOR('',#6812,4.5);
#5492=CARTESIAN_POINT('',(3.8,-2.2,-6.3));
#5493=CARTESIAN_POINT('',(3.8,-2.2,-6.3));
#5494=VECTOR('',#6813,0.45);
#5495=CARTESIAN_POINT('',(3.8,-2.2,-1.8));
#5496=CARTESIAN_POINT('',(3.8,-2.2,-6.3));
#5497=VECTOR('',#6814,4.5);
#5498=CARTESIAN_POINT('',(8.35,-2.2,-1.8));
#5499=CARTESIAN_POINT('',(8.35,-2.2,-1.8));
#5500=VECTOR('',#6815,4.55);
#5501=CARTESIAN_POINT('',(8.35,-2.2,-9.4));
#5502=CARTESIAN_POINT('',(8.35,-2.2,-9.4));
#5503=VECTOR('',#6816,7.6);
#5504=CARTESIAN_POINT('',(9.35,-2.2,-9.4));
#5505=CARTESIAN_POINT('',(9.35,-2.2,-9.4));
#5506=VECTOR('',#6817,1.0);
#5507=CARTESIAN_POINT('',(9.35,-2.2,-9.8));
#5508=CARTESIAN_POINT('',(9.35,-2.2,-9.8));
#5509=VECTOR('',#6818,0.4);
#5510=CARTESIAN_POINT('',(9.35,-2.2,-9.8));
#5511=VECTOR('',#6819,7.65);
#5512=CARTESIAN_POINT('',(9.35,-2.8,-10.4));
#5513=CARTESIAN_POINT('',(9.35,-2.8,-10.4));
#5514=VECTOR('',#6820,0.8485281374239);
#5515=CARTESIAN_POINT('',(1.7,-2.8,-10.4));
#5516=CARTESIAN_POINT('',(9.35,-2.8,-10.4));
#5517=VECTOR('',#6821,7.65);
#5518=CARTESIAN_POINT('',(1.7,-2.2,-9.8));
#5519=VECTOR('',#6822,0.8485281374239);
#5520=CARTESIAN_POINT('',(1.7,-3.2,-10.4));
#5521=VECTOR('',#6823,0.4);
#5522=CARTESIAN_POINT('',(1.7,-2.2,-7.35));
#5523=VECTOR('',#6824,1.0);
#5524=CARTESIAN_POINT('',(-0.8,-2.2,-7.35));
#5525=VECTOR('',#6825,1.0);
#5526=CARTESIAN_POINT('',(-0.8,-2.8,-10.4));
#5527=CARTESIAN_POINT('',(-0.8,-3.2,-10.4));
#5528=VECTOR('',#6826,0.4);
#5529=CARTESIAN_POINT('',(-0.8,-2.8,-10.4));
#5530=VECTOR('',#6827,0.8485281374239);
#5531=CARTESIAN_POINT('',(-9.35,-2.8,-10.4));
#5532=CARTESIAN_POINT('',(-0.8,-2.8,-10.4));
#5533=VECTOR('',#6828,8.55);
#5534=CARTESIAN_POINT('',(-9.35,-2.2,-9.8));
#5535=VECTOR('',#6829,0.8485281374239);
#5536=CARTESIAN_POINT('',(-9.35,-3.2,-10.4));
#5537=VECTOR('',#6830,0.4);
#5538=CARTESIAN_POINT('',(-9.35,-1.8,3.8));
#5539=CARTESIAN_POINT('',(-9.35,-1.8,10.4));
#5540=VECTOR('',#6831,6.6);
#5541=CARTESIAN_POINT('',(-9.35,0.45,3.8));
#5542=CARTESIAN_POINT('',(-9.35,0.45,3.8));
#5543=VECTOR('',#6832,2.25);
#5544=CARTESIAN_POINT('',(-9.35,0.45,-10.4));
#5545=CARTESIAN_POINT('',(-9.35,0.45,-10.4));
#5546=VECTOR('',#6833,14.2);
#5547=CARTESIAN_POINT('',(-9.35,-0.35,-10.4));
#5548=CARTESIAN_POINT('',(-9.35,-0.35,-10.4));
#5549=VECTOR('',#6834,0.8);
#5550=CARTESIAN_POINT('',(-9.35,-0.35,-9.4));
#5551=CARTESIAN_POINT('',(-9.35,-0.35,-10.4));
#5552=VECTOR('',#6835,1.0);
#5553=CARTESIAN_POINT('',(-9.35,-2.2,-9.4));
#5554=VECTOR('',#6836,1.85);
#5555=CARTESIAN_POINT('',(-7.45,-0.35,-9.4));
#5556=CARTESIAN_POINT('',(-9.35,-0.35,-9.4));
#5557=VECTOR('',#6837,1.9);
#5558=CARTESIAN_POINT('',(-7.45,-2.2,-9.4));
#5559=VECTOR('',#6838,1.85);
#5560=CARTESIAN_POINT('',(8.35,-0.35,-9.4));
#5561=CARTESIAN_POINT('',(8.35,-0.35,-9.4));
#5562=VECTOR('',#6839,1.85);
#5563=CARTESIAN_POINT('',(9.35,-0.35,-9.4));
#5564=CARTESIAN_POINT('',(8.35,-0.35,-9.4));
#5565=VECTOR('',#6840,1.0);
#5566=CARTESIAN_POINT('',(9.35,-2.2,-9.4));
#5567=VECTOR('',#6841,1.85);
#5568=CARTESIAN_POINT('',(-7.45,-0.35,-1.8));
#5569=CARTESIAN_POINT('',(-7.45,-0.35,-9.4));
#5570=VECTOR('',#6842,7.6);
#5571=CARTESIAN_POINT('',(-7.45,-2.2,-1.8));
#5572=VECTOR('',#6843,1.85);
#5573=CARTESIAN_POINT('',(-2.9,-0.35,-1.8));
#5574=CARTESIAN_POINT('',(-2.9,-0.35,-1.8));
#5575=VECTOR('',#6844,1.85);
#5576=CARTESIAN_POINT('',(-6.65,-0.35,-1.8));
#5577=CARTESIAN_POINT('',(-6.65,-0.35,-1.8));
#5578=VECTOR('',#6845,0.8);
#5579=CARTESIAN_POINT('',(-6.65,-1.4,-1.8));
#5580=CARTESIAN_POINT('',(-6.65,-1.4,-1.8));
#5581=VECTOR('',#6846,1.05);
#5582=CARTESIAN_POINT('',(-5.75,-1.4,-1.8));
#5583=CARTESIAN_POINT('',(-6.65,-1.4,-1.8));
#5584=VECTOR('',#6847,0.9);
#5585=CARTESIAN_POINT('',(-5.75,-0.35,-1.8));
#5586=CARTESIAN_POINT('',(-5.75,-0.35,-1.8));
#5587=VECTOR('',#6848,1.05);
#5588=CARTESIAN_POINT('',(-4.65,-0.35,-1.8));
#5589=CARTESIAN_POINT('',(-4.65,-0.35,-1.8));
#5590=VECTOR('',#6849,1.1);
#5591=CARTESIAN_POINT('',(-4.65,-1.4,-1.8));
#5592=CARTESIAN_POINT('',(-4.65,-1.4,-1.8));
#5593=VECTOR('',#6850,1.05);
#5594=CARTESIAN_POINT('',(-3.75,-1.4,-1.8));
#5595=CARTESIAN_POINT('',(-4.65,-1.4,-1.8));
#5596=VECTOR('',#6851,0.9);
#5597=CARTESIAN_POINT('',(-3.75,-0.35,-1.8));
#5598=CARTESIAN_POINT('',(-3.75,-0.35,-1.8));
#5599=VECTOR('',#6852,1.05);
#5600=CARTESIAN_POINT('',(-2.9,-0.35,-1.8));
#5601=VECTOR('',#6853,0.85);
#5602=CARTESIAN_POINT('',(5.55,-0.35,-1.8));
#5603=CARTESIAN_POINT('',(5.55,-1.4,-1.8));
#5604=CARTESIAN_POINT('',(5.55,-0.35,-1.8));
#5605=VECTOR('',#6854,1.05);
#5606=CARTESIAN_POINT('',(6.65,-0.35,-1.8));
#5607=CARTESIAN_POINT('',(6.65,-0.35,-1.8));
#5608=VECTOR('',#6855,1.1);
#5609=CARTESIAN_POINT('',(6.65,-1.4,-1.8));
#5610=CARTESIAN_POINT('',(6.65,-1.4,-1.8));
#5611=VECTOR('',#6856,1.05);
#5612=CARTESIAN_POINT('',(7.55,-1.4,-1.8));
#5613=CARTESIAN_POINT('',(6.65,-1.4,-1.8));
#5614=VECTOR('',#6857,0.9);
#5615=CARTESIAN_POINT('',(7.55,-0.35,-1.8));
#5616=CARTESIAN_POINT('',(7.55,-0.35,-1.8));
#5617=VECTOR('',#6858,1.05);
#5618=CARTESIAN_POINT('',(8.35,-0.35,-1.8));
#5619=CARTESIAN_POINT('',(8.35,-0.35,-1.8));
#5620=VECTOR('',#6859,0.8);
#5621=CARTESIAN_POINT('',(8.35,-0.35,-1.8));
#5622=VECTOR('',#6860,1.85);
#5623=CARTESIAN_POINT('',(3.8,-0.35,-1.8));
#5624=CARTESIAN_POINT('',(3.8,-2.2,-1.8));
#5625=VECTOR('',#6861,1.85);
#5626=CARTESIAN_POINT('',(4.65,-0.35,-1.8));
#5627=CARTESIAN_POINT('',(4.65,-0.35,-1.8));
#5628=VECTOR('',#6862,0.85);
#5629=CARTESIAN_POINT('',(4.65,-1.4,-1.8));
#5630=CARTESIAN_POINT('',(4.65,-1.4,-1.8));
#5631=VECTOR('',#6863,1.05);
#5632=CARTESIAN_POINT('',(4.65,-1.4,-1.8));
#5633=VECTOR('',#6864,0.9);
#5634=CARTESIAN_POINT('',(-4.65,-0.35,-1.8));
#5635=VECTOR('',#6865,0.9);
#5636=CARTESIAN_POINT('',(-6.65,-0.35,-1.8));
#5637=VECTOR('',#6866,0.9);
#5638=CARTESIAN_POINT('',(-2.45,-0.35,-10.4));
#5639=VECTOR('',#6867,6.9);
#5640=CARTESIAN_POINT('',(-2.9,-0.35,-6.3));
#5641=CARTESIAN_POINT('',(-2.9,-0.35,-6.3));
#5642=VECTOR('',#6868,0.45);
#5643=CARTESIAN_POINT('',(-2.9,-0.35,-6.3));
#5644=VECTOR('',#6869,4.5);
#5645=CARTESIAN_POINT('',(-2.9,-0.35,-6.3));
#5646=VECTOR('',#6870,1.85);
#5647=CARTESIAN_POINT('',(3.35,-0.35,-6.3));
#5648=CARTESIAN_POINT('',(3.8,-0.35,-6.3));
#5649=CARTESIAN_POINT('',(3.35,-0.35,-6.3));
#5650=VECTOR('',#6871,0.45);
#5651=CARTESIAN_POINT('',(3.8,-2.2,-6.3));
#5652=VECTOR('',#6872,1.85);
#5653=CARTESIAN_POINT('',(3.35,-2.2,-6.3));
#5654=VECTOR('',#6873,1.85);
#5655=CARTESIAN_POINT('',(3.35,-0.8,7.1));
#5656=CARTESIAN_POINT('',(3.35,-1.8,7.1));
#5657=VECTOR('',#6874,1.0);
#5658=CARTESIAN_POINT('',(3.35,-0.8,10.4));
#5659=VECTOR('',#6875,3.3);
#5660=CARTESIAN_POINT('',(3.35,1.49,3.8));
#5661=CARTESIAN_POINT('',(3.35,1.49,10.4));
#5662=VECTOR('',#6876,6.6);
#5663=CARTESIAN_POINT('',(3.35,3.2,3.8));
#5664=CARTESIAN_POINT('',(3.35,3.2,3.8));
#5665=VECTOR('',#6877,1.71);
#5666=CARTESIAN_POINT('',(3.35,3.2,-10.4));
#5667=CARTESIAN_POINT('',(3.35,3.2,3.8));
#5668=VECTOR('',#6878,14.2);
#5669=CARTESIAN_POINT('',(3.35,-0.35,-10.4));
#5670=CARTESIAN_POINT('',(3.35,3.2,-10.4));
#5671=VECTOR('',#6879,3.55);
#5672=CARTESIAN_POINT('',(3.35,-0.35,-10.4));
#5673=VECTOR('',#6880,4.1);
#5674=CARTESIAN_POINT('',(3.8,-0.35,-6.3));
#5675=VECTOR('',#6881,4.5);
#5676=CARTESIAN_POINT('',(9.35,-0.35,-10.4));
#5677=CARTESIAN_POINT('',(9.35,-0.35,-10.4));
#5678=VECTOR('',#6882,6.0);
#5679=CARTESIAN_POINT('',(9.35,-0.35,-10.4));
#5680=VECTOR('',#6883,1.0);
#5681=CARTESIAN_POINT('',(8.35,-0.35,-9.4));
#5682=VECTOR('',#6884,7.6);
#5683=CARTESIAN_POINT('',(6.65,-0.35,-1.8));
#5684=VECTOR('',#6885,0.9);
#5685=CARTESIAN_POINT('',(4.65,-0.35,-1.8));
#5686=VECTOR('',#6886,0.9);
#5687=CARTESIAN_POINT('',(5.55,1.14,-1.8));
#5688=CARTESIAN_POINT('',(5.55,-0.35,-1.8));
#5689=VECTOR('',#6887,1.49);
#5690=CARTESIAN_POINT('',(5.95,1.14,-1.8));
#5691=CARTESIAN_POINT('',(5.95,1.14,-1.8));
#5692=VECTOR('',#6888,0.4);
#5693=CARTESIAN_POINT('',(5.95,1.89,-1.8));
#5694=CARTESIAN_POINT('',(5.95,1.14,-1.8));
#5695=VECTOR('',#6889,0.75);
#5696=CARTESIAN_POINT('',(5.55,1.89,-1.8));
#5697=CARTESIAN_POINT('',(5.95,1.89,-1.8));
#5698=VECTOR('',#6890,0.4);
#5699=CARTESIAN_POINT('',(5.55,2.35,-1.8));
#5700=CARTESIAN_POINT('',(5.55,1.89,-1.8));
#5701=VECTOR('',#6891,0.46);
#5702=CARTESIAN_POINT('',(4.65,2.35,-1.8));
#5703=CARTESIAN_POINT('',(5.55,2.35,-1.8));
#5704=VECTOR('',#6892,0.9);
#5705=CARTESIAN_POINT('',(4.65,1.89,-1.8));
#5706=CARTESIAN_POINT('',(4.65,2.35,-1.8));
#5707=VECTOR('',#6893,0.46);
#5708=CARTESIAN_POINT('',(4.25,1.89,-1.8));
#5709=CARTESIAN_POINT('',(4.65,1.89,-1.8));
#5710=VECTOR('',#6894,0.4);
#5711=CARTESIAN_POINT('',(4.25,1.14,-1.8));
#5712=CARTESIAN_POINT('',(4.25,1.89,-1.8));
#5713=VECTOR('',#6895,0.75);
#5714=CARTESIAN_POINT('',(4.65,1.14,-1.8));
#5715=CARTESIAN_POINT('',(4.25,1.14,-1.8));
#5716=VECTOR('',#6896,0.4);
#5717=CARTESIAN_POINT('',(4.65,-0.35,-1.8));
#5718=VECTOR('',#6897,1.49);
#5719=CARTESIAN_POINT('',(4.65,1.14,-0.8));
#5720=CARTESIAN_POINT('',(4.65,1.14,-1.8));
#5721=VECTOR('',#6898,1.0);
#5722=CARTESIAN_POINT('',(4.65,-1.4,-0.8));
#5723=CARTESIAN_POINT('',(4.65,1.14,-0.8));
#5724=VECTOR('',#6899,2.54);
#5725=CARTESIAN_POINT('',(4.65,-1.4,-1.8));
#5726=VECTOR('',#6900,1.0);
#5727=CARTESIAN_POINT('',(4.25,-1.4,-0.8));
#5728=CARTESIAN_POINT('',(4.25,-1.4,-0.8));
#5729=VECTOR('',#6901,0.4);
#5730=CARTESIAN_POINT('',(4.25,-1.4,3.8));
#5731=CARTESIAN_POINT('',(4.25,-1.4,3.8));
#5732=VECTOR('',#6902,4.6);
#5733=CARTESIAN_POINT('',(5.95,-1.4,3.8));
#5734=CARTESIAN_POINT('',(4.25,-1.4,3.8));
#5735=VECTOR('',#6903,1.7);
#5736=CARTESIAN_POINT('',(5.95,-1.4,-0.8));
#5737=CARTESIAN_POINT('',(5.95,-1.4,3.8));
#5738=VECTOR('',#6904,4.6);
#5739=CARTESIAN_POINT('',(5.55,-1.4,-0.8));
#5740=CARTESIAN_POINT('',(5.95,-1.4,-0.8));
#5741=VECTOR('',#6905,0.4);
#5742=CARTESIAN_POINT('',(5.55,-1.4,-1.8));
#5743=VECTOR('',#6906,1.0);
#5744=CARTESIAN_POINT('',(5.55,1.14,-0.8));
#5745=CARTESIAN_POINT('',(5.55,-1.4,-0.8));
#5746=VECTOR('',#6907,2.54);
#5747=CARTESIAN_POINT('',(5.55,1.14,-0.8));
#5748=VECTOR('',#6908,1.0);
#5749=CARTESIAN_POINT('',(5.95,1.14,-0.8));
#5750=CARTESIAN_POINT('',(5.95,1.14,-0.8));
#5751=VECTOR('',#6909,0.4);
#5752=CARTESIAN_POINT('',(5.95,1.14,-1.8));
#5753=VECTOR('',#6910,1.0);
#5754=CARTESIAN_POINT('',(5.95,1.89,3.8));
#5755=CARTESIAN_POINT('',(5.95,-1.4,3.8));
#5756=VECTOR('',#6911,3.29);
#5757=CARTESIAN_POINT('',(5.95,1.89,3.8));
#5758=VECTOR('',#6912,5.6);
#5759=CARTESIAN_POINT('',(5.95,-1.4,-0.8));
#5760=VECTOR('',#6913,2.54);
#5761=CARTESIAN_POINT('',(5.55,1.89,3.8));
#5762=CARTESIAN_POINT('',(5.55,1.89,3.8));
#5763=VECTOR('',#6914,5.6);
#5764=CARTESIAN_POINT('',(5.95,1.89,3.8));
#5765=VECTOR('',#6915,0.4);
#5766=CARTESIAN_POINT('',(4.65,2.35,3.8));
#5767=CARTESIAN_POINT('',(4.65,1.89,3.8));
#5768=CARTESIAN_POINT('',(4.65,2.35,3.8));
#5769=VECTOR('',#6916,0.46);
#5770=CARTESIAN_POINT('',(5.55,2.35,3.8));
#5771=CARTESIAN_POINT('',(5.55,2.35,3.8));
#5772=VECTOR('',#6917,0.9);
#5773=CARTESIAN_POINT('',(5.55,1.89,3.8));
#5774=VECTOR('',#6918,0.46);
#5775=CARTESIAN_POINT('',(4.25,-1.8,3.8));
#5776=CARTESIAN_POINT('',(4.25,-1.4,3.8));
#5777=VECTOR('',#6919,0.4);
#5778=CARTESIAN_POINT('',(9.35,-1.8,3.8));
#5779=CARTESIAN_POINT('',(9.35,-1.8,3.8));
#5780=VECTOR('',#6920,5.1);
#5781=CARTESIAN_POINT('',(9.35,3.2,3.8));
#5782=CARTESIAN_POINT('',(9.35,3.2,3.8));
#5783=VECTOR('',#6921,5.0);
#5784=CARTESIAN_POINT('',(3.35,3.2,3.8));
#5785=VECTOR('',#6922,6.0);
#5786=CARTESIAN_POINT('',(4.25,1.49,3.8));
#5787=CARTESIAN_POINT('',(4.25,1.49,3.8));
#5788=VECTOR('',#6923,0.9);
#5789=CARTESIAN_POINT('',(4.25,1.89,3.8));
#5790=CARTESIAN_POINT('',(4.25,1.89,3.8));
#5791=VECTOR('',#6924,0.4);
#5792=CARTESIAN_POINT('',(4.65,1.89,3.8));
#5793=VECTOR('',#6925,0.4);
#5794=CARTESIAN_POINT('',(6.65,1.89,3.8));
#5795=CARTESIAN_POINT('',(6.25,1.89,3.8));
#5796=CARTESIAN_POINT('',(6.65,1.89,3.8));
#5797=VECTOR('',#6926,0.4);
#5798=CARTESIAN_POINT('',(6.65,2.35,3.8));
#5799=CARTESIAN_POINT('',(6.65,2.35,3.8));
#5800=VECTOR('',#6927,0.46);
#5801=CARTESIAN_POINT('',(7.55,2.35,3.8));
#5802=CARTESIAN_POINT('',(7.55,2.35,3.8));
#5803=VECTOR('',#6928,0.9);
#5804=CARTESIAN_POINT('',(7.55,1.89,3.8));
#5805=CARTESIAN_POINT('',(7.55,1.89,3.8));
#5806=VECTOR('',#6929,0.46);
#5807=CARTESIAN_POINT('',(7.95,1.89,3.8));
#5808=CARTESIAN_POINT('',(7.95,1.89,3.8));
#5809=VECTOR('',#6930,0.4);
#5810=CARTESIAN_POINT('',(7.95,-1.4,3.8));
#5811=CARTESIAN_POINT('',(7.95,-1.4,3.8));
#5812=VECTOR('',#6931,3.29);
#5813=CARTESIAN_POINT('',(6.25,-1.4,3.8));
#5814=CARTESIAN_POINT('',(6.25,-1.4,3.8));
#5815=VECTOR('',#6932,1.7);
#5816=CARTESIAN_POINT('',(6.25,-1.4,3.8));
#5817=VECTOR('',#6933,3.29);
#5818=CARTESIAN_POINT('',(6.25,1.14,-1.8));
#5819=CARTESIAN_POINT('',(6.25,1.14,-0.8));
#5820=CARTESIAN_POINT('',(6.25,1.14,-1.8));
#5821=VECTOR('',#6934,1.0);
#5822=CARTESIAN_POINT('',(6.25,1.89,-1.8));
#5823=CARTESIAN_POINT('',(6.25,1.89,-1.8));
#5824=VECTOR('',#6935,0.75);
#5825=CARTESIAN_POINT('',(6.25,1.89,3.8));
#5826=VECTOR('',#6936,5.6);
#5827=CARTESIAN_POINT('',(6.25,-1.4,-0.8));
#5828=CARTESIAN_POINT('',(6.25,-1.4,3.8));
#5829=VECTOR('',#6937,4.6);
#5830=CARTESIAN_POINT('',(6.25,-1.4,-0.8));
#5831=VECTOR('',#6938,2.54);
#5832=CARTESIAN_POINT('',(6.65,-1.4,-0.8));
#5833=CARTESIAN_POINT('',(6.25,-1.4,-0.8));
#5834=VECTOR('',#6939,0.4);
#5835=CARTESIAN_POINT('',(6.65,1.14,-0.8));
#5836=CARTESIAN_POINT('',(6.65,1.14,-0.8));
#5837=VECTOR('',#6940,2.54);
#5838=CARTESIAN_POINT('',(6.25,1.14,-0.8));
#5839=VECTOR('',#6941,0.4);
#5840=CARTESIAN_POINT('',(6.65,1.14,-1.8));
#5841=CARTESIAN_POINT('',(6.65,1.14,-1.8));
#5842=VECTOR('',#6942,1.0);
#5843=CARTESIAN_POINT('',(6.25,1.14,-1.8));
#5844=VECTOR('',#6943,0.4);
#5845=CARTESIAN_POINT('',(7.55,1.14,-1.8));
#5846=CARTESIAN_POINT('',(7.55,-0.35,-1.8));
#5847=VECTOR('',#6944,1.49);
#5848=CARTESIAN_POINT('',(7.95,1.14,-1.8));
#5849=CARTESIAN_POINT('',(7.95,1.14,-1.8));
#5850=VECTOR('',#6945,0.4);
#5851=CARTESIAN_POINT('',(7.95,1.89,-1.8));
#5852=CARTESIAN_POINT('',(7.95,1.14,-1.8));
#5853=VECTOR('',#6946,0.75);
#5854=CARTESIAN_POINT('',(7.55,1.89,-1.8));
#5855=CARTESIAN_POINT('',(7.95,1.89,-1.8));
#5856=VECTOR('',#6947,0.4);
#5857=CARTESIAN_POINT('',(7.55,2.35,-1.8));
#5858=CARTESIAN_POINT('',(7.55,1.89,-1.8));
#5859=VECTOR('',#6948,0.46);
#5860=CARTESIAN_POINT('',(6.65,2.35,-1.8));
#5861=CARTESIAN_POINT('',(7.55,2.35,-1.8));
#5862=VECTOR('',#6949,0.9);
#5863=CARTESIAN_POINT('',(6.65,1.89,-1.8));
#5864=CARTESIAN_POINT('',(6.65,2.35,-1.8));
#5865=VECTOR('',#6950,0.46);
#5866=CARTESIAN_POINT('',(6.65,1.89,-1.8));
#5867=VECTOR('',#6951,0.4);
#5868=CARTESIAN_POINT('',(6.65,-0.35,-1.8));
#5869=VECTOR('',#6952,1.49);
#5870=CARTESIAN_POINT('',(6.65,-1.4,-1.8));
#5871=VECTOR('',#6953,1.0);
#5872=CARTESIAN_POINT('',(7.95,-1.4,-0.8));
#5873=CARTESIAN_POINT('',(7.95,-1.4,3.8));
#5874=VECTOR('',#6954,4.6);
#5875=CARTESIAN_POINT('',(7.55,-1.4,-0.8));
#5876=CARTESIAN_POINT('',(7.95,-1.4,-0.8));
#5877=VECTOR('',#6955,0.4);
#5878=CARTESIAN_POINT('',(7.55,-1.4,-1.8));
#5879=VECTOR('',#6956,1.0);
#5880=CARTESIAN_POINT('',(7.55,1.14,-0.8));
#5881=CARTESIAN_POINT('',(7.55,-1.4,-0.8));
#5882=VECTOR('',#6957,2.54);
#5883=CARTESIAN_POINT('',(7.55,1.14,-0.8));
#5884=VECTOR('',#6958,1.0);
#5885=CARTESIAN_POINT('',(7.95,1.14,-0.8));
#5886=CARTESIAN_POINT('',(7.95,1.14,-0.8));
#5887=VECTOR('',#6959,0.4);
#5888=CARTESIAN_POINT('',(7.95,1.14,-1.8));
#5889=VECTOR('',#6960,1.0);
#5890=CARTESIAN_POINT('',(7.95,1.89,3.8));
#5891=VECTOR('',#6961,5.6);
#5892=CARTESIAN_POINT('',(7.95,-1.4,-0.8));
#5893=VECTOR('',#6962,2.54);
#5894=CARTESIAN_POINT('',(7.55,1.89,3.8));
#5895=VECTOR('',#6963,5.6);
#5896=CARTESIAN_POINT('',(7.55,2.35,3.8));
#5897=VECTOR('',#6964,5.6);
#5898=CARTESIAN_POINT('',(6.65,2.35,3.8));
#5899=VECTOR('',#6965,5.6);
#5900=CARTESIAN_POINT('',(6.65,1.89,3.8));
#5901=VECTOR('',#6966,5.6);
#5902=CARTESIAN_POINT('',(4.25,1.89,3.8));
#5903=VECTOR('',#6967,5.6);
#5904=CARTESIAN_POINT('',(4.65,1.89,3.8));
#5905=VECTOR('',#6968,5.6);
#5906=CARTESIAN_POINT('',(4.65,2.35,3.8));
#5907=VECTOR('',#6969,5.6);
#5908=CARTESIAN_POINT('',(5.55,2.35,3.8));
#5909=VECTOR('',#6970,5.6);
#5910=CARTESIAN_POINT('',(4.25,1.14,-0.8));
#5911=CARTESIAN_POINT('',(4.25,-1.4,-0.8));
#5912=VECTOR('',#6971,2.54);
#5913=CARTESIAN_POINT('',(4.25,1.14,-1.8));
#5914=VECTOR('',#6972,1.0);
#5915=CARTESIAN_POINT('',(4.25,1.49,10.4));
#5916=VECTOR('',#6973,6.6);
#5917=CARTESIAN_POINT('',(4.25,-1.8,3.8));
#5918=VECTOR('',#6974,6.6);
#5919=CARTESIAN_POINT('',(-3.35,-1.8,3.8));
#5920=CARTESIAN_POINT('',(-3.35,-1.8,10.4));
#5921=VECTOR('',#6975,6.6);
#5922=CARTESIAN_POINT('',(-3.35,-1.8,3.8));
#5923=VECTOR('',#6976,6.0);
#5924=CARTESIAN_POINT('',(9.35,-1.8,10.4));
#5925=VECTOR('',#6977,6.6);
#5926=CARTESIAN_POINT('',(-8.25,3.2,3.8));
#5927=CARTESIAN_POINT('',(-8.25,0.45,3.8));
#5928=CARTESIAN_POINT('',(-8.25,3.2,3.8));
#5929=VECTOR('',#6978,2.75);
#5930=CARTESIAN_POINT('',(-9.35,0.45,3.8));
#5931=VECTOR('',#6979,1.1);
#5932=CARTESIAN_POINT('',(-3.35,-1.4,3.8));
#5933=CARTESIAN_POINT('',(-3.35,-1.4,3.8));
#5934=VECTOR('',#6980,0.4);
#5935=CARTESIAN_POINT('',(-5.05,-1.4,3.8));
#5936=CARTESIAN_POINT('',(-5.05,-1.4,3.8));
#5937=VECTOR('',#6981,1.7);
#5938=CARTESIAN_POINT('',(-5.05,1.49,3.8));
#5939=CARTESIAN_POINT('',(-5.05,-1.4,3.8));
#5940=VECTOR('',#6982,2.89);
#5941=CARTESIAN_POINT('',(-4.65,1.49,3.8));
#5942=CARTESIAN_POINT('',(-4.65,1.49,3.8));
#5943=VECTOR('',#6983,0.4);
#5944=CARTESIAN_POINT('',(-4.65,2.35,3.8));
#5945=CARTESIAN_POINT('',(-4.65,2.35,3.8));
#5946=VECTOR('',#6984,0.86);
#5947=CARTESIAN_POINT('',(-3.75,2.35,3.8));
#5948=CARTESIAN_POINT('',(-3.75,2.35,3.8));
#5949=VECTOR('',#6985,0.9);
#5950=CARTESIAN_POINT('',(-3.75,1.49,3.8));
#5951=CARTESIAN_POINT('',(-3.75,1.49,3.8));
#5952=VECTOR('',#6986,0.86);
#5953=CARTESIAN_POINT('',(-3.35,1.49,3.8));
#5954=CARTESIAN_POINT('',(-3.35,1.49,3.8));
#5955=VECTOR('',#6987,0.4);
#5956=CARTESIAN_POINT('',(-2.45,1.49,3.8));
#5957=VECTOR('',#6988,0.9);
#5958=CARTESIAN_POINT('',(-8.25,3.2,3.8));
#5959=VECTOR('',#6989,5.8);
#5960=CARTESIAN_POINT('',(-5.75,2.35,3.8));
#5961=CARTESIAN_POINT('',(-6.65,2.35,3.8));
#5962=CARTESIAN_POINT('',(-5.75,2.35,3.8));
#5963=VECTOR('',#6990,0.9);
#5964=CARTESIAN_POINT('',(-5.75,1.49,3.8));
#5965=CARTESIAN_POINT('',(-5.75,1.49,3.8));
#5966=VECTOR('',#6991,0.86);
#5967=CARTESIAN_POINT('',(-5.35,1.49,3.8));
#5968=CARTESIAN_POINT('',(-5.35,1.49,3.8));
#5969=VECTOR('',#6992,0.4);
#5970=CARTESIAN_POINT('',(-5.35,-1.4,3.8));
#5971=CARTESIAN_POINT('',(-5.35,-1.4,3.8));
#5972=VECTOR('',#6993,2.89);
#5973=CARTESIAN_POINT('',(-7.05,-1.4,3.8));
#5974=CARTESIAN_POINT('',(-7.05,-1.4,3.8));
#5975=VECTOR('',#6994,1.7);
#5976=CARTESIAN_POINT('',(-7.05,1.49,3.8));
#5977=CARTESIAN_POINT('',(-7.05,-1.4,3.8));
#5978=VECTOR('',#6995,2.89);
#5979=CARTESIAN_POINT('',(-6.65,1.49,3.8));
#5980=CARTESIAN_POINT('',(-6.65,1.49,3.8));
#5981=VECTOR('',#6996,0.4);
#5982=CARTESIAN_POINT('',(-6.65,2.35,3.8));
#5983=VECTOR('',#6997,0.86);
#5984=CARTESIAN_POINT('',(-6.65,1.49,-1.8));
#5985=CARTESIAN_POINT('',(-6.65,1.49,3.8));
#5986=VECTOR('',#6998,5.6);
#5987=CARTESIAN_POINT('',(-6.65,2.35,-1.8));
#5988=CARTESIAN_POINT('',(-6.65,2.35,-1.8));
#5989=VECTOR('',#6999,0.86);
#5990=CARTESIAN_POINT('',(-6.65,2.35,3.8));
#5991=VECTOR('',#7000,5.6);
#5992=CARTESIAN_POINT('',(-5.75,2.35,-1.8));
#5993=CARTESIAN_POINT('',(-5.75,2.35,-1.8));
#5994=VECTOR('',#7001,0.9);
#5995=CARTESIAN_POINT('',(-5.75,2.35,3.8));
#5996=VECTOR('',#7002,5.6);
#5997=CARTESIAN_POINT('',(-5.75,1.49,-1.8));
#5998=CARTESIAN_POINT('',(-5.75,1.49,-1.8));
#5999=VECTOR('',#7003,0.86);
#6000=CARTESIAN_POINT('',(-5.75,1.49,3.8));
#6001=VECTOR('',#7004,5.6);
#6002=CARTESIAN_POINT('',(-5.35,1.49,-1.8));
#6003=CARTESIAN_POINT('',(-5.35,1.49,-1.8));
#6004=VECTOR('',#7005,0.4);
#6005=CARTESIAN_POINT('',(-5.35,1.49,3.8));
#6006=VECTOR('',#7006,5.6);
#6007=CARTESIAN_POINT('',(-5.35,-1.4,-0.8));
#6008=CARTESIAN_POINT('',(-5.35,-1.4,3.8));
#6009=VECTOR('',#7007,4.6);
#6010=CARTESIAN_POINT('',(-5.35,1.14,-1.8));
#6011=CARTESIAN_POINT('',(-5.35,1.14,-1.8));
#6012=VECTOR('',#7008,0.35);
#6013=CARTESIAN_POINT('',(-5.35,1.14,-0.8));
#6014=CARTESIAN_POINT('',(-5.35,1.14,-1.8));
#6015=VECTOR('',#7009,1.0);
#6016=CARTESIAN_POINT('',(-5.35,-1.4,-0.8));
#6017=VECTOR('',#7010,2.54);
#6018=CARTESIAN_POINT('',(-5.75,1.14,-0.8));
#6019=CARTESIAN_POINT('',(-5.35,1.14,-0.8));
#6020=VECTOR('',#7011,0.4);
#6021=CARTESIAN_POINT('',(-5.75,-1.4,-0.8));
#6022=CARTESIAN_POINT('',(-5.75,-1.4,-0.8));
#6023=VECTOR('',#7012,2.54);
#6024=CARTESIAN_POINT('',(-5.35,-1.4,-0.8));
#6025=VECTOR('',#7013,0.4);
#6026=CARTESIAN_POINT('',(-6.65,-1.4,-0.8));
#6027=CARTESIAN_POINT('',(-6.65,-1.4,-1.8));
#6028=VECTOR('',#7014,1.0);
#6029=CARTESIAN_POINT('',(-7.05,-1.4,-0.8));
#6030=CARTESIAN_POINT('',(-7.05,-1.4,-0.8));
#6031=VECTOR('',#7015,0.4);
#6032=CARTESIAN_POINT('',(-7.05,-1.4,3.8));
#6033=VECTOR('',#7016,4.6);
#6034=CARTESIAN_POINT('',(-5.75,-1.4,-1.8));
#6035=VECTOR('',#7017,1.0);
#6036=CARTESIAN_POINT('',(-5.75,1.14,-1.8));
#6037=CARTESIAN_POINT('',(-5.75,1.14,-0.8));
#6038=VECTOR('',#7018,1.0);
#6039=CARTESIAN_POINT('',(-5.75,-0.35,-1.8));
#6040=VECTOR('',#7019,1.49);
#6041=CARTESIAN_POINT('',(-5.35,1.14,-1.8));
#6042=VECTOR('',#7020,0.4);
#6043=CARTESIAN_POINT('',(-7.05,1.49,-1.8));
#6044=CARTESIAN_POINT('',(-6.65,1.49,-1.8));
#6045=VECTOR('',#7021,0.4);
#6046=CARTESIAN_POINT('',(-7.05,1.14,-1.8));
#6047=CARTESIAN_POINT('',(-7.05,1.49,-1.8));
#6048=VECTOR('',#7022,0.35);
#6049=CARTESIAN_POINT('',(-6.65,1.14,-1.8));
#6050=CARTESIAN_POINT('',(-7.05,1.14,-1.8));
#6051=VECTOR('',#7023,0.4);
#6052=CARTESIAN_POINT('',(-6.65,-0.35,-1.8));
#6053=VECTOR('',#7024,1.49);
#6054=CARTESIAN_POINT('',(-6.65,1.14,-0.8));
#6055=CARTESIAN_POINT('',(-6.65,1.14,-1.8));
#6056=VECTOR('',#7025,1.0);
#6057=CARTESIAN_POINT('',(-6.65,1.14,-0.8));
#6058=VECTOR('',#7026,2.54);
#6059=CARTESIAN_POINT('',(-7.05,1.14,-0.8));
#6060=CARTESIAN_POINT('',(-7.05,1.14,-0.8));
#6061=VECTOR('',#7027,0.4);
#6062=CARTESIAN_POINT('',(-7.05,-1.4,-0.8));
#6063=VECTOR('',#7028,2.54);
#6064=CARTESIAN_POINT('',(-7.05,1.14,-1.8));
#6065=VECTOR('',#7029,1.0);
#6066=CARTESIAN_POINT('',(-7.05,1.49,3.8));
#6067=VECTOR('',#7030,5.6);
#6068=CARTESIAN_POINT('',(-8.25,3.2,-10.4));
#6069=CARTESIAN_POINT('',(-2.45,3.2,-10.4));
#6070=VECTOR('',#7031,5.8);
#6071=CARTESIAN_POINT('',(-8.25,3.2,-10.4));
#6072=VECTOR('',#7032,14.2);
#6073=CARTESIAN_POINT('',(9.35,3.2,-10.4));
#6074=CARTESIAN_POINT('',(9.35,3.2,3.8));
#6075=VECTOR('',#7033,14.2);
#6076=CARTESIAN_POINT('',(9.35,3.2,-10.4));
#6077=VECTOR('',#7034,6.0);
#6078=CARTESIAN_POINT('',(-8.25,0.45,-10.4));
#6079=CARTESIAN_POINT('',(-8.25,3.2,-10.4));
#6080=VECTOR('',#7035,2.75);
#6081=CARTESIAN_POINT('',(-8.25,0.45,3.8));
#6082=VECTOR('',#7036,14.2);
#6083=CARTESIAN_POINT('',(-9.35,0.45,-10.4));
#6084=VECTOR('',#7037,1.1);
#6085=CARTESIAN_POINT('',(9.35,-0.35,-10.4));
#6086=VECTOR('',#7038,3.55);
#6087=CARTESIAN_POINT('',(4.45,2.75,-10.4));
#6088=CARTESIAN_POINT('',(5.75,2.75,-10.4));
#6089=CARTESIAN_POINT('',(4.45,2.75,-10.4));
#6090=VECTOR('',#7039,1.3);
#6091=CARTESIAN_POINT('',(4.45,2.29,-10.4));
#6092=CARTESIAN_POINT('',(4.45,2.29,-10.4));
#6093=VECTOR('',#7040,0.46);
#6094=CARTESIAN_POINT('',(4.65,2.29,-10.4));
#6095=CARTESIAN_POINT('',(4.65,2.29,-10.4));
#6096=VECTOR('',#7041,0.2);
#6097=CARTESIAN_POINT('',(4.65,1.19,-10.4));
#6098=CARTESIAN_POINT('',(4.65,1.19,-10.4));
#6099=VECTOR('',#7042,1.1);
#6100=CARTESIAN_POINT('',(5.55,1.19,-10.4));
#6101=CARTESIAN_POINT('',(5.55,1.19,-10.4));
#6102=VECTOR('',#7043,0.9);
#6103=CARTESIAN_POINT('',(5.55,2.29,-10.4));
#6104=CARTESIAN_POINT('',(5.55,2.29,-10.4));
#6105=VECTOR('',#7044,1.1);
#6106=CARTESIAN_POINT('',(5.75,2.29,-10.4));
#6107=CARTESIAN_POINT('',(5.75,2.29,-10.4));
#6108=VECTOR('',#7045,0.2);
#6109=CARTESIAN_POINT('',(5.75,2.75,-10.4));
#6110=VECTOR('',#7046,0.46);
#6111=CARTESIAN_POINT('',(6.45,2.75,-10.4));
#6112=CARTESIAN_POINT('',(7.75,2.75,-10.4));
#6113=CARTESIAN_POINT('',(6.45,2.75,-10.4));
#6114=VECTOR('',#7047,1.3);
#6115=CARTESIAN_POINT('',(6.45,2.29,-10.4));
#6116=CARTESIAN_POINT('',(6.45,2.29,-10.4));
#6117=VECTOR('',#7048,0.46);
#6118=CARTESIAN_POINT('',(6.65,2.29,-10.4));
#6119=CARTESIAN_POINT('',(6.65,2.29,-10.4));
#6120=VECTOR('',#7049,0.2);
#6121=CARTESIAN_POINT('',(6.65,1.19,-10.4));
#6122=CARTESIAN_POINT('',(6.65,1.19,-10.4));
#6123=VECTOR('',#7050,1.1);
#6124=CARTESIAN_POINT('',(7.55,1.19,-10.4));
#6125=CARTESIAN_POINT('',(7.55,1.19,-10.4));
#6126=VECTOR('',#7051,0.9);
#6127=CARTESIAN_POINT('',(7.55,2.29,-10.4));
#6128=CARTESIAN_POINT('',(7.55,2.29,-10.4));
#6129=VECTOR('',#7052,1.1);
#6130=CARTESIAN_POINT('',(7.75,2.29,-10.4));
#6131=CARTESIAN_POINT('',(7.75,2.29,-10.4));
#6132=VECTOR('',#7053,0.2);
#6133=CARTESIAN_POINT('',(7.75,2.75,-10.4));
#6134=VECTOR('',#7054,0.46);
#6135=CARTESIAN_POINT('',(-4.85,2.75,-10.4));
#6136=CARTESIAN_POINT('',(-3.55,2.75,-10.4));
#6137=CARTESIAN_POINT('',(-4.85,2.75,-10.4));
#6138=VECTOR('',#7055,1.3);
#6139=CARTESIAN_POINT('',(-4.85,2.29,-10.4));
#6140=CARTESIAN_POINT('',(-4.85,2.29,-10.4));
#6141=VECTOR('',#7056,0.46);
#6142=CARTESIAN_POINT('',(-4.65,2.29,-10.4));
#6143=CARTESIAN_POINT('',(-4.65,2.29,-10.4));
#6144=VECTOR('',#7057,0.2);
#6145=CARTESIAN_POINT('',(-4.65,1.19,-10.4));
#6146=CARTESIAN_POINT('',(-4.65,1.19,-10.4));
#6147=VECTOR('',#7058,1.1);
#6148=CARTESIAN_POINT('',(-3.75,1.19,-10.4));
#6149=CARTESIAN_POINT('',(-3.75,1.19,-10.4));
#6150=VECTOR('',#7059,0.9);
#6151=CARTESIAN_POINT('',(-3.75,2.29,-10.4));
#6152=CARTESIAN_POINT('',(-3.75,2.29,-10.4));
#6153=VECTOR('',#7060,1.1);
#6154=CARTESIAN_POINT('',(-3.55,2.29,-10.4));
#6155=CARTESIAN_POINT('',(-3.55,2.29,-10.4));
#6156=VECTOR('',#7061,0.2);
#6157=CARTESIAN_POINT('',(-3.55,2.75,-10.4));
#6158=VECTOR('',#7062,0.46);
#6159=CARTESIAN_POINT('',(-6.85,2.75,-10.4));
#6160=CARTESIAN_POINT('',(-5.55,2.75,-10.4));
#6161=CARTESIAN_POINT('',(-6.85,2.75,-10.4));
#6162=VECTOR('',#7063,1.3);
#6163=CARTESIAN_POINT('',(-6.85,2.29,-10.4));
#6164=CARTESIAN_POINT('',(-6.85,2.29,-10.4));
#6165=VECTOR('',#7064,0.46);
#6166=CARTESIAN_POINT('',(-6.65,2.29,-10.4));
#6167=CARTESIAN_POINT('',(-6.65,2.29,-10.4));
#6168=VECTOR('',#7065,0.2);
#6169=CARTESIAN_POINT('',(-6.65,1.19,-10.4));
#6170=CARTESIAN_POINT('',(-6.65,1.19,-10.4));
#6171=VECTOR('',#7066,1.1);
#6172=CARTESIAN_POINT('',(-5.75,1.19,-10.4));
#6173=CARTESIAN_POINT('',(-5.75,1.19,-10.4));
#6174=VECTOR('',#7067,0.9);
#6175=CARTESIAN_POINT('',(-5.75,2.29,-10.4));
#6176=CARTESIAN_POINT('',(-5.75,2.29,-10.4));
#6177=VECTOR('',#7068,1.1);
#6178=CARTESIAN_POINT('',(-5.55,2.29,-10.4));
#6179=CARTESIAN_POINT('',(-5.55,2.29,-10.4));
#6180=VECTOR('',#7069,0.2);
#6181=CARTESIAN_POINT('',(-5.55,2.75,-10.4));
#6182=VECTOR('',#7070,0.46);
#6183=CARTESIAN_POINT('',(9.35,-3.2,-10.4));
#6184=VECTOR('',#7071,0.4);
#6185=CARTESIAN_POINT('',(-3.55,2.29,-9.6));
#6186=CARTESIAN_POINT('',(-3.55,2.29,-10.4));
#6187=VECTOR('',#7072,0.8);
#6188=CARTESIAN_POINT('',(-3.55,2.75,-9.6));
#6189=CARTESIAN_POINT('',(-3.55,2.75,-9.6));
#6190=VECTOR('',#7073,0.46);
#6191=CARTESIAN_POINT('',(-3.55,2.75,-10.4));
#6192=VECTOR('',#7074,0.8);
#6193=CARTESIAN_POINT('',(-4.85,2.75,-9.6));
#6194=CARTESIAN_POINT('',(-4.85,2.75,-9.6));
#6195=VECTOR('',#7075,1.3);
#6196=CARTESIAN_POINT('',(-4.85,2.75,-10.4));
#6197=VECTOR('',#7076,0.8);
#6198=CARTESIAN_POINT('',(-4.85,2.29,-9.6));
#6199=CARTESIAN_POINT('',(-4.85,2.29,-9.6));
#6200=VECTOR('',#7077,0.46);
#6201=CARTESIAN_POINT('',(-4.85,2.29,-10.4));
#6202=VECTOR('',#7078,0.8);
#6203=CARTESIAN_POINT('',(-4.65,2.29,-9.6));
#6204=CARTESIAN_POINT('',(-4.65,2.29,-9.6));
#6205=VECTOR('',#7079,0.2);
#6206=CARTESIAN_POINT('',(-4.65,2.29,-10.4));
#6207=VECTOR('',#7080,0.8);
#6208=CARTESIAN_POINT('',(-4.65,1.19,-9.6));
#6209=CARTESIAN_POINT('',(-4.65,1.19,-9.6));
#6210=VECTOR('',#7081,1.1);
#6211=CARTESIAN_POINT('',(-4.65,1.19,-10.4));
#6212=VECTOR('',#7082,0.8);
#6213=CARTESIAN_POINT('',(-3.75,1.19,-9.6));
#6214=CARTESIAN_POINT('',(-3.75,1.19,-9.6));
#6215=VECTOR('',#7083,0.9);
#6216=CARTESIAN_POINT('',(-3.75,1.19,-10.4));
#6217=VECTOR('',#7084,0.8);
#6218=CARTESIAN_POINT('',(-3.75,2.29,-9.6));
#6219=CARTESIAN_POINT('',(-3.75,2.29,-9.6));
#6220=VECTOR('',#7085,1.1);
#6221=CARTESIAN_POINT('',(-3.75,2.29,-10.4));
#6222=VECTOR('',#7086,0.8);
#6223=CARTESIAN_POINT('',(-3.55,2.29,-9.6));
#6224=VECTOR('',#7087,0.2);
#6225=CARTESIAN_POINT('',(-5.55,2.29,-9.6));
#6226=CARTESIAN_POINT('',(-5.55,2.29,-10.4));
#6227=VECTOR('',#7088,0.8);
#6228=CARTESIAN_POINT('',(-5.55,2.75,-9.6));
#6229=CARTESIAN_POINT('',(-5.55,2.75,-9.6));
#6230=VECTOR('',#7089,0.46);
#6231=CARTESIAN_POINT('',(-5.55,2.75,-10.4));
#6232=VECTOR('',#7090,0.8);
#6233=CARTESIAN_POINT('',(-6.85,2.75,-9.6));
#6234=CARTESIAN_POINT('',(-6.85,2.75,-9.6));
#6235=VECTOR('',#7091,1.3);
#6236=CARTESIAN_POINT('',(-6.85,2.75,-10.4));
#6237=VECTOR('',#7092,0.8);
#6238=CARTESIAN_POINT('',(-6.85,2.29,-9.6));
#6239=CARTESIAN_POINT('',(-6.85,2.29,-9.6));
#6240=VECTOR('',#7093,0.46);
#6241=CARTESIAN_POINT('',(-6.85,2.29,-10.4));
#6242=VECTOR('',#7094,0.8);
#6243=CARTESIAN_POINT('',(-6.65,2.29,-9.6));
#6244=CARTESIAN_POINT('',(-6.65,2.29,-9.6));
#6245=VECTOR('',#7095,0.2);
#6246=CARTESIAN_POINT('',(-6.65,2.29,-10.4));
#6247=VECTOR('',#7096,0.8);
#6248=CARTESIAN_POINT('',(-6.65,1.19,-9.6));
#6249=CARTESIAN_POINT('',(-6.65,1.19,-9.6));
#6250=VECTOR('',#7097,1.1);
#6251=CARTESIAN_POINT('',(-6.65,1.19,-10.4));
#6252=VECTOR('',#7098,0.8);
#6253=CARTESIAN_POINT('',(-5.75,1.19,-9.6));
#6254=CARTESIAN_POINT('',(-5.75,1.19,-9.6));
#6255=VECTOR('',#7099,0.9);
#6256=CARTESIAN_POINT('',(-5.75,1.19,-10.4));
#6257=VECTOR('',#7100,0.8);
#6258=CARTESIAN_POINT('',(-5.75,2.29,-9.6));
#6259=CARTESIAN_POINT('',(-5.75,2.29,-9.6));
#6260=VECTOR('',#7101,1.1);
#6261=CARTESIAN_POINT('',(-5.75,2.29,-10.4));
#6262=VECTOR('',#7102,0.8);
#6263=CARTESIAN_POINT('',(-5.55,2.29,-9.6));
#6264=VECTOR('',#7103,0.2);
#6265=CARTESIAN_POINT('',(5.75,2.29,-9.6));
#6266=CARTESIAN_POINT('',(5.75,2.29,-10.4));
#6267=VECTOR('',#7104,0.8);
#6268=CARTESIAN_POINT('',(5.75,2.75,-9.6));
#6269=CARTESIAN_POINT('',(5.75,2.75,-9.6));
#6270=VECTOR('',#7105,0.46);
#6271=CARTESIAN_POINT('',(5.75,2.75,-10.4));
#6272=VECTOR('',#7106,0.8);
#6273=CARTESIAN_POINT('',(4.45,2.75,-9.6));
#6274=CARTESIAN_POINT('',(4.45,2.75,-9.6));
#6275=VECTOR('',#7107,1.3);
#6276=CARTESIAN_POINT('',(4.45,2.75,-10.4));
#6277=VECTOR('',#7108,0.8);
#6278=CARTESIAN_POINT('',(4.45,2.29,-9.6));
#6279=CARTESIAN_POINT('',(4.45,2.29,-9.6));
#6280=VECTOR('',#7109,0.46);
#6281=CARTESIAN_POINT('',(4.45,2.29,-10.4));
#6282=VECTOR('',#7110,0.8);
#6283=CARTESIAN_POINT('',(4.65,2.29,-9.6));
#6284=CARTESIAN_POINT('',(4.65,2.29,-9.6));
#6285=VECTOR('',#7111,0.2);
#6286=CARTESIAN_POINT('',(4.65,2.29,-10.4));
#6287=VECTOR('',#7112,0.8);
#6288=CARTESIAN_POINT('',(4.65,1.19,-9.6));
#6289=CARTESIAN_POINT('',(4.65,1.19,-9.6));
#6290=VECTOR('',#7113,1.1);
#6291=CARTESIAN_POINT('',(4.65,1.19,-10.4));
#6292=VECTOR('',#7114,0.8);
#6293=CARTESIAN_POINT('',(5.55,1.19,-9.6));
#6294=CARTESIAN_POINT('',(5.55,1.19,-9.6));
#6295=VECTOR('',#7115,0.9);
#6296=CARTESIAN_POINT('',(5.55,1.19,-10.4));
#6297=VECTOR('',#7116,0.8);
#6298=CARTESIAN_POINT('',(5.55,2.29,-9.6));
#6299=CARTESIAN_POINT('',(5.55,2.29,-9.6));
#6300=VECTOR('',#7117,1.1);
#6301=CARTESIAN_POINT('',(5.55,2.29,-10.4));
#6302=VECTOR('',#7118,0.8);
#6303=CARTESIAN_POINT('',(5.75,2.29,-9.6));
#6304=VECTOR('',#7119,0.2);
#6305=CARTESIAN_POINT('',(7.75,2.29,-9.6));
#6306=CARTESIAN_POINT('',(7.75,2.29,-10.4));
#6307=VECTOR('',#7120,0.8);
#6308=CARTESIAN_POINT('',(7.75,2.75,-9.6));
#6309=CARTESIAN_POINT('',(7.75,2.75,-9.6));
#6310=VECTOR('',#7121,0.46);
#6311=CARTESIAN_POINT('',(7.75,2.75,-10.4));
#6312=VECTOR('',#7122,0.8);
#6313=CARTESIAN_POINT('',(6.45,2.75,-9.6));
#6314=CARTESIAN_POINT('',(6.45,2.75,-9.6));
#6315=VECTOR('',#7123,1.3);
#6316=CARTESIAN_POINT('',(6.45,2.75,-10.4));
#6317=VECTOR('',#7124,0.8);
#6318=CARTESIAN_POINT('',(6.45,2.29,-9.6));
#6319=CARTESIAN_POINT('',(6.45,2.29,-9.6));
#6320=VECTOR('',#7125,0.46);
#6321=CARTESIAN_POINT('',(6.45,2.29,-10.4));
#6322=VECTOR('',#7126,0.8);
#6323=CARTESIAN_POINT('',(6.65,2.29,-9.6));
#6324=CARTESIAN_POINT('',(6.65,2.29,-9.6));
#6325=VECTOR('',#7127,0.2);
#6326=CARTESIAN_POINT('',(6.65,2.29,-10.4));
#6327=VECTOR('',#7128,0.8);
#6328=CARTESIAN_POINT('',(6.65,1.19,-9.6));
#6329=CARTESIAN_POINT('',(6.65,1.19,-9.6));
#6330=VECTOR('',#7129,1.1);
#6331=CARTESIAN_POINT('',(6.65,1.19,-10.4));
#6332=VECTOR('',#7130,0.8);
#6333=CARTESIAN_POINT('',(7.55,1.19,-9.6));
#6334=CARTESIAN_POINT('',(7.55,1.19,-9.6));
#6335=VECTOR('',#7131,0.9);
#6336=CARTESIAN_POINT('',(7.55,1.19,-10.4));
#6337=VECTOR('',#7132,0.8);
#6338=CARTESIAN_POINT('',(7.55,2.29,-9.6));
#6339=CARTESIAN_POINT('',(7.55,2.29,-9.6));
#6340=VECTOR('',#7133,1.1);
#6341=CARTESIAN_POINT('',(7.55,2.29,-10.4));
#6342=VECTOR('',#7134,0.8);
#6343=CARTESIAN_POINT('',(7.75,2.29,-9.6));
#6344=VECTOR('',#7135,0.2);
#6345=CARTESIAN_POINT('',(-3.35,1.49,10.4));
#6346=VECTOR('',#7136,6.6);
#6347=CARTESIAN_POINT('',(-3.35,1.49,-1.8));
#6348=CARTESIAN_POINT('',(-3.35,1.49,3.8));
#6349=VECTOR('',#7137,5.6);
#6350=CARTESIAN_POINT('',(-3.35,1.14,-1.8));
#6351=CARTESIAN_POINT('',(-3.35,1.14,-1.8));
#6352=VECTOR('',#7138,0.35);
#6353=CARTESIAN_POINT('',(-3.35,1.14,-0.8));
#6354=CARTESIAN_POINT('',(-3.35,1.14,-1.8));
#6355=VECTOR('',#7139,1.0);
#6356=CARTESIAN_POINT('',(-3.35,-1.4,-0.8));
#6357=CARTESIAN_POINT('',(-3.35,-1.4,-0.8));
#6358=VECTOR('',#7140,2.54);
#6359=CARTESIAN_POINT('',(-3.35,-1.4,3.8));
#6360=VECTOR('',#7141,4.6);
#6361=CARTESIAN_POINT('',(-4.65,-1.4,-0.8));
#6362=CARTESIAN_POINT('',(-4.65,-1.4,-1.8));
#6363=VECTOR('',#7142,1.0);
#6364=CARTESIAN_POINT('',(-5.05,-1.4,-0.8));
#6365=CARTESIAN_POINT('',(-5.05,-1.4,-0.8));
#6366=VECTOR('',#7143,0.4);
#6367=CARTESIAN_POINT('',(-5.05,-1.4,3.8));
#6368=VECTOR('',#7144,4.6);
#6369=CARTESIAN_POINT('',(-3.75,-1.4,-0.8));
#6370=CARTESIAN_POINT('',(-3.35,-1.4,-0.8));
#6371=VECTOR('',#7145,0.4);
#6372=CARTESIAN_POINT('',(-3.75,-1.4,-1.8));
#6373=VECTOR('',#7146,1.0);
#6374=CARTESIAN_POINT('',(-3.75,1.14,-0.8));
#6375=CARTESIAN_POINT('',(-3.75,-1.4,-0.8));
#6376=VECTOR('',#7147,2.54);
#6377=CARTESIAN_POINT('',(-3.75,1.14,-1.8));
#6378=CARTESIAN_POINT('',(-3.75,1.14,-0.8));
#6379=VECTOR('',#7148,1.0);
#6380=CARTESIAN_POINT('',(-3.75,-0.35,-1.8));
#6381=VECTOR('',#7149,1.49);
#6382=CARTESIAN_POINT('',(-3.35,1.14,-1.8));
#6383=VECTOR('',#7150,0.4);
#6384=CARTESIAN_POINT('',(-3.75,1.49,-1.8));
#6385=CARTESIAN_POINT('',(-3.35,1.49,-1.8));
#6386=VECTOR('',#7151,0.4);
#6387=CARTESIAN_POINT('',(-3.75,2.35,-1.8));
#6388=CARTESIAN_POINT('',(-3.75,1.49,-1.8));
#6389=VECTOR('',#7152,0.86);
#6390=CARTESIAN_POINT('',(-4.65,2.35,-1.8));
#6391=CARTESIAN_POINT('',(-3.75,2.35,-1.8));
#6392=VECTOR('',#7153,0.9);
#6393=CARTESIAN_POINT('',(-4.65,1.49,-1.8));
#6394=CARTESIAN_POINT('',(-4.65,2.35,-1.8));
#6395=VECTOR('',#7154,0.86);
#6396=CARTESIAN_POINT('',(-5.05,1.49,-1.8));
#6397=CARTESIAN_POINT('',(-4.65,1.49,-1.8));
#6398=VECTOR('',#7155,0.4);
#6399=CARTESIAN_POINT('',(-5.05,1.14,-1.8));
#6400=CARTESIAN_POINT('',(-5.05,1.49,-1.8));
#6401=VECTOR('',#7156,0.35);
#6402=CARTESIAN_POINT('',(-4.65,1.14,-1.8));
#6403=CARTESIAN_POINT('',(-5.05,1.14,-1.8));
#6404=VECTOR('',#7157,0.4);
#6405=CARTESIAN_POINT('',(-4.65,-0.35,-1.8));
#6406=VECTOR('',#7158,1.49);
#6407=CARTESIAN_POINT('',(-4.65,1.14,-0.8));
#6408=CARTESIAN_POINT('',(-4.65,1.14,-1.8));
#6409=VECTOR('',#7159,1.0);
#6410=CARTESIAN_POINT('',(-4.65,1.14,-0.8));
#6411=VECTOR('',#7160,2.54);
#6412=CARTESIAN_POINT('',(-5.05,1.14,-0.8));
#6413=CARTESIAN_POINT('',(-5.05,1.14,-0.8));
#6414=VECTOR('',#7161,0.4);
#6415=CARTESIAN_POINT('',(-5.05,-1.4,-0.8));
#6416=VECTOR('',#7162,2.54);
#6417=CARTESIAN_POINT('',(-5.05,1.14,-1.8));
#6418=VECTOR('',#7163,1.0);
#6419=CARTESIAN_POINT('',(-5.05,1.49,3.8));
#6420=VECTOR('',#7164,5.6);
#6421=CARTESIAN_POINT('',(-4.65,1.49,3.8));
#6422=VECTOR('',#7165,5.6);
#6423=CARTESIAN_POINT('',(-4.65,2.35,3.8));
#6424=VECTOR('',#7166,5.6);
#6425=CARTESIAN_POINT('',(-3.75,2.35,3.8));
#6426=VECTOR('',#7167,5.6);
#6427=CARTESIAN_POINT('',(-3.75,1.49,3.8));
#6428=VECTOR('',#7168,5.6);
#6429=CARTESIAN_POINT('',(-3.35,1.14,-0.8));
#6430=VECTOR('',#7169,0.4);
#6431=CARTESIAN_POINT('',(4.25,1.14,-0.8));
#6432=VECTOR('',#7170,0.4);
#6433=CARTESIAN_POINT('',(2.7,-0.8,7.1));
#6434=CARTESIAN_POINT('',(3.35,-0.8,7.1));
#6435=VECTOR('',#7171,0.65);
#6436=CARTESIAN_POINT('',(2.7,-0.8,7.1));
#6437=VECTOR('',#7172,3.3);
#6438=CARTESIAN_POINT('',(2.7,-1.3,7.1));
#6439=VECTOR('',#7173,0.5);
#6440=CARTESIAN_POINT('',(2.7,-1.8,7.1));
#6441=VECTOR('',#7174,0.5);
#6442=CARTESIAN_POINT('',(-0.3,-2.2,-1.8));
#6443=VECTOR('',#7175,0.4);
#6444=CARTESIAN_POINT('',(-0.3,-1.8,-0.53));
#6445=VECTOR('',#7176,0.5176488730339);
#6446=CARTESIAN_POINT('',(-0.3,1.5,2.574));
#6447=CARTESIAN_POINT('',(-0.3,1.5,5.6));
#6448=VECTOR('',#7177,3.026);
#6449=CARTESIAN_POINT('',(-0.3,0.7,5.6));
#6450=VECTOR('',#7178,0.8);
#6451=CARTESIAN_POINT('',(-0.3,0.7,2.574));
#6452=VECTOR('',#7179,0.8);
#6453=CARTESIAN_POINT('',(-1.747678106418,-1.299886581029,-0.3954951577903));
#6454=VECTOR('',#7180,1.115678121353);
#6455=CARTESIAN_POINT('',(-0.632,-0.09597228928638,-0.07));
#6456=CARTESIAN_POINT('',(-1.750518659626,-0.09597228928638,-0.07));
#6457=VECTOR('',#7181,1.118518659626);
#6458=CARTESIAN_POINT('',(-0.632,-0.09597228928638,-0.07));
#6459=VECTOR('',#7182,1.247321968853);
#6460=CARTESIAN_POINT('',(-0.632,-0.6,1.0));
#6461=AXIS2_PLACEMENT_3D('',#7183,#7184,#7185);
#6462=CARTESIAN_POINT('',(-0.632,-0.7,1.0));
#6463=CARTESIAN_POINT('',(-0.632,-0.7,1.0));
#6464=VECTOR('',#7186,0.1);
#6465=AXIS2_PLACEMENT_3D('',#7187,#7188,#7189);
#6466=CARTESIAN_POINT('',(-0.632,1.22,0.67));
#6467=CARTESIAN_POINT('',(-0.632,1.22,0.67));
#6468=VECTOR('',#7190,1.509762586028);
#6469=CARTESIAN_POINT('',(-0.632,1.5,1.737296518422));
#6470=CARTESIAN_POINT('',(-0.632,1.5,1.737296518422));
#6471=VECTOR('',#7191,1.103413729403);
#6472=CARTESIAN_POINT('',(-0.632,1.5,2.574));
#6473=CARTESIAN_POINT('',(-0.632,1.5,1.737296518422));
#6474=VECTOR('',#7192,0.8367034815782);
#6475=CARTESIAN_POINT('',(-0.632,1.5,2.574));
#6476=VECTOR('',#7193,0.8);
#6477=AXIS2_PLACEMENT_3D('',#7194,#7195,#7196);
#6478=CARTESIAN_POINT('',(-1.766290697401,1.5,1.737296518422));
#6479=VECTOR('',#7197,1.134290697401);
#6480=CARTESIAN_POINT('',(-1.756976541792,1.22,0.67));
#6481=VECTOR('',#7198,1.124976541792);
#6482=CARTESIAN_POINT('',(-1.759856408163,-0.7,1.0));
#6483=VECTOR('',#7199,1.127856408163);
#6484=CARTESIAN_POINT('',(-1.759856408163,-0.6,1.0));
#6485=VECTOR('',#7200,1.127856408163);
#6486=CARTESIAN_POINT('',(-0.1399046414254,2.036272267085,-9.687421767621));
#6487=CARTESIAN_POINT('',(-0.3,2.8,5.6));
#6488=VECTOR('',#7201,15.30732422323);
#6489=CARTESIAN_POINT('',(-0.1324422668432,1.287206441334,-10.4));
#6490=CARTESIAN_POINT('',(-0.1399046414254,2.036272267085,-9.687421767621));
#6491=CARTESIAN_POINT('',(-0.1386609463407,2.030339275424,-9.806181558529));
#6492=CARTESIAN_POINT('',(-0.1366958364865,1.971027605815,-9.993828867158));
#6493=CARTESIAN_POINT('',(-0.134493740117,1.814330179481,-10.20410589376));
#6494=CARTESIAN_POINT('',(-0.1329646196651,1.596497375573,-10.35012080318));
#6495=CARTESIAN_POINT('',(-0.1324422668432,1.406120843759,-10.4));
#6496=CARTESIAN_POINT('',(-0.1324422668432,1.287206441334,-10.4));
#6497=CARTESIAN_POINT('',(-0.1324422668432,0.192187633765,-10.4));
#6498=CARTESIAN_POINT('',(-0.1324422668432,1.287206441334,-10.4));
#6499=VECTOR('',#7202,1.095018807569);
#6500=CARTESIAN_POINT('',(-0.1476271864106,-1.663727732915,-8.95));
#6501=CARTESIAN_POINT('',(-0.1324422668432,0.192187633765,-10.4));
#6502=VECTOR('',#7203,2.355239357276);
#6503=CARTESIAN_POINT('',(-0.1580995447329,-1.663727732915,-7.95));
#6504=CARTESIAN_POINT('',(-0.1476271864106,-1.663727732915,-8.95));
#6505=VECTOR('',#7204,1.000054833641);
#6506=CARTESIAN_POINT('',(-0.1580995447329,-0.06372773291499,-7.95));
#6507=CARTESIAN_POINT('',(-0.1580995447329,-1.663727732915,-7.95));
#6508=VECTOR('',#7205,1.6);
#6509=CARTESIAN_POINT('',(-0.1580995447329,-0.06372773291499,-7.95));
#6510=VECTOR('',#7206,8.763269851272);
#6511=CARTESIAN_POINT('',(1.058099544733,-0.06372773291499,-7.95));
#6512=CARTESIAN_POINT('',(1.058099544733,-0.06372773291499,-7.95));
#6513=VECTOR('',#7207,1.216199089466);
#6514=CARTESIAN_POINT('',(1.058099544733,-0.06372773291499,-7.95));
#6515=VECTOR('',#7208,8.763269851272);
#6516=CARTESIAN_POINT('',(1.058099544733,-1.663727732915,-7.95));
#6517=CARTESIAN_POINT('',(1.058099544733,-1.663727732915,-7.95));
#6518=VECTOR('',#7209,1.6);
#6519=CARTESIAN_POINT('',(1.047627186411,-1.663727732915,-8.95));
#6520=CARTESIAN_POINT('',(1.047627186411,-1.663727732915,-8.95));
#6521=VECTOR('',#7210,1.000054833641);
#6522=CARTESIAN_POINT('',(1.032442266843,0.192187633765,-10.4));
#6523=CARTESIAN_POINT('',(1.032442266843,0.192187633765,-10.4));
#6524=VECTOR('',#7211,2.355239357276);
#6525=CARTESIAN_POINT('',(1.032442266843,1.287206441334,-10.4));
#6526=CARTESIAN_POINT('',(1.032442266843,1.287206441334,-10.4));
#6527=VECTOR('',#7212,1.095018807569);
#6528=CARTESIAN_POINT('',(1.039904641425,2.036272267085,-9.687421767621));
#6529=CARTESIAN_POINT('',(1.039904641425,2.036272267085,-9.687421767621));
#6530=CARTESIAN_POINT('',(1.038660946341,2.030339275424,-9.806181558529));
#6531=CARTESIAN_POINT('',(1.036695836487,1.971027605815,-9.993828867158));
#6532=CARTESIAN_POINT('',(1.034493740117,1.814330179481,-10.20410589376));
#6533=CARTESIAN_POINT('',(1.032964619665,1.596497375573,-10.35012080318));
#6534=CARTESIAN_POINT('',(1.032442266843,1.406120843759,-10.4));
#6535=CARTESIAN_POINT('',(1.032442266843,1.287206441334,-10.4));
#6536=CARTESIAN_POINT('',(1.2,2.8,5.6));
#6537=VECTOR('',#7213,15.30732422323);
#6538=CARTESIAN_POINT('',(1.039904641425,2.036272267085,-9.687421767621));
#6539=VECTOR('',#7214,1.179809282851);
#6540=CARTESIAN_POINT('',(1.2,2.8,5.6));
#6541=VECTOR('',#7215,1.5);
#6542=CARTESIAN_POINT('',(3.1,2.8,6.7));
#6543=VECTOR('',#7216,5.3);
#6544=CARTESIAN_POINT('',(3.1,3.05,6.7));
#6545=VECTOR('',#7217,5.3);
#6546=CARTESIAN_POINT('',(3.1,3.05,7.8));
#6547=VECTOR('',#7218,5.3);
#6548=CARTESIAN_POINT('',(3.1,3.3,7.8));
#6549=VECTOR('',#7219,5.3);
#6550=CARTESIAN_POINT('',(3.1,3.3,8.9));
#6551=VECTOR('',#7220,5.3);
#6552=CARTESIAN_POINT('',(3.1,3.55,8.9));
#6553=VECTOR('',#7221,5.3);
#6554=CARTESIAN_POINT('',(1.032442266843,1.287206441334,-10.4));
#6555=VECTOR('',#7222,1.164884533686);
#6556=CARTESIAN_POINT('',(1.032442266843,0.192187633765,-10.4));
#6557=VECTOR('',#7223,1.164884533686);
#6558=CARTESIAN_POINT('',(1.047627186411,-1.663727732915,-8.95));
#6559=VECTOR('',#7224,1.195254372821);
#6560=CARTESIAN_POINT('',(1.058099544733,-1.663727732915,-7.95));
#6561=VECTOR('',#7225,1.216199089466);
#6562=CARTESIAN_POINT('',(6.4,-2.8,-1.1));
#6563=CARTESIAN_POINT('',(6.4,-2.8,10.4));
#6564=VECTOR('',#7226,11.5);
#6565=CARTESIAN_POINT('',(6.8,-3.2,-1.1));
#6566=VECTOR('',#7227,0.5656854249492);
#6567=CARTESIAN_POINT('',(-3.4,-2.8,-1.1));
#6568=CARTESIAN_POINT('',(-3.0,-3.2,-1.1));
#6569=VECTOR('',#7228,0.5656854249492);
#6570=CARTESIAN_POINT('',(-5.5,-2.8,-1.1));
#6571=CARTESIAN_POINT('',(-3.4,-2.8,-1.1));
#6572=VECTOR('',#7229,2.1);
#6573=CARTESIAN_POINT('',(-5.5,-2.8,-1.1));
#6574=VECTOR('',#7230,0.5656854249492);
#6575=CARTESIAN_POINT('',(4.3,-2.8,-1.1));
#6576=CARTESIAN_POINT('',(6.4,-2.8,-1.1));
#6577=VECTOR('',#7231,2.1);
#6578=CARTESIAN_POINT('',(4.3,-2.8,-1.1));
#6579=VECTOR('',#7232,0.5656854249492);
#6580=CARTESIAN_POINT('',(-5.5,-2.8,10.4));
#6581=VECTOR('',#7233,11.5);
#6582=CARTESIAN_POINT('',(-3.4,-2.8,10.4));
#6583=VECTOR('',#7234,11.5);
#6584=CARTESIAN_POINT('',(4.3,-2.8,10.4));
#6585=VECTOR('',#7235,11.5);
#6586=CARTESIAN_POINT('',(2.15,-3.1,10.4));
#6587=VECTOR('',#7236,15.0);
#6588=CARTESIAN_POINT('',(0.95,-3.1,10.4));
#6589=VECTOR('',#7237,15.0);
#6590=CARTESIAN_POINT('',(-0.05,-3.1,10.4));
#6591=VECTOR('',#7238,15.0);
#6592=DIRECTION('',(0.0,0.0,-1.0));
#6593=DIRECTION('',(1.0,0.0,0.0));
#6594=DIRECTION('',(0.0,0.0,-1.0));
#6595=DIRECTION('',(1.0,0.0,0.0));
#6596=DIRECTION('',(0.0,0.0,-1.0));
#6597=DIRECTION('',(1.0,0.0,0.0));
#6598=DIRECTION('',(0.0,0.0,1.0));
#6599=DIRECTION('',(-1.0,0.0,0.0));
#6600=DIRECTION('',(0.0,0.0,-1.0));
#6601=DIRECTION('',(1.0,0.0,0.0));
#6602=DIRECTION('',(0.0,0.0,-1.0));
#6603=DIRECTION('',(-1.0,0.0,0.0));
#6604=DIRECTION('',(0.0,0.0,-1.0));
#6605=DIRECTION('',(1.0,0.0,0.0));
#6606=DIRECTION('',(0.0,0.0,-1.0));
#6607=DIRECTION('',(1.0,0.0,0.0));
#6608=DIRECTION('',(0.0,0.0,-1.0));
#6609=DIRECTION('',(1.0,0.0,0.0));
#6610=DIRECTION('',(0.0,0.0,-1.0));
#6611=DIRECTION('',(1.0,0.0,0.0));
#6612=DIRECTION('',(0.0,0.0,-1.0));
#6613=DIRECTION('',(1.0,0.0,0.0));
#6614=DIRECTION('',(0.0,0.0,-1.0));
#6615=DIRECTION('',(1.0,0.0,0.0));
#6616=DIRECTION('',(0.0,1.0,0.0));
#6617=DIRECTION('',(-1.0,0.0,0.0));
#6618=DIRECTION('',(0.0,-1.0,0.0));
#6619=DIRECTION('',(0.0,1.0,0.0));
#6620=DIRECTION('',(-1.0,0.0,0.0));
#6621=DIRECTION('',(0.0,-1.0,0.0));
#6622=DIRECTION('',(0.0,0.0,-1.0));
#6623=DIRECTION('',(0.0,1.0,0.0));
#6624=DIRECTION('',(-1.0,0.0,0.0));
#6625=DIRECTION('',(0.0,1.0,0.0));
#6626=DIRECTION('',(1.0,0.0,0.0));
#6627=DIRECTION('',(0.0,-1.0,0.0));
#6628=DIRECTION('',(1.0,0.0,0.0));
#6629=DIRECTION('',(0.0,-1.0,0.0));
#6630=DIRECTION('',(1.0,0.0,0.0));
#6631=DIRECTION('',(0.0,-1.0,0.0));
#6632=DIRECTION('',(1.0,0.0,0.0));
#6633=DIRECTION('',(0.0,1.0,0.0));
#6634=DIRECTION('',(-0.707106781186548,-0.707106781186548,0.0));
#6635=DIRECTION('',(-1.0,0.0,0.0));
#6636=DIRECTION('',(-0.707106781186548,0.707106781186548,0.0));
#6637=DIRECTION('',(-1.0,0.0,0.0));
#6638=DIRECTION('',(0.0,1.0,0.0));
#6639=DIRECTION('',(0.0,1.0,0.0));
#6640=DIRECTION('',(-1.0,0.0,0.0));
#6641=DIRECTION('',(0.0,1.0,0.0));
#6642=DIRECTION('',(-0.707106781186548,-0.707106781186548,0.0));
#6643=DIRECTION('',(-1.0,0.0,0.0));
#6644=DIRECTION('',(-0.707106781186548,0.707106781186548,0.0));
#6645=DIRECTION('',(0.0,1.0,0.0));
#6646=DIRECTION('',(1.0,0.0,0.0));
#6647=DIRECTION('',(0.0,-1.0,0.0));
#6648=DIRECTION('',(1.0,0.0,0.0));
#6649=DIRECTION('',(0.0,-1.0,0.0));
#6650=DIRECTION('',(-1.0,0.0,0.0));
#6651=DIRECTION('',(0.0,-1.0,0.0));
#6652=DIRECTION('',(-1.0,0.0,0.0));
#6653=DIRECTION('',(0.0,-1.0,0.0));
#6654=DIRECTION('',(0.0,0.965905710703775,0.258894105822893));
#6655=DIRECTION('',(0.0,0.0,1.0));
#6656=DIRECTION('',(0.0,1.0,0.0));
#6657=DIRECTION('',(0.0,0.0,-1.0));
#6658=DIRECTION('',(0.0,0.0,-1.0));
#6659=DIRECTION('',(0.0,0.0,1.0));
#6660=DIRECTION('',(0.0,1.0,0.0));
#6661=DIRECTION('',(0.0,0.0,-1.0));
#6662=DIRECTION('',(0.0,1.0,0.0));
#6663=DIRECTION('',(-1.0,0.0,0.0));
#6664=DIRECTION('',(0.0,1.54381614468905E-05,-0.999999999880832));
#6665=DIRECTION('',(0.999999008616085,9.27924320504286E-05,0.00140504676519998));
#6666=DIRECTION('',(0.0,0.0,-1.0));
#6667=DIRECTION('',(0.0,0.0,1.0));
#6668=DIRECTION('',(0.00872653549837275,0.0,0.999961923064171));
#6669=DIRECTION('',(0.0,0.0,1.0));
#6670=DIRECTION('',(0.0,0.0,-1.0));
#6671=DIRECTION('',(0.0,0.0,1.0));
#6672=DIRECTION('',(-0.999999098910978,-0.000189417205424196,0.00132902157780797));
#6673=DIRECTION('',(0.0,3.15135199770115E-05,0.999999999503449));
#6674=DIRECTION('',(1.0,0.0,0.0));
#6675=DIRECTION('',(-0.00872653549837275,0.0,0.999961923064171));
#6676=DIRECTION('',(0.0,1.0,0.0));
#6677=DIRECTION('',(0.00872653549837275,0.0,0.999961923064171));
#6678=DIRECTION('',(0.00226653161307201,0.965681629105004,0.259718798017301));
#6679=DIRECTION('',(-0.0022776490885719,-0.965338078000857,-0.260992734527688));
#6680=DIRECTION('',(-0.00427737655450512,-0.871633899878125,-0.490138805475614));
#6681=DIRECTION('',(-0.0084409170768769,-0.253748904413597,-0.967233293692789));
#6682=DIRECTION('',(0.00872653549837275,0.0,0.999961923064171));
#6683=DIRECTION('',(0.0,1.0,0.0));
#6684=DIRECTION('',(0.00872653549837275,0.0,0.999961923064171));
#6685=DIRECTION('',(0.0,1.0,0.0));
#6686=DIRECTION('',(-1.0,0.0,0.0));
#6687=CARTESIAN_POINT('',(1.532,-0.7,1.6));
#6688=DIRECTION('',(-1.0,0.0,0.0));
#6689=DIRECTION('',(0.0,0.0,-1.0));
#6690=DIRECTION('',(0.0,-1.0,0.0));
#6691=DIRECTION('',(0.0,0.0,1.0));
#6692=DIRECTION('',(0.0,-0.253757944584795,-0.96726775277588));
#6693=DIRECTION('',(0.0,-0.871641873672772,-0.490143289314685));
#6694=DIRECTION('',(0.0,-0.96534062720781,-0.260993244092703));
#6695=DIRECTION('',(0.0,1.0,0.0));
#6696=CARTESIAN_POINT('',(1.532,-0.6,2.3));
#6697=DIRECTION('',(-1.0,0.0,0.0));
#6698=DIRECTION('',(0.0,1.0,0.0));
#6699=DIRECTION('',(0.0,0.0,1.0));
#6700=DIRECTION('',(-1.0,0.0,0.0));
#6701=DIRECTION('',(0.0,0.0,1.0));
#6702=DIRECTION('',(-1.0,0.0,0.0));
#6703=DIRECTION('',(0.0,0.0,-1.0));
#6704=DIRECTION('',(1.0,0.0,0.0));
#6705=DIRECTION('',(0.0,0.0,-1.0));
#6706=DIRECTION('',(-1.0,0.0,0.0));
#6707=DIRECTION('',(0.0,0.0,1.0));
#6708=DIRECTION('',(1.0,0.0,0.0));
#6709=DIRECTION('',(-0.00872653549837275,0.0,0.999961923064171));
#6710=DIRECTION('',(1.0,0.0,0.0));
#6711=DIRECTION('',(0.0,0.0,1.0));
#6712=CARTESIAN_POINT('',(-0.466,0.7,2.574));
#6713=DIRECTION('',(0.0,1.0,0.0));
#6714=DIRECTION('',(-1.0,0.0,0.0));
#6715=DIRECTION('',(0.0,0.0,1.0));
#6716=DIRECTION('',(-0.0104717841162501,0.0,0.999945169365512));
#6717=DIRECTION('',(-1.0,0.0,0.0));
#6718=DIRECTION('',(0.0104717841162501,0.0,0.999945169365512));
#6719=CARTESIAN_POINT('',(1.366,0.7,2.574));
#6720=DIRECTION('',(0.0,1.0,0.0));
#6721=DIRECTION('',(-1.0,0.0,0.0));
#6722=DIRECTION('',(-1.0,0.0,0.0));
#6723=DIRECTION('',(-1.0,0.0,0.0));
#6724=CARTESIAN_POINT('',(1.366,1.5,2.574));
#6725=DIRECTION('',(0.0,1.0,0.0));
#6726=DIRECTION('',(-1.0,0.0,0.0));
#6727=DIRECTION('',(-1.0,0.0,0.0));
#6728=DIRECTION('',(1.0,0.0,0.0));
#6729=DIRECTION('',(0.0,-1.0,0.0));
#6730=DIRECTION('',(-1.0,0.0,0.0));
#6731=DIRECTION('',(0.0,1.0,0.0));
#6732=DIRECTION('',(0.0,0.0,-1.0));
#6733=DIRECTION('',(0.0,-1.0,0.0));
#6734=DIRECTION('',(0.0,0.0,-1.0));
#6735=DIRECTION('',(0.0,-1.0,0.0));
#6736=DIRECTION('',(0.0,0.0,-1.0));
#6737=DIRECTION('',(0.0,-1.0,0.0));
#6738=DIRECTION('',(0.0,0.0,-1.0));
#6739=DIRECTION('',(0.0,1.0,0.0));
#6740=DIRECTION('',(-1.0,0.0,0.0));
#6741=DIRECTION('',(0.0,1.0,0.0));
#6742=DIRECTION('',(-1.0,0.0,0.0));
#6743=DIRECTION('',(0.0,1.0,0.0));
#6744=DIRECTION('',(0.0,1.0,0.0));
#6745=DIRECTION('',(0.0,-1.0,0.0));
#6746=DIRECTION('',(0.0,0.0,-1.0));
#6747=DIRECTION('',(-1.0,0.0,0.0));
#6748=DIRECTION('',(0.0,0.0,-1.0));
#6749=DIRECTION('',(0.0,1.0,0.0));
#6750=DIRECTION('',(0.0,0.0,-1.0));
#6751=DIRECTION('',(0.0,-1.0,0.0));
#6752=DIRECTION('',(0.0,0.0,-1.0));
#6753=DIRECTION('',(0.0,-1.0,0.0));
#6754=DIRECTION('',(0.0,0.0,-1.0));
#6755=DIRECTION('',(0.0,-1.0,0.0));
#6756=DIRECTION('',(0.0,0.0,-1.0));
#6757=DIRECTION('',(0.0,1.0,0.0));
#6758=DIRECTION('',(1.0,0.0,0.0));
#6759=DIRECTION('',(0.0,-1.0,0.0));
#6760=DIRECTION('',(-1.0,0.0,0.0));
#6761=DIRECTION('',(0.0,1.0,0.0));
#6762=DIRECTION('',(0.0,1.0,0.0));
#6763=DIRECTION('',(-0.00872653549837275,0.0,0.999961923064171));
#6764=DIRECTION('',(0.0084409170768769,-0.253748904413597,-0.967233293692789));
#6765=DIRECTION('',(0.00427737655450612,-0.871633899878125,-0.490138805475614));
#6766=DIRECTION('',(0.00227764899995306,-0.965338080746527,-0.260992724373007));
#6767=DIRECTION('',(-0.00226653159842902,0.965681629556308,0.259718796339402));
#6768=DIRECTION('',(0.00872653549837275,0.0,-0.999961923064171));
#6769=DIRECTION('',(0.0,1.0,-3.19744231092E-14));
#6770=DIRECTION('',(0.0,0.0,-1.0));
#6771=DIRECTION('',(0.0,1.0,0.0));
#6772=DIRECTION('',(1.0,0.0,0.0));
#6773=DIRECTION('',(0.0,1.0,0.0));
#6774=DIRECTION('',(1.0,0.0,0.0));
#6775=DIRECTION('',(0.0,1.0,0.0));
#6776=DIRECTION('',(0.0,0.0,1.0));
#6777=DIRECTION('',(0.0,0.0,-1.0));
#6778=DIRECTION('',(0.0,1.0,0.0));
#6779=DIRECTION('',(0.0,0.0,1.0));
#6780=DIRECTION('',(0.0,1.0,0.0));
#6781=DIRECTION('',(0.0,0.0,1.0));
#6782=DIRECTION('',(0.0,-1.0,0.0));
#6783=DIRECTION('',(0.0,0.0,-1.0));
#6784=DIRECTION('',(0.0,-1.0,0.0));
#6785=DIRECTION('',(0.0,0.0,-1.0));
#6786=DIRECTION('',(0.0,0.0,1.0));
#6787=DIRECTION('',(0.0,0.0,1.0));
#6788=DIRECTION('',(-1.0,0.0,0.0));
#6789=DIRECTION('',(0.0,0.0,-1.0));
#6790=DIRECTION('',(-1.0,0.0,0.0));
#6791=DIRECTION('',(-1.0,0.0,0.0));
#6792=DIRECTION('',(0.0,0.0,1.0));
#6793=DIRECTION('',(1.0,0.0,0.0));
#6794=DIRECTION('',(-1.0,0.0,0.0));
#6795=DIRECTION('',(-0.999999996286587,-8.32425129975189E-05,-2.23049539754297E-05));
#6796=DIRECTION('',(-1.0,0.0,0.0));
#6797=DIRECTION('',(-1.0,0.0,0.0));
#6798=DIRECTION('',(0.0,1.0,0.0));
#6799=DIRECTION('',(-1.0,0.0,0.0));
#6800=DIRECTION('',(0.0,0.0,-1.0));
#6801=DIRECTION('',(1.0,0.0,0.0));
#6802=DIRECTION('',(0.0,0.0,-1.0));
#6803=DIRECTION('',(-1.0,0.0,0.0));
#6804=DIRECTION('',(0.0,0.0,1.0));
#6805=DIRECTION('',(-1.0,0.0,0.0));
#6806=DIRECTION('',(0.0,0.0,1.0));
#6807=DIRECTION('',(-1.0,0.0,0.0));
#6808=DIRECTION('',(0.0,0.0,1.0));
#6809=DIRECTION('',(-1.0,0.0,0.0));
#6810=DIRECTION('',(1.0,0.0,0.0));
#6811=DIRECTION('',(0.0,0.0,-1.0));
#6812=DIRECTION('',(0.0,0.0,1.0));
#6813=DIRECTION('',(-1.0,0.0,0.0));
#6814=DIRECTION('',(0.0,0.0,1.0));
#6815=DIRECTION('',(-1.0,0.0,0.0));
#6816=DIRECTION('',(0.0,0.0,1.0));
#6817=DIRECTION('',(-1.0,0.0,0.0));
#6818=DIRECTION('',(0.0,0.0,1.0));
#6819=DIRECTION('',(-1.0,0.0,0.0));
#6820=DIRECTION('',(0.0,0.707106781186548,0.707106781186548));
#6821=DIRECTION('',(-1.0,0.0,0.0));
#6822=DIRECTION('',(0.0,-0.707106781186548,-0.707106781186548));
#6823=DIRECTION('',(0.0,1.0,0.0));
#6824=DIRECTION('',(0.0,-1.0,0.0));
#6825=DIRECTION('',(0.0,-1.0,0.0));
#6826=DIRECTION('',(0.0,1.0,0.0));
#6827=DIRECTION('',(0.0,0.707106781186548,0.707106781186548));
#6828=DIRECTION('',(-1.0,0.0,0.0));
#6829=DIRECTION('',(0.0,-0.707106781186548,-0.707106781186548));
#6830=DIRECTION('',(0.0,1.0,0.0));
#6831=DIRECTION('',(0.0,0.0,-1.0));
#6832=DIRECTION('',(0.0,-1.0,0.0));
#6833=DIRECTION('',(0.0,0.0,1.0));
#6834=DIRECTION('',(0.0,1.0,0.0));
#6835=DIRECTION('',(0.0,0.0,1.0));
#6836=DIRECTION('',(0.0,1.0,0.0));
#6837=DIRECTION('',(1.0,0.0,0.0));
#6838=DIRECTION('',(0.0,1.0,0.0));
#6839=DIRECTION('',(0.0,-1.0,0.0));
#6840=DIRECTION('',(1.0,0.0,0.0));
#6841=DIRECTION('',(0.0,1.0,0.0));
#6842=DIRECTION('',(0.0,0.0,1.0));
#6843=DIRECTION('',(0.0,1.0,0.0));
#6844=DIRECTION('',(0.0,-1.0,0.0));
#6845=DIRECTION('',(-1.0,0.0,0.0));
#6846=DIRECTION('',(0.0,1.0,0.0));
#6847=DIRECTION('',(1.0,0.0,0.0));
#6848=DIRECTION('',(0.0,-1.0,0.0));
#6849=DIRECTION('',(-1.0,0.0,0.0));
#6850=DIRECTION('',(0.0,1.0,0.0));
#6851=DIRECTION('',(1.0,0.0,0.0));
#6852=DIRECTION('',(0.0,-1.0,0.0));
#6853=DIRECTION('',(-1.0,0.0,0.0));
#6854=DIRECTION('',(0.0,-1.0,0.0));
#6855=DIRECTION('',(-1.0,0.0,0.0));
#6856=DIRECTION('',(0.0,1.0,0.0));
#6857=DIRECTION('',(1.0,0.0,0.0));
#6858=DIRECTION('',(0.0,-1.0,0.0));
#6859=DIRECTION('',(-1.0,0.0,0.0));
#6860=DIRECTION('',(0.0,-1.0,0.0));
#6861=DIRECTION('',(0.0,1.0,0.0));
#6862=DIRECTION('',(-1.0,0.0,0.0));
#6863=DIRECTION('',(0.0,1.0,0.0));
#6864=DIRECTION('',(1.0,0.0,0.0));
#6865=DIRECTION('',(1.0,0.0,0.0));
#6866=DIRECTION('',(1.0,0.0,0.0));
#6867=DIRECTION('',(-1.0,0.0,0.0));
#6868=DIRECTION('',(1.0,0.0,0.0));
#6869=DIRECTION('',(0.0,0.0,1.0));
#6870=DIRECTION('',(0.0,-1.0,0.0));
#6871=DIRECTION('',(1.0,0.0,0.0));
#6872=DIRECTION('',(0.0,1.0,0.0));
#6873=DIRECTION('',(0.0,1.0,0.0));
#6874=DIRECTION('',(0.0,1.0,0.0));
#6875=DIRECTION('',(0.0,0.0,-1.0));
#6876=DIRECTION('',(0.0,0.0,-1.0));
#6877=DIRECTION('',(0.0,-1.0,0.0));
#6878=DIRECTION('',(0.0,0.0,-1.0));
#6879=DIRECTION('',(0.0,-1.0,0.0));
#6880=DIRECTION('',(0.0,0.0,1.0));
#6881=DIRECTION('',(0.0,0.0,1.0));
#6882=DIRECTION('',(-1.0,0.0,0.0));
#6883=DIRECTION('',(0.0,0.0,1.0));
#6884=DIRECTION('',(0.0,0.0,1.0));
#6885=DIRECTION('',(1.0,0.0,0.0));
#6886=DIRECTION('',(1.0,0.0,0.0));
#6887=DIRECTION('',(0.0,1.0,0.0));
#6888=DIRECTION('',(-1.0,0.0,0.0));
#6889=DIRECTION('',(0.0,1.0,0.0));
#6890=DIRECTION('',(-1.0,0.0,0.0));
#6891=DIRECTION('',(0.0,1.0,0.0));
#6892=DIRECTION('',(-1.0,0.0,0.0));
#6893=DIRECTION('',(0.0,-1.0,0.0));
#6894=DIRECTION('',(-1.0,0.0,0.0));
#6895=DIRECTION('',(0.0,-1.0,0.0));
#6896=DIRECTION('',(1.0,0.0,0.0));
#6897=DIRECTION('',(0.0,1.0,0.0));
#6898=DIRECTION('',(0.0,0.0,1.0));
#6899=DIRECTION('',(0.0,-1.0,0.0));
#6900=DIRECTION('',(0.0,0.0,1.0));
#6901=DIRECTION('',(1.0,0.0,0.0));
#6902=DIRECTION('',(0.0,0.0,-1.0));
#6903=DIRECTION('',(1.0,0.0,0.0));
#6904=DIRECTION('',(0.0,0.0,-1.0));
#6905=DIRECTION('',(-1.0,0.0,0.0));
#6906=DIRECTION('',(0.0,0.0,1.0));
#6907=DIRECTION('',(0.0,1.0,0.0));
#6908=DIRECTION('',(0.0,0.0,-1.0));
#6909=DIRECTION('',(-1.0,0.0,0.0));
#6910=DIRECTION('',(0.0,0.0,1.0));
#6911=DIRECTION('',(0.0,1.0,0.0));
#6912=DIRECTION('',(0.0,0.0,-1.0));
#6913=DIRECTION('',(0.0,1.0,0.0));
#6914=DIRECTION('',(0.0,0.0,-1.0));
#6915=DIRECTION('',(-1.0,0.0,0.0));
#6916=DIRECTION('',(0.0,-1.0,0.0));
#6917=DIRECTION('',(-1.0,0.0,0.0));
#6918=DIRECTION('',(0.0,1.0,0.0));
#6919=DIRECTION('',(0.0,-1.0,0.0));
#6920=DIRECTION('',(-1.0,0.0,0.0));
#6921=DIRECTION('',(0.0,-1.0,0.0));
#6922=DIRECTION('',(1.0,0.0,0.0));
#6923=DIRECTION('',(-1.0,0.0,0.0));
#6924=DIRECTION('',(0.0,-1.0,0.0));
#6925=DIRECTION('',(-1.0,0.0,0.0));
#6926=DIRECTION('',(-1.0,0.0,0.0));
#6927=DIRECTION('',(0.0,-1.0,0.0));
#6928=DIRECTION('',(-1.0,0.0,0.0));
#6929=DIRECTION('',(0.0,1.0,0.0));
#6930=DIRECTION('',(-1.0,0.0,0.0));
#6931=DIRECTION('',(0.0,1.0,0.0));
#6932=DIRECTION('',(1.0,0.0,0.0));
#6933=DIRECTION('',(0.0,1.0,0.0));
#6934=DIRECTION('',(0.0,0.0,1.0));
#6935=DIRECTION('',(0.0,-1.0,0.0));
#6936=DIRECTION('',(0.0,0.0,-1.0));
#6937=DIRECTION('',(0.0,0.0,-1.0));
#6938=DIRECTION('',(0.0,1.0,0.0));
#6939=DIRECTION('',(1.0,0.0,0.0));
#6940=DIRECTION('',(0.0,-1.0,0.0));
#6941=DIRECTION('',(1.0,0.0,0.0));
#6942=DIRECTION('',(0.0,0.0,1.0));
#6943=DIRECTION('',(1.0,0.0,0.0));
#6944=DIRECTION('',(0.0,1.0,0.0));
#6945=DIRECTION('',(-1.0,0.0,0.0));
#6946=DIRECTION('',(0.0,1.0,0.0));
#6947=DIRECTION('',(-1.0,0.0,0.0));
#6948=DIRECTION('',(0.0,1.0,0.0));
#6949=DIRECTION('',(-1.0,0.0,0.0));
#6950=DIRECTION('',(0.0,-1.0,0.0));
#6951=DIRECTION('',(-1.0,0.0,0.0));
#6952=DIRECTION('',(0.0,1.0,0.0));
#6953=DIRECTION('',(0.0,0.0,1.0));
#6954=DIRECTION('',(0.0,0.0,-1.0));
#6955=DIRECTION('',(-1.0,0.0,0.0));
#6956=DIRECTION('',(0.0,0.0,1.0));
#6957=DIRECTION('',(0.0,1.0,0.0));
#6958=DIRECTION('',(0.0,0.0,-1.0));
#6959=DIRECTION('',(-1.0,0.0,0.0));
#6960=DIRECTION('',(0.0,0.0,1.0));
#6961=DIRECTION('',(0.0,0.0,-1.0));
#6962=DIRECTION('',(0.0,1.0,0.0));
#6963=DIRECTION('',(0.0,0.0,-1.0));
#6964=DIRECTION('',(0.0,0.0,-1.0));
#6965=DIRECTION('',(0.0,0.0,-1.0));
#6966=DIRECTION('',(0.0,0.0,-1.0));
#6967=DIRECTION('',(0.0,0.0,-1.0));
#6968=DIRECTION('',(0.0,0.0,-1.0));
#6969=DIRECTION('',(0.0,0.0,-1.0));
#6970=DIRECTION('',(0.0,0.0,-1.0));
#6971=DIRECTION('',(0.0,1.0,0.0));
#6972=DIRECTION('',(0.0,0.0,1.0));
#6973=DIRECTION('',(0.0,0.0,-1.0));
#6974=DIRECTION('',(0.0,0.0,1.0));
#6975=DIRECTION('',(0.0,0.0,-1.0));
#6976=DIRECTION('',(-1.0,0.0,0.0));
#6977=DIRECTION('',(0.0,0.0,-1.0));
#6978=DIRECTION('',(0.0,-1.0,0.0));
#6979=DIRECTION('',(1.0,0.0,0.0));
#6980=DIRECTION('',(0.0,-1.0,0.0));
#6981=DIRECTION('',(1.0,0.0,0.0));
#6982=DIRECTION('',(0.0,1.0,0.0));
#6983=DIRECTION('',(-1.0,0.0,0.0));
#6984=DIRECTION('',(0.0,-1.0,0.0));
#6985=DIRECTION('',(-1.0,0.0,0.0));
#6986=DIRECTION('',(0.0,1.0,0.0));
#6987=DIRECTION('',(-1.0,0.0,0.0));
#6988=DIRECTION('',(-1.0,0.0,0.0));
#6989=DIRECTION('',(1.0,0.0,0.0));
#6990=DIRECTION('',(-1.0,0.0,0.0));
#6991=DIRECTION('',(0.0,1.0,0.0));
#6992=DIRECTION('',(-1.0,0.0,0.0));
#6993=DIRECTION('',(0.0,1.0,0.0));
#6994=DIRECTION('',(1.0,0.0,0.0));
#6995=DIRECTION('',(0.0,1.0,0.0));
#6996=DIRECTION('',(-1.0,0.0,0.0));
#6997=DIRECTION('',(0.0,-1.0,0.0));
#6998=DIRECTION('',(0.0,0.0,-1.0));
#6999=DIRECTION('',(0.0,-1.0,0.0));
#7000=DIRECTION('',(0.0,0.0,-1.0));
#7001=DIRECTION('',(-1.0,0.0,0.0));
#7002=DIRECTION('',(0.0,0.0,-1.0));
#7003=DIRECTION('',(0.0,1.0,0.0));
#7004=DIRECTION('',(0.0,0.0,-1.0));
#7005=DIRECTION('',(-1.0,0.0,0.0));
#7006=DIRECTION('',(0.0,0.0,-1.0));
#7007=DIRECTION('',(0.0,0.0,-1.0));
#7008=DIRECTION('',(0.0,1.0,0.0));
#7009=DIRECTION('',(0.0,0.0,1.0));
#7010=DIRECTION('',(0.0,1.0,0.0));
#7011=DIRECTION('',(-1.0,0.0,0.0));
#7012=DIRECTION('',(0.0,1.0,0.0));
#7013=DIRECTION('',(-1.0,0.0,0.0));
#7014=DIRECTION('',(0.0,0.0,1.0));
#7015=DIRECTION('',(1.0,0.0,0.0));
#7016=DIRECTION('',(0.0,0.0,-1.0));
#7017=DIRECTION('',(0.0,0.0,1.0));
#7018=DIRECTION('',(0.0,0.0,-1.0));
#7019=DIRECTION('',(0.0,1.0,0.0));
#7020=DIRECTION('',(-1.0,0.0,0.0));
#7021=DIRECTION('',(-1.0,0.0,0.0));
#7022=DIRECTION('',(0.0,-1.0,0.0));
#7023=DIRECTION('',(1.0,0.0,0.0));
#7024=DIRECTION('',(0.0,1.0,0.0));
#7025=DIRECTION('',(0.0,0.0,1.0));
#7026=DIRECTION('',(0.0,-1.0,0.0));
#7027=DIRECTION('',(1.0,0.0,0.0));
#7028=DIRECTION('',(0.0,1.0,0.0));
#7029=DIRECTION('',(0.0,0.0,1.0));
#7030=DIRECTION('',(0.0,0.0,-1.0));
#7031=DIRECTION('',(-1.0,0.0,0.0));
#7032=DIRECTION('',(0.0,0.0,1.0));
#7033=DIRECTION('',(0.0,0.0,-1.0));
#7034=DIRECTION('',(-1.0,0.0,0.0));
#7035=DIRECTION('',(0.0,-1.0,0.0));
#7036=DIRECTION('',(0.0,0.0,-1.0));
#7037=DIRECTION('',(1.0,0.0,0.0));
#7038=DIRECTION('',(0.0,1.0,0.0));
#7039=DIRECTION('',(1.0,0.0,0.0));
#7040=DIRECTION('',(0.0,1.0,0.0));
#7041=DIRECTION('',(-1.0,0.0,0.0));
#7042=DIRECTION('',(0.0,1.0,0.0));
#7043=DIRECTION('',(-1.0,0.0,0.0));
#7044=DIRECTION('',(0.0,-1.0,0.0));
#7045=DIRECTION('',(-1.0,0.0,0.0));
#7046=DIRECTION('',(0.0,-1.0,0.0));
#7047=DIRECTION('',(1.0,0.0,0.0));
#7048=DIRECTION('',(0.0,1.0,0.0));
#7049=DIRECTION('',(-1.0,0.0,0.0));
#7050=DIRECTION('',(0.0,1.0,0.0));
#7051=DIRECTION('',(-1.0,0.0,0.0));
#7052=DIRECTION('',(0.0,-1.0,0.0));
#7053=DIRECTION('',(-1.0,0.0,0.0));
#7054=DIRECTION('',(0.0,-1.0,0.0));
#7055=DIRECTION('',(1.0,0.0,0.0));
#7056=DIRECTION('',(0.0,1.0,0.0));
#7057=DIRECTION('',(-1.0,0.0,0.0));
#7058=DIRECTION('',(0.0,1.0,0.0));
#7059=DIRECTION('',(-1.0,0.0,0.0));
#7060=DIRECTION('',(0.0,-1.0,0.0));
#7061=DIRECTION('',(-1.0,0.0,0.0));
#7062=DIRECTION('',(0.0,-1.0,0.0));
#7063=DIRECTION('',(1.0,0.0,0.0));
#7064=DIRECTION('',(0.0,1.0,0.0));
#7065=DIRECTION('',(-1.0,0.0,0.0));
#7066=DIRECTION('',(0.0,1.0,0.0));
#7067=DIRECTION('',(-1.0,0.0,0.0));
#7068=DIRECTION('',(0.0,-1.0,0.0));
#7069=DIRECTION('',(-1.0,0.0,0.0));
#7070=DIRECTION('',(0.0,-1.0,0.0));
#7071=DIRECTION('',(0.0,1.0,0.0));
#7072=DIRECTION('',(0.0,0.0,1.0));
#7073=DIRECTION('',(0.0,-1.0,0.0));
#7074=DIRECTION('',(0.0,0.0,1.0));
#7075=DIRECTION('',(1.0,0.0,0.0));
#7076=DIRECTION('',(0.0,0.0,1.0));
#7077=DIRECTION('',(0.0,1.0,0.0));
#7078=DIRECTION('',(0.0,0.0,1.0));
#7079=DIRECTION('',(-1.0,0.0,0.0));
#7080=DIRECTION('',(0.0,0.0,1.0));
#7081=DIRECTION('',(0.0,1.0,0.0));
#7082=DIRECTION('',(0.0,0.0,1.0));
#7083=DIRECTION('',(-1.0,0.0,0.0));
#7084=DIRECTION('',(0.0,0.0,1.0));
#7085=DIRECTION('',(0.0,-1.0,0.0));
#7086=DIRECTION('',(0.0,0.0,1.0));
#7087=DIRECTION('',(-1.0,0.0,0.0));
#7088=DIRECTION('',(0.0,0.0,1.0));
#7089=DIRECTION('',(0.0,-1.0,0.0));
#7090=DIRECTION('',(0.0,0.0,1.0));
#7091=DIRECTION('',(1.0,0.0,0.0));
#7092=DIRECTION('',(0.0,0.0,1.0));
#7093=DIRECTION('',(0.0,1.0,0.0));
#7094=DIRECTION('',(0.0,0.0,1.0));
#7095=DIRECTION('',(-1.0,0.0,0.0));
#7096=DIRECTION('',(0.0,0.0,1.0));
#7097=DIRECTION('',(0.0,1.0,0.0));
#7098=DIRECTION('',(0.0,0.0,1.0));
#7099=DIRECTION('',(-1.0,0.0,0.0));
#7100=DIRECTION('',(0.0,0.0,1.0));
#7101=DIRECTION('',(0.0,-1.0,0.0));
#7102=DIRECTION('',(0.0,0.0,1.0));
#7103=DIRECTION('',(-1.0,0.0,0.0));
#7104=DIRECTION('',(0.0,0.0,1.0));
#7105=DIRECTION('',(0.0,-1.0,0.0));
#7106=DIRECTION('',(0.0,0.0,1.0));
#7107=DIRECTION('',(1.0,0.0,0.0));
#7108=DIRECTION('',(0.0,0.0,1.0));
#7109=DIRECTION('',(0.0,1.0,0.0));
#7110=DIRECTION('',(0.0,0.0,1.0));
#7111=DIRECTION('',(-1.0,0.0,0.0));
#7112=DIRECTION('',(0.0,0.0,1.0));
#7113=DIRECTION('',(0.0,1.0,0.0));
#7114=DIRECTION('',(0.0,0.0,1.0));
#7115=DIRECTION('',(-1.0,0.0,0.0));
#7116=DIRECTION('',(0.0,0.0,1.0));
#7117=DIRECTION('',(0.0,-1.0,0.0));
#7118=DIRECTION('',(0.0,0.0,1.0));
#7119=DIRECTION('',(-1.0,0.0,0.0));
#7120=DIRECTION('',(0.0,0.0,1.0));
#7121=DIRECTION('',(0.0,-1.0,0.0));
#7122=DIRECTION('',(0.0,0.0,1.0));
#7123=DIRECTION('',(1.0,0.0,0.0));
#7124=DIRECTION('',(0.0,0.0,1.0));
#7125=DIRECTION('',(0.0,1.0,0.0));
#7126=DIRECTION('',(0.0,0.0,1.0));
#7127=DIRECTION('',(-1.0,0.0,0.0));
#7128=DIRECTION('',(0.0,0.0,1.0));
#7129=DIRECTION('',(0.0,1.0,0.0));
#7130=DIRECTION('',(0.0,0.0,1.0));
#7131=DIRECTION('',(-1.0,0.0,0.0));
#7132=DIRECTION('',(0.0,0.0,1.0));
#7133=DIRECTION('',(0.0,-1.0,0.0));
#7134=DIRECTION('',(0.0,0.0,1.0));
#7135=DIRECTION('',(-1.0,0.0,0.0));
#7136=DIRECTION('',(0.0,0.0,-1.0));
#7137=DIRECTION('',(0.0,0.0,-1.0));
#7138=DIRECTION('',(0.0,1.0,0.0));
#7139=DIRECTION('',(0.0,0.0,1.0));
#7140=DIRECTION('',(0.0,1.0,0.0));
#7141=DIRECTION('',(0.0,0.0,-1.0));
#7142=DIRECTION('',(0.0,0.0,1.0));
#7143=DIRECTION('',(1.0,0.0,0.0));
#7144=DIRECTION('',(0.0,0.0,-1.0));
#7145=DIRECTION('',(-1.0,0.0,0.0));
#7146=DIRECTION('',(0.0,0.0,1.0));
#7147=DIRECTION('',(0.0,1.0,0.0));
#7148=DIRECTION('',(0.0,0.0,-1.0));
#7149=DIRECTION('',(0.0,1.0,0.0));
#7150=DIRECTION('',(-1.0,0.0,0.0));
#7151=DIRECTION('',(-1.0,0.0,0.0));
#7152=DIRECTION('',(0.0,1.0,0.0));
#7153=DIRECTION('',(-1.0,0.0,0.0));
#7154=DIRECTION('',(0.0,-1.0,0.0));
#7155=DIRECTION('',(-1.0,0.0,0.0));
#7156=DIRECTION('',(0.0,-1.0,0.0));
#7157=DIRECTION('',(1.0,0.0,0.0));
#7158=DIRECTION('',(0.0,1.0,0.0));
#7159=DIRECTION('',(0.0,0.0,1.0));
#7160=DIRECTION('',(0.0,-1.0,0.0));
#7161=DIRECTION('',(1.0,0.0,0.0));
#7162=DIRECTION('',(0.0,1.0,0.0));
#7163=DIRECTION('',(0.0,0.0,1.0));
#7164=DIRECTION('',(0.0,0.0,-1.0));
#7165=DIRECTION('',(0.0,0.0,-1.0));
#7166=DIRECTION('',(0.0,0.0,-1.0));
#7167=DIRECTION('',(0.0,0.0,-1.0));
#7168=DIRECTION('',(0.0,0.0,-1.0));
#7169=DIRECTION('',(-1.0,0.0,0.0));
#7170=DIRECTION('',(1.0,0.0,0.0));
#7171=DIRECTION('',(-1.0,0.0,0.0));
#7172=DIRECTION('',(0.0,0.0,1.0));
#7173=DIRECTION('',(0.0,1.0,0.0));
#7174=DIRECTION('',(0.0,1.0,0.0));
#7175=DIRECTION('',(0.0,1.0,0.0));
#7176=DIRECTION('',(0.0,0.965905705675591,0.258894124582498));
#7177=DIRECTION('',(0.0,0.0,-1.0));
#7178=DIRECTION('',(0.0,1.0,-1.7763568394E-14));
#7179=DIRECTION('',(0.0,1.0,0.0));
#7180=DIRECTION('',(0.999999986613194,-0.000158025452330499,-4.24448791609998E-05));
#7181=DIRECTION('',(1.0,0.0,0.0));
#7182=DIRECTION('',(0.0,-0.965340647683765,-0.26099316835789));
#7183=CARTESIAN_POINT('',(-0.632,-0.6,2.3));
#7184=DIRECTION('',(-1.0,0.0,0.0));
#7185=DIRECTION('',(0.0,1.0,0.0));
#7186=DIRECTION('',(0.0,1.0,0.0));
#7187=CARTESIAN_POINT('',(-0.632,-0.7,1.6));
#7188=DIRECTION('',(-1.0,0.0,0.0));
#7189=DIRECTION('',(0.0,0.0,-1.0));
#7190=DIRECTION('',(0.0,-0.871641873672772,-0.490143289314685));
#7191=DIRECTION('',(0.0,-0.253757944584795,-0.96726775277588));
#7192=DIRECTION('',(0.0,0.0,1.0));
#7193=DIRECTION('',(0.0,-1.0,0.0));
#7194=CARTESIAN_POINT('',(-0.466,1.5,2.574));
#7195=DIRECTION('',(0.0,1.0,0.0));
#7196=DIRECTION('',(-1.0,0.0,0.0));
#7197=DIRECTION('',(1.0,0.0,0.0));
#7198=DIRECTION('',(1.0,0.0,0.0));
#7199=DIRECTION('',(1.0,0.0,0.0));
#7200=DIRECTION('',(1.0,0.0,0.0));
#7201=DIRECTION('',(0.0104587422491298,-0.0498929611588291,-0.998699808319482));
#7202=DIRECTION('',(0.0,-1.0,0.0));
#7203=DIRECTION('',(-0.00644729357142529,-0.787994375580836,0.615648679409428));
#7204=DIRECTION('',(-0.0104717841162501,0.0,0.999945169365512));
#7205=DIRECTION('',(0.0,1.0,0.0));
#7206=DIRECTION('',(-0.0104319401609497,0.0871510002404076,0.996140490985872));
#7207=DIRECTION('',(-1.0,0.0,0.0));
#7208=DIRECTION('',(0.0104319401609497,0.0871510002404076,0.996140490985872));
#7209=DIRECTION('',(0.0,1.0,0.0));
#7210=DIRECTION('',(0.0104717841162501,0.0,0.999945169365512));
#7211=DIRECTION('',(0.00644729357142529,-0.787994375580836,0.615648679409428));
#7212=DIRECTION('',(0.0,-1.0,0.0));
#7213=DIRECTION('',(-0.0104587422491298,-0.0498929611588291,-0.998699808319482));
#7214=DIRECTION('',(-1.0,0.0,0.0));
#7215=DIRECTION('',(-1.0,0.0,0.0));
#7216=DIRECTION('',(-1.0,0.0,0.0));
#7217=DIRECTION('',(-1.0,0.0,0.0));
#7218=DIRECTION('',(-1.0,0.0,0.0));
#7219=DIRECTION('',(-1.0,0.0,0.0));
#7220=DIRECTION('',(-1.0,0.0,0.0));
#7221=DIRECTION('',(-1.0,0.0,0.0));
#7222=DIRECTION('',(-1.0,0.0,0.0));
#7223=DIRECTION('',(-1.0,0.0,0.0));
#7224=DIRECTION('',(-1.0,0.0,0.0));
#7225=DIRECTION('',(-1.0,0.0,0.0));
#7226=DIRECTION('',(0.0,0.0,-1.0));
#7227=DIRECTION('',(-0.707106781186548,0.707106781186548,0.0));
#7228=DIRECTION('',(-0.707106781186548,0.707106781186548,0.0));
#7229=DIRECTION('',(-1.0,0.0,0.0));
#7230=DIRECTION('',(-0.707106781186548,-0.707106781186548,0.0));
#7231=DIRECTION('',(-1.0,0.0,0.0));
#7232=DIRECTION('',(-0.707106781186548,-0.707106781186548,0.0));
#7233=DIRECTION('',(0.0,0.0,-1.0));
#7234=DIRECTION('',(0.0,0.0,-1.0));
#7235=DIRECTION('',(0.0,0.0,-1.0));
#7236=DIRECTION('',(0.0,0.0,-1.0));
#7237=DIRECTION('',(0.0,0.0,-1.0));
#7238=DIRECTION('',(0.0,0.0,-1.0));
ENDSEC;
END-ISO-10303-21;
