ISO-10303-21;
HEADER;
FILE_DESCRIPTION(('STEP AP242'),'1');
FILE_NAME('2008900102.stp','2025-01-29T03:15:47',('TraceParts'),('TraceParts S.A.'),'Spatial InterOp 3D',' ',' ');
FILE_SCHEMA(('AP242_MANAGED_MODEL_BASED_3D_ENGINEERING_MIM_LF  {1 0 10303 442 1 1 4}'));
ENDSEC;
DATA;
#1=PRODUCT_DEFINITION_CONTEXT('',#10,'design');
#2=APPLICATION_PROTOCOL_DEFINITION('INTERNATIONAL STANDARD','ap242_managed_model_based_3d_engineering',2014,#10);
#3=PRODUCT_CATEGORY_RELATIONSHIP('NONE','NONE',#11,#12);
#4=SHAPE_DEFINITION_REPRESENTATION(#13,#14);
#5=SHAPE_DEFINITION_REPRESENTATION(#13,#15);
#6= (GEOMETRIC_REPRESENTATION_CONTEXT(3)GLOBAL_UNCERTAINTY_ASSIGNED_CONTEXT((#18))GLOBAL_UNIT_ASSIGNED_CONTEXT((#20,#21,#22))REPRESENTATION_CONTEXT('NONE','WORKSPACE'));
#10=APPLICATION_CONTEXT('managed model based 3d engineering');
#11=PRODUCT_CATEGORY('part','NONE');
#12=PRODUCT_RELATED_PRODUCT_CATEGORY('detail',' ',(#24));
#13=PRODUCT_DEFINITION_SHAPE('NONE','NONE',#25);
#14=ADVANCED_BREP_SHAPE_REPRESENTATION('2008900102_1',(#26,#27),#6);
#15=GEOMETRICALLY_BOUNDED_SURFACE_SHAPE_REPRESENTATION('1',(#28,#29),#6);
#18=UNCERTAINTY_MEASURE_WITH_UNIT(LENGTH_MEASURE(1.0E-06),#20,'','');
#20= (CONVERSION_BASED_UNIT('MILLIMETRE',#32)LENGTH_UNIT()NAMED_UNIT(#35));
#21= (NAMED_UNIT(#37)PLANE_ANGLE_UNIT()SI_UNIT($,.RADIAN.));
#22= (NAMED_UNIT(#37)SOLID_ANGLE_UNIT()SI_UNIT($,.STERADIAN.));
#24=PRODUCT('2008900102_1','2008900102_1','PART-2008900102_1-DESC',(#43));
#25=PRODUCT_DEFINITION('','NONE',#44,#1);
#26=MANIFOLD_SOLID_BREP('2008900102_1',#45);
#27=AXIS2_PLACEMENT_3D('',#46,#47,#48);
#28=GEOMETRIC_SET('1',(#49,#50,#51,#52,#53,#54,#55,#56));
#29=AXIS2_PLACEMENT_3D('',#57,#58,#59);
#32=LENGTH_MEASURE_WITH_UNIT(LENGTH_MEASURE(1.0),#60);
#35=DIMENSIONAL_EXPONENTS(1.0,0.0,0.0,0.0,0.0,0.0,0.0);
#37=DIMENSIONAL_EXPONENTS(0.0,0.0,0.0,0.0,0.0,0.0,0.0);
#43=PRODUCT_CONTEXT('',#10,'mechanical');
#44=PRODUCT_DEFINITION_FORMATION_WITH_SPECIFIED_SOURCE(' ','NONE',#24,.NOT_KNOWN.);
#45=CLOSED_SHELL('',(#61,#62,#63,#64,#65,#66,#67,#68,#69,#70,#71,#72,#73,#74,#75,#76,#77,#78,#79,#80,#81,#82,#83,#84,#85,#86,#87,#88,#89,#90,#91,#92,#93,#94,#95,#96,#97,#98,#99,#100,#101,#102,#103,#104,#105,#106,#107,#108,#109,#110,#111,#112,#113,#114,#115,#116,#117,#118,#119,#120,#121,#122,#123,#124,#125,#126,#127,#128,#129,#130,#131,#132,#133,#134,#135,#136,#137,#138,#139,#140,#141,#142,#143,#144,#145,#146,#147,#148,#149,#150,#151,#152,#153,#154,#155,#156,#157,#158,#159,#160,#161,#162,#163,#164,#165,#166,#167,#168,#169,#170,#171,#172,#173,#174,#175,#176,#177,#178,#179,#180,#181,#182,#183,#184,#185,#186,#187,#188,#189,#190,#191,#192,#193,#194,#195,#196,#197,#198,#199,#200,#201,#202,#203,#204,#205,#206,#207,#208,#209,#210,#211,#212,#213,#214,#215,#216,#217,#218,#219,#220));
#46=CARTESIAN_POINT('',(0.0,0.0,0.0));
#47=DIRECTION('',(0.0,0.0,1.0));
#48=DIRECTION('',(1.0,0.0,0.0));
#49=COMPOSITE_CURVE('2008900102_2',(#221),.U.);
#50=COMPOSITE_CURVE('2008900102_3',(#222),.U.);
#51=COMPOSITE_CURVE('2008900102_4',(#223),.U.);
#52=COMPOSITE_CURVE('2008900102_5',(#224),.U.);
#53=COMPOSITE_CURVE('2008900102_6',(#225),.U.);
#54=COMPOSITE_CURVE('2008900102_7',(#226),.U.);
#55=COMPOSITE_CURVE('2008900102_8',(#227),.U.);
#56=COMPOSITE_CURVE('2008900102_9',(#228),.U.);
#57=CARTESIAN_POINT('',(0.0,0.0,0.0));
#58=DIRECTION('',(0.0,0.0,1.0));
#59=DIRECTION('',(1.0,0.0,0.0));
#60= (NAMED_UNIT(#35)LENGTH_UNIT()SI_UNIT(.MILLI.,.METRE.));
#61=ADVANCED_FACE('',(#230),#231,.F.);
#62=ADVANCED_FACE('',(#232),#233,.T.);
#63=ADVANCED_FACE('',(#234),#235,.T.);
#64=ADVANCED_FACE('',(#236),#237,.F.);
#65=ADVANCED_FACE('',(#238),#239,.T.);
#66=ADVANCED_FACE('',(#240),#241,.T.);
#67=ADVANCED_FACE('',(#242),#243,.T.);
#68=ADVANCED_FACE('',(#244),#245,.T.);
#69=ADVANCED_FACE('',(#246),#247,.T.);
#70=ADVANCED_FACE('',(#248),#249,.F.);
#71=ADVANCED_FACE('',(#250),#251,.F.);
#72=ADVANCED_FACE('',(#252),#253,.F.);
#73=ADVANCED_FACE('',(#254),#255,.T.);
#74=ADVANCED_FACE('',(#256),#257,.F.);
#75=ADVANCED_FACE('',(#258),#259,.T.);
#76=ADVANCED_FACE('',(#260),#261,.F.);
#77=ADVANCED_FACE('',(#262),#263,.T.);
#78=ADVANCED_FACE('',(#264),#265,.F.);
#79=ADVANCED_FACE('',(#266),#267,.F.);
#80=ADVANCED_FACE('',(#268),#269,.T.);
#81=ADVANCED_FACE('',(#270),#271,.F.);
#82=ADVANCED_FACE('',(#272),#273,.F.);
#83=ADVANCED_FACE('',(#274),#275,.F.);
#84=ADVANCED_FACE('',(#276),#277,.T.);
#85=ADVANCED_FACE('',(#278),#279,.T.);
#86=ADVANCED_FACE('',(#280),#281,.F.);
#87=ADVANCED_FACE('',(#282),#283,.F.);
#88=ADVANCED_FACE('',(#284),#285,.F.);
#89=ADVANCED_FACE('',(#286),#287,.T.);
#90=ADVANCED_FACE('',(#288),#289,.T.);
#91=ADVANCED_FACE('',(#290),#291,.T.);
#92=ADVANCED_FACE('',(#292),#293,.F.);
#93=ADVANCED_FACE('',(#294),#295,.T.);
#94=ADVANCED_FACE('',(#296),#297,.T.);
#95=ADVANCED_FACE('',(#298),#299,.F.);
#96=ADVANCED_FACE('',(#300),#301,.T.);
#97=ADVANCED_FACE('',(#302),#303,.T.);
#98=ADVANCED_FACE('',(#304),#305,.T.);
#99=ADVANCED_FACE('',(#306),#307,.F.);
#100=ADVANCED_FACE('',(#308),#309,.F.);
#101=ADVANCED_FACE('',(#310),#311,.T.);
#102=ADVANCED_FACE('',(#312),#313,.F.);
#103=ADVANCED_FACE('',(#314),#315,.F.);
#104=ADVANCED_FACE('',(#316),#317,.F.);
#105=ADVANCED_FACE('',(#318),#319,.T.);
#106=ADVANCED_FACE('',(#320),#321,.T.);
#107=ADVANCED_FACE('',(#322),#323,.T.);
#108=ADVANCED_FACE('',(#324),#325,.T.);
#109=ADVANCED_FACE('',(#326),#327,.F.);
#110=ADVANCED_FACE('',(#328),#329,.T.);
#111=ADVANCED_FACE('',(#330),#331,.T.);
#112=ADVANCED_FACE('',(#332),#333,.F.);
#113=ADVANCED_FACE('',(#334),#335,.F.);
#114=ADVANCED_FACE('',(#336),#337,.T.);
#115=ADVANCED_FACE('',(#338),#339,.T.);
#116=ADVANCED_FACE('',(#340),#341,.F.);
#117=ADVANCED_FACE('',(#342),#343,.F.);
#118=ADVANCED_FACE('',(#344),#345,.T.);
#119=ADVANCED_FACE('',(#346),#347,.T.);
#120=ADVANCED_FACE('',(#348),#349,.F.);
#121=ADVANCED_FACE('',(#350),#351,.T.);
#122=ADVANCED_FACE('',(#352),#353,.T.);
#123=ADVANCED_FACE('',(#354),#355,.F.);
#124=ADVANCED_FACE('',(#356),#357,.T.);
#125=ADVANCED_FACE('',(#358),#359,.F.);
#126=ADVANCED_FACE('',(#360),#361,.F.);
#127=ADVANCED_FACE('',(#362),#363,.F.);
#128=ADVANCED_FACE('',(#364),#365,.F.);
#129=ADVANCED_FACE('',(#366),#367,.F.);
#130=ADVANCED_FACE('',(#368),#369,.F.);
#131=ADVANCED_FACE('',(#370),#371,.F.);
#132=ADVANCED_FACE('',(#372),#373,.T.);
#133=ADVANCED_FACE('',(#374),#375,.T.);
#134=ADVANCED_FACE('',(#376),#377,.F.);
#135=ADVANCED_FACE('',(#378),#379,.T.);
#136=ADVANCED_FACE('',(#380),#381,.T.);
#137=ADVANCED_FACE('',(#382),#383,.F.);
#138=ADVANCED_FACE('',(#384),#385,.F.);
#139=ADVANCED_FACE('',(#386,#387),#388,.T.);
#140=ADVANCED_FACE('',(#389,#390),#391,.T.);
#141=ADVANCED_FACE('',(#392),#393,.T.);
#142=ADVANCED_FACE('',(#394),#395,.T.);
#143=ADVANCED_FACE('',(#396),#397,.F.);
#144=ADVANCED_FACE('',(#398),#399,.F.);
#145=ADVANCED_FACE('',(#400),#401,.F.);
#146=ADVANCED_FACE('',(#402),#403,.F.);
#147=ADVANCED_FACE('',(#404),#405,.F.);
#148=ADVANCED_FACE('',(#406),#407,.F.);
#149=ADVANCED_FACE('',(#408),#409,.F.);
#150=ADVANCED_FACE('',(#410),#411,.F.);
#151=ADVANCED_FACE('',(#412),#413,.T.);
#152=ADVANCED_FACE('',(#414),#415,.F.);
#153=ADVANCED_FACE('',(#416),#417,.F.);
#154=ADVANCED_FACE('',(#418),#419,.F.);
#155=ADVANCED_FACE('',(#420),#421,.F.);
#156=ADVANCED_FACE('',(#422),#423,.F.);
#157=ADVANCED_FACE('',(#424),#425,.F.);
#158=ADVANCED_FACE('',(#426),#427,.F.);
#159=ADVANCED_FACE('',(#428),#429,.F.);
#160=ADVANCED_FACE('',(#430),#431,.T.);
#161=ADVANCED_FACE('',(#432),#433,.T.);
#162=ADVANCED_FACE('',(#434),#435,.T.);
#163=ADVANCED_FACE('',(#436),#437,.T.);
#164=ADVANCED_FACE('',(#438),#439,.F.);
#165=ADVANCED_FACE('',(#440),#441,.F.);
#166=ADVANCED_FACE('',(#442),#443,.T.);
#167=ADVANCED_FACE('',(#444),#445,.T.);
#168=ADVANCED_FACE('',(#446),#447,.T.);
#169=ADVANCED_FACE('',(#448),#449,.T.);
#170=ADVANCED_FACE('',(#450),#451,.F.);
#171=ADVANCED_FACE('',(#452),#453,.F.);
#172=ADVANCED_FACE('',(#454),#455,.F.);
#173=ADVANCED_FACE('',(#456),#457,.F.);
#174=ADVANCED_FACE('',(#458),#459,.F.);
#175=ADVANCED_FACE('',(#460),#461,.F.);
#176=ADVANCED_FACE('',(#462),#463,.T.);
#177=ADVANCED_FACE('',(#464),#465,.T.);
#178=ADVANCED_FACE('',(#466),#467,.T.);
#179=ADVANCED_FACE('',(#468),#469,.T.);
#180=ADVANCED_FACE('',(#470),#471,.T.);
#181=ADVANCED_FACE('',(#472),#473,.F.);
#182=ADVANCED_FACE('',(#474),#475,.F.);
#183=ADVANCED_FACE('',(#476),#477,.F.);
#184=ADVANCED_FACE('',(#478),#479,.F.);
#185=ADVANCED_FACE('',(#480),#481,.F.);
#186=ADVANCED_FACE('',(#482),#483,.F.);
#187=ADVANCED_FACE('',(#484),#485,.T.);
#188=ADVANCED_FACE('',(#486),#487,.T.);
#189=ADVANCED_FACE('',(#488),#489,.T.);
#190=ADVANCED_FACE('',(#490),#491,.F.);
#191=ADVANCED_FACE('',(#492),#493,.F.);
#192=ADVANCED_FACE('',(#494),#495,.F.);
#193=ADVANCED_FACE('',(#496),#497,.F.);
#194=ADVANCED_FACE('',(#498),#499,.F.);
#195=ADVANCED_FACE('',(#500),#501,.F.);
#196=ADVANCED_FACE('',(#502),#503,.F.);
#197=ADVANCED_FACE('',(#504),#505,.F.);
#198=ADVANCED_FACE('',(#506),#507,.F.);
#199=ADVANCED_FACE('',(#508),#509,.T.);
#200=ADVANCED_FACE('',(#510),#511,.F.);
#201=ADVANCED_FACE('',(#512),#513,.T.);
#202=ADVANCED_FACE('',(#514),#515,.F.);
#203=ADVANCED_FACE('',(#516),#517,.T.);
#204=ADVANCED_FACE('',(#518),#519,.T.);
#205=ADVANCED_FACE('',(#520),#521,.T.);
#206=ADVANCED_FACE('',(#522),#523,.T.);
#207=ADVANCED_FACE('',(#524),#525,.T.);
#208=ADVANCED_FACE('',(#526),#527,.T.);
#209=ADVANCED_FACE('',(#528),#529,.T.);
#210=ADVANCED_FACE('',(#530),#531,.T.);
#211=ADVANCED_FACE('',(#532),#533,.T.);
#212=ADVANCED_FACE('',(#534),#535,.T.);
#213=ADVANCED_FACE('',(#536),#537,.T.);
#214=ADVANCED_FACE('',(#538),#539,.T.);
#215=ADVANCED_FACE('',(#540),#541,.T.);
#216=ADVANCED_FACE('',(#542),#543,.F.);
#217=ADVANCED_FACE('',(#544),#545,.F.);
#218=ADVANCED_FACE('',(#546),#547,.F.);
#219=ADVANCED_FACE('',(#548),#549,.F.);
#220=ADVANCED_FACE('',(#550),#551,.F.);
#221=COMPOSITE_CURVE_SEGMENT(.CONTINUOUS.,.T.,#552);
#222=COMPOSITE_CURVE_SEGMENT(.CONTINUOUS.,.T.,#553);
#223=COMPOSITE_CURVE_SEGMENT(.CONTINUOUS.,.T.,#554);
#224=COMPOSITE_CURVE_SEGMENT(.CONTINUOUS.,.T.,#555);
#225=COMPOSITE_CURVE_SEGMENT(.CONTINUOUS.,.T.,#556);
#226=COMPOSITE_CURVE_SEGMENT(.CONTINUOUS.,.T.,#557);
#227=COMPOSITE_CURVE_SEGMENT(.CONTINUOUS.,.T.,#558);
#228=COMPOSITE_CURVE_SEGMENT(.CONTINUOUS.,.T.,#559);
#230=FACE_OUTER_BOUND('',#560,.T.);
#231=PLANE('',#561);
#232=FACE_OUTER_BOUND('',#562,.T.);
#233=PLANE('',#563);
#234=FACE_OUTER_BOUND('',#564,.T.);
#235=PLANE('',#565);
#236=FACE_OUTER_BOUND('',#566,.T.);
#237=PLANE('',#567);
#238=FACE_OUTER_BOUND('',#568,.T.);
#239=PLANE('',#569);
#240=FACE_OUTER_BOUND('',#570,.T.);
#241=PLANE('',#571);
#242=FACE_OUTER_BOUND('',#572,.T.);
#243=PLANE('',#573);
#244=FACE_OUTER_BOUND('',#574,.T.);
#245=PLANE('',#575);
#246=FACE_OUTER_BOUND('',#576,.T.);
#247=PLANE('',#577);
#248=FACE_OUTER_BOUND('',#578,.T.);
#249=PLANE('',#579);
#250=FACE_OUTER_BOUND('',#580,.T.);
#251=CYLINDRICAL_SURFACE('',#581,0.6);
#252=FACE_OUTER_BOUND('',#582,.T.);
#253=PLANE('',#583);
#254=FACE_OUTER_BOUND('',#584,.T.);
#255=PLANE('',#585);
#256=FACE_OUTER_BOUND('',#586,.T.);
#257=CYLINDRICAL_SURFACE('',#587,1.3);
#258=FACE_OUTER_BOUND('',#588,.T.);
#259=PLANE('',#589);
#260=FACE_OUTER_BOUND('',#590,.T.);
#261=CYLINDRICAL_SURFACE('',#591,0.166);
#262=FACE_OUTER_BOUND('',#592,.T.);
#263=PLANE('',#593);
#264=FACE_OUTER_BOUND('',#594,.T.);
#265=PLANE('',#595);
#266=FACE_OUTER_BOUND('',#596,.T.);
#267=PLANE('',#597);
#268=FACE_OUTER_BOUND('',#598,.T.);
#269=PLANE('',#599);
#270=FACE_OUTER_BOUND('',#600,.T.);
#271=PLANE('',#601);
#272=FACE_OUTER_BOUND('',#602,.T.);
#273=PLANE('',#603);
#274=FACE_OUTER_BOUND('',#604,.T.);
#275=PLANE('',#605);
#276=FACE_OUTER_BOUND('',#606,.T.);
#277=PLANE('',#607);
#278=FACE_OUTER_BOUND('',#608,.T.);
#279=PLANE('',#609);
#280=FACE_OUTER_BOUND('',#610,.T.);
#281=PLANE('',#611);
#282=FACE_OUTER_BOUND('',#612,.T.);
#283=PLANE('',#613);
#284=FACE_OUTER_BOUND('',#614,.T.);
#285=PLANE('',#615);
#286=FACE_OUTER_BOUND('',#616,.T.);
#287=PLANE('',#617);
#288=FACE_OUTER_BOUND('',#618,.T.);
#289=PLANE('',#619);
#290=FACE_OUTER_BOUND('',#620,.T.);
#291=PLANE('',#621);
#292=FACE_OUTER_BOUND('',#622,.T.);
#293=PLANE('',#623);
#294=FACE_OUTER_BOUND('',#624,.T.);
#295=PLANE('',#625);
#296=FACE_OUTER_BOUND('',#626,.T.);
#297=PLANE('',#627);
#298=FACE_OUTER_BOUND('',#628,.T.);
#299=PLANE('',#629);
#300=FACE_OUTER_BOUND('',#630,.T.);
#301=PLANE('',#631);
#302=FACE_OUTER_BOUND('',#632,.T.);
#303=PLANE('',#633);
#304=FACE_OUTER_BOUND('',#634,.T.);
#305=PLANE('',#635);
#306=FACE_OUTER_BOUND('',#636,.T.);
#307=PLANE('',#637);
#308=FACE_OUTER_BOUND('',#638,.T.);
#309=PLANE('',#639);
#310=FACE_OUTER_BOUND('',#640,.T.);
#311=PLANE('',#641);
#312=FACE_OUTER_BOUND('',#642,.T.);
#313=PLANE('',#643);
#314=FACE_OUTER_BOUND('',#644,.T.);
#315=PLANE('',#645);
#316=FACE_OUTER_BOUND('',#646,.T.);
#317=PLANE('',#647);
#318=FACE_OUTER_BOUND('',#648,.T.);
#319=PLANE('',#649);
#320=FACE_OUTER_BOUND('',#650,.T.);
#321=PLANE('',#651);
#322=FACE_OUTER_BOUND('',#652,.T.);
#323=PLANE('',#653);
#324=FACE_OUTER_BOUND('',#654,.T.);
#325=PLANE('',#655);
#326=FACE_OUTER_BOUND('',#656,.T.);
#327=PLANE('',#657);
#328=FACE_OUTER_BOUND('',#658,.T.);
#329=PLANE('',#659);
#330=FACE_OUTER_BOUND('',#660,.T.);
#331=PLANE('',#661);
#332=FACE_OUTER_BOUND('',#662,.T.);
#333=PLANE('',#663);
#334=FACE_OUTER_BOUND('',#664,.T.);
#335=PLANE('',#665);
#336=FACE_OUTER_BOUND('',#666,.T.);
#337=PLANE('',#667);
#338=FACE_OUTER_BOUND('',#668,.T.);
#339=PLANE('',#669);
#340=FACE_OUTER_BOUND('',#670,.T.);
#341=PLANE('',#671);
#342=FACE_OUTER_BOUND('',#672,.T.);
#343=PLANE('',#673);
#344=FACE_OUTER_BOUND('',#674,.T.);
#345=PLANE('',#675);
#346=FACE_OUTER_BOUND('',#676,.T.);
#347=PLANE('',#677);
#348=FACE_OUTER_BOUND('',#678,.T.);
#349=PLANE('',#679);
#350=FACE_OUTER_BOUND('',#680,.T.);
#351=PLANE('',#681);
#352=FACE_OUTER_BOUND('',#682,.T.);
#353=PLANE('',#683);
#354=FACE_OUTER_BOUND('',#684,.T.);
#355=PLANE('',#685);
#356=FACE_OUTER_BOUND('',#686,.T.);
#357=PLANE('',#687);
#358=FACE_OUTER_BOUND('',#688,.T.);
#359=PLANE('',#689);
#360=FACE_OUTER_BOUND('',#690,.T.);
#361=PLANE('',#691);
#362=FACE_OUTER_BOUND('',#692,.T.);
#363=PLANE('',#693);
#364=FACE_OUTER_BOUND('',#694,.T.);
#365=PLANE('',#695);
#366=FACE_OUTER_BOUND('',#696,.T.);
#367=PLANE('',#697);
#368=FACE_OUTER_BOUND('',#698,.T.);
#369=PLANE('',#699);
#370=FACE_OUTER_BOUND('',#700,.T.);
#371=PLANE('',#701);
#372=FACE_OUTER_BOUND('',#702,.T.);
#373=PLANE('',#703);
#374=FACE_OUTER_BOUND('',#704,.T.);
#375=PLANE('',#705);
#376=FACE_OUTER_BOUND('',#706,.T.);
#377=PLANE('',#707);
#378=FACE_OUTER_BOUND('',#708,.T.);
#379=PLANE('',#709);
#380=FACE_OUTER_BOUND('',#710,.T.);
#381=PLANE('',#711);
#382=FACE_OUTER_BOUND('',#712,.T.);
#383=PLANE('',#713);
#384=FACE_OUTER_BOUND('',#714,.T.);
#385=PLANE('',#715);
#386=FACE_OUTER_BOUND('',#716,.T.);
#387=FACE_BOUND('',#717,.T.);
#388=PLANE('',#718);
#389=FACE_OUTER_BOUND('',#719,.T.);
#390=FACE_BOUND('',#720,.T.);
#391=PLANE('',#721);
#392=FACE_OUTER_BOUND('',#722,.T.);
#393=PLANE('',#723);
#394=FACE_OUTER_BOUND('',#724,.T.);
#395=PLANE('',#725);
#396=FACE_OUTER_BOUND('',#726,.T.);
#397=PLANE('',#727);
#398=FACE_OUTER_BOUND('',#728,.T.);
#399=PLANE('',#729);
#400=FACE_OUTER_BOUND('',#730,.T.);
#401=PLANE('',#731);
#402=FACE_OUTER_BOUND('',#732,.T.);
#403=PLANE('',#733);
#404=FACE_OUTER_BOUND('',#734,.T.);
#405=PLANE('',#735);
#406=FACE_OUTER_BOUND('',#736,.T.);
#407=PLANE('',#737);
#408=FACE_OUTER_BOUND('',#738,.T.);
#409=PLANE('',#739);
#410=FACE_OUTER_BOUND('',#740,.T.);
#411=PLANE('',#741);
#412=FACE_OUTER_BOUND('',#742,.T.);
#413=PLANE('',#743);
#414=FACE_OUTER_BOUND('',#744,.T.);
#415=PLANE('',#745);
#416=FACE_OUTER_BOUND('',#746,.T.);
#417=PLANE('',#747);
#418=FACE_OUTER_BOUND('',#748,.T.);
#419=PLANE('',#749);
#420=FACE_OUTER_BOUND('',#750,.T.);
#421=PLANE('',#751);
#422=FACE_OUTER_BOUND('',#752,.T.);
#423=PLANE('',#753);
#424=FACE_OUTER_BOUND('',#754,.T.);
#425=PLANE('',#755);
#426=FACE_OUTER_BOUND('',#756,.T.);
#427=PLANE('',#757);
#428=FACE_OUTER_BOUND('',#758,.T.);
#429=PLANE('',#759);
#430=FACE_OUTER_BOUND('',#760,.T.);
#431=PLANE('',#761);
#432=FACE_OUTER_BOUND('',#762,.T.);
#433=PLANE('',#763);
#434=FACE_OUTER_BOUND('',#764,.T.);
#435=PLANE('',#765);
#436=FACE_OUTER_BOUND('',#766,.T.);
#437=PLANE('',#767);
#438=FACE_OUTER_BOUND('',#768,.T.);
#439=PLANE('',#769);
#440=FACE_OUTER_BOUND('',#770,.T.);
#441=PLANE('',#771);
#442=FACE_OUTER_BOUND('',#772,.T.);
#443=PLANE('',#773);
#444=FACE_OUTER_BOUND('',#774,.T.);
#445=PLANE('',#775);
#446=FACE_OUTER_BOUND('',#776,.T.);
#447=PLANE('',#777);
#448=FACE_OUTER_BOUND('',#778,.T.);
#449=PLANE('',#779);
#450=FACE_OUTER_BOUND('',#780,.T.);
#451=PLANE('',#781);
#452=FACE_OUTER_BOUND('',#782,.T.);
#453=PLANE('',#783);
#454=FACE_OUTER_BOUND('',#784,.T.);
#455=PLANE('',#785);
#456=FACE_OUTER_BOUND('',#786,.T.);
#457=PLANE('',#787);
#458=FACE_OUTER_BOUND('',#788,.T.);
#459=PLANE('',#789);
#460=FACE_OUTER_BOUND('',#790,.T.);
#461=PLANE('',#791);
#462=FACE_OUTER_BOUND('',#792,.T.);
#463=PLANE('',#793);
#464=FACE_OUTER_BOUND('',#794,.T.);
#465=PLANE('',#795);
#466=FACE_OUTER_BOUND('',#796,.T.);
#467=PLANE('',#797);
#468=FACE_OUTER_BOUND('',#798,.T.);
#469=PLANE('',#799);
#470=FACE_OUTER_BOUND('',#800,.T.);
#471=PLANE('',#801);
#472=FACE_OUTER_BOUND('',#802,.T.);
#473=PLANE('',#803);
#474=FACE_OUTER_BOUND('',#804,.T.);
#475=PLANE('',#805);
#476=FACE_OUTER_BOUND('',#806,.T.);
#477=PLANE('',#807);
#478=FACE_OUTER_BOUND('',#808,.T.);
#479=PLANE('',#809);
#480=FACE_OUTER_BOUND('',#810,.T.);
#481=PLANE('',#811);
#482=FACE_OUTER_BOUND('',#812,.T.);
#483=PLANE('',#813);
#484=FACE_OUTER_BOUND('',#814,.T.);
#485=PLANE('',#815);
#486=FACE_OUTER_BOUND('',#816,.T.);
#487=PLANE('',#817);
#488=FACE_OUTER_BOUND('',#818,.T.);
#489=PLANE('',#819);
#490=FACE_OUTER_BOUND('',#820,.T.);
#491=PLANE('',#821);
#492=FACE_OUTER_BOUND('',#822,.T.);
#493=PLANE('',#823);
#494=FACE_OUTER_BOUND('',#824,.T.);
#495=CYLINDRICAL_SURFACE('',#825,0.166);
#496=FACE_OUTER_BOUND('',#826,.T.);
#497=PLANE('',#827);
#498=FACE_OUTER_BOUND('',#828,.T.);
#499=PLANE('',#829);
#500=FACE_OUTER_BOUND('',#830,.T.);
#501=PLANE('',#831);
#502=FACE_OUTER_BOUND('',#832,.T.);
#503=CYLINDRICAL_SURFACE('',#833,0.6);
#504=FACE_OUTER_BOUND('',#834,.T.);
#505=PLANE('',#835);
#506=FACE_OUTER_BOUND('',#836,.T.);
#507=CYLINDRICAL_SURFACE('',#837,1.3);
#508=FACE_OUTER_BOUND('',#838,.T.);
#509=PLANE('',#839);
#510=FACE_OUTER_BOUND('',#840,.T.);
#511=PLANE('',#841);
#512=FACE_OUTER_BOUND('',#842,.T.);
#513=PLANE('',#843);
#514=FACE_OUTER_BOUND('',#844,.T.);
#515=PLANE('',#845);
#516=FACE_OUTER_BOUND('',#846,.T.);
#517=PLANE('',#847);
#518=FACE_OUTER_BOUND('',#848,.T.);
#519=PLANE('',#849);
#520=FACE_OUTER_BOUND('',#850,.T.);
#521=PLANE('',#851);
#522=FACE_OUTER_BOUND('',#852,.T.);
#523=PLANE('',#853);
#524=FACE_OUTER_BOUND('',#854,.T.);
#525=PLANE('',#855);
#526=FACE_OUTER_BOUND('',#856,.T.);
#527=PLANE('',#857);
#528=FACE_OUTER_BOUND('',#858,.T.);
#529=PLANE('',#859);
#530=FACE_OUTER_BOUND('',#860,.T.);
#531=PLANE('',#861);
#532=FACE_OUTER_BOUND('',#862,.T.);
#533=CYLINDRICAL_SURFACE('',#863,0.75);
#534=FACE_OUTER_BOUND('',#864,.T.);
#535=PLANE('',#865);
#536=FACE_OUTER_BOUND('',#866,.T.);
#537=PLANE('',#867);
#538=FACE_OUTER_BOUND('',#868,.T.);
#539=PLANE('',#869);
#540=FACE_OUTER_BOUND('',#870,.T.);
#541=PLANE('',#871);
#542=FACE_OUTER_BOUND('',#872,.T.);
#543=PLANE('',#873);
#544=FACE_OUTER_BOUND('',#874,.T.);
#545=PLANE('',#875);
#546=FACE_OUTER_BOUND('',#876,.T.);
#547=PLANE('',#877);
#548=FACE_OUTER_BOUND('',#878,.T.);
#549=PLANE('',#879);
#550=FACE_OUTER_BOUND('',#880,.T.);
#551=PLANE('',#881);
#552=TRIMMED_CURVE('',#882,(PARAMETER_VALUE(0.0)),(PARAMETER_VALUE(1.0)),.T.,.UNSPECIFIED.);
#553=TRIMMED_CURVE('',#883,(PARAMETER_VALUE(0.0)),(PARAMETER_VALUE(1.0)),.T.,.UNSPECIFIED.);
#554=TRIMMED_CURVE('',#884,(PARAMETER_VALUE(0.0)),(PARAMETER_VALUE(1.0)),.T.,.UNSPECIFIED.);
#555=TRIMMED_CURVE('',#885,(PARAMETER_VALUE(0.0)),(PARAMETER_VALUE(1.0)),.T.,.UNSPECIFIED.);
#556=TRIMMED_CURVE('',#886,(PARAMETER_VALUE(0.0)),(PARAMETER_VALUE(1.0)),.T.,.UNSPECIFIED.);
#557=TRIMMED_CURVE('',#887,(PARAMETER_VALUE(0.0)),(PARAMETER_VALUE(1.0)),.T.,.UNSPECIFIED.);
#558=TRIMMED_CURVE('',#888,(PARAMETER_VALUE(0.0)),(PARAMETER_VALUE(1.0)),.T.,.UNSPECIFIED.);
#559=TRIMMED_CURVE('',#889,(PARAMETER_VALUE(0.0)),(PARAMETER_VALUE(1.0)),.T.,.UNSPECIFIED.);
#560=EDGE_LOOP('',(#890,#891,#892,#893,#894,#895,#896,#897,#898,#899,#900,#901,#902,#903,#904,#905));
#561=AXIS2_PLACEMENT_3D('',#906,#907,#908);
#562=EDGE_LOOP('',(#909,#910,#911,#912));
#563=AXIS2_PLACEMENT_3D('',#913,#914,#915);
#564=EDGE_LOOP('',(#916,#917,#918,#919));
#565=AXIS2_PLACEMENT_3D('',#920,#921,#922);
#566=EDGE_LOOP('',(#923,#924,#925,#926));
#567=AXIS2_PLACEMENT_3D('',#927,#928,#929);
#568=EDGE_LOOP('',(#930,#931,#932,#933,#934,#935,#936,#937,#938,#939,#940,#941,#942,#943,#944,#945,#946,#947,#948,#949,#950,#951,#952,#953,#954,#955,#956,#957));
#569=AXIS2_PLACEMENT_3D('',#958,#959,#960);
#570=EDGE_LOOP('',(#961,#962,#963,#964,#965,#966));
#571=AXIS2_PLACEMENT_3D('',#967,#968,#969);
#572=EDGE_LOOP('',(#970,#971,#972,#973));
#573=AXIS2_PLACEMENT_3D('',#974,#975,#976);
#574=EDGE_LOOP('',(#977,#978,#979,#980,#981,#982,#983,#984));
#575=AXIS2_PLACEMENT_3D('',#985,#986,#987);
#576=EDGE_LOOP('',(#988,#989,#990,#991,#992,#993,#994,#995));
#577=AXIS2_PLACEMENT_3D('',#996,#997,#998);
#578=EDGE_LOOP('',(#999,#1000,#1001,#1002,#1003,#1004,#1005,#1006,#1007,#1008,#1009,#1010,#1011));
#579=AXIS2_PLACEMENT_3D('',#1012,#1013,#1014);
#580=EDGE_LOOP('',(#1015,#1016,#1017,#1018));
#581=AXIS2_PLACEMENT_3D('',#1019,#1020,#1021);
#582=EDGE_LOOP('',(#1022,#1023,#1024,#1025,#1026,#1027,#1028,#1029,#1030,#1031));
#583=AXIS2_PLACEMENT_3D('',#1032,#1033,#1034);
#584=EDGE_LOOP('',(#1035,#1036,#1037,#1038,#1039,#1040,#1041,#1042,#1043,#1044,#1045,#1046,#1047,#1048,#1049,#1050,#1051,#1052,#1053,#1054,#1055,#1056));
#585=AXIS2_PLACEMENT_3D('',#1057,#1058,#1059);
#586=EDGE_LOOP('',(#1060,#1061,#1062,#1063));
#587=AXIS2_PLACEMENT_3D('',#1064,#1065,#1066);
#588=EDGE_LOOP('',(#1067,#1068,#1069,#1070));
#589=AXIS2_PLACEMENT_3D('',#1071,#1072,#1073);
#590=EDGE_LOOP('',(#1074,#1075,#1076,#1077));
#591=AXIS2_PLACEMENT_3D('',#1078,#1079,#1080);
#592=EDGE_LOOP('',(#1081,#1082,#1083,#1084,#1085,#1086));
#593=AXIS2_PLACEMENT_3D('',#1087,#1088,#1089);
#594=EDGE_LOOP('',(#1090,#1091,#1092,#1093,#1094,#1095));
#595=AXIS2_PLACEMENT_3D('',#1096,#1097,#1098);
#596=EDGE_LOOP('',(#1099,#1100,#1101,#1102,#1103,#1104,#1105,#1106,#1107,#1108));
#597=AXIS2_PLACEMENT_3D('',#1109,#1110,#1111);
#598=EDGE_LOOP('',(#1112,#1113,#1114,#1115,#1116,#1117,#1118,#1119));
#599=AXIS2_PLACEMENT_3D('',#1120,#1121,#1122);
#600=EDGE_LOOP('',(#1123,#1124,#1125,#1126));
#601=AXIS2_PLACEMENT_3D('',#1127,#1128,#1129);
#602=EDGE_LOOP('',(#1130,#1131,#1132,#1133));
#603=AXIS2_PLACEMENT_3D('',#1134,#1135,#1136);
#604=EDGE_LOOP('',(#1137,#1138,#1139,#1140));
#605=AXIS2_PLACEMENT_3D('',#1141,#1142,#1143);
#606=EDGE_LOOP('',(#1144,#1145,#1146,#1147));
#607=AXIS2_PLACEMENT_3D('',#1148,#1149,#1150);
#608=EDGE_LOOP('',(#1151,#1152,#1153,#1154,#1155,#1156,#1157,#1158,#1159,#1160));
#609=AXIS2_PLACEMENT_3D('',#1161,#1162,#1163);
#610=EDGE_LOOP('',(#1164,#1165,#1166,#1167,#1168,#1169));
#611=AXIS2_PLACEMENT_3D('',#1170,#1171,#1172);
#612=EDGE_LOOP('',(#1173,#1174,#1175,#1176,#1177,#1178,#1179,#1180,#1181,#1182,#1183,#1184,#1185));
#613=AXIS2_PLACEMENT_3D('',#1186,#1187,#1188);
#614=EDGE_LOOP('',(#1189,#1190,#1191,#1192));
#615=AXIS2_PLACEMENT_3D('',#1193,#1194,#1195);
#616=EDGE_LOOP('',(#1196,#1197,#1198,#1199,#1200));
#617=AXIS2_PLACEMENT_3D('',#1201,#1202,#1203);
#618=EDGE_LOOP('',(#1204,#1205,#1206,#1207));
#619=AXIS2_PLACEMENT_3D('',#1208,#1209,#1210);
#620=EDGE_LOOP('',(#1211,#1212,#1213,#1214));
#621=AXIS2_PLACEMENT_3D('',#1215,#1216,#1217);
#622=EDGE_LOOP('',(#1218,#1219,#1220,#1221,#1222,#1223,#1224,#1225,#1226,#1227,#1228,#1229));
#623=AXIS2_PLACEMENT_3D('',#1230,#1231,#1232);
#624=EDGE_LOOP('',(#1233,#1234,#1235,#1236,#1237,#1238,#1239));
#625=AXIS2_PLACEMENT_3D('',#1240,#1241,#1242);
#626=EDGE_LOOP('',(#1243,#1244,#1245,#1246,#1247,#1248,#1249));
#627=AXIS2_PLACEMENT_3D('',#1250,#1251,#1252);
#628=EDGE_LOOP('',(#1253,#1254,#1255,#1256,#1257));
#629=AXIS2_PLACEMENT_3D('',#1258,#1259,#1260);
#630=EDGE_LOOP('',(#1261,#1262,#1263,#1264));
#631=AXIS2_PLACEMENT_3D('',#1265,#1266,#1267);
#632=EDGE_LOOP('',(#1268,#1269,#1270,#1271));
#633=AXIS2_PLACEMENT_3D('',#1272,#1273,#1274);
#634=EDGE_LOOP('',(#1275,#1276,#1277,#1278));
#635=AXIS2_PLACEMENT_3D('',#1279,#1280,#1281);
#636=EDGE_LOOP('',(#1282,#1283,#1284,#1285));
#637=AXIS2_PLACEMENT_3D('',#1286,#1287,#1288);
#638=EDGE_LOOP('',(#1289,#1290,#1291,#1292,#1293,#1294,#1295,#1296,#1297,#1298,#1299,#1300,#1301,#1302,#1303,#1304,#1305,#1306,#1307,#1308,#1309,#1310,#1311,#1312));
#639=AXIS2_PLACEMENT_3D('',#1313,#1314,#1315);
#640=EDGE_LOOP('',(#1316,#1317,#1318,#1319));
#641=AXIS2_PLACEMENT_3D('',#1320,#1321,#1322);
#642=EDGE_LOOP('',(#1323,#1324,#1325,#1326,#1327));
#643=AXIS2_PLACEMENT_3D('',#1328,#1329,#1330);
#644=EDGE_LOOP('',(#1331,#1332,#1333,#1334));
#645=AXIS2_PLACEMENT_3D('',#1335,#1336,#1337);
#646=EDGE_LOOP('',(#1338,#1339,#1340,#1341,#1342));
#647=AXIS2_PLACEMENT_3D('',#1343,#1344,#1345);
#648=EDGE_LOOP('',(#1346,#1347,#1348,#1349));
#649=AXIS2_PLACEMENT_3D('',#1350,#1351,#1352);
#650=EDGE_LOOP('',(#1353,#1354,#1355,#1356,#1357,#1358,#1359,#1360,#1361,#1362,#1363));
#651=AXIS2_PLACEMENT_3D('',#1364,#1365,#1366);
#652=EDGE_LOOP('',(#1367,#1368,#1369,#1370));
#653=AXIS2_PLACEMENT_3D('',#1371,#1372,#1373);
#654=EDGE_LOOP('',(#1374,#1375,#1376,#1377));
#655=AXIS2_PLACEMENT_3D('',#1378,#1379,#1380);
#656=EDGE_LOOP('',(#1381,#1382,#1383,#1384));
#657=AXIS2_PLACEMENT_3D('',#1385,#1386,#1387);
#658=EDGE_LOOP('',(#1388,#1389,#1390,#1391,#1392,#1393,#1394,#1395));
#659=AXIS2_PLACEMENT_3D('',#1396,#1397,#1398);
#660=EDGE_LOOP('',(#1399,#1400,#1401,#1402,#1403,#1404,#1405,#1406));
#661=AXIS2_PLACEMENT_3D('',#1407,#1408,#1409);
#662=EDGE_LOOP('',(#1410,#1411,#1412,#1413,#1414,#1415,#1416,#1417,#1418,#1419));
#663=AXIS2_PLACEMENT_3D('',#1420,#1421,#1422);
#664=EDGE_LOOP('',(#1423,#1424,#1425,#1426));
#665=AXIS2_PLACEMENT_3D('',#1427,#1428,#1429);
#666=EDGE_LOOP('',(#1430,#1431,#1432,#1433));
#667=AXIS2_PLACEMENT_3D('',#1434,#1435,#1436);
#668=EDGE_LOOP('',(#1437,#1438,#1439,#1440));
#669=AXIS2_PLACEMENT_3D('',#1441,#1442,#1443);
#670=EDGE_LOOP('',(#1444,#1445,#1446,#1447,#1448,#1449,#1450,#1451,#1452,#1453,#1454,#1455));
#671=AXIS2_PLACEMENT_3D('',#1456,#1457,#1458);
#672=EDGE_LOOP('',(#1459,#1460,#1461,#1462,#1463,#1464,#1465,#1466,#1467,#1468));
#673=AXIS2_PLACEMENT_3D('',#1469,#1470,#1471);
#674=EDGE_LOOP('',(#1472,#1473,#1474,#1475,#1476,#1477,#1478,#1479,#1480,#1481,#1482,#1483));
#675=AXIS2_PLACEMENT_3D('',#1484,#1485,#1486);
#676=EDGE_LOOP('',(#1487,#1488,#1489,#1490,#1491));
#677=AXIS2_PLACEMENT_3D('',#1492,#1493,#1494);
#678=EDGE_LOOP('',(#1495,#1496,#1497,#1498,#1499,#1500,#1501,#1502));
#679=AXIS2_PLACEMENT_3D('',#1503,#1504,#1505);
#680=EDGE_LOOP('',(#1506,#1507,#1508,#1509,#1510));
#681=AXIS2_PLACEMENT_3D('',#1511,#1512,#1513);
#682=EDGE_LOOP('',(#1514,#1515,#1516,#1517));
#683=AXIS2_PLACEMENT_3D('',#1518,#1519,#1520);
#684=EDGE_LOOP('',(#1521,#1522,#1523,#1524,#1525,#1526));
#685=AXIS2_PLACEMENT_3D('',#1527,#1528,#1529);
#686=EDGE_LOOP('',(#1530,#1531,#1532,#1533));
#687=AXIS2_PLACEMENT_3D('',#1534,#1535,#1536);
#688=EDGE_LOOP('',(#1537,#1538,#1539,#1540));
#689=AXIS2_PLACEMENT_3D('',#1541,#1542,#1543);
#690=EDGE_LOOP('',(#1544,#1545,#1546,#1547,#1548,#1549,#1550,#1551,#1552,#1553,#1554,#1555,#1556,#1557));
#691=AXIS2_PLACEMENT_3D('',#1558,#1559,#1560);
#692=EDGE_LOOP('',(#1561,#1562,#1563,#1564));
#693=AXIS2_PLACEMENT_3D('',#1565,#1566,#1567);
#694=EDGE_LOOP('',(#1568,#1569,#1570,#1571));
#695=AXIS2_PLACEMENT_3D('',#1572,#1573,#1574);
#696=EDGE_LOOP('',(#1575,#1576,#1577,#1578));
#697=AXIS2_PLACEMENT_3D('',#1579,#1580,#1581);
#698=EDGE_LOOP('',(#1582,#1583,#1584,#1585));
#699=AXIS2_PLACEMENT_3D('',#1586,#1587,#1588);
#700=EDGE_LOOP('',(#1589,#1590,#1591,#1592,#1593,#1594,#1595,#1596,#1597,#1598));
#701=AXIS2_PLACEMENT_3D('',#1599,#1600,#1601);
#702=EDGE_LOOP('',(#1602,#1603,#1604,#1605));
#703=AXIS2_PLACEMENT_3D('',#1606,#1607,#1608);
#704=EDGE_LOOP('',(#1609,#1610,#1611,#1612));
#705=AXIS2_PLACEMENT_3D('',#1613,#1614,#1615);
#706=EDGE_LOOP('',(#1616,#1617,#1618,#1619,#1620,#1621,#1622,#1623,#1624,#1625,#1626,#1627,#1628,#1629,#1630));
#707=AXIS2_PLACEMENT_3D('',#1631,#1632,#1633);
#708=EDGE_LOOP('',(#1634,#1635,#1636,#1637));
#709=AXIS2_PLACEMENT_3D('',#1638,#1639,#1640);
#710=EDGE_LOOP('',(#1641,#1642,#1643,#1644));
#711=AXIS2_PLACEMENT_3D('',#1645,#1646,#1647);
#712=EDGE_LOOP('',(#1648,#1649,#1650,#1651));
#713=AXIS2_PLACEMENT_3D('',#1652,#1653,#1654);
#714=EDGE_LOOP('',(#1655,#1656,#1657,#1658));
#715=AXIS2_PLACEMENT_3D('',#1659,#1660,#1661);
#716=EDGE_LOOP('',(#1662,#1663,#1664,#1665));
#717=EDGE_LOOP('',(#1666,#1667,#1668,#1669,#1670,#1671,#1672,#1673));
#718=AXIS2_PLACEMENT_3D('',#1674,#1675,#1676);
#719=EDGE_LOOP('',(#1677,#1678,#1679,#1680,#1681,#1682));
#720=EDGE_LOOP('',(#1683,#1684,#1685,#1686,#1687,#1688,#1689,#1690));
#721=AXIS2_PLACEMENT_3D('',#1691,#1692,#1693);
#722=EDGE_LOOP('',(#1694,#1695,#1696,#1697));
#723=AXIS2_PLACEMENT_3D('',#1698,#1699,#1700);
#724=EDGE_LOOP('',(#1701,#1702,#1703,#1704));
#725=AXIS2_PLACEMENT_3D('',#1705,#1706,#1707);
#726=EDGE_LOOP('',(#1708,#1709,#1710,#1711));
#727=AXIS2_PLACEMENT_3D('',#1712,#1713,#1714);
#728=EDGE_LOOP('',(#1715,#1716,#1717,#1718));
#729=AXIS2_PLACEMENT_3D('',#1719,#1720,#1721);
#730=EDGE_LOOP('',(#1722,#1723,#1724,#1725));
#731=AXIS2_PLACEMENT_3D('',#1726,#1727,#1728);
#732=EDGE_LOOP('',(#1729,#1730,#1731,#1732));
#733=AXIS2_PLACEMENT_3D('',#1733,#1734,#1735);
#734=EDGE_LOOP('',(#1736,#1737,#1738,#1739));
#735=AXIS2_PLACEMENT_3D('',#1740,#1741,#1742);
#736=EDGE_LOOP('',(#1743,#1744,#1745,#1746));
#737=AXIS2_PLACEMENT_3D('',#1747,#1748,#1749);
#738=EDGE_LOOP('',(#1750,#1751,#1752,#1753));
#739=AXIS2_PLACEMENT_3D('',#1754,#1755,#1756);
#740=EDGE_LOOP('',(#1757,#1758,#1759,#1760));
#741=AXIS2_PLACEMENT_3D('',#1761,#1762,#1763);
#742=EDGE_LOOP('',(#1764,#1765,#1766,#1767,#1768,#1769,#1770,#1771));
#743=AXIS2_PLACEMENT_3D('',#1772,#1773,#1774);
#744=EDGE_LOOP('',(#1775,#1776,#1777,#1778));
#745=AXIS2_PLACEMENT_3D('',#1779,#1780,#1781);
#746=EDGE_LOOP('',(#1782,#1783,#1784,#1785));
#747=AXIS2_PLACEMENT_3D('',#1786,#1787,#1788);
#748=EDGE_LOOP('',(#1789,#1790,#1791,#1792));
#749=AXIS2_PLACEMENT_3D('',#1793,#1794,#1795);
#750=EDGE_LOOP('',(#1796,#1797,#1798,#1799));
#751=AXIS2_PLACEMENT_3D('',#1800,#1801,#1802);
#752=EDGE_LOOP('',(#1803,#1804,#1805,#1806));
#753=AXIS2_PLACEMENT_3D('',#1807,#1808,#1809);
#754=EDGE_LOOP('',(#1810,#1811,#1812,#1813));
#755=AXIS2_PLACEMENT_3D('',#1814,#1815,#1816);
#756=EDGE_LOOP('',(#1817,#1818,#1819,#1820));
#757=AXIS2_PLACEMENT_3D('',#1821,#1822,#1823);
#758=EDGE_LOOP('',(#1824,#1825,#1826,#1827));
#759=AXIS2_PLACEMENT_3D('',#1828,#1829,#1830);
#760=EDGE_LOOP('',(#1831,#1832,#1833,#1834,#1835,#1836,#1837,#1838));
#761=AXIS2_PLACEMENT_3D('',#1839,#1840,#1841);
#762=EDGE_LOOP('',(#1842,#1843,#1844,#1845,#1846,#1847,#1848,#1849,#1850,#1851,#1852));
#763=AXIS2_PLACEMENT_3D('',#1853,#1854,#1855);
#764=EDGE_LOOP('',(#1856,#1857,#1858,#1859));
#765=AXIS2_PLACEMENT_3D('',#1860,#1861,#1862);
#766=EDGE_LOOP('',(#1863,#1864,#1865,#1866));
#767=AXIS2_PLACEMENT_3D('',#1867,#1868,#1869);
#768=EDGE_LOOP('',(#1870,#1871,#1872,#1873,#1874,#1875,#1876,#1877,#1878));
#769=AXIS2_PLACEMENT_3D('',#1879,#1880,#1881);
#770=EDGE_LOOP('',(#1882,#1883,#1884,#1885,#1886,#1887,#1888,#1889));
#771=AXIS2_PLACEMENT_3D('',#1890,#1891,#1892);
#772=EDGE_LOOP('',(#1893,#1894,#1895,#1896,#1897));
#773=AXIS2_PLACEMENT_3D('',#1898,#1899,#1900);
#774=EDGE_LOOP('',(#1901,#1902,#1903,#1904,#1905,#1906,#1907,#1908,#1909,#1910,#1911,#1912));
#775=AXIS2_PLACEMENT_3D('',#1913,#1914,#1915);
#776=EDGE_LOOP('',(#1916,#1917,#1918,#1919,#1920));
#777=AXIS2_PLACEMENT_3D('',#1921,#1922,#1923);
#778=EDGE_LOOP('',(#1924,#1925,#1926,#1927));
#779=AXIS2_PLACEMENT_3D('',#1928,#1929,#1930);
#780=EDGE_LOOP('',(#1931,#1932,#1933,#1934,#1935,#1936));
#781=AXIS2_PLACEMENT_3D('',#1937,#1938,#1939);
#782=EDGE_LOOP('',(#1940,#1941,#1942,#1943));
#783=AXIS2_PLACEMENT_3D('',#1944,#1945,#1946);
#784=EDGE_LOOP('',(#1947,#1948,#1949,#1950));
#785=AXIS2_PLACEMENT_3D('',#1951,#1952,#1953);
#786=EDGE_LOOP('',(#1954,#1955,#1956,#1957));
#787=AXIS2_PLACEMENT_3D('',#1958,#1959,#1960);
#788=EDGE_LOOP('',(#1961,#1962,#1963,#1964));
#789=AXIS2_PLACEMENT_3D('',#1965,#1966,#1967);
#790=EDGE_LOOP('',(#1968,#1969,#1970,#1971));
#791=AXIS2_PLACEMENT_3D('',#1972,#1973,#1974);
#792=EDGE_LOOP('',(#1975,#1976,#1977,#1978));
#793=AXIS2_PLACEMENT_3D('',#1979,#1980,#1981);
#794=EDGE_LOOP('',(#1982,#1983,#1984,#1985));
#795=AXIS2_PLACEMENT_3D('',#1986,#1987,#1988);
#796=EDGE_LOOP('',(#1989,#1990,#1991,#1992));
#797=AXIS2_PLACEMENT_3D('',#1993,#1994,#1995);
#798=EDGE_LOOP('',(#1996,#1997,#1998,#1999));
#799=AXIS2_PLACEMENT_3D('',#2000,#2001,#2002);
#800=EDGE_LOOP('',(#2003,#2004,#2005,#2006));
#801=AXIS2_PLACEMENT_3D('',#2007,#2008,#2009);
#802=EDGE_LOOP('',(#2010,#2011,#2012,#2013));
#803=AXIS2_PLACEMENT_3D('',#2014,#2015,#2016);
#804=EDGE_LOOP('',(#2017,#2018,#2019,#2020));
#805=AXIS2_PLACEMENT_3D('',#2021,#2022,#2023);
#806=EDGE_LOOP('',(#2024,#2025,#2026,#2027));
#807=AXIS2_PLACEMENT_3D('',#2028,#2029,#2030);
#808=EDGE_LOOP('',(#2031,#2032,#2033,#2034));
#809=AXIS2_PLACEMENT_3D('',#2035,#2036,#2037);
#810=EDGE_LOOP('',(#2038,#2039,#2040,#2041,#2042));
#811=AXIS2_PLACEMENT_3D('',#2043,#2044,#2045);
#812=EDGE_LOOP('',(#2046,#2047,#2048,#2049));
#813=AXIS2_PLACEMENT_3D('',#2050,#2051,#2052);
#814=EDGE_LOOP('',(#2053,#2054,#2055,#2056,#2057,#2058));
#815=AXIS2_PLACEMENT_3D('',#2059,#2060,#2061);
#816=EDGE_LOOP('',(#2062,#2063,#2064,#2065));
#817=AXIS2_PLACEMENT_3D('',#2066,#2067,#2068);
#818=EDGE_LOOP('',(#2069,#2070,#2071,#2072,#2073));
#819=AXIS2_PLACEMENT_3D('',#2074,#2075,#2076);
#820=EDGE_LOOP('',(#2077,#2078,#2079,#2080));
#821=AXIS2_PLACEMENT_3D('',#2081,#2082,#2083);
#822=EDGE_LOOP('',(#2084,#2085,#2086,#2087,#2088,#2089,#2090,#2091,#2092,#2093));
#823=AXIS2_PLACEMENT_3D('',#2094,#2095,#2096);
#824=EDGE_LOOP('',(#2097,#2098,#2099,#2100));
#825=AXIS2_PLACEMENT_3D('',#2101,#2102,#2103);
#826=EDGE_LOOP('',(#2104,#2105,#2106,#2107,#2108,#2109));
#827=AXIS2_PLACEMENT_3D('',#2110,#2111,#2112);
#828=EDGE_LOOP('',(#2113,#2114,#2115,#2116));
#829=AXIS2_PLACEMENT_3D('',#2117,#2118,#2119);
#830=EDGE_LOOP('',(#2120,#2121,#2122,#2123));
#831=AXIS2_PLACEMENT_3D('',#2124,#2125,#2126);
#832=EDGE_LOOP('',(#2127,#2128,#2129,#2130));
#833=AXIS2_PLACEMENT_3D('',#2131,#2132,#2133);
#834=EDGE_LOOP('',(#2134,#2135,#2136,#2137));
#835=AXIS2_PLACEMENT_3D('',#2138,#2139,#2140);
#836=EDGE_LOOP('',(#2141,#2142,#2143,#2144));
#837=AXIS2_PLACEMENT_3D('',#2145,#2146,#2147);
#838=EDGE_LOOP('',(#2148,#2149,#2150,#2151));
#839=AXIS2_PLACEMENT_3D('',#2152,#2153,#2154);
#840=EDGE_LOOP('',(#2155,#2156,#2157,#2158,#2159,#2160,#2161,#2162,#2163,#2164));
#841=AXIS2_PLACEMENT_3D('',#2165,#2166,#2167);
#842=EDGE_LOOP('',(#2168,#2169,#2170,#2171));
#843=AXIS2_PLACEMENT_3D('',#2172,#2173,#2174);
#844=EDGE_LOOP('',(#2175,#2176,#2177,#2178,#2179,#2180,#2181,#2182,#2183,#2184));
#845=AXIS2_PLACEMENT_3D('',#2185,#2186,#2187);
#846=EDGE_LOOP('',(#2188,#2189,#2190,#2191));
#847=AXIS2_PLACEMENT_3D('',#2192,#2193,#2194);
#848=EDGE_LOOP('',(#2195,#2196,#2197,#2198,#2199,#2200));
#849=AXIS2_PLACEMENT_3D('',#2201,#2202,#2203);
#850=EDGE_LOOP('',(#2204,#2205,#2206,#2207));
#851=AXIS2_PLACEMENT_3D('',#2208,#2209,#2210);
#852=EDGE_LOOP('',(#2211,#2212,#2213,#2214));
#853=AXIS2_PLACEMENT_3D('',#2215,#2216,#2217);
#854=EDGE_LOOP('',(#2218,#2219,#2220,#2221));
#855=AXIS2_PLACEMENT_3D('',#2222,#2223,#2224);
#856=EDGE_LOOP('',(#2225,#2226,#2227,#2228));
#857=AXIS2_PLACEMENT_3D('',#2229,#2230,#2231);
#858=EDGE_LOOP('',(#2232,#2233,#2234,#2235));
#859=AXIS2_PLACEMENT_3D('',#2236,#2237,#2238);
#860=EDGE_LOOP('',(#2239,#2240,#2241,#2242));
#861=AXIS2_PLACEMENT_3D('',#2243,#2244,#2245);
#862=EDGE_LOOP('',(#2246,#2247,#2248,#2249));
#863=AXIS2_PLACEMENT_3D('',#2250,#2251,#2252);
#864=EDGE_LOOP('',(#2253,#2254,#2255,#2256));
#865=AXIS2_PLACEMENT_3D('',#2257,#2258,#2259);
#866=EDGE_LOOP('',(#2260,#2261,#2262,#2263));
#867=AXIS2_PLACEMENT_3D('',#2264,#2265,#2266);
#868=EDGE_LOOP('',(#2267,#2268,#2269,#2270));
#869=AXIS2_PLACEMENT_3D('',#2271,#2272,#2273);
#870=EDGE_LOOP('',(#2274,#2275,#2276,#2277));
#871=AXIS2_PLACEMENT_3D('',#2278,#2279,#2280);
#872=EDGE_LOOP('',(#2281,#2282,#2283,#2284));
#873=AXIS2_PLACEMENT_3D('',#2285,#2286,#2287);
#874=EDGE_LOOP('',(#2288,#2289,#2290,#2291));
#875=AXIS2_PLACEMENT_3D('',#2292,#2293,#2294);
#876=EDGE_LOOP('',(#2295,#2296,#2297,#2298));
#877=AXIS2_PLACEMENT_3D('',#2299,#2300,#2301);
#878=EDGE_LOOP('',(#2302,#2303,#2304,#2305));
#879=AXIS2_PLACEMENT_3D('',#2306,#2307,#2308);
#880=EDGE_LOOP('',(#2309,#2310,#2311,#2312));
#881=AXIS2_PLACEMENT_3D('',#2313,#2314,#2315);
#882=LINE('',#2316,#2317);
#883=LINE('',#2318,#2319);
#884=LINE('',#2320,#2321);
#885=LINE('',#2322,#2323);
#886=LINE('',#2324,#2325);
#887=LINE('',#2326,#2327);
#888=LINE('',#2328,#2329);
#889=LINE('',#2330,#2331);
#890=ORIENTED_EDGE('',*,*,#2332,.F.);
#891=ORIENTED_EDGE('',*,*,#2333,.F.);
#892=ORIENTED_EDGE('',*,*,#2334,.F.);
#893=ORIENTED_EDGE('',*,*,#2335,.F.);
#894=ORIENTED_EDGE('',*,*,#2336,.F.);
#895=ORIENTED_EDGE('',*,*,#2337,.T.);
#896=ORIENTED_EDGE('',*,*,#2338,.T.);
#897=ORIENTED_EDGE('',*,*,#2339,.F.);
#898=ORIENTED_EDGE('',*,*,#2340,.F.);
#899=ORIENTED_EDGE('',*,*,#2341,.F.);
#900=ORIENTED_EDGE('',*,*,#2342,.T.);
#901=ORIENTED_EDGE('',*,*,#2343,.F.);
#902=ORIENTED_EDGE('',*,*,#2344,.F.);
#903=ORIENTED_EDGE('',*,*,#2345,.F.);
#904=ORIENTED_EDGE('',*,*,#2346,.T.);
#905=ORIENTED_EDGE('',*,*,#2347,.F.);
#906=CARTESIAN_POINT('',(0.0,-3.2,0.0));
#907=DIRECTION('',(-0.0,1.0,0.0));
#908=DIRECTION('',(1.0,0.0,0.0));
#909=ORIENTED_EDGE('',*,*,#2348,.T.);
#910=ORIENTED_EDGE('',*,*,#2349,.T.);
#911=ORIENTED_EDGE('',*,*,#2350,.T.);
#912=ORIENTED_EDGE('',*,*,#2347,.T.);
#913=CARTESIAN_POINT('',(0.0,-3.2,-4.6));
#914=DIRECTION('',(0.0,0.0,1.0));
#915=DIRECTION('',(1.0,0.0,0.0));
#916=ORIENTED_EDGE('',*,*,#2351,.T.);
#917=ORIENTED_EDGE('',*,*,#2352,.T.);
#918=ORIENTED_EDGE('',*,*,#2353,.T.);
#919=ORIENTED_EDGE('',*,*,#2343,.T.);
#920=CARTESIAN_POINT('',(0.0,-3.2,-4.6));
#921=DIRECTION('',(0.0,0.0,1.0));
#922=DIRECTION('',(1.0,0.0,0.0));
#923=ORIENTED_EDGE('',*,*,#2350,.F.);
#924=ORIENTED_EDGE('',*,*,#2354,.F.);
#925=ORIENTED_EDGE('',*,*,#2355,.F.);
#926=ORIENTED_EDGE('',*,*,#2332,.T.);
#927=CARTESIAN_POINT('',(-1.25,-3.1,10.4));
#928=DIRECTION('',(-1.0,0.0,0.0));
#929=DIRECTION('',(0.0,0.0,1.0));
#930=ORIENTED_EDGE('',*,*,#2356,.T.);
#931=ORIENTED_EDGE('',*,*,#2357,.T.);
#932=ORIENTED_EDGE('',*,*,#2358,.F.);
#933=ORIENTED_EDGE('',*,*,#2359,.F.);
#934=ORIENTED_EDGE('',*,*,#2360,.F.);
#935=ORIENTED_EDGE('',*,*,#2361,.F.);
#936=ORIENTED_EDGE('',*,*,#2362,.F.);
#937=ORIENTED_EDGE('',*,*,#2363,.T.);
#938=ORIENTED_EDGE('',*,*,#2364,.F.);
#939=ORIENTED_EDGE('',*,*,#2365,.F.);
#940=ORIENTED_EDGE('',*,*,#2333,.T.);
#941=ORIENTED_EDGE('',*,*,#2355,.T.);
#942=ORIENTED_EDGE('',*,*,#2366,.F.);
#943=ORIENTED_EDGE('',*,*,#2367,.F.);
#944=ORIENTED_EDGE('',*,*,#2345,.T.);
#945=ORIENTED_EDGE('',*,*,#2368,.T.);
#946=ORIENTED_EDGE('',*,*,#2369,.F.);
#947=ORIENTED_EDGE('',*,*,#2370,.F.);
#948=ORIENTED_EDGE('',*,*,#2341,.T.);
#949=ORIENTED_EDGE('',*,*,#2371,.T.);
#950=ORIENTED_EDGE('',*,*,#2372,.F.);
#951=ORIENTED_EDGE('',*,*,#2373,.F.);
#952=ORIENTED_EDGE('',*,*,#2374,.F.);
#953=ORIENTED_EDGE('',*,*,#2375,.T.);
#954=ORIENTED_EDGE('',*,*,#2376,.T.);
#955=ORIENTED_EDGE('',*,*,#2377,.T.);
#956=ORIENTED_EDGE('',*,*,#2378,.T.);
#957=ORIENTED_EDGE('',*,*,#2379,.T.);
#958=CARTESIAN_POINT('',(-7.35,-3.2,10.4));
#959=DIRECTION('',(0.0,0.0,1.0));
#960=DIRECTION('',(1.0,0.0,0.0));
#961=ORIENTED_EDGE('',*,*,#2380,.F.);
#962=ORIENTED_EDGE('',*,*,#2381,.F.);
#963=ORIENTED_EDGE('',*,*,#2382,.F.);
#964=ORIENTED_EDGE('',*,*,#2383,.F.);
#965=ORIENTED_EDGE('',*,*,#2379,.F.);
#966=ORIENTED_EDGE('',*,*,#2384,.T.);
#967=CARTESIAN_POINT('',(1.2,-3.2,-10.4));
#968=DIRECTION('',(-1.0,0.0,0.0));
#969=DIRECTION('',(0.0,0.0,1.0));
#970=ORIENTED_EDGE('',*,*,#2385,.T.);
#971=ORIENTED_EDGE('',*,*,#2386,.T.);
#972=ORIENTED_EDGE('',*,*,#2387,.T.);
#973=ORIENTED_EDGE('',*,*,#2388,.F.);
#974=CARTESIAN_POINT('',(1.2,-3.2,-10.4));
#975=DIRECTION('',(-1.0,0.0,0.0));
#976=DIRECTION('',(0.0,0.0,1.0));
#977=ORIENTED_EDGE('',*,*,#2389,.T.);
#978=ORIENTED_EDGE('',*,*,#2390,.T.);
#979=ORIENTED_EDGE('',*,*,#2391,.F.);
#980=ORIENTED_EDGE('',*,*,#2384,.F.);
#981=ORIENTED_EDGE('',*,*,#2378,.F.);
#982=ORIENTED_EDGE('',*,*,#2392,.T.);
#983=ORIENTED_EDGE('',*,*,#2393,.F.);
#984=ORIENTED_EDGE('',*,*,#2394,.F.);
#985=CARTESIAN_POINT('',(-1.8,-1.3,-0.3960254037844));
#986=DIRECTION('',(-0.0,1.0,0.0));
#987=DIRECTION('',(1.0,0.0,0.0));
#988=ORIENTED_EDGE('',*,*,#2395,.T.);
#989=ORIENTED_EDGE('',*,*,#2396,.F.);
#990=ORIENTED_EDGE('',*,*,#2358,.T.);
#991=ORIENTED_EDGE('',*,*,#2397,.F.);
#992=ORIENTED_EDGE('',*,*,#2398,.T.);
#993=ORIENTED_EDGE('',*,*,#2399,.T.);
#994=ORIENTED_EDGE('',*,*,#2400,.F.);
#995=ORIENTED_EDGE('',*,*,#2401,.T.);
#996=CARTESIAN_POINT('',(-1.8,-1.3,-0.3960254037844));
#997=DIRECTION('',(-0.0,1.0,0.0));
#998=DIRECTION('',(1.0,0.0,0.0));
#999=ORIENTED_EDGE('',*,*,#2402,.F.);
#1000=ORIENTED_EDGE('',*,*,#2403,.F.);
#1001=ORIENTED_EDGE('',*,*,#2404,.T.);
#1002=ORIENTED_EDGE('',*,*,#2405,.F.);
#1003=ORIENTED_EDGE('',*,*,#2406,.F.);
#1004=ORIENTED_EDGE('',*,*,#2407,.F.);
#1005=ORIENTED_EDGE('',*,*,#2408,.T.);
#1006=ORIENTED_EDGE('',*,*,#2409,.F.);
#1007=ORIENTED_EDGE('',*,*,#2410,.F.);
#1008=ORIENTED_EDGE('',*,*,#2411,.T.);
#1009=ORIENTED_EDGE('',*,*,#2412,.F.);
#1010=ORIENTED_EDGE('',*,*,#2413,.T.);
#1011=ORIENTED_EDGE('',*,*,#2394,.T.);
#1012=CARTESIAN_POINT('',(2.646504300443,1.5,-0.53));
#1013=DIRECTION('',(-0.999961923064171,0.0,0.00872653549837275));
#1014=DIRECTION('',(0.0,1.0,0.0));
#1015=ORIENTED_EDGE('',*,*,#2414,.T.);
#1016=ORIENTED_EDGE('',*,*,#2415,.T.);
#1017=ORIENTED_EDGE('',*,*,#2389,.F.);
#1018=ORIENTED_EDGE('',*,*,#2413,.F.);
#1019=CARTESIAN_POINT('',(2.7,-0.7,1.6));
#1020=DIRECTION('',(1.0,-0.0,0.0));
#1021=DIRECTION('',(0.0,0.0,1.0));
#1022=ORIENTED_EDGE('',*,*,#2416,.F.);
#1023=ORIENTED_EDGE('',*,*,#2417,.F.);
#1024=ORIENTED_EDGE('',*,*,#2418,.T.);
#1025=ORIENTED_EDGE('',*,*,#2419,.T.);
#1026=ORIENTED_EDGE('',*,*,#2420,.T.);
#1027=ORIENTED_EDGE('',*,*,#2390,.F.);
#1028=ORIENTED_EDGE('',*,*,#2415,.F.);
#1029=ORIENTED_EDGE('',*,*,#2421,.T.);
#1030=ORIENTED_EDGE('',*,*,#2422,.F.);
#1031=ORIENTED_EDGE('',*,*,#2423,.T.);
#1032=CARTESIAN_POINT('',(1.532,1.5,2.574));
#1033=DIRECTION('',(1.0,0.0,0.0));
#1034=DIRECTION('',(0.0,1.0,0.0));
#1035=ORIENTED_EDGE('',*,*,#2424,.F.);
#1036=ORIENTED_EDGE('',*,*,#2425,.T.);
#1037=ORIENTED_EDGE('',*,*,#2426,.T.);
#1038=ORIENTED_EDGE('',*,*,#2427,.T.);
#1039=ORIENTED_EDGE('',*,*,#2428,.F.);
#1040=ORIENTED_EDGE('',*,*,#2429,.F.);
#1041=ORIENTED_EDGE('',*,*,#2430,.T.);
#1042=ORIENTED_EDGE('',*,*,#2431,.F.);
#1043=ORIENTED_EDGE('',*,*,#2432,.T.);
#1044=ORIENTED_EDGE('',*,*,#2433,.F.);
#1045=ORIENTED_EDGE('',*,*,#2434,.T.);
#1046=ORIENTED_EDGE('',*,*,#2435,.T.);
#1047=ORIENTED_EDGE('',*,*,#2436,.T.);
#1048=ORIENTED_EDGE('',*,*,#2437,.T.);
#1049=ORIENTED_EDGE('',*,*,#2438,.F.);
#1050=ORIENTED_EDGE('',*,*,#2439,.F.);
#1051=ORIENTED_EDGE('',*,*,#2440,.T.);
#1052=ORIENTED_EDGE('',*,*,#2385,.F.);
#1053=ORIENTED_EDGE('',*,*,#2441,.T.);
#1054=ORIENTED_EDGE('',*,*,#2423,.F.);
#1055=ORIENTED_EDGE('',*,*,#2442,.F.);
#1056=ORIENTED_EDGE('',*,*,#2410,.T.);
#1057=CARTESIAN_POINT('',(3.1,0.7,0.7794479322876));
#1058=DIRECTION('',(0.0,-1.0,0.0));
#1059=DIRECTION('',(0.0,0.0,-1.0));
#1060=ORIENTED_EDGE('',*,*,#2442,.T.);
#1061=ORIENTED_EDGE('',*,*,#2422,.T.);
#1062=ORIENTED_EDGE('',*,*,#2443,.F.);
#1063=ORIENTED_EDGE('',*,*,#2411,.F.);
#1064=CARTESIAN_POINT('',(2.7,-0.6,2.3));
#1065=DIRECTION('',(1.0,-0.0,0.0));
#1066=DIRECTION('',(0.0,0.0,1.0));
#1067=ORIENTED_EDGE('',*,*,#2443,.T.);
#1068=ORIENTED_EDGE('',*,*,#2421,.F.);
#1069=ORIENTED_EDGE('',*,*,#2414,.F.);
#1070=ORIENTED_EDGE('',*,*,#2412,.T.);
#1071=CARTESIAN_POINT('',(2.7,-0.7,1.0));
#1072=DIRECTION('',(0.0,0.0,1.0));
#1073=DIRECTION('',(1.0,0.0,0.0));
#1074=ORIENTED_EDGE('',*,*,#2388,.T.);
#1075=ORIENTED_EDGE('',*,*,#2444,.T.);
#1076=ORIENTED_EDGE('',*,*,#2416,.T.);
#1077=ORIENTED_EDGE('',*,*,#2441,.F.);
#1078=CARTESIAN_POINT('',(1.366,1.5,2.574));
#1079=DIRECTION('',(-0.0,-1.0,0.0));
#1080=DIRECTION('',(-1.0,0.0,0.0));
#1081=ORIENTED_EDGE('',*,*,#2445,.T.);
#1082=ORIENTED_EDGE('',*,*,#2417,.T.);
#1083=ORIENTED_EDGE('',*,*,#2444,.F.);
#1084=ORIENTED_EDGE('',*,*,#2387,.F.);
#1085=ORIENTED_EDGE('',*,*,#2446,.T.);
#1086=ORIENTED_EDGE('',*,*,#2408,.F.);
#1087=CARTESIAN_POINT('',(2.7,1.5,5.6));
#1088=DIRECTION('',(-0.0,1.0,0.0));
#1089=DIRECTION('',(1.0,0.0,0.0));
#1090=ORIENTED_EDGE('',*,*,#2446,.F.);
#1091=ORIENTED_EDGE('',*,*,#2447,.F.);
#1092=ORIENTED_EDGE('',*,*,#2448,.F.);
#1093=ORIENTED_EDGE('',*,*,#2449,.F.);
#1094=ORIENTED_EDGE('',*,*,#2424,.T.);
#1095=ORIENTED_EDGE('',*,*,#2409,.T.);
#1096=CARTESIAN_POINT('',(1.2,3.2,5.6));
#1097=DIRECTION('',(0.0,0.0,1.0));
#1098=DIRECTION('',(1.0,0.0,0.0));
#1099=ORIENTED_EDGE('',*,*,#2450,.F.);
#1100=ORIENTED_EDGE('',*,*,#2451,.F.);
#1101=ORIENTED_EDGE('',*,*,#2452,.F.);
#1102=ORIENTED_EDGE('',*,*,#2453,.F.);
#1103=ORIENTED_EDGE('',*,*,#2454,.F.);
#1104=ORIENTED_EDGE('',*,*,#2455,.F.);
#1105=ORIENTED_EDGE('',*,*,#2456,.F.);
#1106=ORIENTED_EDGE('',*,*,#2457,.F.);
#1107=ORIENTED_EDGE('',*,*,#2425,.F.);
#1108=ORIENTED_EDGE('',*,*,#2449,.T.);
#1109=CARTESIAN_POINT('',(3.1,-3.2,-10.4));
#1110=DIRECTION('',(-1.0,0.0,0.0));
#1111=DIRECTION('',(0.0,0.0,1.0));
#1112=ORIENTED_EDGE('',*,*,#2458,.F.);
#1113=ORIENTED_EDGE('',*,*,#2459,.F.);
#1114=ORIENTED_EDGE('',*,*,#2426,.F.);
#1115=ORIENTED_EDGE('',*,*,#2457,.T.);
#1116=ORIENTED_EDGE('',*,*,#2460,.T.);
#1117=ORIENTED_EDGE('',*,*,#2461,.F.);
#1118=ORIENTED_EDGE('',*,*,#2430,.F.);
#1119=ORIENTED_EDGE('',*,*,#2462,.T.);
#1120=CARTESIAN_POINT('',(3.1,0.7,10.4));
#1121=DIRECTION('',(0.0,0.0,1.0));
#1122=DIRECTION('',(1.0,0.0,0.0));
#1123=ORIENTED_EDGE('',*,*,#2463,.F.);
#1124=ORIENTED_EDGE('',*,*,#2464,.F.);
#1125=ORIENTED_EDGE('',*,*,#2462,.F.);
#1126=ORIENTED_EDGE('',*,*,#2429,.T.);
#1127=CARTESIAN_POINT('',(-0.425,1.9,10.4));
#1128=DIRECTION('',(-1.0,0.0,0.0));
#1129=DIRECTION('',(0.0,0.0,1.0));
#1130=ORIENTED_EDGE('',*,*,#2464,.T.);
#1131=ORIENTED_EDGE('',*,*,#2465,.F.);
#1132=ORIENTED_EDGE('',*,*,#2466,.F.);
#1133=ORIENTED_EDGE('',*,*,#2458,.T.);
#1134=CARTESIAN_POINT('',(1.325,1.9,10.4));
#1135=DIRECTION('',(-0.0,1.0,0.0));
#1136=DIRECTION('',(1.0,0.0,0.0));
#1137=ORIENTED_EDGE('',*,*,#2459,.T.);
#1138=ORIENTED_EDGE('',*,*,#2466,.T.);
#1139=ORIENTED_EDGE('',*,*,#2467,.F.);
#1140=ORIENTED_EDGE('',*,*,#2427,.F.);
#1141=CARTESIAN_POINT('',(1.325,0.7,10.4));
#1142=DIRECTION('',(1.0,0.0,0.0));
#1143=DIRECTION('',(0.0,1.0,0.0));
#1144=ORIENTED_EDGE('',*,*,#2467,.T.);
#1145=ORIENTED_EDGE('',*,*,#2465,.T.);
#1146=ORIENTED_EDGE('',*,*,#2463,.T.);
#1147=ORIENTED_EDGE('',*,*,#2428,.T.);
#1148=CARTESIAN_POINT('',(3.1,-3.2,5.9));
#1149=DIRECTION('',(0.0,0.0,1.0));
#1150=DIRECTION('',(1.0,0.0,0.0));
#1151=ORIENTED_EDGE('',*,*,#2431,.T.);
#1152=ORIENTED_EDGE('',*,*,#2461,.T.);
#1153=ORIENTED_EDGE('',*,*,#2468,.T.);
#1154=ORIENTED_EDGE('',*,*,#2469,.T.);
#1155=ORIENTED_EDGE('',*,*,#2470,.T.);
#1156=ORIENTED_EDGE('',*,*,#2471,.T.);
#1157=ORIENTED_EDGE('',*,*,#2472,.T.);
#1158=ORIENTED_EDGE('',*,*,#2473,.T.);
#1159=ORIENTED_EDGE('',*,*,#2474,.T.);
#1160=ORIENTED_EDGE('',*,*,#2475,.F.);
#1161=CARTESIAN_POINT('',(-2.2,-3.2,-10.4));
#1162=DIRECTION('',(-1.0,0.0,0.0));
#1163=DIRECTION('',(0.0,0.0,1.0));
#1164=ORIENTED_EDGE('',*,*,#2432,.F.);
#1165=ORIENTED_EDGE('',*,*,#2475,.T.);
#1166=ORIENTED_EDGE('',*,*,#2476,.T.);
#1167=ORIENTED_EDGE('',*,*,#2477,.T.);
#1168=ORIENTED_EDGE('',*,*,#2478,.T.);
#1169=ORIENTED_EDGE('',*,*,#2479,.F.);
#1170=CARTESIAN_POINT('',(-2.2,3.2,5.6));
#1171=DIRECTION('',(0.0,0.0,1.0));
#1172=DIRECTION('',(1.0,0.0,0.0));
#1173=ORIENTED_EDGE('',*,*,#2401,.F.);
#1174=ORIENTED_EDGE('',*,*,#2480,.F.);
#1175=ORIENTED_EDGE('',*,*,#2481,.T.);
#1176=ORIENTED_EDGE('',*,*,#2482,.F.);
#1177=ORIENTED_EDGE('',*,*,#2433,.T.);
#1178=ORIENTED_EDGE('',*,*,#2479,.T.);
#1179=ORIENTED_EDGE('',*,*,#2483,.F.);
#1180=ORIENTED_EDGE('',*,*,#2484,.T.);
#1181=ORIENTED_EDGE('',*,*,#2485,.T.);
#1182=ORIENTED_EDGE('',*,*,#2486,.T.);
#1183=ORIENTED_EDGE('',*,*,#2487,.F.);
#1184=ORIENTED_EDGE('',*,*,#2488,.F.);
#1185=ORIENTED_EDGE('',*,*,#2489,.T.);
#1186=CARTESIAN_POINT('',(-1.8,1.5,5.6));
#1187=DIRECTION('',(0.999961923064171,0.0,0.00872653549837275));
#1188=DIRECTION('',(0.0,-1.0,0.0));
#1189=ORIENTED_EDGE('',*,*,#2490,.F.);
#1190=ORIENTED_EDGE('',*,*,#2491,.T.);
#1191=ORIENTED_EDGE('',*,*,#2395,.F.);
#1192=ORIENTED_EDGE('',*,*,#2489,.F.);
#1193=CARTESIAN_POINT('',(-1.8,-3.2,-10.4));
#1194=DIRECTION('',(1.0,0.0,0.0));
#1195=DIRECTION('',(0.0,1.0,0.0));
#1196=ORIENTED_EDGE('',*,*,#2492,.F.);
#1197=ORIENTED_EDGE('',*,*,#2493,.T.);
#1198=ORIENTED_EDGE('',*,*,#2494,.T.);
#1199=ORIENTED_EDGE('',*,*,#2495,.F.);
#1200=ORIENTED_EDGE('',*,*,#2491,.F.);
#1201=CARTESIAN_POINT('',(-2.45,-2.2,7.1));
#1202=DIRECTION('',(0.0,0.0,-1.0));
#1203=DIRECTION('',(0.0,-1.0,0.0));
#1204=ORIENTED_EDGE('',*,*,#2495,.T.);
#1205=ORIENTED_EDGE('',*,*,#2496,.T.);
#1206=ORIENTED_EDGE('',*,*,#2359,.T.);
#1207=ORIENTED_EDGE('',*,*,#2396,.T.);
#1208=CARTESIAN_POINT('',(-1.8,-3.2,-10.4));
#1209=DIRECTION('',(1.0,0.0,0.0));
#1210=DIRECTION('',(0.0,1.0,0.0));
#1211=ORIENTED_EDGE('',*,*,#2360,.T.);
#1212=ORIENTED_EDGE('',*,*,#2496,.F.);
#1213=ORIENTED_EDGE('',*,*,#2494,.F.);
#1214=ORIENTED_EDGE('',*,*,#2497,.F.);
#1215=CARTESIAN_POINT('',(-2.45,-0.8,7.1));
#1216=DIRECTION('',(-0.0,1.0,0.0));
#1217=DIRECTION('',(1.0,0.0,0.0));
#1218=ORIENTED_EDGE('',*,*,#2498,.F.);
#1219=ORIENTED_EDGE('',*,*,#2499,.F.);
#1220=ORIENTED_EDGE('',*,*,#2500,.T.);
#1221=ORIENTED_EDGE('',*,*,#2501,.F.);
#1222=ORIENTED_EDGE('',*,*,#2502,.F.);
#1223=ORIENTED_EDGE('',*,*,#2503,.F.);
#1224=ORIENTED_EDGE('',*,*,#2504,.T.);
#1225=ORIENTED_EDGE('',*,*,#2505,.F.);
#1226=ORIENTED_EDGE('',*,*,#2361,.T.);
#1227=ORIENTED_EDGE('',*,*,#2497,.T.);
#1228=ORIENTED_EDGE('',*,*,#2493,.F.);
#1229=ORIENTED_EDGE('',*,*,#2506,.F.);
#1230=CARTESIAN_POINT('',(-2.45,-2.2,-10.4));
#1231=DIRECTION('',(-1.0,0.0,0.0));
#1232=DIRECTION('',(0.0,0.0,1.0));
#1233=ORIENTED_EDGE('',*,*,#2507,.T.);
#1234=ORIENTED_EDGE('',*,*,#2508,.F.);
#1235=ORIENTED_EDGE('',*,*,#2509,.T.);
#1236=ORIENTED_EDGE('',*,*,#2510,.T.);
#1237=ORIENTED_EDGE('',*,*,#2381,.T.);
#1238=ORIENTED_EDGE('',*,*,#2511,.F.);
#1239=ORIENTED_EDGE('',*,*,#2403,.T.);
#1240=CARTESIAN_POINT('',(-2.45,-1.8,-1.8));
#1241=DIRECTION('',(-0.0,1.0,0.0));
#1242=DIRECTION('',(1.0,0.0,0.0));
#1243=ORIENTED_EDGE('',*,*,#2512,.F.);
#1244=ORIENTED_EDGE('',*,*,#2513,.F.);
#1245=ORIENTED_EDGE('',*,*,#2506,.T.);
#1246=ORIENTED_EDGE('',*,*,#2492,.T.);
#1247=ORIENTED_EDGE('',*,*,#2490,.T.);
#1248=ORIENTED_EDGE('',*,*,#2488,.T.);
#1249=ORIENTED_EDGE('',*,*,#2514,.F.);
#1250=CARTESIAN_POINT('',(-2.45,-1.8,-1.8));
#1251=DIRECTION('',(-0.0,1.0,0.0));
#1252=DIRECTION('',(1.0,0.0,0.0));
#1253=ORIENTED_EDGE('',*,*,#2511,.T.);
#1254=ORIENTED_EDGE('',*,*,#2380,.T.);
#1255=ORIENTED_EDGE('',*,*,#2391,.T.);
#1256=ORIENTED_EDGE('',*,*,#2515,.F.);
#1257=ORIENTED_EDGE('',*,*,#2404,.F.);
#1258=CARTESIAN_POINT('',(2.7,-1.8,-0.53));
#1259=DIRECTION('',(0.0,-0.258819045102493,0.965925826289076));
#1260=DIRECTION('',(-1.0,0.0,0.0));
#1261=ORIENTED_EDGE('',*,*,#2515,.T.);
#1262=ORIENTED_EDGE('',*,*,#2420,.F.);
#1263=ORIENTED_EDGE('',*,*,#2516,.F.);
#1264=ORIENTED_EDGE('',*,*,#2405,.T.);
#1265=CARTESIAN_POINT('',(2.7,-0.09597228928638,-0.07));
#1266=DIRECTION('',(0.0,0.260619655578795,-0.965441554484781));
#1267=DIRECTION('',(-1.0,0.0,0.0));
#1268=ORIENTED_EDGE('',*,*,#2516,.T.);
#1269=ORIENTED_EDGE('',*,*,#2419,.F.);
#1270=ORIENTED_EDGE('',*,*,#2517,.F.);
#1271=ORIENTED_EDGE('',*,*,#2406,.T.);
#1272=CARTESIAN_POINT('',(2.7,1.22,0.67));
#1273=DIRECTION('',(0.0,0.490143289314685,-0.871641873672772));
#1274=DIRECTION('',(-1.0,0.0,0.0));
#1275=ORIENTED_EDGE('',*,*,#2517,.T.);
#1276=ORIENTED_EDGE('',*,*,#2418,.F.);
#1277=ORIENTED_EDGE('',*,*,#2445,.F.);
#1278=ORIENTED_EDGE('',*,*,#2407,.T.);
#1279=CARTESIAN_POINT('',(2.7,1.5,1.737296518422));
#1280=DIRECTION('',(0.0,0.96726775277588,-0.253757944584795));
#1281=DIRECTION('',(-1.0,0.0,0.0));
#1282=ORIENTED_EDGE('',*,*,#2510,.F.);
#1283=ORIENTED_EDGE('',*,*,#2518,.F.);
#1284=ORIENTED_EDGE('',*,*,#2519,.T.);
#1285=ORIENTED_EDGE('',*,*,#2382,.T.);
#1286=CARTESIAN_POINT('',(3.35,-2.2,-1.8));
#1287=DIRECTION('',(0.0,0.0,1.0));
#1288=DIRECTION('',(1.0,0.0,0.0));
#1289=ORIENTED_EDGE('',*,*,#2520,.F.);
#1290=ORIENTED_EDGE('',*,*,#2521,.F.);
#1291=ORIENTED_EDGE('',*,*,#2522,.T.);
#1292=ORIENTED_EDGE('',*,*,#2523,.T.);
#1293=ORIENTED_EDGE('',*,*,#2524,.T.);
#1294=ORIENTED_EDGE('',*,*,#2525,.F.);
#1295=ORIENTED_EDGE('',*,*,#2526,.T.);
#1296=ORIENTED_EDGE('',*,*,#2527,.F.);
#1297=ORIENTED_EDGE('',*,*,#2528,.F.);
#1298=ORIENTED_EDGE('',*,*,#2529,.F.);
#1299=ORIENTED_EDGE('',*,*,#2499,.T.);
#1300=ORIENTED_EDGE('',*,*,#2530,.T.);
#1301=ORIENTED_EDGE('',*,*,#2531,.F.);
#1302=ORIENTED_EDGE('',*,*,#2356,.F.);
#1303=ORIENTED_EDGE('',*,*,#2383,.T.);
#1304=ORIENTED_EDGE('',*,*,#2519,.F.);
#1305=ORIENTED_EDGE('',*,*,#2532,.F.);
#1306=ORIENTED_EDGE('',*,*,#2533,.F.);
#1307=ORIENTED_EDGE('',*,*,#2534,.T.);
#1308=ORIENTED_EDGE('',*,*,#2535,.F.);
#1309=ORIENTED_EDGE('',*,*,#2536,.F.);
#1310=ORIENTED_EDGE('',*,*,#2537,.F.);
#1311=ORIENTED_EDGE('',*,*,#2538,.F.);
#1312=ORIENTED_EDGE('',*,*,#2539,.T.);
#1313=CARTESIAN_POINT('',(3.35,-2.2,-10.4));
#1314=DIRECTION('',(0.0,-1.0,0.0));
#1315=DIRECTION('',(0.0,0.0,-1.0));
#1316=ORIENTED_EDGE('',*,*,#2539,.F.);
#1317=ORIENTED_EDGE('',*,*,#2540,.F.);
#1318=ORIENTED_EDGE('',*,*,#2541,.T.);
#1319=ORIENTED_EDGE('',*,*,#2542,.F.);
#1320=CARTESIAN_POINT('',(4.525,-2.5,-10.1));
#1321=DIRECTION('',(0.0,0.707106781186548,-0.707106781186548));
#1322=DIRECTION('',(-1.0,0.0,0.0));
#1323=ORIENTED_EDGE('',*,*,#2543,.F.);
#1324=ORIENTED_EDGE('',*,*,#2338,.F.);
#1325=ORIENTED_EDGE('',*,*,#2544,.F.);
#1326=ORIENTED_EDGE('',*,*,#2520,.T.);
#1327=ORIENTED_EDGE('',*,*,#2542,.T.);
#1328=CARTESIAN_POINT('',(1.7,-2.2,-7.35));
#1329=DIRECTION('',(1.0,0.0,0.0));
#1330=DIRECTION('',(0.0,1.0,0.0));
#1331=ORIENTED_EDGE('',*,*,#2545,.F.);
#1332=ORIENTED_EDGE('',*,*,#2521,.T.);
#1333=ORIENTED_EDGE('',*,*,#2544,.T.);
#1334=ORIENTED_EDGE('',*,*,#2337,.F.);
#1335=CARTESIAN_POINT('',(-0.8,-2.2,-7.35));
#1336=DIRECTION('',(0.0,0.0,1.0));
#1337=DIRECTION('',(1.0,0.0,0.0));
#1338=ORIENTED_EDGE('',*,*,#2522,.F.);
#1339=ORIENTED_EDGE('',*,*,#2545,.T.);
#1340=ORIENTED_EDGE('',*,*,#2336,.T.);
#1341=ORIENTED_EDGE('',*,*,#2546,.T.);
#1342=ORIENTED_EDGE('',*,*,#2547,.T.);
#1343=CARTESIAN_POINT('',(-0.8,-2.2,-10.4));
#1344=DIRECTION('',(-1.0,0.0,0.0));
#1345=DIRECTION('',(0.0,0.0,1.0));
#1346=ORIENTED_EDGE('',*,*,#2523,.F.);
#1347=ORIENTED_EDGE('',*,*,#2547,.F.);
#1348=ORIENTED_EDGE('',*,*,#2548,.T.);
#1349=ORIENTED_EDGE('',*,*,#2549,.F.);
#1350=CARTESIAN_POINT('',(-4.075,-2.5,-10.1));
#1351=DIRECTION('',(0.0,0.707106781186548,-0.707106781186548));
#1352=DIRECTION('',(-1.0,0.0,0.0));
#1353=ORIENTED_EDGE('',*,*,#2550,.F.);
#1354=ORIENTED_EDGE('',*,*,#2334,.T.);
#1355=ORIENTED_EDGE('',*,*,#2365,.T.);
#1356=ORIENTED_EDGE('',*,*,#2551,.T.);
#1357=ORIENTED_EDGE('',*,*,#2552,.F.);
#1358=ORIENTED_EDGE('',*,*,#2553,.F.);
#1359=ORIENTED_EDGE('',*,*,#2554,.F.);
#1360=ORIENTED_EDGE('',*,*,#2555,.T.);
#1361=ORIENTED_EDGE('',*,*,#2556,.F.);
#1362=ORIENTED_EDGE('',*,*,#2524,.F.);
#1363=ORIENTED_EDGE('',*,*,#2549,.T.);
#1364=CARTESIAN_POINT('',(-7.35,-3.2,-10.4));
#1365=DIRECTION('',(-1.0,0.0,0.0));
#1366=DIRECTION('',(0.0,0.0,1.0));
#1367=ORIENTED_EDGE('',*,*,#2557,.T.);
#1368=ORIENTED_EDGE('',*,*,#2558,.F.);
#1369=ORIENTED_EDGE('',*,*,#2525,.T.);
#1370=ORIENTED_EDGE('',*,*,#2556,.T.);
#1371=CARTESIAN_POINT('',(0.0,-3.2,-9.4));
#1372=DIRECTION('',(0.0,0.0,-1.0));
#1373=DIRECTION('',(0.0,-1.0,0.0));
#1374=ORIENTED_EDGE('',*,*,#2537,.T.);
#1375=ORIENTED_EDGE('',*,*,#2559,.F.);
#1376=ORIENTED_EDGE('',*,*,#2560,.T.);
#1377=ORIENTED_EDGE('',*,*,#2561,.F.);
#1378=CARTESIAN_POINT('',(0.0,-3.2,-9.4));
#1379=DIRECTION('',(0.0,0.0,-1.0));
#1380=DIRECTION('',(0.0,-1.0,0.0));
#1381=ORIENTED_EDGE('',*,*,#2562,.T.);
#1382=ORIENTED_EDGE('',*,*,#2563,.F.);
#1383=ORIENTED_EDGE('',*,*,#2526,.F.);
#1384=ORIENTED_EDGE('',*,*,#2558,.T.);
#1385=CARTESIAN_POINT('',(-5.45,-2.2,-10.4));
#1386=DIRECTION('',(-1.0,0.0,0.0));
#1387=DIRECTION('',(0.0,0.0,1.0));
#1388=ORIENTED_EDGE('',*,*,#2564,.T.);
#1389=ORIENTED_EDGE('',*,*,#2527,.T.);
#1390=ORIENTED_EDGE('',*,*,#2563,.T.);
#1391=ORIENTED_EDGE('',*,*,#2565,.F.);
#1392=ORIENTED_EDGE('',*,*,#2566,.F.);
#1393=ORIENTED_EDGE('',*,*,#2567,.T.);
#1394=ORIENTED_EDGE('',*,*,#2568,.F.);
#1395=ORIENTED_EDGE('',*,*,#2569,.F.);
#1396=CARTESIAN_POINT('',(0.0,-3.2,-1.8));
#1397=DIRECTION('',(0.0,0.0,-1.0));
#1398=DIRECTION('',(0.0,-1.0,0.0));
#1399=ORIENTED_EDGE('',*,*,#2570,.F.);
#1400=ORIENTED_EDGE('',*,*,#2571,.F.);
#1401=ORIENTED_EDGE('',*,*,#2572,.T.);
#1402=ORIENTED_EDGE('',*,*,#2535,.T.);
#1403=ORIENTED_EDGE('',*,*,#2573,.T.);
#1404=ORIENTED_EDGE('',*,*,#2574,.F.);
#1405=ORIENTED_EDGE('',*,*,#2575,.F.);
#1406=ORIENTED_EDGE('',*,*,#2576,.T.);
#1407=CARTESIAN_POINT('',(0.0,-3.2,-1.8));
#1408=DIRECTION('',(0.0,0.0,-1.0));
#1409=DIRECTION('',(0.0,-1.0,0.0));
#1410=ORIENTED_EDGE('',*,*,#2577,.F.);
#1411=ORIENTED_EDGE('',*,*,#2565,.T.);
#1412=ORIENTED_EDGE('',*,*,#2562,.F.);
#1413=ORIENTED_EDGE('',*,*,#2557,.F.);
#1414=ORIENTED_EDGE('',*,*,#2555,.F.);
#1415=ORIENTED_EDGE('',*,*,#2578,.F.);
#1416=ORIENTED_EDGE('',*,*,#2501,.T.);
#1417=ORIENTED_EDGE('',*,*,#2579,.F.);
#1418=ORIENTED_EDGE('',*,*,#2580,.T.);
#1419=ORIENTED_EDGE('',*,*,#2569,.T.);
#1420=CARTESIAN_POINT('',(-5.45,-0.35,-10.4));
#1421=DIRECTION('',(-0.0,1.0,0.0));
#1422=DIRECTION('',(1.0,0.0,0.0));
#1423=ORIENTED_EDGE('',*,*,#2528,.T.);
#1424=ORIENTED_EDGE('',*,*,#2564,.F.);
#1425=ORIENTED_EDGE('',*,*,#2580,.F.);
#1426=ORIENTED_EDGE('',*,*,#2581,.T.);
#1427=CARTESIAN_POINT('',(-2.9,-0.35,-10.4));
#1428=DIRECTION('',(1.0,0.0,0.0));
#1429=DIRECTION('',(0.0,1.0,0.0));
#1430=ORIENTED_EDGE('',*,*,#2582,.T.);
#1431=ORIENTED_EDGE('',*,*,#2583,.F.);
#1432=ORIENTED_EDGE('',*,*,#2533,.T.);
#1433=ORIENTED_EDGE('',*,*,#2584,.T.);
#1434=CARTESIAN_POINT('',(0.0,-3.2,-6.3));
#1435=DIRECTION('',(0.0,0.0,-1.0));
#1436=DIRECTION('',(0.0,-1.0,0.0));
#1437=ORIENTED_EDGE('',*,*,#2529,.T.);
#1438=ORIENTED_EDGE('',*,*,#2581,.F.);
#1439=ORIENTED_EDGE('',*,*,#2579,.T.);
#1440=ORIENTED_EDGE('',*,*,#2500,.F.);
#1441=CARTESIAN_POINT('',(0.0,-3.2,-6.3));
#1442=DIRECTION('',(0.0,0.0,-1.0));
#1443=DIRECTION('',(0.0,-1.0,0.0));
#1444=ORIENTED_EDGE('',*,*,#2585,.T.);
#1445=ORIENTED_EDGE('',*,*,#2586,.F.);
#1446=ORIENTED_EDGE('',*,*,#2375,.F.);
#1447=ORIENTED_EDGE('',*,*,#2587,.T.);
#1448=ORIENTED_EDGE('',*,*,#2588,.F.);
#1449=ORIENTED_EDGE('',*,*,#2589,.T.);
#1450=ORIENTED_EDGE('',*,*,#2590,.T.);
#1451=ORIENTED_EDGE('',*,*,#2591,.T.);
#1452=ORIENTED_EDGE('',*,*,#2584,.F.);
#1453=ORIENTED_EDGE('',*,*,#2532,.T.);
#1454=ORIENTED_EDGE('',*,*,#2518,.T.);
#1455=ORIENTED_EDGE('',*,*,#2509,.F.);
#1456=CARTESIAN_POINT('',(3.35,3.2,-10.4));
#1457=DIRECTION('',(1.0,0.0,0.0));
#1458=DIRECTION('',(0.0,1.0,0.0));
#1459=ORIENTED_EDGE('',*,*,#2592,.F.);
#1460=ORIENTED_EDGE('',*,*,#2582,.F.);
#1461=ORIENTED_EDGE('',*,*,#2591,.F.);
#1462=ORIENTED_EDGE('',*,*,#2593,.F.);
#1463=ORIENTED_EDGE('',*,*,#2594,.T.);
#1464=ORIENTED_EDGE('',*,*,#2560,.F.);
#1465=ORIENTED_EDGE('',*,*,#2595,.T.);
#1466=ORIENTED_EDGE('',*,*,#2571,.T.);
#1467=ORIENTED_EDGE('',*,*,#2596,.F.);
#1468=ORIENTED_EDGE('',*,*,#2574,.T.);
#1469=CARTESIAN_POINT('',(3.8,-0.35,-10.4));
#1470=DIRECTION('',(-0.0,1.0,0.0));
#1471=DIRECTION('',(1.0,0.0,0.0));
#1472=ORIENTED_EDGE('',*,*,#2596,.T.);
#1473=ORIENTED_EDGE('',*,*,#2597,.T.);
#1474=ORIENTED_EDGE('',*,*,#2598,.F.);
#1475=ORIENTED_EDGE('',*,*,#2599,.T.);
#1476=ORIENTED_EDGE('',*,*,#2600,.T.);
#1477=ORIENTED_EDGE('',*,*,#2601,.T.);
#1478=ORIENTED_EDGE('',*,*,#2602,.T.);
#1479=ORIENTED_EDGE('',*,*,#2603,.T.);
#1480=ORIENTED_EDGE('',*,*,#2604,.T.);
#1481=ORIENTED_EDGE('',*,*,#2605,.T.);
#1482=ORIENTED_EDGE('',*,*,#2606,.T.);
#1483=ORIENTED_EDGE('',*,*,#2607,.F.);
#1484=CARTESIAN_POINT('',(0.0,-1.8,-1.8));
#1485=DIRECTION('',(0.0,0.0,1.0));
#1486=DIRECTION('',(1.0,0.0,0.0));
#1487=ORIENTED_EDGE('',*,*,#2608,.T.);
#1488=ORIENTED_EDGE('',*,*,#2609,.T.);
#1489=ORIENTED_EDGE('',*,*,#2610,.F.);
#1490=ORIENTED_EDGE('',*,*,#2575,.T.);
#1491=ORIENTED_EDGE('',*,*,#2607,.T.);
#1492=CARTESIAN_POINT('',(4.65,-1.8,-1.8));
#1493=DIRECTION('',(1.0,0.0,0.0));
#1494=DIRECTION('',(0.0,1.0,0.0));
#1495=ORIENTED_EDGE('',*,*,#2611,.F.);
#1496=ORIENTED_EDGE('',*,*,#2612,.F.);
#1497=ORIENTED_EDGE('',*,*,#2613,.T.);
#1498=ORIENTED_EDGE('',*,*,#2614,.T.);
#1499=ORIENTED_EDGE('',*,*,#2615,.T.);
#1500=ORIENTED_EDGE('',*,*,#2616,.F.);
#1501=ORIENTED_EDGE('',*,*,#2576,.F.);
#1502=ORIENTED_EDGE('',*,*,#2610,.T.);
#1503=CARTESIAN_POINT('',(4.25,-1.4,3.8));
#1504=DIRECTION('',(0.0,-1.0,0.0));
#1505=DIRECTION('',(0.0,0.0,-1.0));
#1506=ORIENTED_EDGE('',*,*,#2570,.T.);
#1507=ORIENTED_EDGE('',*,*,#2616,.T.);
#1508=ORIENTED_EDGE('',*,*,#2617,.T.);
#1509=ORIENTED_EDGE('',*,*,#2618,.T.);
#1510=ORIENTED_EDGE('',*,*,#2597,.F.);
#1511=CARTESIAN_POINT('',(5.55,-1.8,-1.8));
#1512=DIRECTION('',(-1.0,0.0,0.0));
#1513=DIRECTION('',(0.0,0.0,1.0));
#1514=ORIENTED_EDGE('',*,*,#2618,.F.);
#1515=ORIENTED_EDGE('',*,*,#2619,.F.);
#1516=ORIENTED_EDGE('',*,*,#2620,.F.);
#1517=ORIENTED_EDGE('',*,*,#2598,.T.);
#1518=CARTESIAN_POINT('',(5.95,1.14,-0.8));
#1519=DIRECTION('',(-0.0,1.0,0.0));
#1520=DIRECTION('',(1.0,0.0,0.0));
#1521=ORIENTED_EDGE('',*,*,#2614,.F.);
#1522=ORIENTED_EDGE('',*,*,#2621,.T.);
#1523=ORIENTED_EDGE('',*,*,#2622,.T.);
#1524=ORIENTED_EDGE('',*,*,#2599,.F.);
#1525=ORIENTED_EDGE('',*,*,#2620,.T.);
#1526=ORIENTED_EDGE('',*,*,#2623,.F.);
#1527=CARTESIAN_POINT('',(5.95,-1.4,3.8));
#1528=DIRECTION('',(1.0,0.0,0.0));
#1529=DIRECTION('',(0.0,1.0,0.0));
#1530=ORIENTED_EDGE('',*,*,#2623,.T.);
#1531=ORIENTED_EDGE('',*,*,#2619,.T.);
#1532=ORIENTED_EDGE('',*,*,#2617,.F.);
#1533=ORIENTED_EDGE('',*,*,#2615,.F.);
#1534=CARTESIAN_POINT('',(5.95,-1.8,-0.8));
#1535=DIRECTION('',(0.0,0.0,1.0));
#1536=DIRECTION('',(1.0,0.0,0.0));
#1537=ORIENTED_EDGE('',*,*,#2624,.T.);
#1538=ORIENTED_EDGE('',*,*,#2600,.F.);
#1539=ORIENTED_EDGE('',*,*,#2622,.F.);
#1540=ORIENTED_EDGE('',*,*,#2625,.T.);
#1541=CARTESIAN_POINT('',(5.95,1.89,3.8));
#1542=DIRECTION('',(-0.0,1.0,0.0));
#1543=DIRECTION('',(1.0,0.0,0.0));
#1544=ORIENTED_EDGE('',*,*,#2626,.F.);
#1545=ORIENTED_EDGE('',*,*,#2627,.F.);
#1546=ORIENTED_EDGE('',*,*,#2628,.F.);
#1547=ORIENTED_EDGE('',*,*,#2625,.F.);
#1548=ORIENTED_EDGE('',*,*,#2621,.F.);
#1549=ORIENTED_EDGE('',*,*,#2613,.F.);
#1550=ORIENTED_EDGE('',*,*,#2629,.T.);
#1551=ORIENTED_EDGE('',*,*,#2630,.F.);
#1552=ORIENTED_EDGE('',*,*,#2631,.F.);
#1553=ORIENTED_EDGE('',*,*,#2632,.F.);
#1554=ORIENTED_EDGE('',*,*,#2588,.T.);
#1555=ORIENTED_EDGE('',*,*,#2633,.F.);
#1556=ORIENTED_EDGE('',*,*,#2634,.F.);
#1557=ORIENTED_EDGE('',*,*,#2635,.F.);
#1558=CARTESIAN_POINT('',(7.35,3.2,3.8));
#1559=DIRECTION('',(0.0,0.0,-1.0));
#1560=DIRECTION('',(0.0,-1.0,0.0));
#1561=ORIENTED_EDGE('',*,*,#2636,.T.);
#1562=ORIENTED_EDGE('',*,*,#2604,.F.);
#1563=ORIENTED_EDGE('',*,*,#2637,.F.);
#1564=ORIENTED_EDGE('',*,*,#2635,.T.);
#1565=CARTESIAN_POINT('',(4.65,1.89,3.8));
#1566=DIRECTION('',(-0.0,1.0,0.0));
#1567=DIRECTION('',(1.0,0.0,0.0));
#1568=ORIENTED_EDGE('',*,*,#2637,.T.);
#1569=ORIENTED_EDGE('',*,*,#2603,.F.);
#1570=ORIENTED_EDGE('',*,*,#2638,.F.);
#1571=ORIENTED_EDGE('',*,*,#2626,.T.);
#1572=CARTESIAN_POINT('',(4.65,2.35,3.8));
#1573=DIRECTION('',(-1.0,0.0,0.0));
#1574=DIRECTION('',(0.0,0.0,1.0));
#1575=ORIENTED_EDGE('',*,*,#2638,.T.);
#1576=ORIENTED_EDGE('',*,*,#2602,.F.);
#1577=ORIENTED_EDGE('',*,*,#2639,.F.);
#1578=ORIENTED_EDGE('',*,*,#2627,.T.);
#1579=CARTESIAN_POINT('',(5.55,2.35,3.8));
#1580=DIRECTION('',(-0.0,1.0,0.0));
#1581=DIRECTION('',(1.0,0.0,0.0));
#1582=ORIENTED_EDGE('',*,*,#2639,.T.);
#1583=ORIENTED_EDGE('',*,*,#2601,.F.);
#1584=ORIENTED_EDGE('',*,*,#2624,.F.);
#1585=ORIENTED_EDGE('',*,*,#2628,.T.);
#1586=CARTESIAN_POINT('',(5.55,1.89,3.8));
#1587=DIRECTION('',(1.0,0.0,0.0));
#1588=DIRECTION('',(0.0,1.0,0.0));
#1589=ORIENTED_EDGE('',*,*,#2640,.T.);
#1590=ORIENTED_EDGE('',*,*,#2641,.F.);
#1591=ORIENTED_EDGE('',*,*,#2605,.F.);
#1592=ORIENTED_EDGE('',*,*,#2636,.F.);
#1593=ORIENTED_EDGE('',*,*,#2634,.T.);
#1594=ORIENTED_EDGE('',*,*,#2642,.F.);
#1595=ORIENTED_EDGE('',*,*,#2373,.T.);
#1596=ORIENTED_EDGE('',*,*,#2643,.F.);
#1597=ORIENTED_EDGE('',*,*,#2629,.F.);
#1598=ORIENTED_EDGE('',*,*,#2612,.T.);
#1599=CARTESIAN_POINT('',(4.25,3.2,3.8));
#1600=DIRECTION('',(-1.0,0.0,0.0));
#1601=DIRECTION('',(0.0,0.0,1.0));
#1602=ORIENTED_EDGE('',*,*,#2364,.T.);
#1603=ORIENTED_EDGE('',*,*,#2644,.T.);
#1604=ORIENTED_EDGE('',*,*,#2645,.T.);
#1605=ORIENTED_EDGE('',*,*,#2551,.F.);
#1606=CARTESIAN_POINT('',(0.0,-1.8,0.0));
#1607=DIRECTION('',(-0.0,1.0,0.0));
#1608=DIRECTION('',(1.0,0.0,0.0));
#1609=ORIENTED_EDGE('',*,*,#2646,.T.);
#1610=ORIENTED_EDGE('',*,*,#2630,.T.);
#1611=ORIENTED_EDGE('',*,*,#2643,.T.);
#1612=ORIENTED_EDGE('',*,*,#2372,.T.);
#1613=CARTESIAN_POINT('',(0.0,-1.8,0.0));
#1614=DIRECTION('',(-0.0,1.0,0.0));
#1615=DIRECTION('',(1.0,0.0,0.0));
#1616=ORIENTED_EDGE('',*,*,#2647,.T.);
#1617=ORIENTED_EDGE('',*,*,#2648,.F.);
#1618=ORIENTED_EDGE('',*,*,#2552,.T.);
#1619=ORIENTED_EDGE('',*,*,#2645,.F.);
#1620=ORIENTED_EDGE('',*,*,#2649,.F.);
#1621=ORIENTED_EDGE('',*,*,#2650,.F.);
#1622=ORIENTED_EDGE('',*,*,#2651,.T.);
#1623=ORIENTED_EDGE('',*,*,#2652,.F.);
#1624=ORIENTED_EDGE('',*,*,#2653,.F.);
#1625=ORIENTED_EDGE('',*,*,#2654,.F.);
#1626=ORIENTED_EDGE('',*,*,#2655,.F.);
#1627=ORIENTED_EDGE('',*,*,#2656,.F.);
#1628=ORIENTED_EDGE('',*,*,#2657,.F.);
#1629=ORIENTED_EDGE('',*,*,#2504,.F.);
#1630=ORIENTED_EDGE('',*,*,#2658,.F.);
#1631=CARTESIAN_POINT('',(-3.35,3.2,3.8));
#1632=DIRECTION('',(0.0,0.0,-1.0));
#1633=DIRECTION('',(0.0,-1.0,0.0));
#1634=ORIENTED_EDGE('',*,*,#2503,.T.);
#1635=ORIENTED_EDGE('',*,*,#2659,.T.);
#1636=ORIENTED_EDGE('',*,*,#2660,.T.);
#1637=ORIENTED_EDGE('',*,*,#2658,.T.);
#1638=CARTESIAN_POINT('',(0.0,3.2,0.0));
#1639=DIRECTION('',(-0.0,1.0,0.0));
#1640=DIRECTION('',(1.0,0.0,0.0));
#1641=ORIENTED_EDGE('',*,*,#2661,.T.);
#1642=ORIENTED_EDGE('',*,*,#2662,.T.);
#1643=ORIENTED_EDGE('',*,*,#2589,.F.);
#1644=ORIENTED_EDGE('',*,*,#2632,.T.);
#1645=CARTESIAN_POINT('',(0.0,3.2,0.0));
#1646=DIRECTION('',(-0.0,1.0,0.0));
#1647=DIRECTION('',(1.0,0.0,0.0));
#1648=ORIENTED_EDGE('',*,*,#2663,.T.);
#1649=ORIENTED_EDGE('',*,*,#2664,.F.);
#1650=ORIENTED_EDGE('',*,*,#2647,.F.);
#1651=ORIENTED_EDGE('',*,*,#2660,.F.);
#1652=CARTESIAN_POINT('',(-6.25,0.45,3.8));
#1653=DIRECTION('',(1.0,0.0,0.0));
#1654=DIRECTION('',(0.0,1.0,0.0));
#1655=ORIENTED_EDGE('',*,*,#2648,.T.);
#1656=ORIENTED_EDGE('',*,*,#2664,.T.);
#1657=ORIENTED_EDGE('',*,*,#2665,.F.);
#1658=ORIENTED_EDGE('',*,*,#2553,.T.);
#1659=CARTESIAN_POINT('',(-7.35,0.45,3.8));
#1660=DIRECTION('',(0.0,-1.0,0.0));
#1661=DIRECTION('',(0.0,0.0,-1.0));
#1662=ORIENTED_EDGE('',*,*,#2590,.F.);
#1663=ORIENTED_EDGE('',*,*,#2662,.F.);
#1664=ORIENTED_EDGE('',*,*,#2666,.F.);
#1665=ORIENTED_EDGE('',*,*,#2593,.T.);
#1666=ORIENTED_EDGE('',*,*,#2667,.F.);
#1667=ORIENTED_EDGE('',*,*,#2668,.F.);
#1668=ORIENTED_EDGE('',*,*,#2669,.F.);
#1669=ORIENTED_EDGE('',*,*,#2670,.F.);
#1670=ORIENTED_EDGE('',*,*,#2671,.F.);
#1671=ORIENTED_EDGE('',*,*,#2672,.F.);
#1672=ORIENTED_EDGE('',*,*,#2673,.F.);
#1673=ORIENTED_EDGE('',*,*,#2674,.F.);
#1674=CARTESIAN_POINT('',(7.35,-3.2,-10.4));
#1675=DIRECTION('',(0.0,0.0,-1.0));
#1676=DIRECTION('',(0.0,-1.0,0.0));
#1677=ORIENTED_EDGE('',*,*,#2554,.T.);
#1678=ORIENTED_EDGE('',*,*,#2665,.T.);
#1679=ORIENTED_EDGE('',*,*,#2663,.F.);
#1680=ORIENTED_EDGE('',*,*,#2659,.F.);
#1681=ORIENTED_EDGE('',*,*,#2502,.T.);
#1682=ORIENTED_EDGE('',*,*,#2578,.T.);
#1683=ORIENTED_EDGE('',*,*,#2675,.F.);
#1684=ORIENTED_EDGE('',*,*,#2676,.F.);
#1685=ORIENTED_EDGE('',*,*,#2677,.F.);
#1686=ORIENTED_EDGE('',*,*,#2678,.F.);
#1687=ORIENTED_EDGE('',*,*,#2679,.F.);
#1688=ORIENTED_EDGE('',*,*,#2680,.F.);
#1689=ORIENTED_EDGE('',*,*,#2681,.F.);
#1690=ORIENTED_EDGE('',*,*,#2682,.F.);
#1691=CARTESIAN_POINT('',(7.35,-3.2,-10.4));
#1692=DIRECTION('',(0.0,0.0,-1.0));
#1693=DIRECTION('',(0.0,-1.0,0.0));
#1694=ORIENTED_EDGE('',*,*,#2683,.F.);
#1695=ORIENTED_EDGE('',*,*,#2339,.T.);
#1696=ORIENTED_EDGE('',*,*,#2543,.T.);
#1697=ORIENTED_EDGE('',*,*,#2541,.F.);
#1698=CARTESIAN_POINT('',(7.35,-3.2,-10.4));
#1699=DIRECTION('',(0.0,0.0,-1.0));
#1700=DIRECTION('',(0.0,-1.0,0.0));
#1701=ORIENTED_EDGE('',*,*,#2546,.F.);
#1702=ORIENTED_EDGE('',*,*,#2335,.T.);
#1703=ORIENTED_EDGE('',*,*,#2550,.T.);
#1704=ORIENTED_EDGE('',*,*,#2548,.F.);
#1705=CARTESIAN_POINT('',(7.35,-3.2,-10.4));
#1706=DIRECTION('',(0.0,0.0,-1.0));
#1707=DIRECTION('',(0.0,-1.0,0.0));
#1708=ORIENTED_EDGE('',*,*,#2684,.T.);
#1709=ORIENTED_EDGE('',*,*,#2685,.F.);
#1710=ORIENTED_EDGE('',*,*,#2686,.F.);
#1711=ORIENTED_EDGE('',*,*,#2682,.T.);
#1712=CARTESIAN_POINT('',(-3.55,2.75,-10.4));
#1713=DIRECTION('',(1.0,0.0,0.0));
#1714=DIRECTION('',(0.0,1.0,0.0));
#1715=ORIENTED_EDGE('',*,*,#2686,.T.);
#1716=ORIENTED_EDGE('',*,*,#2687,.F.);
#1717=ORIENTED_EDGE('',*,*,#2688,.F.);
#1718=ORIENTED_EDGE('',*,*,#2675,.T.);
#1719=CARTESIAN_POINT('',(-4.85,2.75,-10.4));
#1720=DIRECTION('',(-0.0,1.0,0.0));
#1721=DIRECTION('',(1.0,0.0,0.0));
#1722=ORIENTED_EDGE('',*,*,#2688,.T.);
#1723=ORIENTED_EDGE('',*,*,#2689,.F.);
#1724=ORIENTED_EDGE('',*,*,#2690,.F.);
#1725=ORIENTED_EDGE('',*,*,#2676,.T.);
#1726=CARTESIAN_POINT('',(-4.85,2.29,-10.4));
#1727=DIRECTION('',(-1.0,0.0,0.0));
#1728=DIRECTION('',(0.0,0.0,1.0));
#1729=ORIENTED_EDGE('',*,*,#2690,.T.);
#1730=ORIENTED_EDGE('',*,*,#2691,.F.);
#1731=ORIENTED_EDGE('',*,*,#2692,.F.);
#1732=ORIENTED_EDGE('',*,*,#2677,.T.);
#1733=CARTESIAN_POINT('',(-4.65,2.29,-10.4));
#1734=DIRECTION('',(0.0,-1.0,0.0));
#1735=DIRECTION('',(0.0,0.0,-1.0));
#1736=ORIENTED_EDGE('',*,*,#2692,.T.);
#1737=ORIENTED_EDGE('',*,*,#2693,.F.);
#1738=ORIENTED_EDGE('',*,*,#2694,.F.);
#1739=ORIENTED_EDGE('',*,*,#2678,.T.);
#1740=CARTESIAN_POINT('',(-4.65,1.19,-10.4));
#1741=DIRECTION('',(-1.0,0.0,0.0));
#1742=DIRECTION('',(0.0,0.0,1.0));
#1743=ORIENTED_EDGE('',*,*,#2694,.T.);
#1744=ORIENTED_EDGE('',*,*,#2695,.F.);
#1745=ORIENTED_EDGE('',*,*,#2696,.F.);
#1746=ORIENTED_EDGE('',*,*,#2679,.T.);
#1747=CARTESIAN_POINT('',(-3.75,1.19,-10.4));
#1748=DIRECTION('',(0.0,-1.0,0.0));
#1749=DIRECTION('',(0.0,0.0,-1.0));
#1750=ORIENTED_EDGE('',*,*,#2696,.T.);
#1751=ORIENTED_EDGE('',*,*,#2697,.F.);
#1752=ORIENTED_EDGE('',*,*,#2698,.F.);
#1753=ORIENTED_EDGE('',*,*,#2680,.T.);
#1754=CARTESIAN_POINT('',(-3.75,2.29,-10.4));
#1755=DIRECTION('',(1.0,0.0,0.0));
#1756=DIRECTION('',(0.0,1.0,0.0));
#1757=ORIENTED_EDGE('',*,*,#2698,.T.);
#1758=ORIENTED_EDGE('',*,*,#2699,.F.);
#1759=ORIENTED_EDGE('',*,*,#2684,.F.);
#1760=ORIENTED_EDGE('',*,*,#2681,.T.);
#1761=CARTESIAN_POINT('',(-3.55,2.29,-10.4));
#1762=DIRECTION('',(0.0,-1.0,0.0));
#1763=DIRECTION('',(0.0,0.0,-1.0));
#1764=ORIENTED_EDGE('',*,*,#2699,.T.);
#1765=ORIENTED_EDGE('',*,*,#2697,.T.);
#1766=ORIENTED_EDGE('',*,*,#2695,.T.);
#1767=ORIENTED_EDGE('',*,*,#2693,.T.);
#1768=ORIENTED_EDGE('',*,*,#2691,.T.);
#1769=ORIENTED_EDGE('',*,*,#2689,.T.);
#1770=ORIENTED_EDGE('',*,*,#2687,.T.);
#1771=ORIENTED_EDGE('',*,*,#2685,.T.);
#1772=CARTESIAN_POINT('',(0.0,-3.2,-9.6));
#1773=DIRECTION('',(0.0,0.0,-1.0));
#1774=DIRECTION('',(0.0,-1.0,0.0));
#1775=ORIENTED_EDGE('',*,*,#2700,.T.);
#1776=ORIENTED_EDGE('',*,*,#2701,.F.);
#1777=ORIENTED_EDGE('',*,*,#2702,.F.);
#1778=ORIENTED_EDGE('',*,*,#2674,.T.);
#1779=CARTESIAN_POINT('',(5.75,2.75,-10.4));
#1780=DIRECTION('',(1.0,0.0,0.0));
#1781=DIRECTION('',(0.0,1.0,0.0));
#1782=ORIENTED_EDGE('',*,*,#2702,.T.);
#1783=ORIENTED_EDGE('',*,*,#2703,.F.);
#1784=ORIENTED_EDGE('',*,*,#2704,.F.);
#1785=ORIENTED_EDGE('',*,*,#2667,.T.);
#1786=CARTESIAN_POINT('',(4.45,2.75,-10.4));
#1787=DIRECTION('',(-0.0,1.0,0.0));
#1788=DIRECTION('',(1.0,0.0,0.0));
#1789=ORIENTED_EDGE('',*,*,#2704,.T.);
#1790=ORIENTED_EDGE('',*,*,#2705,.F.);
#1791=ORIENTED_EDGE('',*,*,#2706,.F.);
#1792=ORIENTED_EDGE('',*,*,#2668,.T.);
#1793=CARTESIAN_POINT('',(4.45,2.29,-10.4));
#1794=DIRECTION('',(-1.0,0.0,0.0));
#1795=DIRECTION('',(0.0,0.0,1.0));
#1796=ORIENTED_EDGE('',*,*,#2706,.T.);
#1797=ORIENTED_EDGE('',*,*,#2707,.F.);
#1798=ORIENTED_EDGE('',*,*,#2708,.F.);
#1799=ORIENTED_EDGE('',*,*,#2669,.T.);
#1800=CARTESIAN_POINT('',(4.65,2.29,-10.4));
#1801=DIRECTION('',(0.0,-1.0,0.0));
#1802=DIRECTION('',(0.0,0.0,-1.0));
#1803=ORIENTED_EDGE('',*,*,#2708,.T.);
#1804=ORIENTED_EDGE('',*,*,#2709,.F.);
#1805=ORIENTED_EDGE('',*,*,#2710,.F.);
#1806=ORIENTED_EDGE('',*,*,#2670,.T.);
#1807=CARTESIAN_POINT('',(4.65,1.19,-10.4));
#1808=DIRECTION('',(-1.0,0.0,0.0));
#1809=DIRECTION('',(0.0,0.0,1.0));
#1810=ORIENTED_EDGE('',*,*,#2710,.T.);
#1811=ORIENTED_EDGE('',*,*,#2711,.F.);
#1812=ORIENTED_EDGE('',*,*,#2712,.F.);
#1813=ORIENTED_EDGE('',*,*,#2671,.T.);
#1814=CARTESIAN_POINT('',(5.55,1.19,-10.4));
#1815=DIRECTION('',(0.0,-1.0,0.0));
#1816=DIRECTION('',(0.0,0.0,-1.0));
#1817=ORIENTED_EDGE('',*,*,#2712,.T.);
#1818=ORIENTED_EDGE('',*,*,#2713,.F.);
#1819=ORIENTED_EDGE('',*,*,#2714,.F.);
#1820=ORIENTED_EDGE('',*,*,#2672,.T.);
#1821=CARTESIAN_POINT('',(5.55,2.29,-10.4));
#1822=DIRECTION('',(1.0,0.0,0.0));
#1823=DIRECTION('',(0.0,1.0,0.0));
#1824=ORIENTED_EDGE('',*,*,#2714,.T.);
#1825=ORIENTED_EDGE('',*,*,#2715,.F.);
#1826=ORIENTED_EDGE('',*,*,#2700,.F.);
#1827=ORIENTED_EDGE('',*,*,#2673,.T.);
#1828=CARTESIAN_POINT('',(5.75,2.29,-10.4));
#1829=DIRECTION('',(0.0,-1.0,0.0));
#1830=DIRECTION('',(0.0,0.0,-1.0));
#1831=ORIENTED_EDGE('',*,*,#2715,.T.);
#1832=ORIENTED_EDGE('',*,*,#2713,.T.);
#1833=ORIENTED_EDGE('',*,*,#2711,.T.);
#1834=ORIENTED_EDGE('',*,*,#2709,.T.);
#1835=ORIENTED_EDGE('',*,*,#2707,.T.);
#1836=ORIENTED_EDGE('',*,*,#2705,.T.);
#1837=ORIENTED_EDGE('',*,*,#2703,.T.);
#1838=ORIENTED_EDGE('',*,*,#2701,.T.);
#1839=CARTESIAN_POINT('',(0.0,-3.2,-9.6));
#1840=DIRECTION('',(0.0,0.0,-1.0));
#1841=DIRECTION('',(0.0,-1.0,0.0));
#1842=ORIENTED_EDGE('',*,*,#2538,.T.);
#1843=ORIENTED_EDGE('',*,*,#2561,.T.);
#1844=ORIENTED_EDGE('',*,*,#2594,.F.);
#1845=ORIENTED_EDGE('',*,*,#2666,.T.);
#1846=ORIENTED_EDGE('',*,*,#2661,.F.);
#1847=ORIENTED_EDGE('',*,*,#2631,.T.);
#1848=ORIENTED_EDGE('',*,*,#2646,.F.);
#1849=ORIENTED_EDGE('',*,*,#2371,.F.);
#1850=ORIENTED_EDGE('',*,*,#2340,.T.);
#1851=ORIENTED_EDGE('',*,*,#2683,.T.);
#1852=ORIENTED_EDGE('',*,*,#2540,.T.);
#1853=CARTESIAN_POINT('',(7.35,-3.2,10.4));
#1854=DIRECTION('',(1.0,0.0,0.0));
#1855=DIRECTION('',(0.0,1.0,0.0));
#1856=ORIENTED_EDGE('',*,*,#2505,.T.);
#1857=ORIENTED_EDGE('',*,*,#2657,.T.);
#1858=ORIENTED_EDGE('',*,*,#2716,.F.);
#1859=ORIENTED_EDGE('',*,*,#2362,.T.);
#1860=CARTESIAN_POINT('',(0.0,1.49,0.0));
#1861=DIRECTION('',(-0.0,1.0,0.0));
#1862=DIRECTION('',(1.0,0.0,0.0));
#1863=ORIENTED_EDGE('',*,*,#2642,.T.);
#1864=ORIENTED_EDGE('',*,*,#2633,.T.);
#1865=ORIENTED_EDGE('',*,*,#2587,.F.);
#1866=ORIENTED_EDGE('',*,*,#2374,.T.);
#1867=CARTESIAN_POINT('',(0.0,1.49,0.0));
#1868=DIRECTION('',(-0.0,1.0,0.0));
#1869=DIRECTION('',(1.0,0.0,0.0));
#1870=ORIENTED_EDGE('',*,*,#2649,.T.);
#1871=ORIENTED_EDGE('',*,*,#2644,.F.);
#1872=ORIENTED_EDGE('',*,*,#2363,.F.);
#1873=ORIENTED_EDGE('',*,*,#2716,.T.);
#1874=ORIENTED_EDGE('',*,*,#2717,.T.);
#1875=ORIENTED_EDGE('',*,*,#2718,.F.);
#1876=ORIENTED_EDGE('',*,*,#2719,.T.);
#1877=ORIENTED_EDGE('',*,*,#2720,.F.);
#1878=ORIENTED_EDGE('',*,*,#2721,.F.);
#1879=CARTESIAN_POINT('',(-3.35,3.2,10.4));
#1880=DIRECTION('',(1.0,0.0,0.0));
#1881=DIRECTION('',(0.0,1.0,0.0));
#1882=ORIENTED_EDGE('',*,*,#2567,.F.);
#1883=ORIENTED_EDGE('',*,*,#2722,.T.);
#1884=ORIENTED_EDGE('',*,*,#2723,.F.);
#1885=ORIENTED_EDGE('',*,*,#2724,.F.);
#1886=ORIENTED_EDGE('',*,*,#2650,.T.);
#1887=ORIENTED_EDGE('',*,*,#2721,.T.);
#1888=ORIENTED_EDGE('',*,*,#2725,.T.);
#1889=ORIENTED_EDGE('',*,*,#2726,.F.);
#1890=CARTESIAN_POINT('',(-5.05,-1.4,3.8));
#1891=DIRECTION('',(0.0,-1.0,0.0));
#1892=DIRECTION('',(0.0,0.0,-1.0));
#1893=ORIENTED_EDGE('',*,*,#2568,.T.);
#1894=ORIENTED_EDGE('',*,*,#2726,.T.);
#1895=ORIENTED_EDGE('',*,*,#2727,.T.);
#1896=ORIENTED_EDGE('',*,*,#2728,.T.);
#1897=ORIENTED_EDGE('',*,*,#2729,.F.);
#1898=CARTESIAN_POINT('',(-3.75,-1.8,-1.8));
#1899=DIRECTION('',(-1.0,0.0,0.0));
#1900=DIRECTION('',(0.0,0.0,1.0));
#1901=ORIENTED_EDGE('',*,*,#2730,.F.);
#1902=ORIENTED_EDGE('',*,*,#2718,.T.);
#1903=ORIENTED_EDGE('',*,*,#2731,.T.);
#1904=ORIENTED_EDGE('',*,*,#2732,.T.);
#1905=ORIENTED_EDGE('',*,*,#2733,.T.);
#1906=ORIENTED_EDGE('',*,*,#2734,.T.);
#1907=ORIENTED_EDGE('',*,*,#2735,.T.);
#1908=ORIENTED_EDGE('',*,*,#2736,.T.);
#1909=ORIENTED_EDGE('',*,*,#2737,.T.);
#1910=ORIENTED_EDGE('',*,*,#2738,.F.);
#1911=ORIENTED_EDGE('',*,*,#2577,.T.);
#1912=ORIENTED_EDGE('',*,*,#2729,.T.);
#1913=CARTESIAN_POINT('',(0.0,-1.8,-1.8));
#1914=DIRECTION('',(0.0,0.0,1.0));
#1915=DIRECTION('',(1.0,0.0,0.0));
#1916=ORIENTED_EDGE('',*,*,#2739,.T.);
#1917=ORIENTED_EDGE('',*,*,#2740,.T.);
#1918=ORIENTED_EDGE('',*,*,#2722,.F.);
#1919=ORIENTED_EDGE('',*,*,#2566,.T.);
#1920=ORIENTED_EDGE('',*,*,#2738,.T.);
#1921=CARTESIAN_POINT('',(-4.65,-1.8,-1.8));
#1922=DIRECTION('',(1.0,0.0,0.0));
#1923=DIRECTION('',(0.0,1.0,0.0));
#1924=ORIENTED_EDGE('',*,*,#2723,.T.);
#1925=ORIENTED_EDGE('',*,*,#2740,.F.);
#1926=ORIENTED_EDGE('',*,*,#2741,.F.);
#1927=ORIENTED_EDGE('',*,*,#2742,.F.);
#1928=CARTESIAN_POINT('',(-5.05,1.14,-0.8));
#1929=DIRECTION('',(0.0,0.0,1.0));
#1930=DIRECTION('',(1.0,0.0,0.0));
#1931=ORIENTED_EDGE('',*,*,#2743,.F.);
#1932=ORIENTED_EDGE('',*,*,#2736,.F.);
#1933=ORIENTED_EDGE('',*,*,#2744,.F.);
#1934=ORIENTED_EDGE('',*,*,#2651,.F.);
#1935=ORIENTED_EDGE('',*,*,#2724,.T.);
#1936=ORIENTED_EDGE('',*,*,#2742,.T.);
#1937=CARTESIAN_POINT('',(-5.05,1.49,3.8));
#1938=DIRECTION('',(-1.0,0.0,0.0));
#1939=DIRECTION('',(0.0,0.0,1.0));
#1940=ORIENTED_EDGE('',*,*,#2744,.T.);
#1941=ORIENTED_EDGE('',*,*,#2735,.F.);
#1942=ORIENTED_EDGE('',*,*,#2745,.F.);
#1943=ORIENTED_EDGE('',*,*,#2652,.T.);
#1944=CARTESIAN_POINT('',(-4.65,1.49,3.8));
#1945=DIRECTION('',(-0.0,1.0,0.0));
#1946=DIRECTION('',(1.0,0.0,0.0));
#1947=ORIENTED_EDGE('',*,*,#2745,.T.);
#1948=ORIENTED_EDGE('',*,*,#2734,.F.);
#1949=ORIENTED_EDGE('',*,*,#2746,.F.);
#1950=ORIENTED_EDGE('',*,*,#2653,.T.);
#1951=CARTESIAN_POINT('',(-4.65,2.35,3.8));
#1952=DIRECTION('',(-1.0,0.0,0.0));
#1953=DIRECTION('',(0.0,0.0,1.0));
#1954=ORIENTED_EDGE('',*,*,#2746,.T.);
#1955=ORIENTED_EDGE('',*,*,#2733,.F.);
#1956=ORIENTED_EDGE('',*,*,#2747,.F.);
#1957=ORIENTED_EDGE('',*,*,#2654,.T.);
#1958=CARTESIAN_POINT('',(-3.75,2.35,3.8));
#1959=DIRECTION('',(-0.0,1.0,0.0));
#1960=DIRECTION('',(1.0,0.0,0.0));
#1961=ORIENTED_EDGE('',*,*,#2747,.T.);
#1962=ORIENTED_EDGE('',*,*,#2732,.F.);
#1963=ORIENTED_EDGE('',*,*,#2748,.F.);
#1964=ORIENTED_EDGE('',*,*,#2655,.T.);
#1965=CARTESIAN_POINT('',(-3.75,1.49,3.8));
#1966=DIRECTION('',(1.0,0.0,0.0));
#1967=DIRECTION('',(0.0,1.0,0.0));
#1968=ORIENTED_EDGE('',*,*,#2748,.T.);
#1969=ORIENTED_EDGE('',*,*,#2731,.F.);
#1970=ORIENTED_EDGE('',*,*,#2717,.F.);
#1971=ORIENTED_EDGE('',*,*,#2656,.T.);
#1972=CARTESIAN_POINT('',(-3.35,1.49,3.8));
#1973=DIRECTION('',(-0.0,1.0,0.0));
#1974=DIRECTION('',(1.0,0.0,0.0));
#1975=ORIENTED_EDGE('',*,*,#2743,.T.);
#1976=ORIENTED_EDGE('',*,*,#2741,.T.);
#1977=ORIENTED_EDGE('',*,*,#2739,.F.);
#1978=ORIENTED_EDGE('',*,*,#2737,.F.);
#1979=CARTESIAN_POINT('',(-5.05,1.14,-1.8));
#1980=DIRECTION('',(-0.0,1.0,0.0));
#1981=DIRECTION('',(1.0,0.0,0.0));
#1982=ORIENTED_EDGE('',*,*,#2728,.F.);
#1983=ORIENTED_EDGE('',*,*,#2749,.F.);
#1984=ORIENTED_EDGE('',*,*,#2719,.F.);
#1985=ORIENTED_EDGE('',*,*,#2730,.T.);
#1986=CARTESIAN_POINT('',(-3.35,1.14,-0.8));
#1987=DIRECTION('',(-0.0,1.0,0.0));
#1988=DIRECTION('',(1.0,0.0,0.0));
#1989=ORIENTED_EDGE('',*,*,#2720,.T.);
#1990=ORIENTED_EDGE('',*,*,#2749,.T.);
#1991=ORIENTED_EDGE('',*,*,#2727,.F.);
#1992=ORIENTED_EDGE('',*,*,#2725,.F.);
#1993=CARTESIAN_POINT('',(-3.35,-1.4,-0.8));
#1994=DIRECTION('',(0.0,0.0,1.0));
#1995=DIRECTION('',(1.0,0.0,0.0));
#1996=ORIENTED_EDGE('',*,*,#2641,.T.);
#1997=ORIENTED_EDGE('',*,*,#2750,.T.);
#1998=ORIENTED_EDGE('',*,*,#2608,.F.);
#1999=ORIENTED_EDGE('',*,*,#2606,.F.);
#2000=CARTESIAN_POINT('',(4.25,1.14,-1.8));
#2001=DIRECTION('',(-0.0,1.0,0.0));
#2002=DIRECTION('',(1.0,0.0,0.0));
#2003=ORIENTED_EDGE('',*,*,#2609,.F.);
#2004=ORIENTED_EDGE('',*,*,#2750,.F.);
#2005=ORIENTED_EDGE('',*,*,#2640,.F.);
#2006=ORIENTED_EDGE('',*,*,#2611,.T.);
#2007=CARTESIAN_POINT('',(4.25,1.14,-0.8));
#2008=DIRECTION('',(0.0,0.0,1.0));
#2009=DIRECTION('',(1.0,0.0,0.0));
#2010=ORIENTED_EDGE('',*,*,#2536,.T.);
#2011=ORIENTED_EDGE('',*,*,#2572,.F.);
#2012=ORIENTED_EDGE('',*,*,#2595,.F.);
#2013=ORIENTED_EDGE('',*,*,#2559,.T.);
#2014=CARTESIAN_POINT('',(6.35,-0.35,-10.4));
#2015=DIRECTION('',(1.0,0.0,0.0));
#2016=DIRECTION('',(0.0,1.0,0.0));
#2017=ORIENTED_EDGE('',*,*,#2592,.T.);
#2018=ORIENTED_EDGE('',*,*,#2573,.F.);
#2019=ORIENTED_EDGE('',*,*,#2534,.F.);
#2020=ORIENTED_EDGE('',*,*,#2583,.T.);
#2021=CARTESIAN_POINT('',(3.8,-2.2,-10.4));
#2022=DIRECTION('',(-1.0,0.0,0.0));
#2023=DIRECTION('',(0.0,0.0,1.0));
#2024=ORIENTED_EDGE('',*,*,#2586,.T.);
#2025=ORIENTED_EDGE('',*,*,#2751,.T.);
#2026=ORIENTED_EDGE('',*,*,#2752,.T.);
#2027=ORIENTED_EDGE('',*,*,#2376,.F.);
#2028=CARTESIAN_POINT('',(3.35,-0.8,7.1));
#2029=DIRECTION('',(0.0,-1.0,0.0));
#2030=DIRECTION('',(0.0,0.0,-1.0));
#2031=ORIENTED_EDGE('',*,*,#2377,.F.);
#2032=ORIENTED_EDGE('',*,*,#2752,.F.);
#2033=ORIENTED_EDGE('',*,*,#2753,.F.);
#2034=ORIENTED_EDGE('',*,*,#2392,.F.);
#2035=CARTESIAN_POINT('',(2.7,-3.2,-10.4));
#2036=DIRECTION('',(1.0,0.0,0.0));
#2037=DIRECTION('',(0.0,1.0,0.0));
#2038=ORIENTED_EDGE('',*,*,#2753,.T.);
#2039=ORIENTED_EDGE('',*,*,#2751,.F.);
#2040=ORIENTED_EDGE('',*,*,#2585,.F.);
#2041=ORIENTED_EDGE('',*,*,#2508,.T.);
#2042=ORIENTED_EDGE('',*,*,#2754,.T.);
#2043=CARTESIAN_POINT('',(3.35,-2.2,7.1));
#2044=DIRECTION('',(0.0,0.0,1.0));
#2045=DIRECTION('',(1.0,0.0,0.0));
#2046=ORIENTED_EDGE('',*,*,#2393,.T.);
#2047=ORIENTED_EDGE('',*,*,#2754,.F.);
#2048=ORIENTED_EDGE('',*,*,#2507,.F.);
#2049=ORIENTED_EDGE('',*,*,#2402,.T.);
#2050=CARTESIAN_POINT('',(2.7,-3.2,-10.4));
#2051=DIRECTION('',(-1.0,0.0,0.0));
#2052=DIRECTION('',(0.0,0.0,1.0));
#2053=ORIENTED_EDGE('',*,*,#2357,.F.);
#2054=ORIENTED_EDGE('',*,*,#2531,.T.);
#2055=ORIENTED_EDGE('',*,*,#2755,.T.);
#2056=ORIENTED_EDGE('',*,*,#2512,.T.);
#2057=ORIENTED_EDGE('',*,*,#2756,.T.);
#2058=ORIENTED_EDGE('',*,*,#2397,.T.);
#2059=CARTESIAN_POINT('',(-0.3,-3.2,-10.4));
#2060=DIRECTION('',(1.0,0.0,0.0));
#2061=DIRECTION('',(0.0,1.0,0.0));
#2062=ORIENTED_EDGE('',*,*,#2757,.F.);
#2063=ORIENTED_EDGE('',*,*,#2758,.F.);
#2064=ORIENTED_EDGE('',*,*,#2437,.F.);
#2065=ORIENTED_EDGE('',*,*,#2759,.T.);
#2066=CARTESIAN_POINT('',(-0.3,-3.2,-10.4));
#2067=DIRECTION('',(1.0,0.0,0.0));
#2068=DIRECTION('',(0.0,1.0,0.0));
#2069=ORIENTED_EDGE('',*,*,#2760,.T.);
#2070=ORIENTED_EDGE('',*,*,#2398,.F.);
#2071=ORIENTED_EDGE('',*,*,#2756,.F.);
#2072=ORIENTED_EDGE('',*,*,#2514,.T.);
#2073=ORIENTED_EDGE('',*,*,#2487,.T.);
#2074=CARTESIAN_POINT('',(-1.8,-1.8,-0.53));
#2075=DIRECTION('',(0.0,0.258819045102493,-0.965925826289076));
#2076=DIRECTION('',(-1.0,0.0,0.0));
#2077=ORIENTED_EDGE('',*,*,#2761,.T.);
#2078=ORIENTED_EDGE('',*,*,#2762,.T.);
#2079=ORIENTED_EDGE('',*,*,#2760,.F.);
#2080=ORIENTED_EDGE('',*,*,#2486,.F.);
#2081=CARTESIAN_POINT('',(-1.8,-0.09597228928638,-0.07));
#2082=DIRECTION('',(0.0,-0.260619655578795,0.965441554484781));
#2083=DIRECTION('',(-1.0,0.0,0.0));
#2084=ORIENTED_EDGE('',*,*,#2763,.T.);
#2085=ORIENTED_EDGE('',*,*,#2764,.F.);
#2086=ORIENTED_EDGE('',*,*,#2765,.T.);
#2087=ORIENTED_EDGE('',*,*,#2399,.F.);
#2088=ORIENTED_EDGE('',*,*,#2762,.F.);
#2089=ORIENTED_EDGE('',*,*,#2766,.F.);
#2090=ORIENTED_EDGE('',*,*,#2767,.F.);
#2091=ORIENTED_EDGE('',*,*,#2768,.T.);
#2092=ORIENTED_EDGE('',*,*,#2769,.T.);
#2093=ORIENTED_EDGE('',*,*,#2435,.F.);
#2094=CARTESIAN_POINT('',(-0.632,1.5,-0.396));
#2095=DIRECTION('',(-1.0,0.0,0.0));
#2096=DIRECTION('',(0.0,0.0,1.0));
#2097=ORIENTED_EDGE('',*,*,#2436,.F.);
#2098=ORIENTED_EDGE('',*,*,#2769,.F.);
#2099=ORIENTED_EDGE('',*,*,#2770,.T.);
#2100=ORIENTED_EDGE('',*,*,#2759,.F.);
#2101=CARTESIAN_POINT('',(-0.466,1.5,2.574));
#2102=DIRECTION('',(-0.0,-1.0,0.0));
#2103=DIRECTION('',(-1.0,0.0,0.0));
#2104=ORIENTED_EDGE('',*,*,#2478,.F.);
#2105=ORIENTED_EDGE('',*,*,#2757,.T.);
#2106=ORIENTED_EDGE('',*,*,#2770,.F.);
#2107=ORIENTED_EDGE('',*,*,#2768,.F.);
#2108=ORIENTED_EDGE('',*,*,#2771,.F.);
#2109=ORIENTED_EDGE('',*,*,#2483,.T.);
#2110=CARTESIAN_POINT('',(-1.8,1.5,5.6));
#2111=DIRECTION('',(0.0,-1.0,0.0));
#2112=DIRECTION('',(0.0,0.0,-1.0));
#2113=ORIENTED_EDGE('',*,*,#2771,.T.);
#2114=ORIENTED_EDGE('',*,*,#2767,.T.);
#2115=ORIENTED_EDGE('',*,*,#2772,.F.);
#2116=ORIENTED_EDGE('',*,*,#2484,.F.);
#2117=CARTESIAN_POINT('',(-1.8,1.5,1.737296518422));
#2118=DIRECTION('',(0.0,-0.96726775277588,0.253757944584795));
#2119=DIRECTION('',(-1.0,0.0,0.0));
#2120=ORIENTED_EDGE('',*,*,#2772,.T.);
#2121=ORIENTED_EDGE('',*,*,#2766,.T.);
#2122=ORIENTED_EDGE('',*,*,#2761,.F.);
#2123=ORIENTED_EDGE('',*,*,#2485,.F.);
#2124=CARTESIAN_POINT('',(-1.8,1.22,0.67));
#2125=DIRECTION('',(0.0,-0.490143289314685,0.871641873672772));
#2126=DIRECTION('',(-1.0,0.0,0.0));
#2127=ORIENTED_EDGE('',*,*,#2400,.T.);
#2128=ORIENTED_EDGE('',*,*,#2765,.F.);
#2129=ORIENTED_EDGE('',*,*,#2773,.F.);
#2130=ORIENTED_EDGE('',*,*,#2480,.T.);
#2131=CARTESIAN_POINT('',(-1.8,-0.7,1.6));
#2132=DIRECTION('',(1.0,-0.0,0.0));
#2133=DIRECTION('',(0.0,0.0,1.0));
#2134=ORIENTED_EDGE('',*,*,#2773,.T.);
#2135=ORIENTED_EDGE('',*,*,#2764,.T.);
#2136=ORIENTED_EDGE('',*,*,#2774,.F.);
#2137=ORIENTED_EDGE('',*,*,#2481,.F.);
#2138=CARTESIAN_POINT('',(-1.8,-0.7,1.0));
#2139=DIRECTION('',(0.0,0.0,-1.0));
#2140=DIRECTION('',(0.0,-1.0,0.0));
#2141=ORIENTED_EDGE('',*,*,#2774,.T.);
#2142=ORIENTED_EDGE('',*,*,#2763,.F.);
#2143=ORIENTED_EDGE('',*,*,#2434,.F.);
#2144=ORIENTED_EDGE('',*,*,#2482,.T.);
#2145=CARTESIAN_POINT('',(-1.8,-0.6,2.3));
#2146=DIRECTION('',(1.0,-0.0,0.0));
#2147=DIRECTION('',(0.0,0.0,1.0));
#2148=ORIENTED_EDGE('',*,*,#2498,.T.);
#2149=ORIENTED_EDGE('',*,*,#2513,.T.);
#2150=ORIENTED_EDGE('',*,*,#2755,.F.);
#2151=ORIENTED_EDGE('',*,*,#2530,.F.);
#2152=CARTESIAN_POINT('',(-2.45,-2.2,-1.8));
#2153=DIRECTION('',(0.0,0.0,-1.0));
#2154=DIRECTION('',(0.0,-1.0,0.0));
#2155=ORIENTED_EDGE('',*,*,#2477,.F.);
#2156=ORIENTED_EDGE('',*,*,#2775,.T.);
#2157=ORIENTED_EDGE('',*,*,#2776,.T.);
#2158=ORIENTED_EDGE('',*,*,#2777,.T.);
#2159=ORIENTED_EDGE('',*,*,#2778,.T.);
#2160=ORIENTED_EDGE('',*,*,#2779,.T.);
#2161=ORIENTED_EDGE('',*,*,#2780,.T.);
#2162=ORIENTED_EDGE('',*,*,#2781,.T.);
#2163=ORIENTED_EDGE('',*,*,#2438,.T.);
#2164=ORIENTED_EDGE('',*,*,#2758,.T.);
#2165=CARTESIAN_POINT('',(-0.3,3.2,5.6));
#2166=DIRECTION('',(0.999945169365512,0.0,0.0104717841162501));
#2167=DIRECTION('',(0.0,-1.0,0.0));
#2168=ORIENTED_EDGE('',*,*,#2439,.T.);
#2169=ORIENTED_EDGE('',*,*,#2781,.F.);
#2170=ORIENTED_EDGE('',*,*,#2782,.F.);
#2171=ORIENTED_EDGE('',*,*,#2783,.T.);
#2172=CARTESIAN_POINT('',(3.1,-0.06372773291499,-7.95));
#2173=DIRECTION('',(0.0,-0.996194698091745,0.087155742747664));
#2174=DIRECTION('',(-1.0,0.0,0.0));
#2175=ORIENTED_EDGE('',*,*,#2783,.F.);
#2176=ORIENTED_EDGE('',*,*,#2784,.F.);
#2177=ORIENTED_EDGE('',*,*,#2785,.F.);
#2178=ORIENTED_EDGE('',*,*,#2786,.F.);
#2179=ORIENTED_EDGE('',*,*,#2787,.F.);
#2180=ORIENTED_EDGE('',*,*,#2788,.F.);
#2181=ORIENTED_EDGE('',*,*,#2789,.F.);
#2182=ORIENTED_EDGE('',*,*,#2447,.T.);
#2183=ORIENTED_EDGE('',*,*,#2386,.F.);
#2184=ORIENTED_EDGE('',*,*,#2440,.F.);
#2185=CARTESIAN_POINT('',(1.032442266843,3.2,-10.4));
#2186=DIRECTION('',(-0.999945169365512,0.0,0.0104717841162501));
#2187=DIRECTION('',(0.0,1.0,0.0));
#2188=ORIENTED_EDGE('',*,*,#2790,.T.);
#2189=ORIENTED_EDGE('',*,*,#2775,.F.);
#2190=ORIENTED_EDGE('',*,*,#2791,.F.);
#2191=ORIENTED_EDGE('',*,*,#2789,.T.);
#2192=CARTESIAN_POINT('',(3.1,2.8,5.6));
#2193=DIRECTION('',(0.0,0.99875443433478,-0.049895690160709));
#2194=DIRECTION('',(-1.0,0.0,0.0));
#2195=ORIENTED_EDGE('',*,*,#2476,.F.);
#2196=ORIENTED_EDGE('',*,*,#2474,.F.);
#2197=ORIENTED_EDGE('',*,*,#2792,.F.);
#2198=ORIENTED_EDGE('',*,*,#2450,.T.);
#2199=ORIENTED_EDGE('',*,*,#2448,.T.);
#2200=ORIENTED_EDGE('',*,*,#2791,.T.);
#2201=CARTESIAN_POINT('',(3.1,2.8,6.7));
#2202=DIRECTION('',(-0.0,1.0,0.0));
#2203=DIRECTION('',(1.0,0.0,0.0));
#2204=ORIENTED_EDGE('',*,*,#2792,.T.);
#2205=ORIENTED_EDGE('',*,*,#2473,.F.);
#2206=ORIENTED_EDGE('',*,*,#2793,.F.);
#2207=ORIENTED_EDGE('',*,*,#2451,.T.);
#2208=CARTESIAN_POINT('',(3.1,3.05,6.7));
#2209=DIRECTION('',(0.0,0.0,-1.0));
#2210=DIRECTION('',(0.0,-1.0,0.0));
#2211=ORIENTED_EDGE('',*,*,#2793,.T.);
#2212=ORIENTED_EDGE('',*,*,#2472,.F.);
#2213=ORIENTED_EDGE('',*,*,#2794,.F.);
#2214=ORIENTED_EDGE('',*,*,#2452,.T.);
#2215=CARTESIAN_POINT('',(3.1,3.05,7.8));
#2216=DIRECTION('',(-0.0,1.0,0.0));
#2217=DIRECTION('',(1.0,0.0,0.0));
#2218=ORIENTED_EDGE('',*,*,#2794,.T.);
#2219=ORIENTED_EDGE('',*,*,#2471,.F.);
#2220=ORIENTED_EDGE('',*,*,#2795,.F.);
#2221=ORIENTED_EDGE('',*,*,#2453,.T.);
#2222=CARTESIAN_POINT('',(3.1,3.3,7.8));
#2223=DIRECTION('',(0.0,0.0,-1.0));
#2224=DIRECTION('',(0.0,-1.0,0.0));
#2225=ORIENTED_EDGE('',*,*,#2795,.T.);
#2226=ORIENTED_EDGE('',*,*,#2470,.F.);
#2227=ORIENTED_EDGE('',*,*,#2796,.F.);
#2228=ORIENTED_EDGE('',*,*,#2454,.T.);
#2229=CARTESIAN_POINT('',(3.1,3.3,8.9));
#2230=DIRECTION('',(-0.0,1.0,0.0));
#2231=DIRECTION('',(1.0,0.0,0.0));
#2232=ORIENTED_EDGE('',*,*,#2796,.T.);
#2233=ORIENTED_EDGE('',*,*,#2469,.F.);
#2234=ORIENTED_EDGE('',*,*,#2797,.F.);
#2235=ORIENTED_EDGE('',*,*,#2455,.T.);
#2236=CARTESIAN_POINT('',(3.1,3.55,8.9));
#2237=DIRECTION('',(0.0,0.0,-1.0));
#2238=DIRECTION('',(0.0,-1.0,0.0));
#2239=ORIENTED_EDGE('',*,*,#2797,.T.);
#2240=ORIENTED_EDGE('',*,*,#2468,.F.);
#2241=ORIENTED_EDGE('',*,*,#2460,.F.);
#2242=ORIENTED_EDGE('',*,*,#2456,.T.);
#2243=CARTESIAN_POINT('',(3.1,3.55,10.4));
#2244=DIRECTION('',(-0.0,1.0,0.0));
#2245=DIRECTION('',(1.0,0.0,0.0));
#2246=ORIENTED_EDGE('',*,*,#2798,.T.);
#2247=ORIENTED_EDGE('',*,*,#2776,.F.);
#2248=ORIENTED_EDGE('',*,*,#2790,.F.);
#2249=ORIENTED_EDGE('',*,*,#2788,.T.);
#2250=CARTESIAN_POINT('',(3.1,1.287206441334,-9.65));
#2251=DIRECTION('',(1.0,-0.0,0.0));
#2252=DIRECTION('',(0.0,0.0,1.0));
#2253=ORIENTED_EDGE('',*,*,#2799,.T.);
#2254=ORIENTED_EDGE('',*,*,#2777,.F.);
#2255=ORIENTED_EDGE('',*,*,#2798,.F.);
#2256=ORIENTED_EDGE('',*,*,#2787,.T.);
#2257=CARTESIAN_POINT('',(3.1,1.287206441334,-10.4));
#2258=DIRECTION('',(0.0,0.0,-1.0));
#2259=DIRECTION('',(0.0,-1.0,0.0));
#2260=ORIENTED_EDGE('',*,*,#2800,.T.);
#2261=ORIENTED_EDGE('',*,*,#2778,.F.);
#2262=ORIENTED_EDGE('',*,*,#2799,.F.);
#2263=ORIENTED_EDGE('',*,*,#2786,.T.);
#2264=CARTESIAN_POINT('',(3.1,0.192187633765,-10.4));
#2265=DIRECTION('',(0.0,-0.615661475325695,-0.788010753606693));
#2266=DIRECTION('',(0.0,-0.788010753606693,0.615661475325695));
#2267=ORIENTED_EDGE('',*,*,#2801,.T.);
#2268=ORIENTED_EDGE('',*,*,#2779,.F.);
#2269=ORIENTED_EDGE('',*,*,#2800,.F.);
#2270=ORIENTED_EDGE('',*,*,#2785,.T.);
#2271=CARTESIAN_POINT('',(3.1,-1.663727732915,-8.95));
#2272=DIRECTION('',(0.0,-1.0,0.0));
#2273=DIRECTION('',(0.0,0.0,-1.0));
#2274=ORIENTED_EDGE('',*,*,#2782,.T.);
#2275=ORIENTED_EDGE('',*,*,#2780,.F.);
#2276=ORIENTED_EDGE('',*,*,#2801,.F.);
#2277=ORIENTED_EDGE('',*,*,#2784,.T.);
#2278=CARTESIAN_POINT('',(3.1,-1.663727732915,-7.95));
#2279=DIRECTION('',(0.0,0.0,1.0));
#2280=DIRECTION('',(1.0,0.0,0.0));
#2281=ORIENTED_EDGE('',*,*,#2370,.T.);
#2282=ORIENTED_EDGE('',*,*,#2802,.T.);
#2283=ORIENTED_EDGE('',*,*,#2351,.F.);
#2284=ORIENTED_EDGE('',*,*,#2342,.F.);
#2285=CARTESIAN_POINT('',(2.15,-3.2,10.4));
#2286=DIRECTION('',(1.0,0.0,0.0));
#2287=DIRECTION('',(0.0,1.0,0.0));
#2288=ORIENTED_EDGE('',*,*,#2803,.T.);
#2289=ORIENTED_EDGE('',*,*,#2352,.F.);
#2290=ORIENTED_EDGE('',*,*,#2802,.F.);
#2291=ORIENTED_EDGE('',*,*,#2369,.T.);
#2292=CARTESIAN_POINT('',(2.15,-3.1,10.4));
#2293=DIRECTION('',(-0.0,1.0,0.0));
#2294=DIRECTION('',(1.0,0.0,0.0));
#2295=ORIENTED_EDGE('',*,*,#2353,.F.);
#2296=ORIENTED_EDGE('',*,*,#2803,.F.);
#2297=ORIENTED_EDGE('',*,*,#2368,.F.);
#2298=ORIENTED_EDGE('',*,*,#2344,.T.);
#2299=CARTESIAN_POINT('',(0.95,-3.1,10.4));
#2300=DIRECTION('',(-1.0,0.0,0.0));
#2301=DIRECTION('',(0.0,0.0,1.0));
#2302=ORIENTED_EDGE('',*,*,#2367,.T.);
#2303=ORIENTED_EDGE('',*,*,#2804,.T.);
#2304=ORIENTED_EDGE('',*,*,#2348,.F.);
#2305=ORIENTED_EDGE('',*,*,#2346,.F.);
#2306=CARTESIAN_POINT('',(-0.05,-3.2,10.4));
#2307=DIRECTION('',(1.0,0.0,0.0));
#2308=DIRECTION('',(0.0,1.0,0.0));
#2309=ORIENTED_EDGE('',*,*,#2354,.T.);
#2310=ORIENTED_EDGE('',*,*,#2349,.F.);
#2311=ORIENTED_EDGE('',*,*,#2804,.F.);
#2312=ORIENTED_EDGE('',*,*,#2366,.T.);
#2313=CARTESIAN_POINT('',(-0.05,-3.1,10.4));
#2314=DIRECTION('',(-0.0,1.0,0.0));
#2315=DIRECTION('',(1.0,0.0,0.0));
#2316=CARTESIAN_POINT('',(5.65,-1.0,-3.3));
#2317=VECTOR('',#2805,6.6);
#2318=CARTESIAN_POINT('',(5.65,-1.0,-9.9));
#2319=VECTOR('',#2806,1.1);
#2320=CARTESIAN_POINT('',(4.55,-1.0,-9.9));
#2321=VECTOR('',#2807,6.6);
#2322=CARTESIAN_POINT('',(4.55,-1.0,-3.3));
#2323=VECTOR('',#2808,1.1);
#2324=CARTESIAN_POINT('',(-3.65,-1.0,-3.3));
#2325=VECTOR('',#2809,6.6);
#2326=CARTESIAN_POINT('',(-3.65,-1.0,-9.9));
#2327=VECTOR('',#2810,1.1);
#2328=CARTESIAN_POINT('',(-4.75,-1.0,-9.9));
#2329=VECTOR('',#2811,6.6);
#2330=CARTESIAN_POINT('',(-4.75,-1.0,-3.3));
#2331=VECTOR('',#2812,1.1);
#2332=EDGE_CURVE('',#2813,#2814,#2815,.T.);
#2333=EDGE_CURVE('',#2816,#2813,#2817,.T.);
#2334=EDGE_CURVE('',#2818,#2816,#2819,.T.);
#2335=EDGE_CURVE('',#2820,#2818,#2821,.T.);
#2336=EDGE_CURVE('',#2822,#2820,#2823,.T.);
#2337=EDGE_CURVE('',#2822,#2824,#2825,.T.);
#2338=EDGE_CURVE('',#2824,#2826,#2827,.T.);
#2339=EDGE_CURVE('',#2828,#2826,#2829,.T.);
#2340=EDGE_CURVE('',#2830,#2828,#2831,.T.);
#2341=EDGE_CURVE('',#2832,#2830,#2833,.T.);
#2342=EDGE_CURVE('',#2832,#2834,#2835,.T.);
#2343=EDGE_CURVE('',#2836,#2834,#2837,.T.);
#2344=EDGE_CURVE('',#2838,#2836,#2839,.T.);
#2345=EDGE_CURVE('',#2840,#2838,#2841,.T.);
#2346=EDGE_CURVE('',#2840,#2842,#2843,.T.);
#2347=EDGE_CURVE('',#2814,#2842,#2844,.T.);
#2348=EDGE_CURVE('',#2842,#2845,#2846,.T.);
#2349=EDGE_CURVE('',#2845,#2847,#2848,.T.);
#2350=EDGE_CURVE('',#2847,#2814,#2849,.T.);
#2351=EDGE_CURVE('',#2834,#2850,#2851,.T.);
#2352=EDGE_CURVE('',#2850,#2852,#2853,.T.);
#2353=EDGE_CURVE('',#2852,#2836,#2854,.T.);
#2354=EDGE_CURVE('',#2855,#2847,#2856,.T.);
#2355=EDGE_CURVE('',#2813,#2855,#2857,.T.);
#2356=EDGE_CURVE('',#2858,#2859,#2860,.T.);
#2357=EDGE_CURVE('',#2859,#2861,#2862,.T.);
#2358=EDGE_CURVE('',#2863,#2861,#2864,.T.);
#2359=EDGE_CURVE('',#2865,#2863,#2866,.T.);
#2360=EDGE_CURVE('',#2867,#2865,#2868,.T.);
#2361=EDGE_CURVE('',#2869,#2867,#2870,.T.);
#2362=EDGE_CURVE('',#2871,#2869,#2872,.T.);
#2363=EDGE_CURVE('',#2871,#2873,#2874,.T.);
#2364=EDGE_CURVE('',#2875,#2873,#2876,.T.);
#2365=EDGE_CURVE('',#2816,#2875,#2877,.T.);
#2366=EDGE_CURVE('',#2878,#2855,#2879,.T.);
#2367=EDGE_CURVE('',#2840,#2878,#2880,.T.);
#2368=EDGE_CURVE('',#2838,#2881,#2882,.T.);
#2369=EDGE_CURVE('',#2883,#2881,#2884,.T.);
#2370=EDGE_CURVE('',#2832,#2883,#2885,.T.);
#2371=EDGE_CURVE('',#2830,#2886,#2887,.T.);
#2372=EDGE_CURVE('',#2888,#2886,#2889,.T.);
#2373=EDGE_CURVE('',#2890,#2888,#2891,.T.);
#2374=EDGE_CURVE('',#2892,#2890,#2893,.T.);
#2375=EDGE_CURVE('',#2892,#2894,#2895,.T.);
#2376=EDGE_CURVE('',#2894,#2896,#2897,.T.);
#2377=EDGE_CURVE('',#2896,#2898,#2899,.T.);
#2378=EDGE_CURVE('',#2898,#2900,#2901,.T.);
#2379=EDGE_CURVE('',#2900,#2858,#2902,.T.);
#2380=EDGE_CURVE('',#2903,#2904,#2905,.T.);
#2381=EDGE_CURVE('',#2906,#2903,#2907,.T.);
#2382=EDGE_CURVE('',#2908,#2906,#2909,.T.);
#2383=EDGE_CURVE('',#2858,#2908,#2910,.T.);
#2384=EDGE_CURVE('',#2900,#2904,#2911,.T.);
#2385=EDGE_CURVE('',#2912,#2913,#2914,.T.);
#2386=EDGE_CURVE('',#2913,#2915,#2916,.T.);
#2387=EDGE_CURVE('',#2915,#2917,#2918,.T.);
#2388=EDGE_CURVE('',#2912,#2917,#2919,.T.);
#2389=EDGE_CURVE('',#2920,#2921,#2922,.T.);
#2390=EDGE_CURVE('',#2921,#2923,#2924,.T.);
#2391=EDGE_CURVE('',#2904,#2923,#2925,.T.);
#2392=EDGE_CURVE('',#2898,#2926,#2927,.T.);
#2393=EDGE_CURVE('',#2928,#2926,#2929,.T.);
#2394=EDGE_CURVE('',#2920,#2928,#2930,.T.);
#2395=EDGE_CURVE('',#2931,#2932,#2933,.T.);
#2396=EDGE_CURVE('',#2863,#2932,#2934,.T.);
#2397=EDGE_CURVE('',#2935,#2861,#2936,.T.);
#2398=EDGE_CURVE('',#2935,#2937,#2938,.T.);
#2399=EDGE_CURVE('',#2937,#2939,#2940,.T.);
#2400=EDGE_CURVE('',#2941,#2939,#2942,.T.);
#2401=EDGE_CURVE('',#2941,#2931,#2943,.T.);
#2402=EDGE_CURVE('',#2944,#2928,#2945,.T.);
#2403=EDGE_CURVE('',#2946,#2944,#2947,.T.);
#2404=EDGE_CURVE('',#2946,#2948,#2949,.T.);
#2405=EDGE_CURVE('',#2950,#2948,#2951,.T.);
#2406=EDGE_CURVE('',#2952,#2950,#2953,.T.);
#2407=EDGE_CURVE('',#2954,#2952,#2955,.T.);
#2408=EDGE_CURVE('',#2954,#2956,#2957,.T.);
#2409=EDGE_CURVE('',#2958,#2956,#2959,.T.);
#2410=EDGE_CURVE('',#2960,#2958,#2961,.T.);
#2411=EDGE_CURVE('',#2960,#2962,#2963,.T.);
#2412=EDGE_CURVE('',#2964,#2962,#2965,.T.);
#2413=EDGE_CURVE('',#2964,#2920,#2966,.T.);
#2414=EDGE_CURVE('',#2964,#2967,#2968,.T.);
#2415=EDGE_CURVE('',#2967,#2921,#2969,.T.);
#2416=EDGE_CURVE('',#2970,#2971,#2972,.T.);
#2417=EDGE_CURVE('',#2973,#2970,#2974,.T.);
#2418=EDGE_CURVE('',#2973,#2975,#2976,.T.);
#2419=EDGE_CURVE('',#2975,#2977,#2978,.T.);
#2420=EDGE_CURVE('',#2977,#2923,#2979,.T.);
#2421=EDGE_CURVE('',#2967,#2980,#2981,.T.);
#2422=EDGE_CURVE('',#2982,#2980,#2983,.T.);
#2423=EDGE_CURVE('',#2982,#2971,#2984,.T.);
#2424=EDGE_CURVE('',#2985,#2958,#2986,.T.);
#2425=EDGE_CURVE('',#2985,#2987,#2988,.T.);
#2426=EDGE_CURVE('',#2987,#2989,#2990,.T.);
#2427=EDGE_CURVE('',#2989,#2991,#2992,.T.);
#2428=EDGE_CURVE('',#2993,#2991,#2994,.T.);
#2429=EDGE_CURVE('',#2995,#2993,#2996,.T.);
#2430=EDGE_CURVE('',#2995,#2997,#2998,.T.);
#2431=EDGE_CURVE('',#2999,#2997,#3000,.T.);
#2432=EDGE_CURVE('',#2999,#3001,#3002,.T.);
#2433=EDGE_CURVE('',#3003,#3001,#3004,.T.);
#2434=EDGE_CURVE('',#3003,#3005,#3006,.T.);
#2435=EDGE_CURVE('',#3005,#3007,#3008,.T.);
#2436=EDGE_CURVE('',#3007,#3009,#3010,.T.);
#2437=EDGE_CURVE('',#3009,#3011,#3012,.T.);
#2438=EDGE_CURVE('',#3013,#3011,#3014,.T.);
#2439=EDGE_CURVE('',#3015,#3013,#3016,.T.);
#2440=EDGE_CURVE('',#3015,#2913,#3017,.T.);
#2441=EDGE_CURVE('',#2912,#2971,#3018,.T.);
#2442=EDGE_CURVE('',#2960,#2982,#3019,.T.);
#2443=EDGE_CURVE('',#2962,#2980,#3020,.T.);
#2444=EDGE_CURVE('',#2917,#2970,#3021,.T.);
#2445=EDGE_CURVE('',#2954,#2973,#3022,.T.);
#2446=EDGE_CURVE('',#2915,#2956,#3023,.T.);
#2447=EDGE_CURVE('',#3024,#2915,#3025,.T.);
#2448=EDGE_CURVE('',#3026,#3024,#3027,.T.);
#2449=EDGE_CURVE('',#2985,#3026,#3028,.T.);
#2450=EDGE_CURVE('',#3029,#3026,#3030,.T.);
#2451=EDGE_CURVE('',#3031,#3029,#3032,.T.);
#2452=EDGE_CURVE('',#3033,#3031,#3034,.T.);
#2453=EDGE_CURVE('',#3035,#3033,#3036,.T.);
#2454=EDGE_CURVE('',#3037,#3035,#3038,.T.);
#2455=EDGE_CURVE('',#3039,#3037,#3040,.T.);
#2456=EDGE_CURVE('',#3041,#3039,#3042,.T.);
#2457=EDGE_CURVE('',#2987,#3041,#3043,.T.);
#2458=EDGE_CURVE('',#3044,#3045,#3046,.T.);
#2459=EDGE_CURVE('',#2989,#3044,#3047,.T.);
#2460=EDGE_CURVE('',#3041,#3048,#3049,.T.);
#2461=EDGE_CURVE('',#2997,#3048,#3050,.T.);
#2462=EDGE_CURVE('',#2995,#3045,#3051,.T.);
#2463=EDGE_CURVE('',#3052,#2993,#3053,.T.);
#2464=EDGE_CURVE('',#3045,#3052,#3054,.T.);
#2465=EDGE_CURVE('',#3055,#3052,#3056,.T.);
#2466=EDGE_CURVE('',#3044,#3055,#3057,.T.);
#2467=EDGE_CURVE('',#2991,#3055,#3058,.T.);
#2468=EDGE_CURVE('',#3048,#3059,#3060,.T.);
#2469=EDGE_CURVE('',#3059,#3061,#3062,.T.);
#2470=EDGE_CURVE('',#3061,#3063,#3064,.T.);
#2471=EDGE_CURVE('',#3063,#3065,#3066,.T.);
#2472=EDGE_CURVE('',#3065,#3067,#3068,.T.);
#2473=EDGE_CURVE('',#3067,#3069,#3070,.T.);
#2474=EDGE_CURVE('',#3069,#3071,#3072,.T.);
#2475=EDGE_CURVE('',#2999,#3071,#3073,.T.);
#2476=EDGE_CURVE('',#3071,#3074,#3075,.T.);
#2477=EDGE_CURVE('',#3074,#3076,#3077,.T.);
#2478=EDGE_CURVE('',#3076,#3078,#3079,.T.);
#2479=EDGE_CURVE('',#3001,#3078,#3080,.T.);
#2480=EDGE_CURVE('',#3081,#2941,#3082,.T.);
#2481=EDGE_CURVE('',#3081,#3083,#3084,.T.);
#2482=EDGE_CURVE('',#3003,#3083,#3085,.T.);
#2483=EDGE_CURVE('',#3086,#3078,#3087,.T.);
#2484=EDGE_CURVE('',#3086,#3088,#3089,.T.);
#2485=EDGE_CURVE('',#3088,#3090,#3091,.T.);
#2486=EDGE_CURVE('',#3090,#3092,#3093,.T.);
#2487=EDGE_CURVE('',#3094,#3092,#3095,.T.);
#2488=EDGE_CURVE('',#3096,#3094,#3097,.T.);
#2489=EDGE_CURVE('',#3096,#2931,#3098,.T.);
#2490=EDGE_CURVE('',#3099,#3096,#3100,.T.);
#2491=EDGE_CURVE('',#3099,#2932,#3101,.T.);
#2492=EDGE_CURVE('',#3102,#3099,#3103,.T.);
#2493=EDGE_CURVE('',#3102,#3104,#3105,.T.);
#2494=EDGE_CURVE('',#3104,#3106,#3107,.T.);
#2495=EDGE_CURVE('',#2932,#3106,#3108,.T.);
#2496=EDGE_CURVE('',#3106,#2865,#3109,.T.);
#2497=EDGE_CURVE('',#2867,#3104,#3110,.T.);
#2498=EDGE_CURVE('',#3111,#3112,#3113,.T.);
#2499=EDGE_CURVE('',#3114,#3111,#3115,.T.);
#2500=EDGE_CURVE('',#3114,#3116,#3117,.T.);
#2501=EDGE_CURVE('',#3118,#3116,#3119,.T.);
#2502=EDGE_CURVE('',#3120,#3118,#3121,.T.);
#2503=EDGE_CURVE('',#3122,#3120,#3123,.T.);
#2504=EDGE_CURVE('',#3122,#3124,#3125,.T.);
#2505=EDGE_CURVE('',#2869,#3124,#3126,.T.);
#2506=EDGE_CURVE('',#3112,#3102,#3127,.T.);
#2507=EDGE_CURVE('',#2944,#3128,#3129,.T.);
#2508=EDGE_CURVE('',#3130,#3128,#3131,.T.);
#2509=EDGE_CURVE('',#3130,#3132,#3133,.T.);
#2510=EDGE_CURVE('',#3132,#2906,#3134,.T.);
#2511=EDGE_CURVE('',#2946,#2903,#3135,.T.);
#2512=EDGE_CURVE('',#3136,#3137,#3138,.T.);
#2513=EDGE_CURVE('',#3112,#3136,#3139,.T.);
#2514=EDGE_CURVE('',#3137,#3094,#3140,.T.);
#2515=EDGE_CURVE('',#2948,#2923,#3141,.T.);
#2516=EDGE_CURVE('',#2950,#2977,#3142,.T.);
#2517=EDGE_CURVE('',#2952,#2975,#3143,.T.);
#2518=EDGE_CURVE('',#3144,#3132,#3145,.T.);
#2519=EDGE_CURVE('',#3144,#2908,#3146,.T.);
#2520=EDGE_CURVE('',#3147,#3148,#3149,.T.);
#2521=EDGE_CURVE('',#3150,#3147,#3151,.T.);
#2522=EDGE_CURVE('',#3150,#3152,#3153,.T.);
#2523=EDGE_CURVE('',#3152,#3154,#3155,.T.);
#2524=EDGE_CURVE('',#3154,#3156,#3157,.T.);
#2525=EDGE_CURVE('',#3158,#3156,#3159,.T.);
#2526=EDGE_CURVE('',#3158,#3160,#3161,.T.);
#2527=EDGE_CURVE('',#3162,#3160,#3163,.T.);
#2528=EDGE_CURVE('',#3164,#3162,#3165,.T.);
#2529=EDGE_CURVE('',#3114,#3164,#3166,.T.);
#2530=EDGE_CURVE('',#3111,#3167,#3168,.T.);
#2531=EDGE_CURVE('',#2859,#3167,#3169,.T.);
#2532=EDGE_CURVE('',#3170,#3144,#3171,.T.);
#2533=EDGE_CURVE('',#3172,#3170,#3173,.T.);
#2534=EDGE_CURVE('',#3172,#3174,#3175,.T.);
#2535=EDGE_CURVE('',#3176,#3174,#3177,.T.);
#2536=EDGE_CURVE('',#3178,#3176,#3179,.T.);
#2537=EDGE_CURVE('',#3180,#3178,#3181,.T.);
#2538=EDGE_CURVE('',#3182,#3180,#3183,.T.);
#2539=EDGE_CURVE('',#3182,#3148,#3184,.T.);
#2540=EDGE_CURVE('',#3185,#3182,#3186,.T.);
#2541=EDGE_CURVE('',#3185,#3187,#3188,.T.);
#2542=EDGE_CURVE('',#3148,#3187,#3189,.T.);
#2543=EDGE_CURVE('',#2826,#3187,#3190,.T.);
#2544=EDGE_CURVE('',#3147,#2824,#3191,.T.);
#2545=EDGE_CURVE('',#3150,#2822,#3192,.T.);
#2546=EDGE_CURVE('',#2820,#3193,#3194,.T.);
#2547=EDGE_CURVE('',#3193,#3152,#3195,.T.);
#2548=EDGE_CURVE('',#3193,#3196,#3197,.T.);
#2549=EDGE_CURVE('',#3154,#3196,#3198,.T.);
#2550=EDGE_CURVE('',#2818,#3196,#3199,.T.);
#2551=EDGE_CURVE('',#2875,#3200,#3201,.T.);
#2552=EDGE_CURVE('',#3202,#3200,#3203,.T.);
#2553=EDGE_CURVE('',#3204,#3202,#3205,.T.);
#2554=EDGE_CURVE('',#3206,#3204,#3207,.T.);
#2555=EDGE_CURVE('',#3206,#3208,#3209,.T.);
#2556=EDGE_CURVE('',#3156,#3208,#3210,.T.);
#2557=EDGE_CURVE('',#3208,#3211,#3212,.T.);
#2558=EDGE_CURVE('',#3158,#3211,#3213,.T.);
#2559=EDGE_CURVE('',#3214,#3178,#3215,.T.);
#2560=EDGE_CURVE('',#3214,#3216,#3217,.T.);
#2561=EDGE_CURVE('',#3180,#3216,#3218,.T.);
#2562=EDGE_CURVE('',#3211,#3219,#3220,.T.);
#2563=EDGE_CURVE('',#3160,#3219,#3221,.T.);
#2564=EDGE_CURVE('',#3222,#3162,#3223,.T.);
#2565=EDGE_CURVE('',#3224,#3219,#3225,.T.);
#2566=EDGE_CURVE('',#3226,#3224,#3227,.T.);
#2567=EDGE_CURVE('',#3226,#3228,#3229,.T.);
#2568=EDGE_CURVE('',#3230,#3228,#3231,.T.);
#2569=EDGE_CURVE('',#3222,#3230,#3232,.T.);
#2570=EDGE_CURVE('',#3233,#3234,#3235,.T.);
#2571=EDGE_CURVE('',#3236,#3233,#3237,.T.);
#2572=EDGE_CURVE('',#3236,#3176,#3238,.T.);
#2573=EDGE_CURVE('',#3174,#3239,#3240,.T.);
#2574=EDGE_CURVE('',#3241,#3239,#3242,.T.);
#2575=EDGE_CURVE('',#3243,#3241,#3244,.T.);
#2576=EDGE_CURVE('',#3243,#3234,#3245,.T.);
#2577=EDGE_CURVE('',#3224,#3230,#3246,.T.);
#2578=EDGE_CURVE('',#3118,#3206,#3247,.T.);
#2579=EDGE_CURVE('',#3248,#3116,#3249,.T.);
#2580=EDGE_CURVE('',#3248,#3222,#3250,.T.);
#2581=EDGE_CURVE('',#3248,#3164,#3251,.T.);
#2582=EDGE_CURVE('',#3252,#3253,#3254,.T.);
#2583=EDGE_CURVE('',#3172,#3253,#3255,.T.);
#2584=EDGE_CURVE('',#3170,#3252,#3256,.T.);
#2585=EDGE_CURVE('',#3130,#3257,#3258,.T.);
#2586=EDGE_CURVE('',#2894,#3257,#3259,.T.);
#2587=EDGE_CURVE('',#2892,#3260,#3261,.T.);
#2588=EDGE_CURVE('',#3262,#3260,#3263,.T.);
#2589=EDGE_CURVE('',#3262,#3264,#3265,.T.);
#2590=EDGE_CURVE('',#3264,#3266,#3267,.T.);
#2591=EDGE_CURVE('',#3266,#3252,#3268,.T.);
#2592=EDGE_CURVE('',#3253,#3239,#3269,.T.);
#2593=EDGE_CURVE('',#3270,#3266,#3271,.T.);
#2594=EDGE_CURVE('',#3270,#3216,#3272,.T.);
#2595=EDGE_CURVE('',#3214,#3236,#3273,.T.);
#2596=EDGE_CURVE('',#3241,#3233,#3274,.T.);
#2597=EDGE_CURVE('',#3233,#3275,#3276,.T.);
#2598=EDGE_CURVE('',#3277,#3275,#3278,.T.);
#2599=EDGE_CURVE('',#3277,#3279,#3280,.T.);
#2600=EDGE_CURVE('',#3279,#3281,#3282,.T.);
#2601=EDGE_CURVE('',#3281,#3283,#3284,.T.);
#2602=EDGE_CURVE('',#3283,#3285,#3286,.T.);
#2603=EDGE_CURVE('',#3285,#3287,#3288,.T.);
#2604=EDGE_CURVE('',#3287,#3289,#3290,.T.);
#2605=EDGE_CURVE('',#3289,#3291,#3292,.T.);
#2606=EDGE_CURVE('',#3291,#3293,#3294,.T.);
#2607=EDGE_CURVE('',#3241,#3293,#3295,.T.);
#2608=EDGE_CURVE('',#3293,#3296,#3297,.T.);
#2609=EDGE_CURVE('',#3296,#3298,#3299,.T.);
#2610=EDGE_CURVE('',#3243,#3298,#3300,.T.);
#2611=EDGE_CURVE('',#3301,#3298,#3302,.T.);
#2612=EDGE_CURVE('',#3303,#3301,#3304,.T.);
#2613=EDGE_CURVE('',#3303,#3305,#3306,.T.);
#2614=EDGE_CURVE('',#3305,#3307,#3308,.T.);
#2615=EDGE_CURVE('',#3307,#3309,#3310,.T.);
#2616=EDGE_CURVE('',#3234,#3309,#3311,.T.);
#2617=EDGE_CURVE('',#3309,#3312,#3313,.T.);
#2618=EDGE_CURVE('',#3312,#3275,#3314,.T.);
#2619=EDGE_CURVE('',#3315,#3312,#3316,.T.);
#2620=EDGE_CURVE('',#3277,#3315,#3317,.T.);
#2621=EDGE_CURVE('',#3305,#3318,#3319,.T.);
#2622=EDGE_CURVE('',#3318,#3279,#3320,.T.);
#2623=EDGE_CURVE('',#3307,#3315,#3321,.T.);
#2624=EDGE_CURVE('',#3322,#3281,#3323,.T.);
#2625=EDGE_CURVE('',#3318,#3322,#3324,.T.);
#2626=EDGE_CURVE('',#3325,#3326,#3327,.T.);
#2627=EDGE_CURVE('',#3328,#3325,#3329,.T.);
#2628=EDGE_CURVE('',#3322,#3328,#3330,.T.);
#2629=EDGE_CURVE('',#3303,#3331,#3332,.T.);
#2630=EDGE_CURVE('',#3333,#3331,#3334,.T.);
#2631=EDGE_CURVE('',#3335,#3333,#3336,.T.);
#2632=EDGE_CURVE('',#3262,#3335,#3337,.T.);
#2633=EDGE_CURVE('',#3338,#3260,#3339,.T.);
#2634=EDGE_CURVE('',#3340,#3338,#3341,.T.);
#2635=EDGE_CURVE('',#3326,#3340,#3342,.T.);
#2636=EDGE_CURVE('',#3340,#3289,#3343,.T.);
#2637=EDGE_CURVE('',#3326,#3287,#3344,.T.);
#2638=EDGE_CURVE('',#3325,#3285,#3345,.T.);
#2639=EDGE_CURVE('',#3328,#3283,#3346,.T.);
#2640=EDGE_CURVE('',#3301,#3347,#3348,.T.);
#2641=EDGE_CURVE('',#3291,#3347,#3349,.T.);
#2642=EDGE_CURVE('',#2890,#3338,#3350,.T.);
#2643=EDGE_CURVE('',#3331,#2888,#3351,.T.);
#2644=EDGE_CURVE('',#2873,#3352,#3353,.T.);
#2645=EDGE_CURVE('',#3352,#3200,#3354,.T.);
#2646=EDGE_CURVE('',#2886,#3333,#3355,.T.);
#2647=EDGE_CURVE('',#3356,#3357,#3358,.T.);
#2648=EDGE_CURVE('',#3202,#3357,#3359,.T.);
#2649=EDGE_CURVE('',#3360,#3352,#3361,.T.);
#2650=EDGE_CURVE('',#3362,#3360,#3363,.T.);
#2651=EDGE_CURVE('',#3362,#3364,#3365,.T.);
#2652=EDGE_CURVE('',#3366,#3364,#3367,.T.);
#2653=EDGE_CURVE('',#3368,#3366,#3369,.T.);
#2654=EDGE_CURVE('',#3370,#3368,#3371,.T.);
#2655=EDGE_CURVE('',#3372,#3370,#3373,.T.);
#2656=EDGE_CURVE('',#3374,#3372,#3375,.T.);
#2657=EDGE_CURVE('',#3124,#3374,#3376,.T.);
#2658=EDGE_CURVE('',#3356,#3122,#3377,.T.);
#2659=EDGE_CURVE('',#3120,#3378,#3379,.T.);
#2660=EDGE_CURVE('',#3378,#3356,#3380,.T.);
#2661=EDGE_CURVE('',#3335,#3381,#3382,.T.);
#2662=EDGE_CURVE('',#3381,#3264,#3383,.T.);
#2663=EDGE_CURVE('',#3378,#3384,#3385,.T.);
#2664=EDGE_CURVE('',#3357,#3384,#3386,.T.);
#2665=EDGE_CURVE('',#3204,#3384,#3387,.T.);
#2666=EDGE_CURVE('',#3270,#3381,#3388,.T.);
#2667=EDGE_CURVE('',#3389,#3390,#3391,.T.);
#2668=EDGE_CURVE('',#3392,#3389,#3393,.T.);
#2669=EDGE_CURVE('',#3394,#3392,#3395,.T.);
#2670=EDGE_CURVE('',#3396,#3394,#3397,.T.);
#2671=EDGE_CURVE('',#3398,#3396,#3399,.T.);
#2672=EDGE_CURVE('',#3400,#3398,#3401,.T.);
#2673=EDGE_CURVE('',#3402,#3400,#3403,.T.);
#2674=EDGE_CURVE('',#3390,#3402,#3404,.T.);
#2675=EDGE_CURVE('',#3405,#3406,#3407,.T.);
#2676=EDGE_CURVE('',#3408,#3405,#3409,.T.);
#2677=EDGE_CURVE('',#3410,#3408,#3411,.T.);
#2678=EDGE_CURVE('',#3412,#3410,#3413,.T.);
#2679=EDGE_CURVE('',#3414,#3412,#3415,.T.);
#2680=EDGE_CURVE('',#3416,#3414,#3417,.T.);
#2681=EDGE_CURVE('',#3418,#3416,#3419,.T.);
#2682=EDGE_CURVE('',#3406,#3418,#3420,.T.);
#2683=EDGE_CURVE('',#2828,#3185,#3421,.T.);
#2684=EDGE_CURVE('',#3418,#3422,#3423,.T.);
#2685=EDGE_CURVE('',#3424,#3422,#3425,.T.);
#2686=EDGE_CURVE('',#3406,#3424,#3426,.T.);
#2687=EDGE_CURVE('',#3427,#3424,#3428,.T.);
#2688=EDGE_CURVE('',#3405,#3427,#3429,.T.);
#2689=EDGE_CURVE('',#3430,#3427,#3431,.T.);
#2690=EDGE_CURVE('',#3408,#3430,#3432,.T.);
#2691=EDGE_CURVE('',#3433,#3430,#3434,.T.);
#2692=EDGE_CURVE('',#3410,#3433,#3435,.T.);
#2693=EDGE_CURVE('',#3436,#3433,#3437,.T.);
#2694=EDGE_CURVE('',#3412,#3436,#3438,.T.);
#2695=EDGE_CURVE('',#3439,#3436,#3440,.T.);
#2696=EDGE_CURVE('',#3414,#3439,#3441,.T.);
#2697=EDGE_CURVE('',#3442,#3439,#3443,.T.);
#2698=EDGE_CURVE('',#3416,#3442,#3444,.T.);
#2699=EDGE_CURVE('',#3422,#3442,#3445,.T.);
#2700=EDGE_CURVE('',#3402,#3446,#3447,.T.);
#2701=EDGE_CURVE('',#3448,#3446,#3449,.T.);
#2702=EDGE_CURVE('',#3390,#3448,#3450,.T.);
#2703=EDGE_CURVE('',#3451,#3448,#3452,.T.);
#2704=EDGE_CURVE('',#3389,#3451,#3453,.T.);
#2705=EDGE_CURVE('',#3454,#3451,#3455,.T.);
#2706=EDGE_CURVE('',#3392,#3454,#3456,.T.);
#2707=EDGE_CURVE('',#3457,#3454,#3458,.T.);
#2708=EDGE_CURVE('',#3394,#3457,#3459,.T.);
#2709=EDGE_CURVE('',#3460,#3457,#3461,.T.);
#2710=EDGE_CURVE('',#3396,#3460,#3462,.T.);
#2711=EDGE_CURVE('',#3463,#3460,#3464,.T.);
#2712=EDGE_CURVE('',#3398,#3463,#3465,.T.);
#2713=EDGE_CURVE('',#3466,#3463,#3467,.T.);
#2714=EDGE_CURVE('',#3400,#3466,#3468,.T.);
#2715=EDGE_CURVE('',#3446,#3466,#3469,.T.);
#2716=EDGE_CURVE('',#2871,#3374,#3470,.T.);
#2717=EDGE_CURVE('',#3374,#3471,#3472,.T.);
#2718=EDGE_CURVE('',#3473,#3471,#3474,.T.);
#2719=EDGE_CURVE('',#3473,#3475,#3476,.T.);
#2720=EDGE_CURVE('',#3477,#3475,#3478,.T.);
#2721=EDGE_CURVE('',#3360,#3477,#3479,.T.);
#2722=EDGE_CURVE('',#3226,#3480,#3481,.T.);
#2723=EDGE_CURVE('',#3482,#3480,#3483,.T.);
#2724=EDGE_CURVE('',#3362,#3482,#3484,.T.);
#2725=EDGE_CURVE('',#3477,#3485,#3486,.T.);
#2726=EDGE_CURVE('',#3228,#3485,#3487,.T.);
#2727=EDGE_CURVE('',#3485,#3488,#3489,.T.);
#2728=EDGE_CURVE('',#3488,#3490,#3491,.T.);
#2729=EDGE_CURVE('',#3230,#3490,#3492,.T.);
#2730=EDGE_CURVE('',#3473,#3490,#3493,.T.);
#2731=EDGE_CURVE('',#3471,#3494,#3495,.T.);
#2732=EDGE_CURVE('',#3494,#3496,#3497,.T.);
#2733=EDGE_CURVE('',#3496,#3498,#3499,.T.);
#2734=EDGE_CURVE('',#3498,#3500,#3501,.T.);
#2735=EDGE_CURVE('',#3500,#3502,#3503,.T.);
#2736=EDGE_CURVE('',#3502,#3504,#3505,.T.);
#2737=EDGE_CURVE('',#3504,#3506,#3507,.T.);
#2738=EDGE_CURVE('',#3224,#3506,#3508,.T.);
#2739=EDGE_CURVE('',#3506,#3509,#3510,.T.);
#2740=EDGE_CURVE('',#3509,#3480,#3511,.T.);
#2741=EDGE_CURVE('',#3512,#3509,#3513,.T.);
#2742=EDGE_CURVE('',#3482,#3512,#3514,.T.);
#2743=EDGE_CURVE('',#3504,#3512,#3515,.T.);
#2744=EDGE_CURVE('',#3364,#3502,#3516,.T.);
#2745=EDGE_CURVE('',#3366,#3500,#3517,.T.);
#2746=EDGE_CURVE('',#3368,#3498,#3518,.T.);
#2747=EDGE_CURVE('',#3370,#3496,#3519,.T.);
#2748=EDGE_CURVE('',#3372,#3494,#3520,.T.);
#2749=EDGE_CURVE('',#3475,#3488,#3521,.T.);
#2750=EDGE_CURVE('',#3347,#3296,#3522,.T.);
#2751=EDGE_CURVE('',#3257,#3523,#3524,.T.);
#2752=EDGE_CURVE('',#3523,#2896,#3525,.T.);
#2753=EDGE_CURVE('',#2926,#3523,#3526,.T.);
#2754=EDGE_CURVE('',#3128,#2926,#3527,.T.);
#2755=EDGE_CURVE('',#3167,#3136,#3528,.T.);
#2756=EDGE_CURVE('',#3137,#2935,#3529,.T.);
#2757=EDGE_CURVE('',#3076,#3530,#3531,.T.);
#2758=EDGE_CURVE('',#3011,#3076,#3532,.T.);
#2759=EDGE_CURVE('',#3009,#3530,#3533,.T.);
#2760=EDGE_CURVE('',#3092,#2937,#3534,.T.);
#2761=EDGE_CURVE('',#3090,#3535,#3536,.T.);
#2762=EDGE_CURVE('',#3535,#2937,#3537,.T.);
#2763=EDGE_CURVE('',#3005,#3538,#3539,.T.);
#2764=EDGE_CURVE('',#3540,#3538,#3541,.T.);
#2765=EDGE_CURVE('',#3540,#2939,#3542,.T.);
#2766=EDGE_CURVE('',#3543,#3535,#3544,.T.);
#2767=EDGE_CURVE('',#3545,#3543,#3546,.T.);
#2768=EDGE_CURVE('',#3545,#3547,#3548,.T.);
#2769=EDGE_CURVE('',#3547,#3007,#3549,.T.);
#2770=EDGE_CURVE('',#3547,#3530,#3550,.T.);
#2771=EDGE_CURVE('',#3086,#3545,#3551,.T.);
#2772=EDGE_CURVE('',#3088,#3543,#3552,.T.);
#2773=EDGE_CURVE('',#3081,#3540,#3553,.T.);
#2774=EDGE_CURVE('',#3083,#3538,#3554,.T.);
#2775=EDGE_CURVE('',#3074,#3555,#3556,.T.);
#2776=EDGE_CURVE('',#3555,#3557,#3558,.T.);
#2777=EDGE_CURVE('',#3557,#3559,#3560,.T.);
#2778=EDGE_CURVE('',#3559,#3561,#3562,.T.);
#2779=EDGE_CURVE('',#3561,#3563,#3564,.T.);
#2780=EDGE_CURVE('',#3563,#3565,#3566,.T.);
#2781=EDGE_CURVE('',#3565,#3013,#3567,.T.);
#2782=EDGE_CURVE('',#3568,#3565,#3569,.T.);
#2783=EDGE_CURVE('',#3568,#3015,#3570,.T.);
#2784=EDGE_CURVE('',#3571,#3568,#3572,.T.);
#2785=EDGE_CURVE('',#3573,#3571,#3574,.T.);
#2786=EDGE_CURVE('',#3575,#3573,#3576,.T.);
#2787=EDGE_CURVE('',#3577,#3575,#3578,.T.);
#2788=EDGE_CURVE('',#3579,#3577,#3580,.T.);
#2789=EDGE_CURVE('',#3024,#3579,#3581,.T.);
#2790=EDGE_CURVE('',#3579,#3555,#3582,.T.);
#2791=EDGE_CURVE('',#3024,#3074,#3583,.T.);
#2792=EDGE_CURVE('',#3029,#3069,#3584,.T.);
#2793=EDGE_CURVE('',#3031,#3067,#3585,.T.);
#2794=EDGE_CURVE('',#3033,#3065,#3586,.T.);
#2795=EDGE_CURVE('',#3035,#3063,#3587,.T.);
#2796=EDGE_CURVE('',#3037,#3061,#3588,.T.);
#2797=EDGE_CURVE('',#3039,#3059,#3589,.T.);
#2798=EDGE_CURVE('',#3577,#3557,#3590,.T.);
#2799=EDGE_CURVE('',#3575,#3559,#3591,.T.);
#2800=EDGE_CURVE('',#3573,#3561,#3592,.T.);
#2801=EDGE_CURVE('',#3571,#3563,#3593,.T.);
#2802=EDGE_CURVE('',#2883,#2850,#3594,.T.);
#2803=EDGE_CURVE('',#2881,#2852,#3595,.T.);
#2804=EDGE_CURVE('',#2878,#2845,#3596,.T.);
#2805=DIRECTION('',(0.0,0.0,-1.0));
#2806=DIRECTION('',(-1.0,0.0,0.0));
#2807=DIRECTION('',(0.0,0.0,1.0));
#2808=DIRECTION('',(1.0,0.0,0.0));
#2809=DIRECTION('',(0.0,0.0,-1.0));
#2810=DIRECTION('',(-1.0,0.0,0.0));
#2811=DIRECTION('',(0.0,0.0,1.0));
#2812=DIRECTION('',(1.0,0.0,0.0));
#2813=VERTEX_POINT('',#3597);
#2814=VERTEX_POINT('',#3598);
#2815=LINE('',#3599,#3600);
#2816=VERTEX_POINT('',#3601);
#2817=LINE('',#3602,#3603);
#2818=VERTEX_POINT('',#3604);
#2819=LINE('',#3605,#3606);
#2820=VERTEX_POINT('',#3607);
#2821=LINE('',#3608,#3609);
#2822=VERTEX_POINT('',#3610);
#2823=LINE('',#3611,#3612);
#2824=VERTEX_POINT('',#3613);
#2825=LINE('',#3614,#3615);
#2826=VERTEX_POINT('',#3616);
#2827=LINE('',#3617,#3618);
#2828=VERTEX_POINT('',#3619);
#2829=LINE('',#3620,#3621);
#2830=VERTEX_POINT('',#3622);
#2831=LINE('',#3623,#3624);
#2832=VERTEX_POINT('',#3625);
#2833=LINE('',#3626,#3627);
#2834=VERTEX_POINT('',#3628);
#2835=LINE('',#3629,#3630);
#2836=VERTEX_POINT('',#3631);
#2837=LINE('',#3632,#3633);
#2838=VERTEX_POINT('',#3634);
#2839=LINE('',#3635,#3636);
#2840=VERTEX_POINT('',#3637);
#2841=LINE('',#3638,#3639);
#2842=VERTEX_POINT('',#3640);
#2843=LINE('',#3641,#3642);
#2844=LINE('',#3643,#3644);
#2845=VERTEX_POINT('',#3645);
#2846=LINE('',#3646,#3647);
#2847=VERTEX_POINT('',#3648);
#2848=LINE('',#3649,#3650);
#2849=LINE('',#3651,#3652);
#2850=VERTEX_POINT('',#3653);
#2851=LINE('',#3654,#3655);
#2852=VERTEX_POINT('',#3656);
#2853=LINE('',#3657,#3658);
#2854=LINE('',#3659,#3660);
#2855=VERTEX_POINT('',#3661);
#2856=LINE('',#3662,#3663);
#2857=LINE('',#3664,#3665);
#2858=VERTEX_POINT('',#3666);
#2859=VERTEX_POINT('',#3667);
#2860=LINE('',#3668,#3669);
#2861=VERTEX_POINT('',#3670);
#2862=LINE('',#3671,#3672);
#2863=VERTEX_POINT('',#3673);
#2864=LINE('',#3674,#3675);
#2865=VERTEX_POINT('',#3676);
#2866=LINE('',#3677,#3678);
#2867=VERTEX_POINT('',#3679);
#2868=LINE('',#3680,#3681);
#2869=VERTEX_POINT('',#3682);
#2870=LINE('',#3683,#3684);
#2871=VERTEX_POINT('',#3685);
#2872=LINE('',#3686,#3687);
#2873=VERTEX_POINT('',#3688);
#2874=LINE('',#3689,#3690);
#2875=VERTEX_POINT('',#3691);
#2876=LINE('',#3692,#3693);
#2877=LINE('',#3694,#3695);
#2878=VERTEX_POINT('',#3696);
#2879=LINE('',#3697,#3698);
#2880=LINE('',#3699,#3700);
#2881=VERTEX_POINT('',#3701);
#2882=LINE('',#3702,#3703);
#2883=VERTEX_POINT('',#3704);
#2884=LINE('',#3705,#3706);
#2885=LINE('',#3707,#3708);
#2886=VERTEX_POINT('',#3709);
#2887=LINE('',#3710,#3711);
#2888=VERTEX_POINT('',#3712);
#2889=LINE('',#3713,#3714);
#2890=VERTEX_POINT('',#3715);
#2891=LINE('',#3716,#3717);
#2892=VERTEX_POINT('',#3718);
#2893=LINE('',#3719,#3720);
#2894=VERTEX_POINT('',#3721);
#2895=LINE('',#3722,#3723);
#2896=VERTEX_POINT('',#3724);
#2897=LINE('',#3725,#3726);
#2898=VERTEX_POINT('',#3727);
#2899=LINE('',#3728,#3729);
#2900=VERTEX_POINT('',#3730);
#2901=LINE('',#3731,#3732);
#2902=LINE('',#3733,#3734);
#2903=VERTEX_POINT('',#3735);
#2904=VERTEX_POINT('',#3736);
#2905=LINE('',#3737,#3738);
#2906=VERTEX_POINT('',#3739);
#2907=LINE('',#3740,#3741);
#2908=VERTEX_POINT('',#3742);
#2909=LINE('',#3743,#3744);
#2910=LINE('',#3745,#3746);
#2911=LINE('',#3747,#3748);
#2912=VERTEX_POINT('',#3749);
#2913=VERTEX_POINT('',#3750);
#2914=LINE('',#3751,#3752);
#2915=VERTEX_POINT('',#3753);
#2916=LINE('',#3754,#3755);
#2917=VERTEX_POINT('',#3756);
#2918=LINE('',#3757,#3758);
#2919=LINE('',#3759,#3760);
#2920=VERTEX_POINT('',#3761);
#2921=VERTEX_POINT('',#3762);
#2922=LINE('',#3763,#3764);
#2923=VERTEX_POINT('',#3765);
#2924=LINE('',#3766,#3767);
#2925=LINE('',#3768,#3769);
#2926=VERTEX_POINT('',#3770);
#2927=LINE('',#3771,#3772);
#2928=VERTEX_POINT('',#3773);
#2929=LINE('',#3774,#3775);
#2930=LINE('',#3776,#3777);
#2931=VERTEX_POINT('',#3778);
#2932=VERTEX_POINT('',#3779);
#2933=LINE('',#3780,#3781);
#2934=LINE('',#3782,#3783);
#2935=VERTEX_POINT('',#3784);
#2936=LINE('',#3785,#3786);
#2937=VERTEX_POINT('',#3787);
#2938=LINE('',#3788,#3789);
#2939=VERTEX_POINT('',#3790);
#2940=LINE('',#3791,#3792);
#2941=VERTEX_POINT('',#3793);
#2942=LINE('',#3794,#3795);
#2943=LINE('',#3796,#3797);
#2944=VERTEX_POINT('',#3798);
#2945=LINE('',#3799,#3800);
#2946=VERTEX_POINT('',#3801);
#2947=LINE('',#3802,#3803);
#2948=VERTEX_POINT('',#3804);
#2949=LINE('',#3805,#3806);
#2950=VERTEX_POINT('',#3807);
#2951=LINE('',#3808,#3809);
#2952=VERTEX_POINT('',#3810);
#2953=LINE('',#3811,#3812);
#2954=VERTEX_POINT('',#3813);
#2955=LINE('',#3814,#3815);
#2956=VERTEX_POINT('',#3816);
#2957=LINE('',#3817,#3818);
#2958=VERTEX_POINT('',#3819);
#2959=LINE('',#3820,#3821);
#2960=VERTEX_POINT('',#3822);
#2961=LINE('',#3823,#3824);
#2962=VERTEX_POINT('',#3825);
#2963=B_SPLINE_CURVE_WITH_KNOTS('',3,(#3826,#3827,#3828,#3829,#3830,#3831,#3832,#3833,#3834),.UNSPECIFIED.,.F.,.F.,(4,1,1,1,1,1,4),(0.0,0.125,0.25,0.5,0.75,0.875,1.0),.UNSPECIFIED.);
#2964=VERTEX_POINT('',#3835);
#2965=LINE('',#3836,#3837);
#2966=B_SPLINE_CURVE_WITH_KNOTS('',3,(#3838,#3839,#3840,#3841,#3842,#3843,#3844),.UNSPECIFIED.,.F.,.F.,(4,1,1,1,4),(0.0,0.25,0.5,0.75,1.0),.UNSPECIFIED.);
#2967=VERTEX_POINT('',#3845);
#2968=LINE('',#3846,#3847);
#2969=CIRCLE('',#3848,0.6);
#2970=VERTEX_POINT('',#3849);
#2971=VERTEX_POINT('',#3850);
#2972=LINE('',#3851,#3852);
#2973=VERTEX_POINT('',#3853);
#2974=LINE('',#3854,#3855);
#2975=VERTEX_POINT('',#3856);
#2976=LINE('',#3857,#3858);
#2977=VERTEX_POINT('',#3859);
#2978=LINE('',#3860,#3861);
#2979=LINE('',#3862,#3863);
#2980=VERTEX_POINT('',#3864);
#2981=LINE('',#3865,#3866);
#2982=VERTEX_POINT('',#3867);
#2983=CIRCLE('',#3868,1.3);
#2984=LINE('',#3869,#3870);
#2985=VERTEX_POINT('',#3871);
#2986=LINE('',#3872,#3873);
#2987=VERTEX_POINT('',#3874);
#2988=LINE('',#3875,#3876);
#2989=VERTEX_POINT('',#3877);
#2990=LINE('',#3878,#3879);
#2991=VERTEX_POINT('',#3880);
#2992=LINE('',#3881,#3882);
#2993=VERTEX_POINT('',#3883);
#2994=LINE('',#3884,#3885);
#2995=VERTEX_POINT('',#3886);
#2996=LINE('',#3887,#3888);
#2997=VERTEX_POINT('',#3889);
#2998=LINE('',#3890,#3891);
#2999=VERTEX_POINT('',#3892);
#3000=LINE('',#3893,#3894);
#3001=VERTEX_POINT('',#3895);
#3002=LINE('',#3896,#3897);
#3003=VERTEX_POINT('',#3898);
#3004=LINE('',#3899,#3900);
#3005=VERTEX_POINT('',#3901);
#3006=LINE('',#3902,#3903);
#3007=VERTEX_POINT('',#3904);
#3008=LINE('',#3905,#3906);
#3009=VERTEX_POINT('',#3907);
#3010=CIRCLE('',#3908,0.166);
#3011=VERTEX_POINT('',#3909);
#3012=LINE('',#3910,#3911);
#3013=VERTEX_POINT('',#3912);
#3014=LINE('',#3913,#3914);
#3015=VERTEX_POINT('',#3915);
#3016=LINE('',#3916,#3917);
#3017=LINE('',#3918,#3919);
#3018=CIRCLE('',#3920,0.166);
#3019=LINE('',#3921,#3922);
#3020=LINE('',#3923,#3924);
#3021=CIRCLE('',#3925,0.166);
#3022=LINE('',#3926,#3927);
#3023=LINE('',#3928,#3929);
#3024=VERTEX_POINT('',#3930);
#3025=LINE('',#3931,#3932);
#3026=VERTEX_POINT('',#3933);
#3027=LINE('',#3934,#3935);
#3028=LINE('',#3936,#3937);
#3029=VERTEX_POINT('',#3938);
#3030=LINE('',#3939,#3940);
#3031=VERTEX_POINT('',#3941);
#3032=LINE('',#3942,#3943);
#3033=VERTEX_POINT('',#3944);
#3034=LINE('',#3945,#3946);
#3035=VERTEX_POINT('',#3947);
#3036=LINE('',#3948,#3949);
#3037=VERTEX_POINT('',#3950);
#3038=LINE('',#3951,#3952);
#3039=VERTEX_POINT('',#3953);
#3040=LINE('',#3954,#3955);
#3041=VERTEX_POINT('',#3956);
#3042=LINE('',#3957,#3958);
#3043=LINE('',#3959,#3960);
#3044=VERTEX_POINT('',#3961);
#3045=VERTEX_POINT('',#3962);
#3046=LINE('',#3963,#3964);
#3047=LINE('',#3965,#3966);
#3048=VERTEX_POINT('',#3967);
#3049=LINE('',#3968,#3969);
#3050=LINE('',#3970,#3971);
#3051=LINE('',#3972,#3973);
#3052=VERTEX_POINT('',#3974);
#3053=LINE('',#3975,#3976);
#3054=LINE('',#3977,#3978);
#3055=VERTEX_POINT('',#3979);
#3056=LINE('',#3980,#3981);
#3057=LINE('',#3982,#3983);
#3058=LINE('',#3984,#3985);
#3059=VERTEX_POINT('',#3986);
#3060=LINE('',#3987,#3988);
#3061=VERTEX_POINT('',#3989);
#3062=LINE('',#3990,#3991);
#3063=VERTEX_POINT('',#3992);
#3064=LINE('',#3993,#3994);
#3065=VERTEX_POINT('',#3995);
#3066=LINE('',#3996,#3997);
#3067=VERTEX_POINT('',#3998);
#3068=LINE('',#3999,#4000);
#3069=VERTEX_POINT('',#4001);
#3070=LINE('',#4002,#4003);
#3071=VERTEX_POINT('',#4004);
#3072=LINE('',#4005,#4006);
#3073=LINE('',#4007,#4008);
#3074=VERTEX_POINT('',#4009);
#3075=LINE('',#4010,#4011);
#3076=VERTEX_POINT('',#4012);
#3077=LINE('',#4013,#4014);
#3078=VERTEX_POINT('',#4015);
#3079=LINE('',#4016,#4017);
#3080=LINE('',#4018,#4019);
#3081=VERTEX_POINT('',#4020);
#3082=B_SPLINE_CURVE_WITH_KNOTS('',3,(#4021,#4022,#4023,#4024,#4025,#4026,#4027),.UNSPECIFIED.,.F.,.F.,(4,1,1,1,4),(0.0,0.25,0.5,0.75,1.0),.UNSPECIFIED.);
#3083=VERTEX_POINT('',#4028);
#3084=LINE('',#4029,#4030);
#3085=B_SPLINE_CURVE_WITH_KNOTS('',3,(#4031,#4032,#4033,#4034,#4035,#4036,#4037,#4038,#4039),.UNSPECIFIED.,.F.,.F.,(4,1,1,1,1,1,4),(0.0,0.125,0.25,0.5,0.75,0.875,1.0),.UNSPECIFIED.);
#3086=VERTEX_POINT('',#4040);
#3087=LINE('',#4041,#4042);
#3088=VERTEX_POINT('',#4043);
#3089=LINE('',#4044,#4045);
#3090=VERTEX_POINT('',#4046);
#3091=LINE('',#4047,#4048);
#3092=VERTEX_POINT('',#4049);
#3093=LINE('',#4050,#4051);
#3094=VERTEX_POINT('',#4052);
#3095=LINE('',#4053,#4054);
#3096=VERTEX_POINT('',#4055);
#3097=LINE('',#4056,#4057);
#3098=LINE('',#4058,#4059);
#3099=VERTEX_POINT('',#4060);
#3100=LINE('',#4061,#4062);
#3101=LINE('',#4063,#4064);
#3102=VERTEX_POINT('',#4065);
#3103=LINE('',#4066,#4067);
#3104=VERTEX_POINT('',#4068);
#3105=LINE('',#4069,#4070);
#3106=VERTEX_POINT('',#4071);
#3107=LINE('',#4072,#4073);
#3108=LINE('',#4074,#4075);
#3109=LINE('',#4076,#4077);
#3110=LINE('',#4078,#4079);
#3111=VERTEX_POINT('',#4080);
#3112=VERTEX_POINT('',#4081);
#3113=LINE('',#4082,#4083);
#3114=VERTEX_POINT('',#4084);
#3115=LINE('',#4085,#4086);
#3116=VERTEX_POINT('',#4087);
#3117=LINE('',#4088,#4089);
#3118=VERTEX_POINT('',#4090);
#3119=LINE('',#4091,#4092);
#3120=VERTEX_POINT('',#4093);
#3121=LINE('',#4094,#4095);
#3122=VERTEX_POINT('',#4096);
#3123=LINE('',#4097,#4098);
#3124=VERTEX_POINT('',#4099);
#3125=LINE('',#4100,#4101);
#3126=LINE('',#4102,#4103);
#3127=LINE('',#4104,#4105);
#3128=VERTEX_POINT('',#4106);
#3129=LINE('',#4107,#4108);
#3130=VERTEX_POINT('',#4109);
#3131=LINE('',#4110,#4111);
#3132=VERTEX_POINT('',#4112);
#3133=LINE('',#4113,#4114);
#3134=LINE('',#4115,#4116);
#3135=LINE('',#4117,#4118);
#3136=VERTEX_POINT('',#4119);
#3137=VERTEX_POINT('',#4120);
#3138=LINE('',#4121,#4122);
#3139=LINE('',#4123,#4124);
#3140=LINE('',#4125,#4126);
#3141=LINE('',#4127,#4128);
#3142=LINE('',#4129,#4130);
#3143=LINE('',#4131,#4132);
#3144=VERTEX_POINT('',#4133);
#3145=LINE('',#4134,#4135);
#3146=LINE('',#4136,#4137);
#3147=VERTEX_POINT('',#4138);
#3148=VERTEX_POINT('',#4139);
#3149=LINE('',#4140,#4141);
#3150=VERTEX_POINT('',#4142);
#3151=LINE('',#4143,#4144);
#3152=VERTEX_POINT('',#4145);
#3153=LINE('',#4146,#4147);
#3154=VERTEX_POINT('',#4148);
#3155=LINE('',#4149,#4150);
#3156=VERTEX_POINT('',#4151);
#3157=LINE('',#4152,#4153);
#3158=VERTEX_POINT('',#4154);
#3159=LINE('',#4155,#4156);
#3160=VERTEX_POINT('',#4157);
#3161=LINE('',#4158,#4159);
#3162=VERTEX_POINT('',#4160);
#3163=LINE('',#4161,#4162);
#3164=VERTEX_POINT('',#4163);
#3165=LINE('',#4164,#4165);
#3166=LINE('',#4166,#4167);
#3167=VERTEX_POINT('',#4168);
#3168=LINE('',#4169,#4170);
#3169=LINE('',#4171,#4172);
#3170=VERTEX_POINT('',#4173);
#3171=LINE('',#4174,#4175);
#3172=VERTEX_POINT('',#4176);
#3173=LINE('',#4177,#4178);
#3174=VERTEX_POINT('',#4179);
#3175=LINE('',#4180,#4181);
#3176=VERTEX_POINT('',#4182);
#3177=LINE('',#4183,#4184);
#3178=VERTEX_POINT('',#4185);
#3179=LINE('',#4186,#4187);
#3180=VERTEX_POINT('',#4188);
#3181=LINE('',#4189,#4190);
#3182=VERTEX_POINT('',#4191);
#3183=LINE('',#4192,#4193);
#3184=LINE('',#4194,#4195);
#3185=VERTEX_POINT('',#4196);
#3186=LINE('',#4197,#4198);
#3187=VERTEX_POINT('',#4199);
#3188=LINE('',#4200,#4201);
#3189=LINE('',#4202,#4203);
#3190=LINE('',#4204,#4205);
#3191=LINE('',#4206,#4207);
#3192=LINE('',#4208,#4209);
#3193=VERTEX_POINT('',#4210);
#3194=LINE('',#4211,#4212);
#3195=LINE('',#4213,#4214);
#3196=VERTEX_POINT('',#4215);
#3197=LINE('',#4216,#4217);
#3198=LINE('',#4218,#4219);
#3199=LINE('',#4220,#4221);
#3200=VERTEX_POINT('',#4222);
#3201=LINE('',#4223,#4224);
#3202=VERTEX_POINT('',#4225);
#3203=LINE('',#4226,#4227);
#3204=VERTEX_POINT('',#4228);
#3205=LINE('',#4229,#4230);
#3206=VERTEX_POINT('',#4231);
#3207=LINE('',#4232,#4233);
#3208=VERTEX_POINT('',#4234);
#3209=LINE('',#4235,#4236);
#3210=LINE('',#4237,#4238);
#3211=VERTEX_POINT('',#4239);
#3212=LINE('',#4240,#4241);
#3213=LINE('',#4242,#4243);
#3214=VERTEX_POINT('',#4244);
#3215=LINE('',#4245,#4246);
#3216=VERTEX_POINT('',#4247);
#3217=LINE('',#4248,#4249);
#3218=LINE('',#4250,#4251);
#3219=VERTEX_POINT('',#4252);
#3220=LINE('',#4253,#4254);
#3221=LINE('',#4255,#4256);
#3222=VERTEX_POINT('',#4257);
#3223=LINE('',#4258,#4259);
#3224=VERTEX_POINT('',#4260);
#3225=LINE('',#4261,#4262);
#3226=VERTEX_POINT('',#4263);
#3227=LINE('',#4264,#4265);
#3228=VERTEX_POINT('',#4266);
#3229=LINE('',#4267,#4268);
#3230=VERTEX_POINT('',#4269);
#3231=LINE('',#4270,#4271);
#3232=LINE('',#4272,#4273);
#3233=VERTEX_POINT('',#4274);
#3234=VERTEX_POINT('',#4275);
#3235=LINE('',#4276,#4277);
#3236=VERTEX_POINT('',#4278);
#3237=LINE('',#4279,#4280);
#3238=LINE('',#4281,#4282);
#3239=VERTEX_POINT('',#4283);
#3240=LINE('',#4284,#4285);
#3241=VERTEX_POINT('',#4286);
#3242=LINE('',#4287,#4288);
#3243=VERTEX_POINT('',#4289);
#3244=LINE('',#4290,#4291);
#3245=LINE('',#4292,#4293);
#3246=LINE('',#4294,#4295);
#3247=LINE('',#4296,#4297);
#3248=VERTEX_POINT('',#4298);
#3249=LINE('',#4299,#4300);
#3250=LINE('',#4301,#4302);
#3251=LINE('',#4303,#4304);
#3252=VERTEX_POINT('',#4305);
#3253=VERTEX_POINT('',#4306);
#3254=LINE('',#4307,#4308);
#3255=LINE('',#4309,#4310);
#3256=LINE('',#4311,#4312);
#3257=VERTEX_POINT('',#4313);
#3258=LINE('',#4314,#4315);
#3259=LINE('',#4316,#4317);
#3260=VERTEX_POINT('',#4318);
#3261=LINE('',#4319,#4320);
#3262=VERTEX_POINT('',#4321);
#3263=LINE('',#4322,#4323);
#3264=VERTEX_POINT('',#4324);
#3265=LINE('',#4325,#4326);
#3266=VERTEX_POINT('',#4327);
#3267=LINE('',#4328,#4329);
#3268=LINE('',#4330,#4331);
#3269=LINE('',#4332,#4333);
#3270=VERTEX_POINT('',#4334);
#3271=LINE('',#4335,#4336);
#3272=LINE('',#4337,#4338);
#3273=LINE('',#4339,#4340);
#3274=LINE('',#4341,#4342);
#3275=VERTEX_POINT('',#4343);
#3276=LINE('',#4344,#4345);
#3277=VERTEX_POINT('',#4346);
#3278=LINE('',#4347,#4348);
#3279=VERTEX_POINT('',#4349);
#3280=LINE('',#4350,#4351);
#3281=VERTEX_POINT('',#4352);
#3282=LINE('',#4353,#4354);
#3283=VERTEX_POINT('',#4355);
#3284=LINE('',#4356,#4357);
#3285=VERTEX_POINT('',#4358);
#3286=LINE('',#4359,#4360);
#3287=VERTEX_POINT('',#4361);
#3288=LINE('',#4362,#4363);
#3289=VERTEX_POINT('',#4364);
#3290=LINE('',#4365,#4366);
#3291=VERTEX_POINT('',#4367);
#3292=LINE('',#4368,#4369);
#3293=VERTEX_POINT('',#4370);
#3294=LINE('',#4371,#4372);
#3295=LINE('',#4373,#4374);
#3296=VERTEX_POINT('',#4375);
#3297=LINE('',#4376,#4377);
#3298=VERTEX_POINT('',#4378);
#3299=LINE('',#4379,#4380);
#3300=LINE('',#4381,#4382);
#3301=VERTEX_POINT('',#4383);
#3302=LINE('',#4384,#4385);
#3303=VERTEX_POINT('',#4386);
#3304=LINE('',#4387,#4388);
#3305=VERTEX_POINT('',#4389);
#3306=LINE('',#4390,#4391);
#3307=VERTEX_POINT('',#4392);
#3308=LINE('',#4393,#4394);
#3309=VERTEX_POINT('',#4395);
#3310=LINE('',#4396,#4397);
#3311=LINE('',#4398,#4399);
#3312=VERTEX_POINT('',#4400);
#3313=LINE('',#4401,#4402);
#3314=LINE('',#4403,#4404);
#3315=VERTEX_POINT('',#4405);
#3316=LINE('',#4406,#4407);
#3317=LINE('',#4408,#4409);
#3318=VERTEX_POINT('',#4410);
#3319=LINE('',#4411,#4412);
#3320=LINE('',#4413,#4414);
#3321=LINE('',#4415,#4416);
#3322=VERTEX_POINT('',#4417);
#3323=LINE('',#4418,#4419);
#3324=LINE('',#4420,#4421);
#3325=VERTEX_POINT('',#4422);
#3326=VERTEX_POINT('',#4423);
#3327=LINE('',#4424,#4425);
#3328=VERTEX_POINT('',#4426);
#3329=LINE('',#4427,#4428);
#3330=LINE('',#4429,#4430);
#3331=VERTEX_POINT('',#4431);
#3332=LINE('',#4432,#4433);
#3333=VERTEX_POINT('',#4434);
#3334=LINE('',#4435,#4436);
#3335=VERTEX_POINT('',#4437);
#3336=LINE('',#4438,#4439);
#3337=LINE('',#4440,#4441);
#3338=VERTEX_POINT('',#4442);
#3339=LINE('',#4443,#4444);
#3340=VERTEX_POINT('',#4445);
#3341=LINE('',#4446,#4447);
#3342=LINE('',#4448,#4449);
#3343=LINE('',#4450,#4451);
#3344=LINE('',#4452,#4453);
#3345=LINE('',#4454,#4455);
#3346=LINE('',#4456,#4457);
#3347=VERTEX_POINT('',#4458);
#3348=LINE('',#4459,#4460);
#3349=LINE('',#4461,#4462);
#3350=LINE('',#4463,#4464);
#3351=LINE('',#4465,#4466);
#3352=VERTEX_POINT('',#4467);
#3353=LINE('',#4468,#4469);
#3354=LINE('',#4470,#4471);
#3355=LINE('',#4472,#4473);
#3356=VERTEX_POINT('',#4474);
#3357=VERTEX_POINT('',#4475);
#3358=LINE('',#4476,#4477);
#3359=LINE('',#4478,#4479);
#3360=VERTEX_POINT('',#4480);
#3361=LINE('',#4481,#4482);
#3362=VERTEX_POINT('',#4483);
#3363=LINE('',#4484,#4485);
#3364=VERTEX_POINT('',#4486);
#3365=LINE('',#4487,#4488);
#3366=VERTEX_POINT('',#4489);
#3367=LINE('',#4490,#4491);
#3368=VERTEX_POINT('',#4492);
#3369=LINE('',#4493,#4494);
#3370=VERTEX_POINT('',#4495);
#3371=LINE('',#4496,#4497);
#3372=VERTEX_POINT('',#4498);
#3373=LINE('',#4499,#4500);
#3374=VERTEX_POINT('',#4501);
#3375=LINE('',#4502,#4503);
#3376=LINE('',#4504,#4505);
#3377=LINE('',#4506,#4507);
#3378=VERTEX_POINT('',#4508);
#3379=LINE('',#4509,#4510);
#3380=LINE('',#4511,#4512);
#3381=VERTEX_POINT('',#4513);
#3382=LINE('',#4514,#4515);
#3383=LINE('',#4516,#4517);
#3384=VERTEX_POINT('',#4518);
#3385=LINE('',#4519,#4520);
#3386=LINE('',#4521,#4522);
#3387=LINE('',#4523,#4524);
#3388=LINE('',#4525,#4526);
#3389=VERTEX_POINT('',#4527);
#3390=VERTEX_POINT('',#4528);
#3391=LINE('',#4529,#4530);
#3392=VERTEX_POINT('',#4531);
#3393=LINE('',#4532,#4533);
#3394=VERTEX_POINT('',#4534);
#3395=LINE('',#4535,#4536);
#3396=VERTEX_POINT('',#4537);
#3397=LINE('',#4538,#4539);
#3398=VERTEX_POINT('',#4540);
#3399=LINE('',#4541,#4542);
#3400=VERTEX_POINT('',#4543);
#3401=LINE('',#4544,#4545);
#3402=VERTEX_POINT('',#4546);
#3403=LINE('',#4547,#4548);
#3404=LINE('',#4549,#4550);
#3405=VERTEX_POINT('',#4551);
#3406=VERTEX_POINT('',#4552);
#3407=LINE('',#4553,#4554);
#3408=VERTEX_POINT('',#4555);
#3409=LINE('',#4556,#4557);
#3410=VERTEX_POINT('',#4558);
#3411=LINE('',#4559,#4560);
#3412=VERTEX_POINT('',#4561);
#3413=LINE('',#4562,#4563);
#3414=VERTEX_POINT('',#4564);
#3415=LINE('',#4565,#4566);
#3416=VERTEX_POINT('',#4567);
#3417=LINE('',#4568,#4569);
#3418=VERTEX_POINT('',#4570);
#3419=LINE('',#4571,#4572);
#3420=LINE('',#4573,#4574);
#3421=LINE('',#4575,#4576);
#3422=VERTEX_POINT('',#4577);
#3423=LINE('',#4578,#4579);
#3424=VERTEX_POINT('',#4580);
#3425=LINE('',#4581,#4582);
#3426=LINE('',#4583,#4584);
#3427=VERTEX_POINT('',#4585);
#3428=LINE('',#4586,#4587);
#3429=LINE('',#4588,#4589);
#3430=VERTEX_POINT('',#4590);
#3431=LINE('',#4591,#4592);
#3432=LINE('',#4593,#4594);
#3433=VERTEX_POINT('',#4595);
#3434=LINE('',#4596,#4597);
#3435=LINE('',#4598,#4599);
#3436=VERTEX_POINT('',#4600);
#3437=LINE('',#4601,#4602);
#3438=LINE('',#4603,#4604);
#3439=VERTEX_POINT('',#4605);
#3440=LINE('',#4606,#4607);
#3441=LINE('',#4608,#4609);
#3442=VERTEX_POINT('',#4610);
#3443=LINE('',#4611,#4612);
#3444=LINE('',#4613,#4614);
#3445=LINE('',#4615,#4616);
#3446=VERTEX_POINT('',#4617);
#3447=LINE('',#4618,#4619);
#3448=VERTEX_POINT('',#4620);
#3449=LINE('',#4621,#4622);
#3450=LINE('',#4623,#4624);
#3451=VERTEX_POINT('',#4625);
#3452=LINE('',#4626,#4627);
#3453=LINE('',#4628,#4629);
#3454=VERTEX_POINT('',#4630);
#3455=LINE('',#4631,#4632);
#3456=LINE('',#4633,#4634);
#3457=VERTEX_POINT('',#4635);
#3458=LINE('',#4636,#4637);
#3459=LINE('',#4638,#4639);
#3460=VERTEX_POINT('',#4640);
#3461=LINE('',#4641,#4642);
#3462=LINE('',#4643,#4644);
#3463=VERTEX_POINT('',#4645);
#3464=LINE('',#4646,#4647);
#3465=LINE('',#4648,#4649);
#3466=VERTEX_POINT('',#4650);
#3467=LINE('',#4651,#4652);
#3468=LINE('',#4653,#4654);
#3469=LINE('',#4655,#4656);
#3470=LINE('',#4657,#4658);
#3471=VERTEX_POINT('',#4659);
#3472=LINE('',#4660,#4661);
#3473=VERTEX_POINT('',#4662);
#3474=LINE('',#4663,#4664);
#3475=VERTEX_POINT('',#4665);
#3476=LINE('',#4666,#4667);
#3477=VERTEX_POINT('',#4668);
#3478=LINE('',#4669,#4670);
#3479=LINE('',#4671,#4672);
#3480=VERTEX_POINT('',#4673);
#3481=LINE('',#4674,#4675);
#3482=VERTEX_POINT('',#4676);
#3483=LINE('',#4677,#4678);
#3484=LINE('',#4679,#4680);
#3485=VERTEX_POINT('',#4681);
#3486=LINE('',#4682,#4683);
#3487=LINE('',#4684,#4685);
#3488=VERTEX_POINT('',#4686);
#3489=LINE('',#4687,#4688);
#3490=VERTEX_POINT('',#4689);
#3491=LINE('',#4690,#4691);
#3492=LINE('',#4692,#4693);
#3493=LINE('',#4694,#4695);
#3494=VERTEX_POINT('',#4696);
#3495=LINE('',#4697,#4698);
#3496=VERTEX_POINT('',#4699);
#3497=LINE('',#4700,#4701);
#3498=VERTEX_POINT('',#4702);
#3499=LINE('',#4703,#4704);
#3500=VERTEX_POINT('',#4705);
#3501=LINE('',#4706,#4707);
#3502=VERTEX_POINT('',#4708);
#3503=LINE('',#4709,#4710);
#3504=VERTEX_POINT('',#4711);
#3505=LINE('',#4712,#4713);
#3506=VERTEX_POINT('',#4714);
#3507=LINE('',#4715,#4716);
#3508=LINE('',#4717,#4718);
#3509=VERTEX_POINT('',#4719);
#3510=LINE('',#4720,#4721);
#3511=LINE('',#4722,#4723);
#3512=VERTEX_POINT('',#4724);
#3513=LINE('',#4725,#4726);
#3514=LINE('',#4727,#4728);
#3515=LINE('',#4729,#4730);
#3516=LINE('',#4731,#4732);
#3517=LINE('',#4733,#4734);
#3518=LINE('',#4735,#4736);
#3519=LINE('',#4737,#4738);
#3520=LINE('',#4739,#4740);
#3521=LINE('',#4741,#4742);
#3522=LINE('',#4743,#4744);
#3523=VERTEX_POINT('',#4745);
#3524=LINE('',#4746,#4747);
#3525=LINE('',#4748,#4749);
#3526=LINE('',#4750,#4751);
#3527=LINE('',#4752,#4753);
#3528=LINE('',#4754,#4755);
#3529=LINE('',#4756,#4757);
#3530=VERTEX_POINT('',#4758);
#3531=LINE('',#4759,#4760);
#3532=LINE('',#4761,#4762);
#3533=LINE('',#4763,#4764);
#3534=LINE('',#4765,#4766);
#3535=VERTEX_POINT('',#4767);
#3536=LINE('',#4768,#4769);
#3537=LINE('',#4770,#4771);
#3538=VERTEX_POINT('',#4772);
#3539=CIRCLE('',#4773,1.3);
#3540=VERTEX_POINT('',#4774);
#3541=LINE('',#4775,#4776);
#3542=CIRCLE('',#4777,0.6);
#3543=VERTEX_POINT('',#4778);
#3544=LINE('',#4779,#4780);
#3545=VERTEX_POINT('',#4781);
#3546=LINE('',#4782,#4783);
#3547=VERTEX_POINT('',#4784);
#3548=LINE('',#4785,#4786);
#3549=LINE('',#4787,#4788);
#3550=CIRCLE('',#4789,0.166);
#3551=LINE('',#4790,#4791);
#3552=LINE('',#4792,#4793);
#3553=LINE('',#4794,#4795);
#3554=LINE('',#4796,#4797);
#3555=VERTEX_POINT('',#4798);
#3556=LINE('',#4799,#4800);
#3557=VERTEX_POINT('',#4801);
#3558=B_SPLINE_CURVE_WITH_KNOTS('',3,(#4802,#4803,#4804,#4805,#4806,#4807,#4808),.UNSPECIFIED.,.F.,.F.,(4,1,1,1,4),(0.0,0.25,0.5,0.75,1.0),.UNSPECIFIED.);
#3559=VERTEX_POINT('',#4809);
#3560=LINE('',#4810,#4811);
#3561=VERTEX_POINT('',#4812);
#3562=LINE('',#4813,#4814);
#3563=VERTEX_POINT('',#4815);
#3564=LINE('',#4816,#4817);
#3565=VERTEX_POINT('',#4818);
#3566=LINE('',#4819,#4820);
#3567=LINE('',#4821,#4822);
#3568=VERTEX_POINT('',#4823);
#3569=LINE('',#4824,#4825);
#3570=LINE('',#4826,#4827);
#3571=VERTEX_POINT('',#4828);
#3572=LINE('',#4829,#4830);
#3573=VERTEX_POINT('',#4831);
#3574=LINE('',#4832,#4833);
#3575=VERTEX_POINT('',#4834);
#3576=LINE('',#4835,#4836);
#3577=VERTEX_POINT('',#4837);
#3578=LINE('',#4838,#4839);
#3579=VERTEX_POINT('',#4840);
#3580=B_SPLINE_CURVE_WITH_KNOTS('',3,(#4841,#4842,#4843,#4844,#4845,#4846,#4847),.UNSPECIFIED.,.F.,.F.,(4,1,1,1,4),(0.0,0.25,0.5,0.75,1.0),.UNSPECIFIED.);
#3581=LINE('',#4848,#4849);
#3582=LINE('',#4850,#4851);
#3583=LINE('',#4852,#4853);
#3584=LINE('',#4854,#4855);
#3585=LINE('',#4856,#4857);
#3586=LINE('',#4858,#4859);
#3587=LINE('',#4860,#4861);
#3588=LINE('',#4862,#4863);
#3589=LINE('',#4864,#4865);
#3590=LINE('',#4866,#4867);
#3591=LINE('',#4868,#4869);
#3592=LINE('',#4870,#4871);
#3593=LINE('',#4872,#4873);
#3594=LINE('',#4874,#4875);
#3595=LINE('',#4876,#4877);
#3596=LINE('',#4878,#4879);
#3597=CARTESIAN_POINT('',(-1.25,-3.2,10.4));
#3598=CARTESIAN_POINT('',(-1.25,-3.2,-4.6));
#3599=CARTESIAN_POINT('',(-1.25,-3.2,10.4));
#3600=VECTOR('',#4880,15.0);
#3601=CARTESIAN_POINT('',(-7.35,-3.2,10.4));
#3602=CARTESIAN_POINT('',(-7.35,-3.2,10.4));
#3603=VECTOR('',#4881,6.1);
#3604=CARTESIAN_POINT('',(-7.35,-3.2,-10.4));
#3605=CARTESIAN_POINT('',(-7.35,-3.2,-10.4));
#3606=VECTOR('',#4882,20.8);
#3607=CARTESIAN_POINT('',(-0.8,-3.2,-10.4));
#3608=CARTESIAN_POINT('',(-0.8,-3.2,-10.4));
#3609=VECTOR('',#4883,6.55);
#3610=CARTESIAN_POINT('',(-0.8,-3.2,-7.35));
#3611=CARTESIAN_POINT('',(-0.8,-3.2,-7.35));
#3612=VECTOR('',#4884,3.05);
#3613=CARTESIAN_POINT('',(1.7,-3.2,-7.35));
#3614=CARTESIAN_POINT('',(-0.8,-3.2,-7.35));
#3615=VECTOR('',#4885,2.5);
#3616=CARTESIAN_POINT('',(1.7,-3.2,-10.4));
#3617=CARTESIAN_POINT('',(1.7,-3.2,-7.35));
#3618=VECTOR('',#4886,3.05);
#3619=CARTESIAN_POINT('',(7.35,-3.2,-10.4));
#3620=CARTESIAN_POINT('',(7.35,-3.2,-10.4));
#3621=VECTOR('',#4887,5.65);
#3622=CARTESIAN_POINT('',(7.35,-3.2,10.4));
#3623=CARTESIAN_POINT('',(7.35,-3.2,10.4));
#3624=VECTOR('',#4888,20.8);
#3625=CARTESIAN_POINT('',(2.15,-3.2,10.4));
#3626=CARTESIAN_POINT('',(2.15,-3.2,10.4));
#3627=VECTOR('',#4889,5.2);
#3628=CARTESIAN_POINT('',(2.15,-3.2,-4.6));
#3629=CARTESIAN_POINT('',(2.15,-3.2,10.4));
#3630=VECTOR('',#4890,15.0);
#3631=CARTESIAN_POINT('',(0.95,-3.2,-4.6));
#3632=CARTESIAN_POINT('',(0.95,-3.2,-4.6));
#3633=VECTOR('',#4891,1.2);
#3634=CARTESIAN_POINT('',(0.95,-3.2,10.4));
#3635=CARTESIAN_POINT('',(0.95,-3.2,10.4));
#3636=VECTOR('',#4892,15.0);
#3637=CARTESIAN_POINT('',(-0.05,-3.2,10.4));
#3638=CARTESIAN_POINT('',(-0.05,-3.2,10.4));
#3639=VECTOR('',#4893,1.0);
#3640=CARTESIAN_POINT('',(-0.05,-3.2,-4.6));
#3641=CARTESIAN_POINT('',(-0.05,-3.2,10.4));
#3642=VECTOR('',#4894,15.0);
#3643=CARTESIAN_POINT('',(-1.25,-3.2,-4.6));
#3644=VECTOR('',#4895,1.2);
#3645=CARTESIAN_POINT('',(-0.05,-3.1,-4.6));
#3646=CARTESIAN_POINT('',(-0.05,-3.2,-4.6));
#3647=VECTOR('',#4896,0.1);
#3648=CARTESIAN_POINT('',(-1.25,-3.1,-4.6));
#3649=CARTESIAN_POINT('',(-0.05,-3.1,-4.6));
#3650=VECTOR('',#4897,1.2);
#3651=CARTESIAN_POINT('',(-1.25,-3.1,-4.6));
#3652=VECTOR('',#4898,0.1);
#3653=CARTESIAN_POINT('',(2.15,-3.1,-4.6));
#3654=CARTESIAN_POINT('',(2.15,-3.2,-4.6));
#3655=VECTOR('',#4899,0.1);
#3656=CARTESIAN_POINT('',(0.95,-3.1,-4.6));
#3657=CARTESIAN_POINT('',(2.15,-3.1,-4.6));
#3658=VECTOR('',#4900,1.2);
#3659=CARTESIAN_POINT('',(0.95,-3.1,-4.6));
#3660=VECTOR('',#4901,0.1);
#3661=CARTESIAN_POINT('',(-1.25,-3.1,10.4));
#3662=CARTESIAN_POINT('',(-1.25,-3.1,10.4));
#3663=VECTOR('',#4902,15.0);
#3664=CARTESIAN_POINT('',(-1.25,-3.2,10.4));
#3665=VECTOR('',#4903,0.1);
#3666=CARTESIAN_POINT('',(1.2,-2.2,10.4));
#3667=CARTESIAN_POINT('',(-0.3,-2.2,10.4));
#3668=CARTESIAN_POINT('',(1.2,-2.2,10.4));
#3669=VECTOR('',#4904,1.5);
#3670=CARTESIAN_POINT('',(-0.3,-1.3,10.4));
#3671=CARTESIAN_POINT('',(-0.3,-2.2,10.4));
#3672=VECTOR('',#4905,0.9);
#3673=CARTESIAN_POINT('',(-1.8,-1.3,10.4));
#3674=CARTESIAN_POINT('',(-1.8,-1.3,10.4));
#3675=VECTOR('',#4906,1.5);
#3676=CARTESIAN_POINT('',(-1.8,-0.8,10.4));
#3677=CARTESIAN_POINT('',(-1.8,-0.8,10.4));
#3678=VECTOR('',#4907,0.5);
#3679=CARTESIAN_POINT('',(-2.45,-0.8,10.4));
#3680=CARTESIAN_POINT('',(-2.45,-0.8,10.4));
#3681=VECTOR('',#4908,0.65);
#3682=CARTESIAN_POINT('',(-2.45,1.49,10.4));
#3683=CARTESIAN_POINT('',(-2.45,1.49,10.4));
#3684=VECTOR('',#4909,2.29);
#3685=CARTESIAN_POINT('',(-3.35,1.49,10.4));
#3686=CARTESIAN_POINT('',(-3.35,1.49,10.4));
#3687=VECTOR('',#4910,0.9);
#3688=CARTESIAN_POINT('',(-3.35,-1.8,10.4));
#3689=CARTESIAN_POINT('',(-3.35,1.49,10.4));
#3690=VECTOR('',#4911,3.29);
#3691=CARTESIAN_POINT('',(-7.35,-1.8,10.4));
#3692=CARTESIAN_POINT('',(-7.35,-1.8,10.4));
#3693=VECTOR('',#4912,4.0);
#3694=CARTESIAN_POINT('',(-7.35,-3.2,10.4));
#3695=VECTOR('',#4913,1.4);
#3696=CARTESIAN_POINT('',(-0.05,-3.1,10.4));
#3697=CARTESIAN_POINT('',(-0.05,-3.1,10.4));
#3698=VECTOR('',#4914,1.2);
#3699=CARTESIAN_POINT('',(-0.05,-3.2,10.4));
#3700=VECTOR('',#4915,0.1);
#3701=CARTESIAN_POINT('',(0.95,-3.1,10.4));
#3702=CARTESIAN_POINT('',(0.95,-3.2,10.4));
#3703=VECTOR('',#4916,0.1);
#3704=CARTESIAN_POINT('',(2.15,-3.1,10.4));
#3705=CARTESIAN_POINT('',(2.15,-3.1,10.4));
#3706=VECTOR('',#4917,1.2);
#3707=CARTESIAN_POINT('',(2.15,-3.2,10.4));
#3708=VECTOR('',#4918,0.1);
#3709=CARTESIAN_POINT('',(7.35,-1.8,10.4));
#3710=CARTESIAN_POINT('',(7.35,-3.2,10.4));
#3711=VECTOR('',#4919,1.4);
#3712=CARTESIAN_POINT('',(4.25,-1.8,10.4));
#3713=CARTESIAN_POINT('',(4.25,-1.8,10.4));
#3714=VECTOR('',#4920,3.1);
#3715=CARTESIAN_POINT('',(4.25,1.49,10.4));
#3716=CARTESIAN_POINT('',(4.25,1.49,10.4));
#3717=VECTOR('',#4921,3.29);
#3718=CARTESIAN_POINT('',(3.35,1.49,10.4));
#3719=CARTESIAN_POINT('',(3.35,1.49,10.4));
#3720=VECTOR('',#4922,0.9);
#3721=CARTESIAN_POINT('',(3.35,-0.8,10.4));
#3722=CARTESIAN_POINT('',(3.35,1.49,10.4));
#3723=VECTOR('',#4923,2.29);
#3724=CARTESIAN_POINT('',(2.7,-0.8,10.4));
#3725=CARTESIAN_POINT('',(3.35,-0.8,10.4));
#3726=VECTOR('',#4924,0.65);
#3727=CARTESIAN_POINT('',(2.7,-1.3,10.4));
#3728=CARTESIAN_POINT('',(2.7,-0.8,10.4));
#3729=VECTOR('',#4925,0.5);
#3730=CARTESIAN_POINT('',(1.2,-1.3,10.4));
#3731=CARTESIAN_POINT('',(2.7,-1.3,10.4));
#3732=VECTOR('',#4926,1.5);
#3733=CARTESIAN_POINT('',(1.2,-1.3,10.4));
#3734=VECTOR('',#4927,0.9);
#3735=CARTESIAN_POINT('',(1.2,-1.8,-0.53));
#3736=CARTESIAN_POINT('',(1.2,-1.3,-0.3959837585833));
#3737=CARTESIAN_POINT('',(1.2,-1.8,-0.53));
#3738=VECTOR('',#4928,0.5176488703392);
#3739=CARTESIAN_POINT('',(1.2,-1.8,-1.8));
#3740=CARTESIAN_POINT('',(1.2,-1.8,-1.8));
#3741=VECTOR('',#4929,1.27);
#3742=CARTESIAN_POINT('',(1.2,-2.2,-1.8));
#3743=CARTESIAN_POINT('',(1.2,-2.2,-1.8));
#3744=VECTOR('',#4930,0.4);
#3745=CARTESIAN_POINT('',(1.2,-2.2,10.4));
#3746=VECTOR('',#4931,12.2);
#3747=CARTESIAN_POINT('',(1.2,-1.3,10.4));
#3748=VECTOR('',#4932,10.79598375858);
#3749=CARTESIAN_POINT('',(1.2,0.7,2.574));
#3750=CARTESIAN_POINT('',(1.2,0.7,5.6));
#3751=CARTESIAN_POINT('',(1.2,0.7,2.574));
#3752=VECTOR('',#4933,3.026);
#3753=CARTESIAN_POINT('',(1.2,1.5,5.6));
#3754=CARTESIAN_POINT('',(1.2,0.7,5.6));
#3755=VECTOR('',#4934,0.8);
#3756=CARTESIAN_POINT('',(1.2,1.5,2.574));
#3757=CARTESIAN_POINT('',(1.2,1.5,5.6));
#3758=VECTOR('',#4935,3.026);
#3759=CARTESIAN_POINT('',(1.2,0.7,2.574));
#3760=VECTOR('',#4936,0.8);
#3761=CARTESIAN_POINT('',(2.665092528837,-1.3,1.6));
#3762=CARTESIAN_POINT('',(1.532,-1.3,1.6));
#3763=CARTESIAN_POINT('',(2.665092528837,-1.3,1.6));
#3764=VECTOR('',#4937,1.133092528837);
#3765=CARTESIAN_POINT('',(1.532,-1.299969192882,-0.3955172825948));
#3766=CARTESIAN_POINT('',(1.532,-1.3,1.6));
#3767=VECTOR('',#4938,1.995517282833);
#3768=CARTESIAN_POINT('',(1.2,-1.3,-0.3959837585833));
#3769=VECTOR('',#4939,0.3320003291398);
#3770=CARTESIAN_POINT('',(2.7,-1.3,7.1));
#3771=CARTESIAN_POINT('',(2.7,-1.3,10.4));
#3772=VECTOR('',#4940,3.3);
#3773=CARTESIAN_POINT('',(2.7,-1.3,5.6));
#3774=CARTESIAN_POINT('',(2.7,-1.3,5.6));
#3775=VECTOR('',#4941,1.5);
#3776=CARTESIAN_POINT('',(2.665092528837,-1.3,1.6));
#3777=VECTOR('',#4942,4.000152313543);
#3778=CARTESIAN_POINT('',(-1.8,-1.3,5.6));
#3779=CARTESIAN_POINT('',(-1.8,-1.3,7.1));
#3780=CARTESIAN_POINT('',(-1.8,-1.3,5.6));
#3781=VECTOR('',#4943,1.5);
#3782=CARTESIAN_POINT('',(-1.8,-1.3,10.4));
#3783=VECTOR('',#4944,3.3);
#3784=CARTESIAN_POINT('',(-0.3,-1.3,-0.3959837481748));
#3785=CARTESIAN_POINT('',(-0.3,-1.3,-0.3959837481748));
#3786=VECTOR('',#4945,10.79598374817);
#3787=CARTESIAN_POINT('',(-0.632,-1.300062886569,-0.3955425126133));
#3788=CARTESIAN_POINT('',(-0.3,-1.3,-0.3959837481748));
#3789=VECTOR('',#4946,0.3320002991618);
#3790=CARTESIAN_POINT('',(-0.632,-1.3,1.6));
#3791=CARTESIAN_POINT('',(-0.632,-1.300062886569,-0.3955425126133));
#3792=VECTOR('',#4947,1.995542513604);
#3793=CARTESIAN_POINT('',(-1.765092528837,-1.3,1.6));
#3794=CARTESIAN_POINT('',(-1.765092528837,-1.3,1.6));
#3795=VECTOR('',#4948,1.133092528837);
#3796=CARTESIAN_POINT('',(-1.765092528837,-1.3,1.6));
#3797=VECTOR('',#4949,4.000152313543);
#3798=CARTESIAN_POINT('',(2.7,-1.8,5.6));
#3799=CARTESIAN_POINT('',(2.7,-1.8,5.6));
#3800=VECTOR('',#4950,0.5);
#3801=CARTESIAN_POINT('',(2.646504300443,-1.8,-0.53));
#3802=CARTESIAN_POINT('',(2.646504300443,-1.8,-0.53));
#3803=VECTOR('',#4951,6.130233420505);
#3804=CARTESIAN_POINT('',(2.647678130507,-1.29987632103,-0.3954923974453));
#3805=CARTESIAN_POINT('',(2.646504300443,-1.8,-0.53));
#3806=VECTOR('',#4952,0.517897062444);
#3807=CARTESIAN_POINT('',(2.650518659626,-0.09597228928638,-0.07));
#3808=CARTESIAN_POINT('',(2.650518659626,-0.09597228928638,-0.07));
#3809=VECTOR('',#4953,1.247132024707);
#3810=CARTESIAN_POINT('',(2.656976541792,1.22,0.67));
#3811=CARTESIAN_POINT('',(2.656976541792,1.22,0.67));
#3812=VECTOR('',#4954,1.509776397488);
#3813=CARTESIAN_POINT('',(2.666290697401,1.5,1.737296518422));
#3814=CARTESIAN_POINT('',(2.666290697401,1.5,1.737296518422));
#3815=VECTOR('',#4955,1.103453040111);
#3816=CARTESIAN_POINT('',(2.7,1.5,5.6));
#3817=CARTESIAN_POINT('',(2.666290697401,1.5,1.737296518422));
#3818=VECTOR('',#4956,3.862850567091);
#3819=CARTESIAN_POINT('',(2.7,0.7,5.6));
#3820=CARTESIAN_POINT('',(2.7,0.7,5.6));
#3821=VECTOR('',#4957,0.8);
#3822=CARTESIAN_POINT('',(2.67120133629,0.7,2.3));
#3823=CARTESIAN_POINT('',(2.67120133629,0.7,2.3));
#3824=VECTOR('',#4958,3.300125658673);
#3825=CARTESIAN_POINT('',(2.659856408163,-0.6,1.0));
#3826=CARTESIAN_POINT('',(2.67120133629,0.7,2.3));
#3827=CARTESIAN_POINT('',(2.670255943612,0.7,2.191668729167));
#3828=CARTESIAN_POINT('',(2.66858860775,0.6743942491437,2.00061096337));
#3829=CARTESIAN_POINT('',(2.665782464208,0.5626171102111,1.679058762841));
#3830=CARTESIAN_POINT('',(2.663019559692,0.3375496850653,1.362461263946));
#3831=CARTESIAN_POINT('',(2.661055383781,0.02095354219487,1.137388997642));
#3832=CARTESIAN_POINT('',(2.660079881251,-0.3006022669412,1.025607479587));
#3833=CARTESIAN_POINT('',(2.659856408163,-0.4916646040874,1.0));
#3834=CARTESIAN_POINT('',(2.659856408163,-0.6,1.0));
#3835=CARTESIAN_POINT('',(2.659856408163,-0.7,1.0));
#3836=CARTESIAN_POINT('',(2.659856408163,-0.7,1.0));
#3837=VECTOR('',#4959,0.1);
#3838=CARTESIAN_POINT('',(2.659856408163,-0.7,1.0));
#3839=CARTESIAN_POINT('',(2.659856408163,-0.8000019039193,1.0));
#3840=CARTESIAN_POINT('',(2.660235223023,-0.9565961753093,1.043407883546));
#3841=CARTESIAN_POINT('',(2.661312949542,-1.133101957636,1.166903110478));
#3842=CARTESIAN_POINT('',(2.662853297095,-1.256594601432,1.343409457364));
#3843=CARTESIAN_POINT('',(2.664219858673,-1.3,1.500001903847));
#3844=CARTESIAN_POINT('',(2.665092528837,-1.3,1.6));
#3845=CARTESIAN_POINT('',(1.532,-0.7,1.0));
#3846=CARTESIAN_POINT('',(2.659856408163,-0.7,1.0));
#3847=VECTOR('',#4960,1.127856408163);
#3848=AXIS2_PLACEMENT_3D('',#4961,#4962,#4963);
#3849=CARTESIAN_POINT('',(1.532,1.5,2.574));
#3850=CARTESIAN_POINT('',(1.532,0.7,2.574));
#3851=CARTESIAN_POINT('',(1.532,1.5,2.574));
#3852=VECTOR('',#4964,0.8);
#3853=CARTESIAN_POINT('',(1.532,1.5,1.737296518422));
#3854=CARTESIAN_POINT('',(1.532,1.5,1.737296518422));
#3855=VECTOR('',#4965,0.8367034815782);
#3856=CARTESIAN_POINT('',(1.532,1.22,0.67));
#3857=CARTESIAN_POINT('',(1.532,1.5,1.737296518422));
#3858=VECTOR('',#4966,1.103413729403);
#3859=CARTESIAN_POINT('',(1.532,-0.09597228928638,-0.07));
#3860=CARTESIAN_POINT('',(1.532,1.22,0.67));
#3861=VECTOR('',#4967,1.509762586028);
#3862=CARTESIAN_POINT('',(1.532,-0.09597228928638,-0.07));
#3863=VECTOR('',#4968,1.247224937666);
#3864=CARTESIAN_POINT('',(1.532,-0.6,1.0));
#3865=CARTESIAN_POINT('',(1.532,-0.7,1.0));
#3866=VECTOR('',#4969,0.1);
#3867=CARTESIAN_POINT('',(1.532,0.7,2.3));
#3868=AXIS2_PLACEMENT_3D('',#4970,#4971,#4972);
#3869=CARTESIAN_POINT('',(1.532,0.7,2.3));
#3870=VECTOR('',#4973,0.274);
#3871=CARTESIAN_POINT('',(3.1,0.7,5.6));
#3872=CARTESIAN_POINT('',(3.1,0.7,5.6));
#3873=VECTOR('',#4974,0.4);
#3874=CARTESIAN_POINT('',(3.1,0.7,10.4));
#3875=CARTESIAN_POINT('',(3.1,0.7,5.6));
#3876=VECTOR('',#4975,4.8);
#3877=CARTESIAN_POINT('',(1.325,0.7,10.4));
#3878=CARTESIAN_POINT('',(3.1,0.7,10.4));
#3879=VECTOR('',#4976,1.775);
#3880=CARTESIAN_POINT('',(1.325,0.7,5.9));
#3881=CARTESIAN_POINT('',(1.325,0.7,10.4));
#3882=VECTOR('',#4977,4.5);
#3883=CARTESIAN_POINT('',(-0.425,0.7,5.9));
#3884=CARTESIAN_POINT('',(-0.425,0.7,5.9));
#3885=VECTOR('',#4978,1.75);
#3886=CARTESIAN_POINT('',(-0.425,0.7,10.4));
#3887=CARTESIAN_POINT('',(-0.425,0.7,10.4));
#3888=VECTOR('',#4979,4.5);
#3889=CARTESIAN_POINT('',(-2.2,0.7,10.4));
#3890=CARTESIAN_POINT('',(-0.425,0.7,10.4));
#3891=VECTOR('',#4980,1.775);
#3892=CARTESIAN_POINT('',(-2.2,0.7,5.6));
#3893=CARTESIAN_POINT('',(-2.2,0.7,5.6));
#3894=VECTOR('',#4981,4.8);
#3895=CARTESIAN_POINT('',(-1.8,0.7,5.6));
#3896=CARTESIAN_POINT('',(-2.2,0.7,5.6));
#3897=VECTOR('',#4982,0.4);
#3898=CARTESIAN_POINT('',(-1.77120133629,0.7,2.3));
#3899=CARTESIAN_POINT('',(-1.77120133629,0.7,2.3));
#3900=VECTOR('',#4983,3.300125658673);
#3901=CARTESIAN_POINT('',(-0.632,0.7,2.3));
#3902=CARTESIAN_POINT('',(-1.77120133629,0.7,2.3));
#3903=VECTOR('',#4984,1.13920133629);
#3904=CARTESIAN_POINT('',(-0.632,0.7,2.574));
#3905=CARTESIAN_POINT('',(-0.632,0.7,2.3));
#3906=VECTOR('',#4985,0.274);
#3907=CARTESIAN_POINT('',(-0.3,0.7,2.574));
#3908=AXIS2_PLACEMENT_3D('',#4986,#4987,#4988);
#3909=CARTESIAN_POINT('',(-0.3,0.7,5.6));
#3910=CARTESIAN_POINT('',(-0.3,0.7,2.574));
#3911=VECTOR('',#4989,3.026);
#3912=CARTESIAN_POINT('',(-0.2495174514356,0.7,0.7794479322876));
#3913=CARTESIAN_POINT('',(-0.2495174514356,0.7,0.7794479322876));
#3914=VECTOR('',#4990,4.820816396134);
#3915=CARTESIAN_POINT('',(1.149517451436,0.7,0.7794479322876));
#3916=CARTESIAN_POINT('',(1.149517451436,0.7,0.7794479322876));
#3917=VECTOR('',#4991,1.399034902871);
#3918=CARTESIAN_POINT('',(1.149517451436,0.7,0.7794479322876));
#3919=VECTOR('',#4992,4.820816396134);
#3920=AXIS2_PLACEMENT_3D('',#4993,#4994,#4995);
#3921=CARTESIAN_POINT('',(2.67120133629,0.7,2.3));
#3922=VECTOR('',#4996,1.13920133629);
#3923=CARTESIAN_POINT('',(2.659856408163,-0.6,1.0));
#3924=VECTOR('',#4997,1.127856408163);
#3925=AXIS2_PLACEMENT_3D('',#4998,#4999,#5000);
#3926=CARTESIAN_POINT('',(2.666290697401,1.5,1.737296518422));
#3927=VECTOR('',#5001,1.134290697401);
#3928=CARTESIAN_POINT('',(1.2,1.5,5.6));
#3929=VECTOR('',#5002,1.5);
#3930=CARTESIAN_POINT('',(1.2,2.8,5.6));
#3931=CARTESIAN_POINT('',(1.2,2.8,5.6));
#3932=VECTOR('',#5003,1.3);
#3933=CARTESIAN_POINT('',(3.1,2.8,5.6));
#3934=CARTESIAN_POINT('',(3.1,2.8,5.6));
#3935=VECTOR('',#5004,1.9);
#3936=CARTESIAN_POINT('',(3.1,0.7,5.6));
#3937=VECTOR('',#5005,2.1);
#3938=CARTESIAN_POINT('',(3.1,2.8,6.7));
#3939=CARTESIAN_POINT('',(3.1,2.8,6.7));
#3940=VECTOR('',#5006,1.1);
#3941=CARTESIAN_POINT('',(3.1,3.05,6.7));
#3942=CARTESIAN_POINT('',(3.1,3.05,6.7));
#3943=VECTOR('',#5007,0.25);
#3944=CARTESIAN_POINT('',(3.1,3.05,7.8));
#3945=CARTESIAN_POINT('',(3.1,3.05,7.8));
#3946=VECTOR('',#5008,1.1);
#3947=CARTESIAN_POINT('',(3.1,3.3,7.8));
#3948=CARTESIAN_POINT('',(3.1,3.3,7.8));
#3949=VECTOR('',#5009,0.25);
#3950=CARTESIAN_POINT('',(3.1,3.3,8.9));
#3951=CARTESIAN_POINT('',(3.1,3.3,8.9));
#3952=VECTOR('',#5010,1.1);
#3953=CARTESIAN_POINT('',(3.1,3.55,8.9));
#3954=CARTESIAN_POINT('',(3.1,3.55,8.9));
#3955=VECTOR('',#5011,0.25);
#3956=CARTESIAN_POINT('',(3.1,3.55,10.4));
#3957=CARTESIAN_POINT('',(3.1,3.55,10.4));
#3958=VECTOR('',#5012,1.5);
#3959=CARTESIAN_POINT('',(3.1,0.7,10.4));
#3960=VECTOR('',#5013,2.85);
#3961=CARTESIAN_POINT('',(1.325,1.9,10.4));
#3962=CARTESIAN_POINT('',(-0.425,1.9,10.4));
#3963=CARTESIAN_POINT('',(1.325,1.9,10.4));
#3964=VECTOR('',#5014,1.75);
#3965=CARTESIAN_POINT('',(1.325,0.7,10.4));
#3966=VECTOR('',#5015,1.2);
#3967=CARTESIAN_POINT('',(-2.2,3.55,10.4));
#3968=CARTESIAN_POINT('',(3.1,3.55,10.4));
#3969=VECTOR('',#5016,5.3);
#3970=CARTESIAN_POINT('',(-2.2,0.7,10.4));
#3971=VECTOR('',#5017,2.85);
#3972=CARTESIAN_POINT('',(-0.425,0.7,10.4));
#3973=VECTOR('',#5018,1.2);
#3974=CARTESIAN_POINT('',(-0.425,1.9,5.9));
#3975=CARTESIAN_POINT('',(-0.425,1.9,5.9));
#3976=VECTOR('',#5019,1.2);
#3977=CARTESIAN_POINT('',(-0.425,1.9,10.4));
#3978=VECTOR('',#5020,4.5);
#3979=CARTESIAN_POINT('',(1.325,1.9,5.9));
#3980=CARTESIAN_POINT('',(1.325,1.9,5.9));
#3981=VECTOR('',#5021,1.75);
#3982=CARTESIAN_POINT('',(1.325,1.9,10.4));
#3983=VECTOR('',#5022,4.5);
#3984=CARTESIAN_POINT('',(1.325,0.7,5.9));
#3985=VECTOR('',#5023,1.2);
#3986=CARTESIAN_POINT('',(-2.2,3.55,8.9));
#3987=CARTESIAN_POINT('',(-2.2,3.55,10.4));
#3988=VECTOR('',#5024,1.5);
#3989=CARTESIAN_POINT('',(-2.2,3.3,8.9));
#3990=CARTESIAN_POINT('',(-2.2,3.55,8.9));
#3991=VECTOR('',#5025,0.25);
#3992=CARTESIAN_POINT('',(-2.2,3.3,7.8));
#3993=CARTESIAN_POINT('',(-2.2,3.3,8.9));
#3994=VECTOR('',#5026,1.1);
#3995=CARTESIAN_POINT('',(-2.2,3.05,7.8));
#3996=CARTESIAN_POINT('',(-2.2,3.3,7.8));
#3997=VECTOR('',#5027,0.25);
#3998=CARTESIAN_POINT('',(-2.2,3.05,6.7));
#3999=CARTESIAN_POINT('',(-2.2,3.05,7.8));
#4000=VECTOR('',#5028,1.1);
#4001=CARTESIAN_POINT('',(-2.2,2.8,6.7));
#4002=CARTESIAN_POINT('',(-2.2,3.05,6.7));
#4003=VECTOR('',#5029,0.25);
#4004=CARTESIAN_POINT('',(-2.2,2.8,5.6));
#4005=CARTESIAN_POINT('',(-2.2,2.8,6.7));
#4006=VECTOR('',#5030,1.1);
#4007=CARTESIAN_POINT('',(-2.2,0.7,5.6));
#4008=VECTOR('',#5031,2.1);
#4009=CARTESIAN_POINT('',(-0.3,2.8,5.6));
#4010=CARTESIAN_POINT('',(-2.2,2.8,5.6));
#4011=VECTOR('',#5032,1.9);
#4012=CARTESIAN_POINT('',(-0.3,1.5,5.6));
#4013=CARTESIAN_POINT('',(-0.3,2.8,5.6));
#4014=VECTOR('',#5033,1.3);
#4015=CARTESIAN_POINT('',(-1.8,1.5,5.6));
#4016=CARTESIAN_POINT('',(-0.3,1.5,5.6));
#4017=VECTOR('',#5034,1.5);
#4018=CARTESIAN_POINT('',(-1.8,0.7,5.6));
#4019=VECTOR('',#5035,0.8);
#4020=CARTESIAN_POINT('',(-1.759856408163,-0.7,1.0));
#4021=CARTESIAN_POINT('',(-1.759856408163,-0.7,1.0));
#4022=CARTESIAN_POINT('',(-1.759856408163,-0.8000019039193,1.0));
#4023=CARTESIAN_POINT('',(-1.760235223023,-0.9565961753093,1.043407883546));
#4024=CARTESIAN_POINT('',(-1.761312949542,-1.133101957636,1.166903110478));
#4025=CARTESIAN_POINT('',(-1.762853297095,-1.256594601432,1.343409457364));
#4026=CARTESIAN_POINT('',(-1.764219858673,-1.3,1.500001903847));
#4027=CARTESIAN_POINT('',(-1.765092528837,-1.3,1.6));
#4028=CARTESIAN_POINT('',(-1.759856408163,-0.6,1.0));
#4029=CARTESIAN_POINT('',(-1.759856408163,-0.7,1.0));
#4030=VECTOR('',#5036,0.1);
#4031=CARTESIAN_POINT('',(-1.77120133629,0.7,2.3));
#4032=CARTESIAN_POINT('',(-1.770255943612,0.7,2.191668729167));
#4033=CARTESIAN_POINT('',(-1.76858860775,0.6743942491437,2.00061096337));
#4034=CARTESIAN_POINT('',(-1.765782464208,0.5626171102111,1.679058762841));
#4035=CARTESIAN_POINT('',(-1.763019559692,0.3375496850653,1.362461263946));
#4036=CARTESIAN_POINT('',(-1.761055383781,0.02095354219487,1.137388997642));
#4037=CARTESIAN_POINT('',(-1.760079881251,-0.3006022669412,1.025607479587));
#4038=CARTESIAN_POINT('',(-1.759856408163,-0.4916646040874,1.0));
#4039=CARTESIAN_POINT('',(-1.759856408163,-0.6,1.0));
#4040=CARTESIAN_POINT('',(-1.766290697401,1.5,1.737296518422));
#4041=CARTESIAN_POINT('',(-1.766290697401,1.5,1.737296518422));
#4042=VECTOR('',#5037,3.862850567091);
#4043=CARTESIAN_POINT('',(-1.756976541792,1.22,0.67));
#4044=CARTESIAN_POINT('',(-1.766290697401,1.5,1.737296518422));
#4045=VECTOR('',#5038,1.103453040111);
#4046=CARTESIAN_POINT('',(-1.750518659626,-0.09597228928638,-0.07));
#4047=CARTESIAN_POINT('',(-1.756976541792,1.22,0.67));
#4048=VECTOR('',#5039,1.509776397488);
#4049=CARTESIAN_POINT('',(-1.747678106418,-1.299886581029,-0.3954951577903));
#4050=CARTESIAN_POINT('',(-1.750518659626,-0.09597228928638,-0.07));
#4051=VECTOR('',#5040,1.247142649559);
#4052=CARTESIAN_POINT('',(-1.746504300443,-1.8,-0.53));
#4053=CARTESIAN_POINT('',(-1.746504300443,-1.8,-0.53));
#4054=VECTOR('',#5041,0.5178864375837);
#4055=CARTESIAN_POINT('',(-1.8,-1.8,5.6));
#4056=CARTESIAN_POINT('',(-1.8,-1.8,5.6));
#4057=VECTOR('',#5042,6.130233420505);
#4058=CARTESIAN_POINT('',(-1.8,-1.8,5.6));
#4059=VECTOR('',#5043,0.5);
#4060=CARTESIAN_POINT('',(-1.8,-1.8,7.1));
#4061=CARTESIAN_POINT('',(-1.8,-1.8,7.1));
#4062=VECTOR('',#5044,1.5);
#4063=CARTESIAN_POINT('',(-1.8,-1.8,7.1));
#4064=VECTOR('',#5045,0.5);
#4065=CARTESIAN_POINT('',(-2.45,-1.8,7.1));
#4066=CARTESIAN_POINT('',(-2.45,-1.8,7.1));
#4067=VECTOR('',#5046,0.65);
#4068=CARTESIAN_POINT('',(-2.45,-0.8,7.1));
#4069=CARTESIAN_POINT('',(-2.45,-1.8,7.1));
#4070=VECTOR('',#5047,1.0);
#4071=CARTESIAN_POINT('',(-1.8,-0.8,7.1));
#4072=CARTESIAN_POINT('',(-2.45,-0.8,7.1));
#4073=VECTOR('',#5048,0.65);
#4074=CARTESIAN_POINT('',(-1.8,-1.3,7.1));
#4075=VECTOR('',#5049,0.5);
#4076=CARTESIAN_POINT('',(-1.8,-0.8,7.1));
#4077=VECTOR('',#5050,3.3);
#4078=CARTESIAN_POINT('',(-2.45,-0.8,10.4));
#4079=VECTOR('',#5051,3.3);
#4080=CARTESIAN_POINT('',(-2.45,-2.2,-1.8));
#4081=CARTESIAN_POINT('',(-2.45,-1.8,-1.8));
#4082=CARTESIAN_POINT('',(-2.45,-2.2,-1.8));
#4083=VECTOR('',#5052,0.4);
#4084=CARTESIAN_POINT('',(-2.45,-2.2,-6.3));
#4085=CARTESIAN_POINT('',(-2.45,-2.2,-6.3));
#4086=VECTOR('',#5053,4.5);
#4087=CARTESIAN_POINT('',(-2.45,-0.35,-6.3));
#4088=CARTESIAN_POINT('',(-2.45,-2.2,-6.3));
#4089=VECTOR('',#5054,1.85);
#4090=CARTESIAN_POINT('',(-2.45,-0.35,-10.4));
#4091=CARTESIAN_POINT('',(-2.45,-0.35,-10.4));
#4092=VECTOR('',#5055,4.1);
#4093=CARTESIAN_POINT('',(-2.45,3.2,-10.4));
#4094=CARTESIAN_POINT('',(-2.45,3.2,-10.4));
#4095=VECTOR('',#5056,3.55);
#4096=CARTESIAN_POINT('',(-2.45,3.2,3.8));
#4097=CARTESIAN_POINT('',(-2.45,3.2,3.8));
#4098=VECTOR('',#5057,14.2);
#4099=CARTESIAN_POINT('',(-2.45,1.49,3.8));
#4100=CARTESIAN_POINT('',(-2.45,3.2,3.8));
#4101=VECTOR('',#5058,1.71);
#4102=CARTESIAN_POINT('',(-2.45,1.49,10.4));
#4103=VECTOR('',#5059,6.6);
#4104=CARTESIAN_POINT('',(-2.45,-1.8,-1.8));
#4105=VECTOR('',#5060,8.9);
#4106=CARTESIAN_POINT('',(2.7,-1.8,7.1));
#4107=CARTESIAN_POINT('',(2.7,-1.8,5.6));
#4108=VECTOR('',#5061,1.5);
#4109=CARTESIAN_POINT('',(3.35,-1.8,7.1));
#4110=CARTESIAN_POINT('',(3.35,-1.8,7.1));
#4111=VECTOR('',#5062,0.65);
#4112=CARTESIAN_POINT('',(3.35,-1.8,-1.8));
#4113=CARTESIAN_POINT('',(3.35,-1.8,7.1));
#4114=VECTOR('',#5063,8.9);
#4115=CARTESIAN_POINT('',(3.35,-1.8,-1.8));
#4116=VECTOR('',#5064,2.15);
#4117=CARTESIAN_POINT('',(2.646504300443,-1.8,-0.53));
#4118=VECTOR('',#5065,1.446504300443);
#4119=CARTESIAN_POINT('',(-0.3,-1.8,-1.8));
#4120=CARTESIAN_POINT('',(-0.3,-1.8,-0.53));
#4121=CARTESIAN_POINT('',(-0.3,-1.8,-1.8));
#4122=VECTOR('',#5066,1.27);
#4123=CARTESIAN_POINT('',(-2.45,-1.8,-1.8));
#4124=VECTOR('',#5067,2.15);
#4125=CARTESIAN_POINT('',(-0.3,-1.8,-0.53));
#4126=VECTOR('',#5068,1.446504300443);
#4127=CARTESIAN_POINT('',(2.647678130507,-1.29987632103,-0.3954923974453));
#4128=VECTOR('',#5069,1.11567813465);
#4129=CARTESIAN_POINT('',(2.650518659626,-0.09597228928638,-0.07));
#4130=VECTOR('',#5070,1.118518659626);
#4131=CARTESIAN_POINT('',(2.656976541792,1.22,0.67));
#4132=VECTOR('',#5071,1.124976541792);
#4133=CARTESIAN_POINT('',(3.35,-2.2,-1.8));
#4134=CARTESIAN_POINT('',(3.35,-2.2,-1.8));
#4135=VECTOR('',#5072,0.4);
#4136=CARTESIAN_POINT('',(3.35,-2.2,-1.8));
#4137=VECTOR('',#5073,2.15);
#4138=CARTESIAN_POINT('',(1.7,-2.2,-7.35));
#4139=CARTESIAN_POINT('',(1.7,-2.2,-9.8));
#4140=CARTESIAN_POINT('',(1.7,-2.2,-7.35));
#4141=VECTOR('',#5074,2.45);
#4142=CARTESIAN_POINT('',(-0.8,-2.2,-7.35));
#4143=CARTESIAN_POINT('',(-0.8,-2.2,-7.35));
#4144=VECTOR('',#5075,2.5);
#4145=CARTESIAN_POINT('',(-0.8,-2.2,-9.8));
#4146=CARTESIAN_POINT('',(-0.8,-2.2,-7.35));
#4147=VECTOR('',#5076,2.45);
#4148=CARTESIAN_POINT('',(-7.35,-2.2,-9.8));
#4149=CARTESIAN_POINT('',(-0.8,-2.2,-9.8));
#4150=VECTOR('',#5077,6.55);
#4151=CARTESIAN_POINT('',(-7.35,-2.2,-9.4));
#4152=CARTESIAN_POINT('',(-7.35,-2.2,-9.8));
#4153=VECTOR('',#5078,0.4);
#4154=CARTESIAN_POINT('',(-5.45,-2.2,-9.4));
#4155=CARTESIAN_POINT('',(-5.45,-2.2,-9.4));
#4156=VECTOR('',#5079,1.9);
#4157=CARTESIAN_POINT('',(-5.45,-2.2,-1.8));
#4158=CARTESIAN_POINT('',(-5.45,-2.2,-9.4));
#4159=VECTOR('',#5080,7.6);
#4160=CARTESIAN_POINT('',(-2.9,-2.2,-1.8));
#4161=CARTESIAN_POINT('',(-2.9,-2.2,-1.8));
#4162=VECTOR('',#5081,2.55);
#4163=CARTESIAN_POINT('',(-2.9,-2.2,-6.3));
#4164=CARTESIAN_POINT('',(-2.9,-2.2,-6.3));
#4165=VECTOR('',#5082,4.5);
#4166=CARTESIAN_POINT('',(-2.45,-2.2,-6.3));
#4167=VECTOR('',#5083,0.45);
#4168=CARTESIAN_POINT('',(-0.3,-2.2,-1.8));
#4169=CARTESIAN_POINT('',(-2.45,-2.2,-1.8));
#4170=VECTOR('',#5084,2.15);
#4171=CARTESIAN_POINT('',(-0.3,-2.2,10.4));
#4172=VECTOR('',#5085,12.2);
#4173=CARTESIAN_POINT('',(3.35,-2.2,-6.3));
#4174=CARTESIAN_POINT('',(3.35,-2.2,-6.3));
#4175=VECTOR('',#5086,4.5);
#4176=CARTESIAN_POINT('',(3.8,-2.2,-6.3));
#4177=CARTESIAN_POINT('',(3.8,-2.2,-6.3));
#4178=VECTOR('',#5087,0.45);
#4179=CARTESIAN_POINT('',(3.8,-2.2,-1.8));
#4180=CARTESIAN_POINT('',(3.8,-2.2,-6.3));
#4181=VECTOR('',#5088,4.5);
#4182=CARTESIAN_POINT('',(6.35,-2.2,-1.8));
#4183=CARTESIAN_POINT('',(6.35,-2.2,-1.8));
#4184=VECTOR('',#5089,2.55);
#4185=CARTESIAN_POINT('',(6.35,-2.2,-9.4));
#4186=CARTESIAN_POINT('',(6.35,-2.2,-9.4));
#4187=VECTOR('',#5090,7.6);
#4188=CARTESIAN_POINT('',(7.35,-2.2,-9.4));
#4189=CARTESIAN_POINT('',(7.35,-2.2,-9.4));
#4190=VECTOR('',#5091,1.0);
#4191=CARTESIAN_POINT('',(7.35,-2.2,-9.8));
#4192=CARTESIAN_POINT('',(7.35,-2.2,-9.8));
#4193=VECTOR('',#5092,0.4);
#4194=CARTESIAN_POINT('',(7.35,-2.2,-9.8));
#4195=VECTOR('',#5093,5.65);
#4196=CARTESIAN_POINT('',(7.35,-2.8,-10.4));
#4197=CARTESIAN_POINT('',(7.35,-2.8,-10.4));
#4198=VECTOR('',#5094,0.8485281374239);
#4199=CARTESIAN_POINT('',(1.7,-2.8,-10.4));
#4200=CARTESIAN_POINT('',(7.35,-2.8,-10.4));
#4201=VECTOR('',#5095,5.65);
#4202=CARTESIAN_POINT('',(1.7,-2.2,-9.8));
#4203=VECTOR('',#5096,0.8485281374239);
#4204=CARTESIAN_POINT('',(1.7,-3.2,-10.4));
#4205=VECTOR('',#5097,0.4);
#4206=CARTESIAN_POINT('',(1.7,-2.2,-7.35));
#4207=VECTOR('',#5098,1.0);
#4208=CARTESIAN_POINT('',(-0.8,-2.2,-7.35));
#4209=VECTOR('',#5099,1.0);
#4210=CARTESIAN_POINT('',(-0.8,-2.8,-10.4));
#4211=CARTESIAN_POINT('',(-0.8,-3.2,-10.4));
#4212=VECTOR('',#5100,0.4);
#4213=CARTESIAN_POINT('',(-0.8,-2.8,-10.4));
#4214=VECTOR('',#5101,0.8485281374239);
#4215=CARTESIAN_POINT('',(-7.35,-2.8,-10.4));
#4216=CARTESIAN_POINT('',(-0.8,-2.8,-10.4));
#4217=VECTOR('',#5102,6.55);
#4218=CARTESIAN_POINT('',(-7.35,-2.2,-9.8));
#4219=VECTOR('',#5103,0.8485281374239);
#4220=CARTESIAN_POINT('',(-7.35,-3.2,-10.4));
#4221=VECTOR('',#5104,0.4);
#4222=CARTESIAN_POINT('',(-7.35,-1.8,3.8));
#4223=CARTESIAN_POINT('',(-7.35,-1.8,10.4));
#4224=VECTOR('',#5105,6.6);
#4225=CARTESIAN_POINT('',(-7.35,0.45,3.8));
#4226=CARTESIAN_POINT('',(-7.35,0.45,3.8));
#4227=VECTOR('',#5106,2.25);
#4228=CARTESIAN_POINT('',(-7.35,0.45,-10.4));
#4229=CARTESIAN_POINT('',(-7.35,0.45,-10.4));
#4230=VECTOR('',#5107,14.2);
#4231=CARTESIAN_POINT('',(-7.35,-0.35,-10.4));
#4232=CARTESIAN_POINT('',(-7.35,-0.35,-10.4));
#4233=VECTOR('',#5108,0.8);
#4234=CARTESIAN_POINT('',(-7.35,-0.35,-9.4));
#4235=CARTESIAN_POINT('',(-7.35,-0.35,-10.4));
#4236=VECTOR('',#5109,1.0);
#4237=CARTESIAN_POINT('',(-7.35,-2.2,-9.4));
#4238=VECTOR('',#5110,1.85);
#4239=CARTESIAN_POINT('',(-5.45,-0.35,-9.4));
#4240=CARTESIAN_POINT('',(-7.35,-0.35,-9.4));
#4241=VECTOR('',#5111,1.9);
#4242=CARTESIAN_POINT('',(-5.45,-2.2,-9.4));
#4243=VECTOR('',#5112,1.85);
#4244=CARTESIAN_POINT('',(6.35,-0.35,-9.4));
#4245=CARTESIAN_POINT('',(6.35,-0.35,-9.4));
#4246=VECTOR('',#5113,1.85);
#4247=CARTESIAN_POINT('',(7.35,-0.35,-9.4));
#4248=CARTESIAN_POINT('',(6.35,-0.35,-9.4));
#4249=VECTOR('',#5114,1.0);
#4250=CARTESIAN_POINT('',(7.35,-2.2,-9.4));
#4251=VECTOR('',#5115,1.85);
#4252=CARTESIAN_POINT('',(-5.45,-0.35,-1.8));
#4253=CARTESIAN_POINT('',(-5.45,-0.35,-9.4));
#4254=VECTOR('',#5116,7.6);
#4255=CARTESIAN_POINT('',(-5.45,-2.2,-1.8));
#4256=VECTOR('',#5117,1.85);
#4257=CARTESIAN_POINT('',(-2.9,-0.35,-1.8));
#4258=CARTESIAN_POINT('',(-2.9,-0.35,-1.8));
#4259=VECTOR('',#5118,1.85);
#4260=CARTESIAN_POINT('',(-4.65,-0.35,-1.8));
#4261=CARTESIAN_POINT('',(-4.65,-0.35,-1.8));
#4262=VECTOR('',#5119,0.8);
#4263=CARTESIAN_POINT('',(-4.65,-1.4,-1.8));
#4264=CARTESIAN_POINT('',(-4.65,-1.4,-1.8));
#4265=VECTOR('',#5120,1.05);
#4266=CARTESIAN_POINT('',(-3.75,-1.4,-1.8));
#4267=CARTESIAN_POINT('',(-4.65,-1.4,-1.8));
#4268=VECTOR('',#5121,0.9);
#4269=CARTESIAN_POINT('',(-3.75,-0.35,-1.8));
#4270=CARTESIAN_POINT('',(-3.75,-0.35,-1.8));
#4271=VECTOR('',#5122,1.05);
#4272=CARTESIAN_POINT('',(-2.9,-0.35,-1.8));
#4273=VECTOR('',#5123,0.85);
#4274=CARTESIAN_POINT('',(5.55,-0.35,-1.8));
#4275=CARTESIAN_POINT('',(5.55,-1.4,-1.8));
#4276=CARTESIAN_POINT('',(5.55,-0.35,-1.8));
#4277=VECTOR('',#5124,1.05);
#4278=CARTESIAN_POINT('',(6.35,-0.35,-1.8));
#4279=CARTESIAN_POINT('',(6.35,-0.35,-1.8));
#4280=VECTOR('',#5125,0.8);
#4281=CARTESIAN_POINT('',(6.35,-0.35,-1.8));
#4282=VECTOR('',#5126,1.85);
#4283=CARTESIAN_POINT('',(3.8,-0.35,-1.8));
#4284=CARTESIAN_POINT('',(3.8,-2.2,-1.8));
#4285=VECTOR('',#5127,1.85);
#4286=CARTESIAN_POINT('',(4.65,-0.35,-1.8));
#4287=CARTESIAN_POINT('',(4.65,-0.35,-1.8));
#4288=VECTOR('',#5128,0.85);
#4289=CARTESIAN_POINT('',(4.65,-1.4,-1.8));
#4290=CARTESIAN_POINT('',(4.65,-1.4,-1.8));
#4291=VECTOR('',#5129,1.05);
#4292=CARTESIAN_POINT('',(4.65,-1.4,-1.8));
#4293=VECTOR('',#5130,0.9);
#4294=CARTESIAN_POINT('',(-4.65,-0.35,-1.8));
#4295=VECTOR('',#5131,0.9);
#4296=CARTESIAN_POINT('',(-2.45,-0.35,-10.4));
#4297=VECTOR('',#5132,4.9);
#4298=CARTESIAN_POINT('',(-2.9,-0.35,-6.3));
#4299=CARTESIAN_POINT('',(-2.9,-0.35,-6.3));
#4300=VECTOR('',#5133,0.45);
#4301=CARTESIAN_POINT('',(-2.9,-0.35,-6.3));
#4302=VECTOR('',#5134,4.5);
#4303=CARTESIAN_POINT('',(-2.9,-0.35,-6.3));
#4304=VECTOR('',#5135,1.85);
#4305=CARTESIAN_POINT('',(3.35,-0.35,-6.3));
#4306=CARTESIAN_POINT('',(3.8,-0.35,-6.3));
#4307=CARTESIAN_POINT('',(3.35,-0.35,-6.3));
#4308=VECTOR('',#5136,0.45);
#4309=CARTESIAN_POINT('',(3.8,-2.2,-6.3));
#4310=VECTOR('',#5137,1.85);
#4311=CARTESIAN_POINT('',(3.35,-2.2,-6.3));
#4312=VECTOR('',#5138,1.85);
#4313=CARTESIAN_POINT('',(3.35,-0.8,7.1));
#4314=CARTESIAN_POINT('',(3.35,-1.8,7.1));
#4315=VECTOR('',#5139,1.0);
#4316=CARTESIAN_POINT('',(3.35,-0.8,10.4));
#4317=VECTOR('',#5140,3.3);
#4318=CARTESIAN_POINT('',(3.35,1.49,3.8));
#4319=CARTESIAN_POINT('',(3.35,1.49,10.4));
#4320=VECTOR('',#5141,6.6);
#4321=CARTESIAN_POINT('',(3.35,3.2,3.8));
#4322=CARTESIAN_POINT('',(3.35,3.2,3.8));
#4323=VECTOR('',#5142,1.71);
#4324=CARTESIAN_POINT('',(3.35,3.2,-10.4));
#4325=CARTESIAN_POINT('',(3.35,3.2,3.8));
#4326=VECTOR('',#5143,14.2);
#4327=CARTESIAN_POINT('',(3.35,-0.35,-10.4));
#4328=CARTESIAN_POINT('',(3.35,3.2,-10.4));
#4329=VECTOR('',#5144,3.55);
#4330=CARTESIAN_POINT('',(3.35,-0.35,-10.4));
#4331=VECTOR('',#5145,4.1);
#4332=CARTESIAN_POINT('',(3.8,-0.35,-6.3));
#4333=VECTOR('',#5146,4.5);
#4334=CARTESIAN_POINT('',(7.35,-0.35,-10.4));
#4335=CARTESIAN_POINT('',(7.35,-0.35,-10.4));
#4336=VECTOR('',#5147,4.0);
#4337=CARTESIAN_POINT('',(7.35,-0.35,-10.4));
#4338=VECTOR('',#5148,1.0);
#4339=CARTESIAN_POINT('',(6.35,-0.35,-9.4));
#4340=VECTOR('',#5149,7.6);
#4341=CARTESIAN_POINT('',(4.65,-0.35,-1.8));
#4342=VECTOR('',#5150,0.9);
#4343=CARTESIAN_POINT('',(5.55,1.14,-1.8));
#4344=CARTESIAN_POINT('',(5.55,-0.35,-1.8));
#4345=VECTOR('',#5151,1.49);
#4346=CARTESIAN_POINT('',(5.95,1.14,-1.8));
#4347=CARTESIAN_POINT('',(5.95,1.14,-1.8));
#4348=VECTOR('',#5152,0.4);
#4349=CARTESIAN_POINT('',(5.95,1.89,-1.8));
#4350=CARTESIAN_POINT('',(5.95,1.14,-1.8));
#4351=VECTOR('',#5153,0.75);
#4352=CARTESIAN_POINT('',(5.55,1.89,-1.8));
#4353=CARTESIAN_POINT('',(5.95,1.89,-1.8));
#4354=VECTOR('',#5154,0.4);
#4355=CARTESIAN_POINT('',(5.55,2.35,-1.8));
#4356=CARTESIAN_POINT('',(5.55,1.89,-1.8));
#4357=VECTOR('',#5155,0.46);
#4358=CARTESIAN_POINT('',(4.65,2.35,-1.8));
#4359=CARTESIAN_POINT('',(5.55,2.35,-1.8));
#4360=VECTOR('',#5156,0.9);
#4361=CARTESIAN_POINT('',(4.65,1.89,-1.8));
#4362=CARTESIAN_POINT('',(4.65,2.35,-1.8));
#4363=VECTOR('',#5157,0.46);
#4364=CARTESIAN_POINT('',(4.25,1.89,-1.8));
#4365=CARTESIAN_POINT('',(4.65,1.89,-1.8));
#4366=VECTOR('',#5158,0.4);
#4367=CARTESIAN_POINT('',(4.25,1.14,-1.8));
#4368=CARTESIAN_POINT('',(4.25,1.89,-1.8));
#4369=VECTOR('',#5159,0.75);
#4370=CARTESIAN_POINT('',(4.65,1.14,-1.8));
#4371=CARTESIAN_POINT('',(4.25,1.14,-1.8));
#4372=VECTOR('',#5160,0.4);
#4373=CARTESIAN_POINT('',(4.65,-0.35,-1.8));
#4374=VECTOR('',#5161,1.49);
#4375=CARTESIAN_POINT('',(4.65,1.14,-0.8));
#4376=CARTESIAN_POINT('',(4.65,1.14,-1.8));
#4377=VECTOR('',#5162,1.0);
#4378=CARTESIAN_POINT('',(4.65,-1.4,-0.8));
#4379=CARTESIAN_POINT('',(4.65,1.14,-0.8));
#4380=VECTOR('',#5163,2.54);
#4381=CARTESIAN_POINT('',(4.65,-1.4,-1.8));
#4382=VECTOR('',#5164,1.0);
#4383=CARTESIAN_POINT('',(4.25,-1.4,-0.8));
#4384=CARTESIAN_POINT('',(4.25,-1.4,-0.8));
#4385=VECTOR('',#5165,0.4);
#4386=CARTESIAN_POINT('',(4.25,-1.4,3.8));
#4387=CARTESIAN_POINT('',(4.25,-1.4,3.8));
#4388=VECTOR('',#5166,4.6);
#4389=CARTESIAN_POINT('',(5.95,-1.4,3.8));
#4390=CARTESIAN_POINT('',(4.25,-1.4,3.8));
#4391=VECTOR('',#5167,1.7);
#4392=CARTESIAN_POINT('',(5.95,-1.4,-0.8));
#4393=CARTESIAN_POINT('',(5.95,-1.4,3.8));
#4394=VECTOR('',#5168,4.6);
#4395=CARTESIAN_POINT('',(5.55,-1.4,-0.8));
#4396=CARTESIAN_POINT('',(5.95,-1.4,-0.8));
#4397=VECTOR('',#5169,0.4);
#4398=CARTESIAN_POINT('',(5.55,-1.4,-1.8));
#4399=VECTOR('',#5170,1.0);
#4400=CARTESIAN_POINT('',(5.55,1.14,-0.8));
#4401=CARTESIAN_POINT('',(5.55,-1.4,-0.8));
#4402=VECTOR('',#5171,2.54);
#4403=CARTESIAN_POINT('',(5.55,1.14,-0.8));
#4404=VECTOR('',#5172,1.0);
#4405=CARTESIAN_POINT('',(5.95,1.14,-0.8));
#4406=CARTESIAN_POINT('',(5.95,1.14,-0.8));
#4407=VECTOR('',#5173,0.4);
#4408=CARTESIAN_POINT('',(5.95,1.14,-1.8));
#4409=VECTOR('',#5174,1.0);
#4410=CARTESIAN_POINT('',(5.95,1.89,3.8));
#4411=CARTESIAN_POINT('',(5.95,-1.4,3.8));
#4412=VECTOR('',#5175,3.29);
#4413=CARTESIAN_POINT('',(5.95,1.89,3.8));
#4414=VECTOR('',#5176,5.6);
#4415=CARTESIAN_POINT('',(5.95,-1.4,-0.8));
#4416=VECTOR('',#5177,2.54);
#4417=CARTESIAN_POINT('',(5.55,1.89,3.8));
#4418=CARTESIAN_POINT('',(5.55,1.89,3.8));
#4419=VECTOR('',#5178,5.6);
#4420=CARTESIAN_POINT('',(5.95,1.89,3.8));
#4421=VECTOR('',#5179,0.4);
#4422=CARTESIAN_POINT('',(4.65,2.35,3.8));
#4423=CARTESIAN_POINT('',(4.65,1.89,3.8));
#4424=CARTESIAN_POINT('',(4.65,2.35,3.8));
#4425=VECTOR('',#5180,0.46);
#4426=CARTESIAN_POINT('',(5.55,2.35,3.8));
#4427=CARTESIAN_POINT('',(5.55,2.35,3.8));
#4428=VECTOR('',#5181,0.9);
#4429=CARTESIAN_POINT('',(5.55,1.89,3.8));
#4430=VECTOR('',#5182,0.46);
#4431=CARTESIAN_POINT('',(4.25,-1.8,3.8));
#4432=CARTESIAN_POINT('',(4.25,-1.4,3.8));
#4433=VECTOR('',#5183,0.4);
#4434=CARTESIAN_POINT('',(7.35,-1.8,3.8));
#4435=CARTESIAN_POINT('',(7.35,-1.8,3.8));
#4436=VECTOR('',#5184,3.1);
#4437=CARTESIAN_POINT('',(7.35,3.2,3.8));
#4438=CARTESIAN_POINT('',(7.35,3.2,3.8));
#4439=VECTOR('',#5185,5.0);
#4440=CARTESIAN_POINT('',(3.35,3.2,3.8));
#4441=VECTOR('',#5186,4.0);
#4442=CARTESIAN_POINT('',(4.25,1.49,3.8));
#4443=CARTESIAN_POINT('',(4.25,1.49,3.8));
#4444=VECTOR('',#5187,0.9);
#4445=CARTESIAN_POINT('',(4.25,1.89,3.8));
#4446=CARTESIAN_POINT('',(4.25,1.89,3.8));
#4447=VECTOR('',#5188,0.4);
#4448=CARTESIAN_POINT('',(4.65,1.89,3.8));
#4449=VECTOR('',#5189,0.4);
#4450=CARTESIAN_POINT('',(4.25,1.89,3.8));
#4451=VECTOR('',#5190,5.6);
#4452=CARTESIAN_POINT('',(4.65,1.89,3.8));
#4453=VECTOR('',#5191,5.6);
#4454=CARTESIAN_POINT('',(4.65,2.35,3.8));
#4455=VECTOR('',#5192,5.6);
#4456=CARTESIAN_POINT('',(5.55,2.35,3.8));
#4457=VECTOR('',#5193,5.6);
#4458=CARTESIAN_POINT('',(4.25,1.14,-0.8));
#4459=CARTESIAN_POINT('',(4.25,-1.4,-0.8));
#4460=VECTOR('',#5194,2.54);
#4461=CARTESIAN_POINT('',(4.25,1.14,-1.8));
#4462=VECTOR('',#5195,1.0);
#4463=CARTESIAN_POINT('',(4.25,1.49,10.4));
#4464=VECTOR('',#5196,6.6);
#4465=CARTESIAN_POINT('',(4.25,-1.8,3.8));
#4466=VECTOR('',#5197,6.6);
#4467=CARTESIAN_POINT('',(-3.35,-1.8,3.8));
#4468=CARTESIAN_POINT('',(-3.35,-1.8,10.4));
#4469=VECTOR('',#5198,6.6);
#4470=CARTESIAN_POINT('',(-3.35,-1.8,3.8));
#4471=VECTOR('',#5199,4.0);
#4472=CARTESIAN_POINT('',(7.35,-1.8,10.4));
#4473=VECTOR('',#5200,6.6);
#4474=CARTESIAN_POINT('',(-6.25,3.2,3.8));
#4475=CARTESIAN_POINT('',(-6.25,0.45,3.8));
#4476=CARTESIAN_POINT('',(-6.25,3.2,3.8));
#4477=VECTOR('',#5201,2.75);
#4478=CARTESIAN_POINT('',(-7.35,0.45,3.8));
#4479=VECTOR('',#5202,1.1);
#4480=CARTESIAN_POINT('',(-3.35,-1.4,3.8));
#4481=CARTESIAN_POINT('',(-3.35,-1.4,3.8));
#4482=VECTOR('',#5203,0.4);
#4483=CARTESIAN_POINT('',(-5.05,-1.4,3.8));
#4484=CARTESIAN_POINT('',(-5.05,-1.4,3.8));
#4485=VECTOR('',#5204,1.7);
#4486=CARTESIAN_POINT('',(-5.05,1.49,3.8));
#4487=CARTESIAN_POINT('',(-5.05,-1.4,3.8));
#4488=VECTOR('',#5205,2.89);
#4489=CARTESIAN_POINT('',(-4.65,1.49,3.8));
#4490=CARTESIAN_POINT('',(-4.65,1.49,3.8));
#4491=VECTOR('',#5206,0.4);
#4492=CARTESIAN_POINT('',(-4.65,2.35,3.8));
#4493=CARTESIAN_POINT('',(-4.65,2.35,3.8));
#4494=VECTOR('',#5207,0.86);
#4495=CARTESIAN_POINT('',(-3.75,2.35,3.8));
#4496=CARTESIAN_POINT('',(-3.75,2.35,3.8));
#4497=VECTOR('',#5208,0.9);
#4498=CARTESIAN_POINT('',(-3.75,1.49,3.8));
#4499=CARTESIAN_POINT('',(-3.75,1.49,3.8));
#4500=VECTOR('',#5209,0.86);
#4501=CARTESIAN_POINT('',(-3.35,1.49,3.8));
#4502=CARTESIAN_POINT('',(-3.35,1.49,3.8));
#4503=VECTOR('',#5210,0.4);
#4504=CARTESIAN_POINT('',(-2.45,1.49,3.8));
#4505=VECTOR('',#5211,0.9);
#4506=CARTESIAN_POINT('',(-6.25,3.2,3.8));
#4507=VECTOR('',#5212,3.8);
#4508=CARTESIAN_POINT('',(-6.25,3.2,-10.4));
#4509=CARTESIAN_POINT('',(-2.45,3.2,-10.4));
#4510=VECTOR('',#5213,3.8);
#4511=CARTESIAN_POINT('',(-6.25,3.2,-10.4));
#4512=VECTOR('',#5214,14.2);
#4513=CARTESIAN_POINT('',(7.35,3.2,-10.4));
#4514=CARTESIAN_POINT('',(7.35,3.2,3.8));
#4515=VECTOR('',#5215,14.2);
#4516=CARTESIAN_POINT('',(7.35,3.2,-10.4));
#4517=VECTOR('',#5216,4.0);
#4518=CARTESIAN_POINT('',(-6.25,0.45,-10.4));
#4519=CARTESIAN_POINT('',(-6.25,3.2,-10.4));
#4520=VECTOR('',#5217,2.75);
#4521=CARTESIAN_POINT('',(-6.25,0.45,3.8));
#4522=VECTOR('',#5218,14.2);
#4523=CARTESIAN_POINT('',(-7.35,0.45,-10.4));
#4524=VECTOR('',#5219,1.1);
#4525=CARTESIAN_POINT('',(7.35,-0.35,-10.4));
#4526=VECTOR('',#5220,3.55);
#4527=CARTESIAN_POINT('',(4.45,2.75,-10.4));
#4528=CARTESIAN_POINT('',(5.75,2.75,-10.4));
#4529=CARTESIAN_POINT('',(4.45,2.75,-10.4));
#4530=VECTOR('',#5221,1.3);
#4531=CARTESIAN_POINT('',(4.45,2.29,-10.4));
#4532=CARTESIAN_POINT('',(4.45,2.29,-10.4));
#4533=VECTOR('',#5222,0.46);
#4534=CARTESIAN_POINT('',(4.65,2.29,-10.4));
#4535=CARTESIAN_POINT('',(4.65,2.29,-10.4));
#4536=VECTOR('',#5223,0.2);
#4537=CARTESIAN_POINT('',(4.65,1.19,-10.4));
#4538=CARTESIAN_POINT('',(4.65,1.19,-10.4));
#4539=VECTOR('',#5224,1.1);
#4540=CARTESIAN_POINT('',(5.55,1.19,-10.4));
#4541=CARTESIAN_POINT('',(5.55,1.19,-10.4));
#4542=VECTOR('',#5225,0.9);
#4543=CARTESIAN_POINT('',(5.55,2.29,-10.4));
#4544=CARTESIAN_POINT('',(5.55,2.29,-10.4));
#4545=VECTOR('',#5226,1.1);
#4546=CARTESIAN_POINT('',(5.75,2.29,-10.4));
#4547=CARTESIAN_POINT('',(5.75,2.29,-10.4));
#4548=VECTOR('',#5227,0.2);
#4549=CARTESIAN_POINT('',(5.75,2.75,-10.4));
#4550=VECTOR('',#5228,0.46);
#4551=CARTESIAN_POINT('',(-4.85,2.75,-10.4));
#4552=CARTESIAN_POINT('',(-3.55,2.75,-10.4));
#4553=CARTESIAN_POINT('',(-4.85,2.75,-10.4));
#4554=VECTOR('',#5229,1.3);
#4555=CARTESIAN_POINT('',(-4.85,2.29,-10.4));
#4556=CARTESIAN_POINT('',(-4.85,2.29,-10.4));
#4557=VECTOR('',#5230,0.46);
#4558=CARTESIAN_POINT('',(-4.65,2.29,-10.4));
#4559=CARTESIAN_POINT('',(-4.65,2.29,-10.4));
#4560=VECTOR('',#5231,0.2);
#4561=CARTESIAN_POINT('',(-4.65,1.19,-10.4));
#4562=CARTESIAN_POINT('',(-4.65,1.19,-10.4));
#4563=VECTOR('',#5232,1.1);
#4564=CARTESIAN_POINT('',(-3.75,1.19,-10.4));
#4565=CARTESIAN_POINT('',(-3.75,1.19,-10.4));
#4566=VECTOR('',#5233,0.9);
#4567=CARTESIAN_POINT('',(-3.75,2.29,-10.4));
#4568=CARTESIAN_POINT('',(-3.75,2.29,-10.4));
#4569=VECTOR('',#5234,1.1);
#4570=CARTESIAN_POINT('',(-3.55,2.29,-10.4));
#4571=CARTESIAN_POINT('',(-3.55,2.29,-10.4));
#4572=VECTOR('',#5235,0.2);
#4573=CARTESIAN_POINT('',(-3.55,2.75,-10.4));
#4574=VECTOR('',#5236,0.46);
#4575=CARTESIAN_POINT('',(7.35,-3.2,-10.4));
#4576=VECTOR('',#5237,0.4);
#4577=CARTESIAN_POINT('',(-3.55,2.29,-9.6));
#4578=CARTESIAN_POINT('',(-3.55,2.29,-10.4));
#4579=VECTOR('',#5238,0.8);
#4580=CARTESIAN_POINT('',(-3.55,2.75,-9.6));
#4581=CARTESIAN_POINT('',(-3.55,2.75,-9.6));
#4582=VECTOR('',#5239,0.46);
#4583=CARTESIAN_POINT('',(-3.55,2.75,-10.4));
#4584=VECTOR('',#5240,0.8);
#4585=CARTESIAN_POINT('',(-4.85,2.75,-9.6));
#4586=CARTESIAN_POINT('',(-4.85,2.75,-9.6));
#4587=VECTOR('',#5241,1.3);
#4588=CARTESIAN_POINT('',(-4.85,2.75,-10.4));
#4589=VECTOR('',#5242,0.8);
#4590=CARTESIAN_POINT('',(-4.85,2.29,-9.6));
#4591=CARTESIAN_POINT('',(-4.85,2.29,-9.6));
#4592=VECTOR('',#5243,0.46);
#4593=CARTESIAN_POINT('',(-4.85,2.29,-10.4));
#4594=VECTOR('',#5244,0.8);
#4595=CARTESIAN_POINT('',(-4.65,2.29,-9.6));
#4596=CARTESIAN_POINT('',(-4.65,2.29,-9.6));
#4597=VECTOR('',#5245,0.2);
#4598=CARTESIAN_POINT('',(-4.65,2.29,-10.4));
#4599=VECTOR('',#5246,0.8);
#4600=CARTESIAN_POINT('',(-4.65,1.19,-9.6));
#4601=CARTESIAN_POINT('',(-4.65,1.19,-9.6));
#4602=VECTOR('',#5247,1.1);
#4603=CARTESIAN_POINT('',(-4.65,1.19,-10.4));
#4604=VECTOR('',#5248,0.8);
#4605=CARTESIAN_POINT('',(-3.75,1.19,-9.6));
#4606=CARTESIAN_POINT('',(-3.75,1.19,-9.6));
#4607=VECTOR('',#5249,0.9);
#4608=CARTESIAN_POINT('',(-3.75,1.19,-10.4));
#4609=VECTOR('',#5250,0.8);
#4610=CARTESIAN_POINT('',(-3.75,2.29,-9.6));
#4611=CARTESIAN_POINT('',(-3.75,2.29,-9.6));
#4612=VECTOR('',#5251,1.1);
#4613=CARTESIAN_POINT('',(-3.75,2.29,-10.4));
#4614=VECTOR('',#5252,0.8);
#4615=CARTESIAN_POINT('',(-3.55,2.29,-9.6));
#4616=VECTOR('',#5253,0.2);
#4617=CARTESIAN_POINT('',(5.75,2.29,-9.6));
#4618=CARTESIAN_POINT('',(5.75,2.29,-10.4));
#4619=VECTOR('',#5254,0.8);
#4620=CARTESIAN_POINT('',(5.75,2.75,-9.6));
#4621=CARTESIAN_POINT('',(5.75,2.75,-9.6));
#4622=VECTOR('',#5255,0.46);
#4623=CARTESIAN_POINT('',(5.75,2.75,-10.4));
#4624=VECTOR('',#5256,0.8);
#4625=CARTESIAN_POINT('',(4.45,2.75,-9.6));
#4626=CARTESIAN_POINT('',(4.45,2.75,-9.6));
#4627=VECTOR('',#5257,1.3);
#4628=CARTESIAN_POINT('',(4.45,2.75,-10.4));
#4629=VECTOR('',#5258,0.8);
#4630=CARTESIAN_POINT('',(4.45,2.29,-9.6));
#4631=CARTESIAN_POINT('',(4.45,2.29,-9.6));
#4632=VECTOR('',#5259,0.46);
#4633=CARTESIAN_POINT('',(4.45,2.29,-10.4));
#4634=VECTOR('',#5260,0.8);
#4635=CARTESIAN_POINT('',(4.65,2.29,-9.6));
#4636=CARTESIAN_POINT('',(4.65,2.29,-9.6));
#4637=VECTOR('',#5261,0.2);
#4638=CARTESIAN_POINT('',(4.65,2.29,-10.4));
#4639=VECTOR('',#5262,0.8);
#4640=CARTESIAN_POINT('',(4.65,1.19,-9.6));
#4641=CARTESIAN_POINT('',(4.65,1.19,-9.6));
#4642=VECTOR('',#5263,1.1);
#4643=CARTESIAN_POINT('',(4.65,1.19,-10.4));
#4644=VECTOR('',#5264,0.8);
#4645=CARTESIAN_POINT('',(5.55,1.19,-9.6));
#4646=CARTESIAN_POINT('',(5.55,1.19,-9.6));
#4647=VECTOR('',#5265,0.9);
#4648=CARTESIAN_POINT('',(5.55,1.19,-10.4));
#4649=VECTOR('',#5266,0.8);
#4650=CARTESIAN_POINT('',(5.55,2.29,-9.6));
#4651=CARTESIAN_POINT('',(5.55,2.29,-9.6));
#4652=VECTOR('',#5267,1.1);
#4653=CARTESIAN_POINT('',(5.55,2.29,-10.4));
#4654=VECTOR('',#5268,0.8);
#4655=CARTESIAN_POINT('',(5.75,2.29,-9.6));
#4656=VECTOR('',#5269,0.2);
#4657=CARTESIAN_POINT('',(-3.35,1.49,10.4));
#4658=VECTOR('',#5270,6.6);
#4659=CARTESIAN_POINT('',(-3.35,1.49,-1.8));
#4660=CARTESIAN_POINT('',(-3.35,1.49,3.8));
#4661=VECTOR('',#5271,5.6);
#4662=CARTESIAN_POINT('',(-3.35,1.14,-1.8));
#4663=CARTESIAN_POINT('',(-3.35,1.14,-1.8));
#4664=VECTOR('',#5272,0.35);
#4665=CARTESIAN_POINT('',(-3.35,1.14,-0.8));
#4666=CARTESIAN_POINT('',(-3.35,1.14,-1.8));
#4667=VECTOR('',#5273,1.0);
#4668=CARTESIAN_POINT('',(-3.35,-1.4,-0.8));
#4669=CARTESIAN_POINT('',(-3.35,-1.4,-0.8));
#4670=VECTOR('',#5274,2.54);
#4671=CARTESIAN_POINT('',(-3.35,-1.4,3.8));
#4672=VECTOR('',#5275,4.6);
#4673=CARTESIAN_POINT('',(-4.65,-1.4,-0.8));
#4674=CARTESIAN_POINT('',(-4.65,-1.4,-1.8));
#4675=VECTOR('',#5276,1.0);
#4676=CARTESIAN_POINT('',(-5.05,-1.4,-0.8));
#4677=CARTESIAN_POINT('',(-5.05,-1.4,-0.8));
#4678=VECTOR('',#5277,0.4);
#4679=CARTESIAN_POINT('',(-5.05,-1.4,3.8));
#4680=VECTOR('',#5278,4.6);
#4681=CARTESIAN_POINT('',(-3.75,-1.4,-0.8));
#4682=CARTESIAN_POINT('',(-3.35,-1.4,-0.8));
#4683=VECTOR('',#5279,0.4);
#4684=CARTESIAN_POINT('',(-3.75,-1.4,-1.8));
#4685=VECTOR('',#5280,1.0);
#4686=CARTESIAN_POINT('',(-3.75,1.14,-0.8));
#4687=CARTESIAN_POINT('',(-3.75,-1.4,-0.8));
#4688=VECTOR('',#5281,2.54);
#4689=CARTESIAN_POINT('',(-3.75,1.14,-1.8));
#4690=CARTESIAN_POINT('',(-3.75,1.14,-0.8));
#4691=VECTOR('',#5282,1.0);
#4692=CARTESIAN_POINT('',(-3.75,-0.35,-1.8));
#4693=VECTOR('',#5283,1.49);
#4694=CARTESIAN_POINT('',(-3.35,1.14,-1.8));
#4695=VECTOR('',#5284,0.4);
#4696=CARTESIAN_POINT('',(-3.75,1.49,-1.8));
#4697=CARTESIAN_POINT('',(-3.35,1.49,-1.8));
#4698=VECTOR('',#5285,0.4);
#4699=CARTESIAN_POINT('',(-3.75,2.35,-1.8));
#4700=CARTESIAN_POINT('',(-3.75,1.49,-1.8));
#4701=VECTOR('',#5286,0.86);
#4702=CARTESIAN_POINT('',(-4.65,2.35,-1.8));
#4703=CARTESIAN_POINT('',(-3.75,2.35,-1.8));
#4704=VECTOR('',#5287,0.9);
#4705=CARTESIAN_POINT('',(-4.65,1.49,-1.8));
#4706=CARTESIAN_POINT('',(-4.65,2.35,-1.8));
#4707=VECTOR('',#5288,0.86);
#4708=CARTESIAN_POINT('',(-5.05,1.49,-1.8));
#4709=CARTESIAN_POINT('',(-4.65,1.49,-1.8));
#4710=VECTOR('',#5289,0.4);
#4711=CARTESIAN_POINT('',(-5.05,1.14,-1.8));
#4712=CARTESIAN_POINT('',(-5.05,1.49,-1.8));
#4713=VECTOR('',#5290,0.35);
#4714=CARTESIAN_POINT('',(-4.65,1.14,-1.8));
#4715=CARTESIAN_POINT('',(-5.05,1.14,-1.8));
#4716=VECTOR('',#5291,0.4);
#4717=CARTESIAN_POINT('',(-4.65,-0.35,-1.8));
#4718=VECTOR('',#5292,1.49);
#4719=CARTESIAN_POINT('',(-4.65,1.14,-0.8));
#4720=CARTESIAN_POINT('',(-4.65,1.14,-1.8));
#4721=VECTOR('',#5293,1.0);
#4722=CARTESIAN_POINT('',(-4.65,1.14,-0.8));
#4723=VECTOR('',#5294,2.54);
#4724=CARTESIAN_POINT('',(-5.05,1.14,-0.8));
#4725=CARTESIAN_POINT('',(-5.05,1.14,-0.8));
#4726=VECTOR('',#5295,0.4);
#4727=CARTESIAN_POINT('',(-5.05,-1.4,-0.8));
#4728=VECTOR('',#5296,2.54);
#4729=CARTESIAN_POINT('',(-5.05,1.14,-1.8));
#4730=VECTOR('',#5297,1.0);
#4731=CARTESIAN_POINT('',(-5.05,1.49,3.8));
#4732=VECTOR('',#5298,5.6);
#4733=CARTESIAN_POINT('',(-4.65,1.49,3.8));
#4734=VECTOR('',#5299,5.6);
#4735=CARTESIAN_POINT('',(-4.65,2.35,3.8));
#4736=VECTOR('',#5300,5.6);
#4737=CARTESIAN_POINT('',(-3.75,2.35,3.8));
#4738=VECTOR('',#5301,5.6);
#4739=CARTESIAN_POINT('',(-3.75,1.49,3.8));
#4740=VECTOR('',#5302,5.6);
#4741=CARTESIAN_POINT('',(-3.35,1.14,-0.8));
#4742=VECTOR('',#5303,0.4);
#4743=CARTESIAN_POINT('',(4.25,1.14,-0.8));
#4744=VECTOR('',#5304,0.4);
#4745=CARTESIAN_POINT('',(2.7,-0.8,7.1));
#4746=CARTESIAN_POINT('',(3.35,-0.8,7.1));
#4747=VECTOR('',#5305,0.65);
#4748=CARTESIAN_POINT('',(2.7,-0.8,7.1));
#4749=VECTOR('',#5306,3.3);
#4750=CARTESIAN_POINT('',(2.7,-1.3,7.1));
#4751=VECTOR('',#5307,0.5);
#4752=CARTESIAN_POINT('',(2.7,-1.8,7.1));
#4753=VECTOR('',#5308,0.5);
#4754=CARTESIAN_POINT('',(-0.3,-2.2,-1.8));
#4755=VECTOR('',#5309,0.4);
#4756=CARTESIAN_POINT('',(-0.3,-1.8,-0.53));
#4757=VECTOR('',#5310,0.5176488730339);
#4758=CARTESIAN_POINT('',(-0.3,1.5,2.574));
#4759=CARTESIAN_POINT('',(-0.3,1.5,5.6));
#4760=VECTOR('',#5311,3.026);
#4761=CARTESIAN_POINT('',(-0.3,0.7,5.6));
#4762=VECTOR('',#5312,0.8);
#4763=CARTESIAN_POINT('',(-0.3,0.7,2.574));
#4764=VECTOR('',#5313,0.8);
#4765=CARTESIAN_POINT('',(-1.747678106418,-1.299886581029,-0.3954951577903));
#4766=VECTOR('',#5314,1.115678121353);
#4767=CARTESIAN_POINT('',(-0.632,-0.09597228928638,-0.07));
#4768=CARTESIAN_POINT('',(-1.750518659626,-0.09597228928638,-0.07));
#4769=VECTOR('',#5315,1.118518659626);
#4770=CARTESIAN_POINT('',(-0.632,-0.09597228928638,-0.07));
#4771=VECTOR('',#5316,1.247321968853);
#4772=CARTESIAN_POINT('',(-0.632,-0.6,1.0));
#4773=AXIS2_PLACEMENT_3D('',#5317,#5318,#5319);
#4774=CARTESIAN_POINT('',(-0.632,-0.7,1.0));
#4775=CARTESIAN_POINT('',(-0.632,-0.7,1.0));
#4776=VECTOR('',#5320,0.1);
#4777=AXIS2_PLACEMENT_3D('',#5321,#5322,#5323);
#4778=CARTESIAN_POINT('',(-0.632,1.22,0.67));
#4779=CARTESIAN_POINT('',(-0.632,1.22,0.67));
#4780=VECTOR('',#5324,1.509762586028);
#4781=CARTESIAN_POINT('',(-0.632,1.5,1.737296518422));
#4782=CARTESIAN_POINT('',(-0.632,1.5,1.737296518422));
#4783=VECTOR('',#5325,1.103413729403);
#4784=CARTESIAN_POINT('',(-0.632,1.5,2.574));
#4785=CARTESIAN_POINT('',(-0.632,1.5,1.737296518422));
#4786=VECTOR('',#5326,0.8367034815782);
#4787=CARTESIAN_POINT('',(-0.632,1.5,2.574));
#4788=VECTOR('',#5327,0.8);
#4789=AXIS2_PLACEMENT_3D('',#5328,#5329,#5330);
#4790=CARTESIAN_POINT('',(-1.766290697401,1.5,1.737296518422));
#4791=VECTOR('',#5331,1.134290697401);
#4792=CARTESIAN_POINT('',(-1.756976541792,1.22,0.67));
#4793=VECTOR('',#5332,1.124976541792);
#4794=CARTESIAN_POINT('',(-1.759856408163,-0.7,1.0));
#4795=VECTOR('',#5333,1.127856408163);
#4796=CARTESIAN_POINT('',(-1.759856408163,-0.6,1.0));
#4797=VECTOR('',#5334,1.127856408163);
#4798=CARTESIAN_POINT('',(-0.1399046414254,2.036272267085,-9.687421767621));
#4799=CARTESIAN_POINT('',(-0.3,2.8,5.6));
#4800=VECTOR('',#5335,15.30732422323);
#4801=CARTESIAN_POINT('',(-0.1324422668432,1.287206441334,-10.4));
#4802=CARTESIAN_POINT('',(-0.1399046414254,2.036272267085,-9.687421767621));
#4803=CARTESIAN_POINT('',(-0.1386609463407,2.030339275424,-9.806181558529));
#4804=CARTESIAN_POINT('',(-0.1366958364865,1.971027605815,-9.993828867158));
#4805=CARTESIAN_POINT('',(-0.134493740117,1.814330179481,-10.20410589376));
#4806=CARTESIAN_POINT('',(-0.1329646196651,1.596497375573,-10.35012080318));
#4807=CARTESIAN_POINT('',(-0.1324422668432,1.406120843759,-10.4));
#4808=CARTESIAN_POINT('',(-0.1324422668432,1.287206441334,-10.4));
#4809=CARTESIAN_POINT('',(-0.1324422668432,0.192187633765,-10.4));
#4810=CARTESIAN_POINT('',(-0.1324422668432,1.287206441334,-10.4));
#4811=VECTOR('',#5336,1.095018807569);
#4812=CARTESIAN_POINT('',(-0.1476271864106,-1.663727732915,-8.95));
#4813=CARTESIAN_POINT('',(-0.1324422668432,0.192187633765,-10.4));
#4814=VECTOR('',#5337,2.355239357276);
#4815=CARTESIAN_POINT('',(-0.1580995447329,-1.663727732915,-7.95));
#4816=CARTESIAN_POINT('',(-0.1476271864106,-1.663727732915,-8.95));
#4817=VECTOR('',#5338,1.000054833641);
#4818=CARTESIAN_POINT('',(-0.1580995447329,-0.06372773291499,-7.95));
#4819=CARTESIAN_POINT('',(-0.1580995447329,-1.663727732915,-7.95));
#4820=VECTOR('',#5339,1.6);
#4821=CARTESIAN_POINT('',(-0.1580995447329,-0.06372773291499,-7.95));
#4822=VECTOR('',#5340,8.763269851272);
#4823=CARTESIAN_POINT('',(1.058099544733,-0.06372773291499,-7.95));
#4824=CARTESIAN_POINT('',(1.058099544733,-0.06372773291499,-7.95));
#4825=VECTOR('',#5341,1.216199089466);
#4826=CARTESIAN_POINT('',(1.058099544733,-0.06372773291499,-7.95));
#4827=VECTOR('',#5342,8.763269851272);
#4828=CARTESIAN_POINT('',(1.058099544733,-1.663727732915,-7.95));
#4829=CARTESIAN_POINT('',(1.058099544733,-1.663727732915,-7.95));
#4830=VECTOR('',#5343,1.6);
#4831=CARTESIAN_POINT('',(1.047627186411,-1.663727732915,-8.95));
#4832=CARTESIAN_POINT('',(1.047627186411,-1.663727732915,-8.95));
#4833=VECTOR('',#5344,1.000054833641);
#4834=CARTESIAN_POINT('',(1.032442266843,0.192187633765,-10.4));
#4835=CARTESIAN_POINT('',(1.032442266843,0.192187633765,-10.4));
#4836=VECTOR('',#5345,2.355239357276);
#4837=CARTESIAN_POINT('',(1.032442266843,1.287206441334,-10.4));
#4838=CARTESIAN_POINT('',(1.032442266843,1.287206441334,-10.4));
#4839=VECTOR('',#5346,1.095018807569);
#4840=CARTESIAN_POINT('',(1.039904641425,2.036272267085,-9.687421767621));
#4841=CARTESIAN_POINT('',(1.039904641425,2.036272267085,-9.687421767621));
#4842=CARTESIAN_POINT('',(1.038660946341,2.030339275424,-9.806181558529));
#4843=CARTESIAN_POINT('',(1.036695836487,1.971027605815,-9.993828867158));
#4844=CARTESIAN_POINT('',(1.034493740117,1.814330179481,-10.20410589376));
#4845=CARTESIAN_POINT('',(1.032964619665,1.596497375573,-10.35012080318));
#4846=CARTESIAN_POINT('',(1.032442266843,1.406120843759,-10.4));
#4847=CARTESIAN_POINT('',(1.032442266843,1.287206441334,-10.4));
#4848=CARTESIAN_POINT('',(1.2,2.8,5.6));
#4849=VECTOR('',#5347,15.30732422323);
#4850=CARTESIAN_POINT('',(1.039904641425,2.036272267085,-9.687421767621));
#4851=VECTOR('',#5348,1.179809282851);
#4852=CARTESIAN_POINT('',(1.2,2.8,5.6));
#4853=VECTOR('',#5349,1.5);
#4854=CARTESIAN_POINT('',(3.1,2.8,6.7));
#4855=VECTOR('',#5350,5.3);
#4856=CARTESIAN_POINT('',(3.1,3.05,6.7));
#4857=VECTOR('',#5351,5.3);
#4858=CARTESIAN_POINT('',(3.1,3.05,7.8));
#4859=VECTOR('',#5352,5.3);
#4860=CARTESIAN_POINT('',(3.1,3.3,7.8));
#4861=VECTOR('',#5353,5.3);
#4862=CARTESIAN_POINT('',(3.1,3.3,8.9));
#4863=VECTOR('',#5354,5.3);
#4864=CARTESIAN_POINT('',(3.1,3.55,8.9));
#4865=VECTOR('',#5355,5.3);
#4866=CARTESIAN_POINT('',(1.032442266843,1.287206441334,-10.4));
#4867=VECTOR('',#5356,1.164884533686);
#4868=CARTESIAN_POINT('',(1.032442266843,0.192187633765,-10.4));
#4869=VECTOR('',#5357,1.164884533686);
#4870=CARTESIAN_POINT('',(1.047627186411,-1.663727732915,-8.95));
#4871=VECTOR('',#5358,1.195254372821);
#4872=CARTESIAN_POINT('',(1.058099544733,-1.663727732915,-7.95));
#4873=VECTOR('',#5359,1.216199089466);
#4874=CARTESIAN_POINT('',(2.15,-3.1,10.4));
#4875=VECTOR('',#5360,15.0);
#4876=CARTESIAN_POINT('',(0.95,-3.1,10.4));
#4877=VECTOR('',#5361,15.0);
#4878=CARTESIAN_POINT('',(-0.05,-3.1,10.4));
#4879=VECTOR('',#5362,15.0);
#4880=DIRECTION('',(0.0,0.0,-1.0));
#4881=DIRECTION('',(1.0,0.0,0.0));
#4882=DIRECTION('',(0.0,0.0,1.0));
#4883=DIRECTION('',(-1.0,0.0,0.0));
#4884=DIRECTION('',(0.0,0.0,-1.0));
#4885=DIRECTION('',(1.0,0.0,0.0));
#4886=DIRECTION('',(0.0,0.0,-1.0));
#4887=DIRECTION('',(-1.0,0.0,0.0));
#4888=DIRECTION('',(0.0,0.0,-1.0));
#4889=DIRECTION('',(1.0,0.0,0.0));
#4890=DIRECTION('',(0.0,0.0,-1.0));
#4891=DIRECTION('',(1.0,0.0,0.0));
#4892=DIRECTION('',(0.0,0.0,-1.0));
#4893=DIRECTION('',(1.0,0.0,0.0));
#4894=DIRECTION('',(0.0,0.0,-1.0));
#4895=DIRECTION('',(1.0,0.0,0.0));
#4896=DIRECTION('',(0.0,1.0,0.0));
#4897=DIRECTION('',(-1.0,0.0,0.0));
#4898=DIRECTION('',(0.0,-1.0,0.0));
#4899=DIRECTION('',(0.0,1.0,0.0));
#4900=DIRECTION('',(-1.0,0.0,0.0));
#4901=DIRECTION('',(0.0,-1.0,0.0));
#4902=DIRECTION('',(0.0,0.0,-1.0));
#4903=DIRECTION('',(0.0,1.0,0.0));
#4904=DIRECTION('',(-1.0,0.0,0.0));
#4905=DIRECTION('',(0.0,1.0,0.0));
#4906=DIRECTION('',(1.0,0.0,0.0));
#4907=DIRECTION('',(0.0,-1.0,0.0));
#4908=DIRECTION('',(1.0,0.0,0.0));
#4909=DIRECTION('',(0.0,-1.0,0.0));
#4910=DIRECTION('',(1.0,0.0,0.0));
#4911=DIRECTION('',(0.0,-1.0,0.0));
#4912=DIRECTION('',(1.0,0.0,0.0));
#4913=DIRECTION('',(0.0,1.0,0.0));
#4914=DIRECTION('',(-1.0,0.0,0.0));
#4915=DIRECTION('',(0.0,1.0,0.0));
#4916=DIRECTION('',(0.0,1.0,0.0));
#4917=DIRECTION('',(-1.0,0.0,0.0));
#4918=DIRECTION('',(0.0,1.0,0.0));
#4919=DIRECTION('',(0.0,1.0,0.0));
#4920=DIRECTION('',(1.0,0.0,0.0));
#4921=DIRECTION('',(0.0,-1.0,0.0));
#4922=DIRECTION('',(1.0,0.0,0.0));
#4923=DIRECTION('',(0.0,-1.0,0.0));
#4924=DIRECTION('',(-1.0,0.0,0.0));
#4925=DIRECTION('',(0.0,-1.0,0.0));
#4926=DIRECTION('',(-1.0,0.0,0.0));
#4927=DIRECTION('',(0.0,-1.0,0.0));
#4928=DIRECTION('',(0.0,0.965905710703775,0.258894105822893));
#4929=DIRECTION('',(0.0,0.0,1.0));
#4930=DIRECTION('',(0.0,1.0,0.0));
#4931=DIRECTION('',(0.0,0.0,-1.0));
#4932=DIRECTION('',(0.0,0.0,-1.0));
#4933=DIRECTION('',(0.0,0.0,1.0));
#4934=DIRECTION('',(0.0,1.0,0.0));
#4935=DIRECTION('',(0.0,0.0,-1.0));
#4936=DIRECTION('',(0.0,1.0,0.0));
#4937=DIRECTION('',(-1.0,0.0,0.0));
#4938=DIRECTION('',(0.0,1.54381614468905E-05,-0.999999999880832));
#4939=DIRECTION('',(0.999999008616085,9.27924320504286E-05,0.00140504676519998));
#4940=DIRECTION('',(0.0,0.0,-1.0));
#4941=DIRECTION('',(0.0,0.0,1.0));
#4942=DIRECTION('',(0.00872653549837275,0.0,0.999961923064171));
#4943=DIRECTION('',(0.0,0.0,1.0));
#4944=DIRECTION('',(0.0,0.0,-1.0));
#4945=DIRECTION('',(0.0,0.0,1.0));
#4946=DIRECTION('',(-0.999999098910978,-0.000189417205424196,0.00132902157780797));
#4947=DIRECTION('',(0.0,3.15135199770115E-05,0.999999999503449));
#4948=DIRECTION('',(1.0,0.0,0.0));
#4949=DIRECTION('',(-0.00872653549837275,0.0,0.999961923064171));
#4950=DIRECTION('',(0.0,1.0,0.0));
#4951=DIRECTION('',(0.00872653549837275,0.0,0.999961923064171));
#4952=DIRECTION('',(0.00226653161307201,0.965681629105004,0.259718798017301));
#4953=DIRECTION('',(-0.0022776490885719,-0.965338078000857,-0.260992734527688));
#4954=DIRECTION('',(-0.00427737655450512,-0.871633899878125,-0.490138805475614));
#4955=DIRECTION('',(-0.0084409170768769,-0.253748904413597,-0.967233293692789));
#4956=DIRECTION('',(0.00872653549837275,0.0,0.999961923064171));
#4957=DIRECTION('',(0.0,1.0,0.0));
#4958=DIRECTION('',(0.00872653549837275,0.0,0.999961923064171));
#4959=DIRECTION('',(0.0,1.0,0.0));
#4960=DIRECTION('',(-1.0,0.0,0.0));
#4961=CARTESIAN_POINT('',(1.532,-0.7,1.6));
#4962=DIRECTION('',(-1.0,0.0,0.0));
#4963=DIRECTION('',(0.0,0.0,-1.0));
#4964=DIRECTION('',(0.0,-1.0,0.0));
#4965=DIRECTION('',(0.0,0.0,1.0));
#4966=DIRECTION('',(0.0,-0.253757944584795,-0.96726775277588));
#4967=DIRECTION('',(0.0,-0.871641873672772,-0.490143289314685));
#4968=DIRECTION('',(0.0,-0.96534062720781,-0.260993244092703));
#4969=DIRECTION('',(0.0,1.0,0.0));
#4970=CARTESIAN_POINT('',(1.532,-0.6,2.3));
#4971=DIRECTION('',(-1.0,0.0,0.0));
#4972=DIRECTION('',(0.0,1.0,0.0));
#4973=DIRECTION('',(0.0,0.0,1.0));
#4974=DIRECTION('',(-1.0,0.0,0.0));
#4975=DIRECTION('',(0.0,0.0,1.0));
#4976=DIRECTION('',(-1.0,0.0,0.0));
#4977=DIRECTION('',(0.0,0.0,-1.0));
#4978=DIRECTION('',(1.0,0.0,0.0));
#4979=DIRECTION('',(0.0,0.0,-1.0));
#4980=DIRECTION('',(-1.0,0.0,0.0));
#4981=DIRECTION('',(0.0,0.0,1.0));
#4982=DIRECTION('',(1.0,0.0,0.0));
#4983=DIRECTION('',(-0.00872653549837275,0.0,0.999961923064171));
#4984=DIRECTION('',(1.0,0.0,0.0));
#4985=DIRECTION('',(0.0,0.0,1.0));
#4986=CARTESIAN_POINT('',(-0.466,0.7,2.574));
#4987=DIRECTION('',(0.0,1.0,0.0));
#4988=DIRECTION('',(-1.0,0.0,0.0));
#4989=DIRECTION('',(0.0,0.0,1.0));
#4990=DIRECTION('',(-0.0104717841162501,0.0,0.999945169365512));
#4991=DIRECTION('',(-1.0,0.0,0.0));
#4992=DIRECTION('',(0.0104717841162501,0.0,0.999945169365512));
#4993=CARTESIAN_POINT('',(1.366,0.7,2.574));
#4994=DIRECTION('',(0.0,1.0,0.0));
#4995=DIRECTION('',(-1.0,0.0,0.0));
#4996=DIRECTION('',(-1.0,0.0,0.0));
#4997=DIRECTION('',(-1.0,0.0,0.0));
#4998=CARTESIAN_POINT('',(1.366,1.5,2.574));
#4999=DIRECTION('',(0.0,1.0,0.0));
#5000=DIRECTION('',(-1.0,0.0,0.0));
#5001=DIRECTION('',(-1.0,0.0,0.0));
#5002=DIRECTION('',(1.0,0.0,0.0));
#5003=DIRECTION('',(0.0,-1.0,0.0));
#5004=DIRECTION('',(-1.0,0.0,0.0));
#5005=DIRECTION('',(0.0,1.0,0.0));
#5006=DIRECTION('',(0.0,0.0,-1.0));
#5007=DIRECTION('',(0.0,-1.0,0.0));
#5008=DIRECTION('',(0.0,0.0,-1.0));
#5009=DIRECTION('',(0.0,-1.0,0.0));
#5010=DIRECTION('',(0.0,0.0,-1.0));
#5011=DIRECTION('',(0.0,-1.0,0.0));
#5012=DIRECTION('',(0.0,0.0,-1.0));
#5013=DIRECTION('',(0.0,1.0,0.0));
#5014=DIRECTION('',(-1.0,0.0,0.0));
#5015=DIRECTION('',(0.0,1.0,0.0));
#5016=DIRECTION('',(-1.0,0.0,0.0));
#5017=DIRECTION('',(0.0,1.0,0.0));
#5018=DIRECTION('',(0.0,1.0,0.0));
#5019=DIRECTION('',(0.0,-1.0,0.0));
#5020=DIRECTION('',(0.0,0.0,-1.0));
#5021=DIRECTION('',(-1.0,0.0,0.0));
#5022=DIRECTION('',(0.0,0.0,-1.0));
#5023=DIRECTION('',(0.0,1.0,0.0));
#5024=DIRECTION('',(0.0,0.0,-1.0));
#5025=DIRECTION('',(0.0,-1.0,0.0));
#5026=DIRECTION('',(0.0,0.0,-1.0));
#5027=DIRECTION('',(0.0,-1.0,0.0));
#5028=DIRECTION('',(0.0,0.0,-1.0));
#5029=DIRECTION('',(0.0,-1.0,0.0));
#5030=DIRECTION('',(0.0,0.0,-1.0));
#5031=DIRECTION('',(0.0,1.0,0.0));
#5032=DIRECTION('',(1.0,0.0,0.0));
#5033=DIRECTION('',(0.0,-1.0,0.0));
#5034=DIRECTION('',(-1.0,0.0,0.0));
#5035=DIRECTION('',(0.0,1.0,0.0));
#5036=DIRECTION('',(0.0,1.0,0.0));
#5037=DIRECTION('',(-0.00872653549837275,0.0,0.999961923064171));
#5038=DIRECTION('',(0.0084409170768769,-0.253748904413597,-0.967233293692789));
#5039=DIRECTION('',(0.00427737655450612,-0.871633899878125,-0.490138805475614));
#5040=DIRECTION('',(0.00227764899995306,-0.965338080746527,-0.260992724373007));
#5041=DIRECTION('',(-0.00226653159842902,0.965681629556308,0.259718796339402));
#5042=DIRECTION('',(0.00872653549837275,0.0,-0.999961923064171));
#5043=DIRECTION('',(0.0,1.0,-3.19744231092E-14));
#5044=DIRECTION('',(0.0,0.0,-1.0));
#5045=DIRECTION('',(0.0,1.0,0.0));
#5046=DIRECTION('',(1.0,0.0,0.0));
#5047=DIRECTION('',(0.0,1.0,0.0));
#5048=DIRECTION('',(1.0,0.0,0.0));
#5049=DIRECTION('',(0.0,1.0,0.0));
#5050=DIRECTION('',(0.0,0.0,1.0));
#5051=DIRECTION('',(0.0,0.0,-1.0));
#5052=DIRECTION('',(0.0,1.0,0.0));
#5053=DIRECTION('',(0.0,0.0,1.0));
#5054=DIRECTION('',(0.0,1.0,0.0));
#5055=DIRECTION('',(0.0,0.0,1.0));
#5056=DIRECTION('',(0.0,-1.0,0.0));
#5057=DIRECTION('',(0.0,0.0,-1.0));
#5058=DIRECTION('',(0.0,-1.0,0.0));
#5059=DIRECTION('',(0.0,0.0,-1.0));
#5060=DIRECTION('',(0.0,0.0,1.0));
#5061=DIRECTION('',(0.0,0.0,1.0));
#5062=DIRECTION('',(-1.0,0.0,0.0));
#5063=DIRECTION('',(0.0,0.0,-1.0));
#5064=DIRECTION('',(-1.0,0.0,0.0));
#5065=DIRECTION('',(-1.0,0.0,0.0));
#5066=DIRECTION('',(0.0,0.0,1.0));
#5067=DIRECTION('',(1.0,0.0,0.0));
#5068=DIRECTION('',(-1.0,0.0,0.0));
#5069=DIRECTION('',(-0.999999996286587,-8.32425129981189E-05,-2.23049539755797E-05));
#5070=DIRECTION('',(-1.0,0.0,0.0));
#5071=DIRECTION('',(-1.0,0.0,0.0));
#5072=DIRECTION('',(0.0,1.0,0.0));
#5073=DIRECTION('',(-1.0,0.0,0.0));
#5074=DIRECTION('',(0.0,0.0,-1.0));
#5075=DIRECTION('',(1.0,0.0,0.0));
#5076=DIRECTION('',(0.0,0.0,-1.0));
#5077=DIRECTION('',(-1.0,0.0,0.0));
#5078=DIRECTION('',(0.0,0.0,1.0));
#5079=DIRECTION('',(-1.0,0.0,0.0));
#5080=DIRECTION('',(0.0,0.0,1.0));
#5081=DIRECTION('',(-1.0,0.0,0.0));
#5082=DIRECTION('',(0.0,0.0,1.0));
#5083=DIRECTION('',(-1.0,0.0,0.0));
#5084=DIRECTION('',(1.0,0.0,0.0));
#5085=DIRECTION('',(0.0,0.0,-1.0));
#5086=DIRECTION('',(0.0,0.0,1.0));
#5087=DIRECTION('',(-1.0,0.0,0.0));
#5088=DIRECTION('',(0.0,0.0,1.0));
#5089=DIRECTION('',(-1.0,0.0,0.0));
#5090=DIRECTION('',(0.0,0.0,1.0));
#5091=DIRECTION('',(-1.0,0.0,0.0));
#5092=DIRECTION('',(0.0,0.0,1.0));
#5093=DIRECTION('',(-1.0,0.0,0.0));
#5094=DIRECTION('',(0.0,0.707106781186548,0.707106781186548));
#5095=DIRECTION('',(-1.0,0.0,0.0));
#5096=DIRECTION('',(0.0,-0.707106781186548,-0.707106781186548));
#5097=DIRECTION('',(0.0,1.0,0.0));
#5098=DIRECTION('',(0.0,-1.0,0.0));
#5099=DIRECTION('',(0.0,-1.0,0.0));
#5100=DIRECTION('',(0.0,1.0,0.0));
#5101=DIRECTION('',(0.0,0.707106781186548,0.707106781186548));
#5102=DIRECTION('',(-1.0,0.0,0.0));
#5103=DIRECTION('',(0.0,-0.707106781186548,-0.707106781186548));
#5104=DIRECTION('',(0.0,1.0,0.0));
#5105=DIRECTION('',(0.0,0.0,-1.0));
#5106=DIRECTION('',(0.0,-1.0,0.0));
#5107=DIRECTION('',(0.0,0.0,1.0));
#5108=DIRECTION('',(0.0,1.0,0.0));
#5109=DIRECTION('',(0.0,0.0,1.0));
#5110=DIRECTION('',(0.0,1.0,0.0));
#5111=DIRECTION('',(1.0,0.0,0.0));
#5112=DIRECTION('',(0.0,1.0,0.0));
#5113=DIRECTION('',(0.0,-1.0,0.0));
#5114=DIRECTION('',(1.0,0.0,0.0));
#5115=DIRECTION('',(0.0,1.0,0.0));
#5116=DIRECTION('',(0.0,0.0,1.0));
#5117=DIRECTION('',(0.0,1.0,0.0));
#5118=DIRECTION('',(0.0,-1.0,0.0));
#5119=DIRECTION('',(-1.0,0.0,0.0));
#5120=DIRECTION('',(0.0,1.0,0.0));
#5121=DIRECTION('',(1.0,0.0,0.0));
#5122=DIRECTION('',(0.0,-1.0,0.0));
#5123=DIRECTION('',(-1.0,0.0,0.0));
#5124=DIRECTION('',(0.0,-1.0,0.0));
#5125=DIRECTION('',(-1.0,0.0,0.0));
#5126=DIRECTION('',(0.0,-1.0,0.0));
#5127=DIRECTION('',(0.0,1.0,0.0));
#5128=DIRECTION('',(-1.0,0.0,0.0));
#5129=DIRECTION('',(0.0,1.0,0.0));
#5130=DIRECTION('',(1.0,0.0,0.0));
#5131=DIRECTION('',(1.0,0.0,0.0));
#5132=DIRECTION('',(-1.0,0.0,0.0));
#5133=DIRECTION('',(1.0,0.0,0.0));
#5134=DIRECTION('',(0.0,0.0,1.0));
#5135=DIRECTION('',(0.0,-1.0,0.0));
#5136=DIRECTION('',(1.0,0.0,0.0));
#5137=DIRECTION('',(0.0,1.0,0.0));
#5138=DIRECTION('',(0.0,1.0,0.0));
#5139=DIRECTION('',(0.0,1.0,0.0));
#5140=DIRECTION('',(0.0,0.0,-1.0));
#5141=DIRECTION('',(0.0,0.0,-1.0));
#5142=DIRECTION('',(0.0,-1.0,0.0));
#5143=DIRECTION('',(0.0,0.0,-1.0));
#5144=DIRECTION('',(0.0,-1.0,0.0));
#5145=DIRECTION('',(0.0,0.0,1.0));
#5146=DIRECTION('',(0.0,0.0,1.0));
#5147=DIRECTION('',(-1.0,0.0,0.0));
#5148=DIRECTION('',(0.0,0.0,1.0));
#5149=DIRECTION('',(0.0,0.0,1.0));
#5150=DIRECTION('',(1.0,0.0,0.0));
#5151=DIRECTION('',(0.0,1.0,0.0));
#5152=DIRECTION('',(-1.0,0.0,0.0));
#5153=DIRECTION('',(0.0,1.0,0.0));
#5154=DIRECTION('',(-1.0,0.0,0.0));
#5155=DIRECTION('',(0.0,1.0,0.0));
#5156=DIRECTION('',(-1.0,0.0,0.0));
#5157=DIRECTION('',(0.0,-1.0,0.0));
#5158=DIRECTION('',(-1.0,0.0,0.0));
#5159=DIRECTION('',(0.0,-1.0,0.0));
#5160=DIRECTION('',(1.0,0.0,0.0));
#5161=DIRECTION('',(0.0,1.0,0.0));
#5162=DIRECTION('',(0.0,0.0,1.0));
#5163=DIRECTION('',(0.0,-1.0,0.0));
#5164=DIRECTION('',(0.0,0.0,1.0));
#5165=DIRECTION('',(1.0,0.0,0.0));
#5166=DIRECTION('',(0.0,0.0,-1.0));
#5167=DIRECTION('',(1.0,0.0,0.0));
#5168=DIRECTION('',(0.0,0.0,-1.0));
#5169=DIRECTION('',(-1.0,0.0,0.0));
#5170=DIRECTION('',(0.0,0.0,1.0));
#5171=DIRECTION('',(0.0,1.0,0.0));
#5172=DIRECTION('',(0.0,0.0,-1.0));
#5173=DIRECTION('',(-1.0,0.0,0.0));
#5174=DIRECTION('',(0.0,0.0,1.0));
#5175=DIRECTION('',(0.0,1.0,0.0));
#5176=DIRECTION('',(0.0,0.0,-1.0));
#5177=DIRECTION('',(0.0,1.0,0.0));
#5178=DIRECTION('',(0.0,0.0,-1.0));
#5179=DIRECTION('',(-1.0,0.0,0.0));
#5180=DIRECTION('',(0.0,-1.0,0.0));
#5181=DIRECTION('',(-1.0,0.0,0.0));
#5182=DIRECTION('',(0.0,1.0,0.0));
#5183=DIRECTION('',(0.0,-1.0,0.0));
#5184=DIRECTION('',(-1.0,0.0,0.0));
#5185=DIRECTION('',(0.0,-1.0,0.0));
#5186=DIRECTION('',(1.0,0.0,0.0));
#5187=DIRECTION('',(-1.0,0.0,0.0));
#5188=DIRECTION('',(0.0,-1.0,0.0));
#5189=DIRECTION('',(-1.0,0.0,0.0));
#5190=DIRECTION('',(0.0,0.0,-1.0));
#5191=DIRECTION('',(0.0,0.0,-1.0));
#5192=DIRECTION('',(0.0,0.0,-1.0));
#5193=DIRECTION('',(0.0,0.0,-1.0));
#5194=DIRECTION('',(0.0,1.0,0.0));
#5195=DIRECTION('',(0.0,0.0,1.0));
#5196=DIRECTION('',(0.0,0.0,-1.0));
#5197=DIRECTION('',(0.0,0.0,1.0));
#5198=DIRECTION('',(0.0,0.0,-1.0));
#5199=DIRECTION('',(-1.0,0.0,0.0));
#5200=DIRECTION('',(0.0,0.0,-1.0));
#5201=DIRECTION('',(0.0,-1.0,0.0));
#5202=DIRECTION('',(1.0,0.0,0.0));
#5203=DIRECTION('',(0.0,-1.0,0.0));
#5204=DIRECTION('',(1.0,0.0,0.0));
#5205=DIRECTION('',(0.0,1.0,0.0));
#5206=DIRECTION('',(-1.0,0.0,0.0));
#5207=DIRECTION('',(0.0,-1.0,0.0));
#5208=DIRECTION('',(-1.0,0.0,0.0));
#5209=DIRECTION('',(0.0,1.0,0.0));
#5210=DIRECTION('',(-1.0,0.0,0.0));
#5211=DIRECTION('',(-1.0,0.0,0.0));
#5212=DIRECTION('',(1.0,0.0,0.0));
#5213=DIRECTION('',(-1.0,0.0,0.0));
#5214=DIRECTION('',(0.0,0.0,1.0));
#5215=DIRECTION('',(0.0,0.0,-1.0));
#5216=DIRECTION('',(-1.0,0.0,0.0));
#5217=DIRECTION('',(0.0,-1.0,0.0));
#5218=DIRECTION('',(0.0,0.0,-1.0));
#5219=DIRECTION('',(1.0,0.0,0.0));
#5220=DIRECTION('',(0.0,1.0,0.0));
#5221=DIRECTION('',(1.0,0.0,0.0));
#5222=DIRECTION('',(0.0,1.0,0.0));
#5223=DIRECTION('',(-1.0,0.0,0.0));
#5224=DIRECTION('',(0.0,1.0,0.0));
#5225=DIRECTION('',(-1.0,0.0,0.0));
#5226=DIRECTION('',(0.0,-1.0,0.0));
#5227=DIRECTION('',(-1.0,0.0,0.0));
#5228=DIRECTION('',(0.0,-1.0,0.0));
#5229=DIRECTION('',(1.0,0.0,0.0));
#5230=DIRECTION('',(0.0,1.0,0.0));
#5231=DIRECTION('',(-1.0,0.0,0.0));
#5232=DIRECTION('',(0.0,1.0,0.0));
#5233=DIRECTION('',(-1.0,0.0,0.0));
#5234=DIRECTION('',(0.0,-1.0,0.0));
#5235=DIRECTION('',(-1.0,0.0,0.0));
#5236=DIRECTION('',(0.0,-1.0,0.0));
#5237=DIRECTION('',(0.0,1.0,0.0));
#5238=DIRECTION('',(0.0,0.0,1.0));
#5239=DIRECTION('',(0.0,-1.0,0.0));
#5240=DIRECTION('',(0.0,0.0,1.0));
#5241=DIRECTION('',(1.0,0.0,0.0));
#5242=DIRECTION('',(0.0,0.0,1.0));
#5243=DIRECTION('',(0.0,1.0,0.0));
#5244=DIRECTION('',(0.0,0.0,1.0));
#5245=DIRECTION('',(-1.0,0.0,0.0));
#5246=DIRECTION('',(0.0,0.0,1.0));
#5247=DIRECTION('',(0.0,1.0,0.0));
#5248=DIRECTION('',(0.0,0.0,1.0));
#5249=DIRECTION('',(-1.0,0.0,0.0));
#5250=DIRECTION('',(0.0,0.0,1.0));
#5251=DIRECTION('',(0.0,-1.0,0.0));
#5252=DIRECTION('',(0.0,0.0,1.0));
#5253=DIRECTION('',(-1.0,0.0,0.0));
#5254=DIRECTION('',(0.0,0.0,1.0));
#5255=DIRECTION('',(0.0,-1.0,0.0));
#5256=DIRECTION('',(0.0,0.0,1.0));
#5257=DIRECTION('',(1.0,0.0,0.0));
#5258=DIRECTION('',(0.0,0.0,1.0));
#5259=DIRECTION('',(0.0,1.0,0.0));
#5260=DIRECTION('',(0.0,0.0,1.0));
#5261=DIRECTION('',(-1.0,0.0,0.0));
#5262=DIRECTION('',(0.0,0.0,1.0));
#5263=DIRECTION('',(0.0,1.0,0.0));
#5264=DIRECTION('',(0.0,0.0,1.0));
#5265=DIRECTION('',(-1.0,0.0,0.0));
#5266=DIRECTION('',(0.0,0.0,1.0));
#5267=DIRECTION('',(0.0,-1.0,0.0));
#5268=DIRECTION('',(0.0,0.0,1.0));
#5269=DIRECTION('',(-1.0,0.0,0.0));
#5270=DIRECTION('',(0.0,0.0,-1.0));
#5271=DIRECTION('',(0.0,0.0,-1.0));
#5272=DIRECTION('',(0.0,1.0,0.0));
#5273=DIRECTION('',(0.0,0.0,1.0));
#5274=DIRECTION('',(0.0,1.0,0.0));
#5275=DIRECTION('',(0.0,0.0,-1.0));
#5276=DIRECTION('',(0.0,0.0,1.0));
#5277=DIRECTION('',(1.0,0.0,0.0));
#5278=DIRECTION('',(0.0,0.0,-1.0));
#5279=DIRECTION('',(-1.0,0.0,0.0));
#5280=DIRECTION('',(0.0,0.0,1.0));
#5281=DIRECTION('',(0.0,1.0,0.0));
#5282=DIRECTION('',(0.0,0.0,-1.0));
#5283=DIRECTION('',(0.0,1.0,0.0));
#5284=DIRECTION('',(-1.0,0.0,0.0));
#5285=DIRECTION('',(-1.0,0.0,0.0));
#5286=DIRECTION('',(0.0,1.0,0.0));
#5287=DIRECTION('',(-1.0,0.0,0.0));
#5288=DIRECTION('',(0.0,-1.0,0.0));
#5289=DIRECTION('',(-1.0,0.0,0.0));
#5290=DIRECTION('',(0.0,-1.0,0.0));
#5291=DIRECTION('',(1.0,0.0,0.0));
#5292=DIRECTION('',(0.0,1.0,0.0));
#5293=DIRECTION('',(0.0,0.0,1.0));
#5294=DIRECTION('',(0.0,-1.0,0.0));
#5295=DIRECTION('',(1.0,0.0,0.0));
#5296=DIRECTION('',(0.0,1.0,0.0));
#5297=DIRECTION('',(0.0,0.0,1.0));
#5298=DIRECTION('',(0.0,0.0,-1.0));
#5299=DIRECTION('',(0.0,0.0,-1.0));
#5300=DIRECTION('',(0.0,0.0,-1.0));
#5301=DIRECTION('',(0.0,0.0,-1.0));
#5302=DIRECTION('',(0.0,0.0,-1.0));
#5303=DIRECTION('',(-1.0,0.0,0.0));
#5304=DIRECTION('',(1.0,0.0,0.0));
#5305=DIRECTION('',(-1.0,0.0,0.0));
#5306=DIRECTION('',(0.0,0.0,1.0));
#5307=DIRECTION('',(0.0,1.0,0.0));
#5308=DIRECTION('',(0.0,1.0,0.0));
#5309=DIRECTION('',(0.0,1.0,0.0));
#5310=DIRECTION('',(0.0,0.965905705675591,0.258894124582498));
#5311=DIRECTION('',(0.0,0.0,-1.0));
#5312=DIRECTION('',(0.0,1.0,-1.7763568394E-14));
#5313=DIRECTION('',(0.0,1.0,0.0));
#5314=DIRECTION('',(0.999999986613194,-0.000158025452330499,-4.24448791609998E-05));
#5315=DIRECTION('',(1.0,0.0,0.0));
#5316=DIRECTION('',(0.0,-0.965340647683765,-0.26099316835789));
#5317=CARTESIAN_POINT('',(-0.632,-0.6,2.3));
#5318=DIRECTION('',(-1.0,0.0,0.0));
#5319=DIRECTION('',(0.0,1.0,0.0));
#5320=DIRECTION('',(0.0,1.0,0.0));
#5321=CARTESIAN_POINT('',(-0.632,-0.7,1.6));
#5322=DIRECTION('',(-1.0,0.0,0.0));
#5323=DIRECTION('',(0.0,0.0,-1.0));
#5324=DIRECTION('',(0.0,-0.871641873672772,-0.490143289314685));
#5325=DIRECTION('',(0.0,-0.253757944584795,-0.96726775277588));
#5326=DIRECTION('',(0.0,0.0,1.0));
#5327=DIRECTION('',(0.0,-1.0,0.0));
#5328=CARTESIAN_POINT('',(-0.466,1.5,2.574));
#5329=DIRECTION('',(0.0,1.0,0.0));
#5330=DIRECTION('',(-1.0,0.0,0.0));
#5331=DIRECTION('',(1.0,0.0,0.0));
#5332=DIRECTION('',(1.0,0.0,0.0));
#5333=DIRECTION('',(1.0,0.0,0.0));
#5334=DIRECTION('',(1.0,0.0,0.0));
#5335=DIRECTION('',(0.0104587422491298,-0.0498929611588291,-0.998699808319482));
#5336=DIRECTION('',(0.0,-1.0,0.0));
#5337=DIRECTION('',(-0.00644729357142529,-0.787994375580836,0.615648679409428));
#5338=DIRECTION('',(-0.0104717841162501,0.0,0.999945169365512));
#5339=DIRECTION('',(0.0,1.0,0.0));
#5340=DIRECTION('',(-0.0104319401609497,0.0871510002404076,0.996140490985872));
#5341=DIRECTION('',(-1.0,0.0,0.0));
#5342=DIRECTION('',(0.0104319401609497,0.0871510002404076,0.996140490985872));
#5343=DIRECTION('',(0.0,1.0,0.0));
#5344=DIRECTION('',(0.0104717841162501,0.0,0.999945169365512));
#5345=DIRECTION('',(0.00644729357142529,-0.787994375580836,0.615648679409428));
#5346=DIRECTION('',(0.0,-1.0,0.0));
#5347=DIRECTION('',(-0.0104587422491298,-0.0498929611588291,-0.998699808319482));
#5348=DIRECTION('',(-1.0,0.0,0.0));
#5349=DIRECTION('',(-1.0,0.0,0.0));
#5350=DIRECTION('',(-1.0,0.0,0.0));
#5351=DIRECTION('',(-1.0,0.0,0.0));
#5352=DIRECTION('',(-1.0,0.0,0.0));
#5353=DIRECTION('',(-1.0,0.0,0.0));
#5354=DIRECTION('',(-1.0,0.0,0.0));
#5355=DIRECTION('',(-1.0,0.0,0.0));
#5356=DIRECTION('',(-1.0,0.0,0.0));
#5357=DIRECTION('',(-1.0,0.0,0.0));
#5358=DIRECTION('',(-1.0,0.0,0.0));
#5359=DIRECTION('',(-1.0,0.0,0.0));
#5360=DIRECTION('',(0.0,0.0,-1.0));
#5361=DIRECTION('',(0.0,0.0,-1.0));
#5362=DIRECTION('',(0.0,0.0,-1.0));
ENDSEC;
END-ISO-10303-21;
