ISO-10303-21;
HEADER;
FILE_DESCRIPTION(('STEP AP242'),'1');
FILE_NAME('2008900108.stp','2024-12-19T10:45:46',('TraceParts'),('TraceParts S.A.'),'Spatial InterOp 3D',' ',' ');
FILE_SCHEMA(('AP242_MANAGED_MODEL_BASED_3D_ENGINEERING_MIM_LF  {1 0 10303 442 1 1 4}'));
ENDSEC;
DATA;
#1=PRODUCT_DEFINITION_CONTEXT('',#10,'design');
#2=APPLICATION_PROTOCOL_DEFINITION('INTERNATIONAL STANDARD','ap242_managed_model_based_3d_engineering',2014,#10);
#3=PRODUCT_CATEGORY_RELATIONSHIP('NONE','NONE',#11,#12);
#4=SHAPE_DEFINITION_REPRESENTATION(#13,#14);
#5=SHAPE_DEFINITION_REPRESENTATION(#13,#15);
#6= (GEOMETRIC_REPRESENTATION_CONTEXT(3)GLOBAL_UNCERTAINTY_ASSIGNED_CONTEXT((#18))GLOBAL_UNIT_ASSIGNED_CONTEXT((#20,#21,#22))REPRESENTATION_CONTEXT('NONE','WORKSPACE'));
#10=APPLICATION_CONTEXT('managed model based 3d engineering');
#11=PRODUCT_CATEGORY('part','NONE');
#12=PRODUCT_RELATED_PRODUCT_CATEGORY('detail',' ',(#24));
#13=PRODUCT_DEFINITION_SHAPE('NONE','NONE',#25);
#14=ADVANCED_BREP_SHAPE_REPRESENTATION('2008900108_1',(#26,#27),#6);
#15=GEOMETRICALLY_BOUNDED_SURFACE_SHAPE_REPRESENTATION('1',(#28,#29),#6);
#18=UNCERTAINTY_MEASURE_WITH_UNIT(LENGTH_MEASURE(1.0E-06),#20,'','');
#20= (CONVERSION_BASED_UNIT('MILLIMETRE',#32)LENGTH_UNIT()NAMED_UNIT(#35));
#21= (NAMED_UNIT(#37)PLANE_ANGLE_UNIT()SI_UNIT($,.RADIAN.));
#22= (NAMED_UNIT(#37)SOLID_ANGLE_UNIT()SI_UNIT($,.STERADIAN.));
#24=PRODUCT('2008900108_1','2008900108_1','PART-2008900108_1-DESC',(#43));
#25=PRODUCT_DEFINITION('','NONE',#44,#1);
#26=MANIFOLD_SOLID_BREP('2008900108_1',#45);
#27=AXIS2_PLACEMENT_3D('',#46,#47,#48);
#28=GEOMETRIC_SET('1',(#49,#50,#51,#52,#53,#54,#55,#56,#57,#58,#59,#60,#61,#62,#63,#64,#65,#66,#67,#68,#69,#70,#71,#72,#73,#74,#75,#76,#77,#78,#79,#80));
#29=AXIS2_PLACEMENT_3D('',#81,#82,#83);
#32=LENGTH_MEASURE_WITH_UNIT(LENGTH_MEASURE(1.0),#84);
#35=DIMENSIONAL_EXPONENTS(1.0,0.0,0.0,0.0,0.0,0.0,0.0);
#37=DIMENSIONAL_EXPONENTS(0.0,0.0,0.0,0.0,0.0,0.0,0.0);
#43=PRODUCT_CONTEXT('',#10,'mechanical');
#44=PRODUCT_DEFINITION_FORMATION_WITH_SPECIFIED_SOURCE(' ','NONE',#24,.NOT_KNOWN.);
#45=CLOSED_SHELL('',(#85,#86,#87,#88,#89,#90,#91,#92,#93,#94,#95,#96,#97,#98,#99,#100,#101,#102,#103,#104,#105,#106,#107,#108,#109,#110,#111,#112,#113,#114,#115,#116,#117,#118,#119,#120,#121,#122,#123,#124,#125,#126,#127,#128,#129,#130,#131,#132,#133,#134,#135,#136,#137,#138,#139,#140,#141,#142,#143,#144,#145,#146,#147,#148,#149,#150,#151,#152,#153,#154,#155,#156,#157,#158,#159,#160,#161,#162,#163,#164,#165,#166,#167,#168,#169,#170,#171,#172,#173,#174,#175,#176,#177,#178,#179,#180,#181,#182,#183,#184,#185,#186,#187,#188,#189,#190,#191,#192,#193,#194,#195,#196,#197,#198,#199,#200,#201,#202,#203,#204,#205,#206,#207,#208,#209,#210,#211,#212,#213,#214,#215,#216,#217,#218,#219,#220,#221,#222,#223,#224,#225,#226,#227,#228,#229,#230,#231,#232,#233,#234,#235,#236,#237,#238,#239,#240,#241,#242,#243,#244,#245,#246,#247,#248,#249,#250,#251,#252,#253,#254,#255,#256,#257,#258,#259,#260,#261,#262,#263,#264,#265,#266,#267,#268,#269,#270,#271,#272,#273,#274,#275,#276,#277,#278,#279,#280,#281,#282,#283,#284,#285,#286,#287,#288,#289,#290,#291,#292,#293,#294,#295,#296,#297,#298,#299,#300,#301,#302,#303,#304,#305,#306,#307,#308,#309,#310,#311,#312,#313,#314,#315,#316,#317,#318,#319,#320,#321,#322,#323,#324,#325,#326,#327,#328,#329,#330,#331,#332,#333,#334,#335,#336,#337,#338,#339,#340,#341,#342,#343,#344,#345,#346,#347,#348,#349,#350,#351,#352,#353,#354,#355,#356,#357,#358,#359,#360,#361,#362,#363,#364,#365,#366,#367,#368,#369,#370,#371,#372,#373,#374,#375,#376,#377,#378,#379,#380,#381,#382,#383,#384,#385,#386,#387,#388,#389,#390,#391,#392,#393,#394,#395,#396));
#46=CARTESIAN_POINT('',(0.0,0.0,0.0));
#47=DIRECTION('',(0.0,0.0,1.0));
#48=DIRECTION('',(1.0,0.0,0.0));
#49=COMPOSITE_CURVE('2008900108_2',(#397),.U.);
#50=COMPOSITE_CURVE('2008900108_3',(#398),.U.);
#51=COMPOSITE_CURVE('2008900108_4',(#399),.U.);
#52=COMPOSITE_CURVE('2008900108_5',(#400),.U.);
#53=COMPOSITE_CURVE('2008900108_6',(#401),.U.);
#54=COMPOSITE_CURVE('2008900108_7',(#402),.U.);
#55=COMPOSITE_CURVE('2008900108_8',(#403),.U.);
#56=COMPOSITE_CURVE('2008900108_9',(#404),.U.);
#57=COMPOSITE_CURVE('2008900108_10',(#405),.U.);
#58=COMPOSITE_CURVE('2008900108_11',(#406),.U.);
#59=COMPOSITE_CURVE('2008900108_12',(#407),.U.);
#60=COMPOSITE_CURVE('2008900108_13',(#408),.U.);
#61=COMPOSITE_CURVE('2008900108_14',(#409),.U.);
#62=COMPOSITE_CURVE('2008900108_15',(#410),.U.);
#63=COMPOSITE_CURVE('2008900108_16',(#411),.U.);
#64=COMPOSITE_CURVE('2008900108_17',(#412),.U.);
#65=COMPOSITE_CURVE('2008900108_18',(#413),.U.);
#66=COMPOSITE_CURVE('2008900108_19',(#414),.U.);
#67=COMPOSITE_CURVE('2008900108_20',(#415),.U.);
#68=COMPOSITE_CURVE('2008900108_21',(#416),.U.);
#69=COMPOSITE_CURVE('2008900108_22',(#417),.U.);
#70=COMPOSITE_CURVE('2008900108_23',(#418),.U.);
#71=COMPOSITE_CURVE('2008900108_24',(#419),.U.);
#72=COMPOSITE_CURVE('2008900108_25',(#420),.U.);
#73=COMPOSITE_CURVE('2008900108_26',(#421),.U.);
#74=COMPOSITE_CURVE('2008900108_27',(#422),.U.);
#75=COMPOSITE_CURVE('2008900108_28',(#423),.U.);
#76=COMPOSITE_CURVE('2008900108_29',(#424),.U.);
#77=COMPOSITE_CURVE('2008900108_30',(#425),.U.);
#78=COMPOSITE_CURVE('2008900108_31',(#426),.U.);
#79=COMPOSITE_CURVE('2008900108_32',(#427),.U.);
#80=COMPOSITE_CURVE('2008900108_33',(#428),.U.);
#81=CARTESIAN_POINT('',(0.0,0.0,0.0));
#82=DIRECTION('',(0.0,0.0,1.0));
#83=DIRECTION('',(1.0,0.0,0.0));
#84= (NAMED_UNIT(#35)LENGTH_UNIT()SI_UNIT(.MILLI.,.METRE.));
#85=ADVANCED_FACE('',(#430),#431,.F.);
#86=ADVANCED_FACE('',(#432),#433,.T.);
#87=ADVANCED_FACE('',(#434),#435,.T.);
#88=ADVANCED_FACE('',(#436),#437,.F.);
#89=ADVANCED_FACE('',(#438),#439,.T.);
#90=ADVANCED_FACE('',(#440),#441,.T.);
#91=ADVANCED_FACE('',(#442),#443,.T.);
#92=ADVANCED_FACE('',(#444),#445,.T.);
#93=ADVANCED_FACE('',(#446),#447,.T.);
#94=ADVANCED_FACE('',(#448),#449,.F.);
#95=ADVANCED_FACE('',(#450),#451,.F.);
#96=ADVANCED_FACE('',(#452),#453,.F.);
#97=ADVANCED_FACE('',(#454),#455,.T.);
#98=ADVANCED_FACE('',(#456),#457,.F.);
#99=ADVANCED_FACE('',(#458),#459,.T.);
#100=ADVANCED_FACE('',(#460),#461,.F.);
#101=ADVANCED_FACE('',(#462),#463,.T.);
#102=ADVANCED_FACE('',(#464),#465,.F.);
#103=ADVANCED_FACE('',(#466),#467,.F.);
#104=ADVANCED_FACE('',(#468),#469,.T.);
#105=ADVANCED_FACE('',(#470),#471,.F.);
#106=ADVANCED_FACE('',(#472),#473,.F.);
#107=ADVANCED_FACE('',(#474),#475,.F.);
#108=ADVANCED_FACE('',(#476),#477,.T.);
#109=ADVANCED_FACE('',(#478),#479,.T.);
#110=ADVANCED_FACE('',(#480),#481,.F.);
#111=ADVANCED_FACE('',(#482),#483,.F.);
#112=ADVANCED_FACE('',(#484),#485,.F.);
#113=ADVANCED_FACE('',(#486),#487,.T.);
#114=ADVANCED_FACE('',(#488),#489,.T.);
#115=ADVANCED_FACE('',(#490),#491,.T.);
#116=ADVANCED_FACE('',(#492),#493,.F.);
#117=ADVANCED_FACE('',(#494),#495,.T.);
#118=ADVANCED_FACE('',(#496),#497,.T.);
#119=ADVANCED_FACE('',(#498),#499,.F.);
#120=ADVANCED_FACE('',(#500),#501,.T.);
#121=ADVANCED_FACE('',(#502),#503,.T.);
#122=ADVANCED_FACE('',(#504),#505,.T.);
#123=ADVANCED_FACE('',(#506),#507,.F.);
#124=ADVANCED_FACE('',(#508),#509,.F.);
#125=ADVANCED_FACE('',(#510),#511,.T.);
#126=ADVANCED_FACE('',(#512),#513,.F.);
#127=ADVANCED_FACE('',(#514),#515,.F.);
#128=ADVANCED_FACE('',(#516),#517,.F.);
#129=ADVANCED_FACE('',(#518),#519,.T.);
#130=ADVANCED_FACE('',(#520),#521,.T.);
#131=ADVANCED_FACE('',(#522),#523,.T.);
#132=ADVANCED_FACE('',(#524),#525,.T.);
#133=ADVANCED_FACE('',(#526),#527,.F.);
#134=ADVANCED_FACE('',(#528),#529,.T.);
#135=ADVANCED_FACE('',(#530),#531,.T.);
#136=ADVANCED_FACE('',(#532),#533,.F.);
#137=ADVANCED_FACE('',(#534),#535,.F.);
#138=ADVANCED_FACE('',(#536),#537,.T.);
#139=ADVANCED_FACE('',(#538),#539,.T.);
#140=ADVANCED_FACE('',(#540),#541,.F.);
#141=ADVANCED_FACE('',(#542),#543,.F.);
#142=ADVANCED_FACE('',(#544),#545,.T.);
#143=ADVANCED_FACE('',(#546),#547,.T.);
#144=ADVANCED_FACE('',(#548),#549,.F.);
#145=ADVANCED_FACE('',(#550),#551,.T.);
#146=ADVANCED_FACE('',(#552),#553,.T.);
#147=ADVANCED_FACE('',(#554),#555,.F.);
#148=ADVANCED_FACE('',(#556),#557,.T.);
#149=ADVANCED_FACE('',(#558),#559,.F.);
#150=ADVANCED_FACE('',(#560,#561,#562,#563),#564,.F.);
#151=ADVANCED_FACE('',(#565),#566,.F.);
#152=ADVANCED_FACE('',(#567),#568,.T.);
#153=ADVANCED_FACE('',(#569),#570,.T.);
#154=ADVANCED_FACE('',(#571),#572,.T.);
#155=ADVANCED_FACE('',(#573),#574,.T.);
#156=ADVANCED_FACE('',(#575),#576,.F.);
#157=ADVANCED_FACE('',(#577),#578,.T.);
#158=ADVANCED_FACE('',(#579),#580,.T.);
#159=ADVANCED_FACE('',(#581),#582,.F.);
#160=ADVANCED_FACE('',(#583),#584,.T.);
#161=ADVANCED_FACE('',(#585),#586,.F.);
#162=ADVANCED_FACE('',(#587),#588,.F.);
#163=ADVANCED_FACE('',(#589),#590,.F.);
#164=ADVANCED_FACE('',(#591),#592,.F.);
#165=ADVANCED_FACE('',(#593),#594,.F.);
#166=ADVANCED_FACE('',(#595),#596,.F.);
#167=ADVANCED_FACE('',(#597),#598,.T.);
#168=ADVANCED_FACE('',(#599),#600,.T.);
#169=ADVANCED_FACE('',(#601),#602,.T.);
#170=ADVANCED_FACE('',(#603),#604,.T.);
#171=ADVANCED_FACE('',(#605),#606,.F.);
#172=ADVANCED_FACE('',(#607),#608,.T.);
#173=ADVANCED_FACE('',(#609),#610,.T.);
#174=ADVANCED_FACE('',(#611),#612,.F.);
#175=ADVANCED_FACE('',(#613),#614,.T.);
#176=ADVANCED_FACE('',(#615),#616,.F.);
#177=ADVANCED_FACE('',(#617),#618,.F.);
#178=ADVANCED_FACE('',(#619),#620,.F.);
#179=ADVANCED_FACE('',(#621),#622,.F.);
#180=ADVANCED_FACE('',(#623),#624,.F.);
#181=ADVANCED_FACE('',(#625),#626,.F.);
#182=ADVANCED_FACE('',(#627),#628,.T.);
#183=ADVANCED_FACE('',(#629),#630,.F.);
#184=ADVANCED_FACE('',(#631),#632,.T.);
#185=ADVANCED_FACE('',(#633),#634,.T.);
#186=ADVANCED_FACE('',(#635),#636,.T.);
#187=ADVANCED_FACE('',(#637),#638,.T.);
#188=ADVANCED_FACE('',(#639),#640,.F.);
#189=ADVANCED_FACE('',(#641),#642,.F.);
#190=ADVANCED_FACE('',(#643),#644,.F.);
#191=ADVANCED_FACE('',(#645),#646,.F.);
#192=ADVANCED_FACE('',(#647),#648,.F.);
#193=ADVANCED_FACE('',(#649),#650,.F.);
#194=ADVANCED_FACE('',(#651),#652,.T.);
#195=ADVANCED_FACE('',(#653),#654,.T.);
#196=ADVANCED_FACE('',(#655),#656,.F.);
#197=ADVANCED_FACE('',(#657),#658,.F.);
#198=ADVANCED_FACE('',(#659),#660,.F.);
#199=ADVANCED_FACE('',(#661),#662,.F.);
#200=ADVANCED_FACE('',(#663),#664,.F.);
#201=ADVANCED_FACE('',(#665),#666,.T.);
#202=ADVANCED_FACE('',(#667),#668,.T.);
#203=ADVANCED_FACE('',(#669),#670,.T.);
#204=ADVANCED_FACE('',(#671),#672,.T.);
#205=ADVANCED_FACE('',(#673,#674,#675,#676),#677,.F.);
#206=ADVANCED_FACE('',(#678),#679,.F.);
#207=ADVANCED_FACE('',(#680),#681,.F.);
#208=ADVANCED_FACE('',(#682),#683,.F.);
#209=ADVANCED_FACE('',(#684),#685,.F.);
#210=ADVANCED_FACE('',(#686),#687,.F.);
#211=ADVANCED_FACE('',(#688),#689,.T.);
#212=ADVANCED_FACE('',(#690),#691,.F.);
#213=ADVANCED_FACE('',(#692),#693,.T.);
#214=ADVANCED_FACE('',(#694),#695,.T.);
#215=ADVANCED_FACE('',(#696),#697,.T.);
#216=ADVANCED_FACE('',(#698),#699,.T.);
#217=ADVANCED_FACE('',(#700),#701,.F.);
#218=ADVANCED_FACE('',(#702),#703,.F.);
#219=ADVANCED_FACE('',(#704),#705,.T.);
#220=ADVANCED_FACE('',(#706),#707,.T.);
#221=ADVANCED_FACE('',(#708),#709,.F.);
#222=ADVANCED_FACE('',(#710),#711,.F.);
#223=ADVANCED_FACE('',(#712),#713,.F.);
#224=ADVANCED_FACE('',(#714),#715,.F.);
#225=ADVANCED_FACE('',(#716),#717,.F.);
#226=ADVANCED_FACE('',(#718),#719,.T.);
#227=ADVANCED_FACE('',(#720),#721,.F.);
#228=ADVANCED_FACE('',(#722),#723,.T.);
#229=ADVANCED_FACE('',(#724),#725,.T.);
#230=ADVANCED_FACE('',(#726),#727,.T.);
#231=ADVANCED_FACE('',(#728),#729,.T.);
#232=ADVANCED_FACE('',(#730),#731,.F.);
#233=ADVANCED_FACE('',(#732),#733,.F.);
#234=ADVANCED_FACE('',(#734),#735,.T.);
#235=ADVANCED_FACE('',(#736),#737,.T.);
#236=ADVANCED_FACE('',(#738),#739,.F.);
#237=ADVANCED_FACE('',(#740),#741,.F.);
#238=ADVANCED_FACE('',(#742),#743,.F.);
#239=ADVANCED_FACE('',(#744),#745,.F.);
#240=ADVANCED_FACE('',(#746),#747,.F.);
#241=ADVANCED_FACE('',(#748),#749,.F.);
#242=ADVANCED_FACE('',(#750),#751,.T.);
#243=ADVANCED_FACE('',(#752),#753,.T.);
#244=ADVANCED_FACE('',(#754),#755,.T.);
#245=ADVANCED_FACE('',(#756),#757,.T.);
#246=ADVANCED_FACE('',(#758),#759,.F.);
#247=ADVANCED_FACE('',(#760),#761,.F.);
#248=ADVANCED_FACE('',(#762),#763,.T.);
#249=ADVANCED_FACE('',(#764),#765,.T.);
#250=ADVANCED_FACE('',(#766),#767,.T.);
#251=ADVANCED_FACE('',(#768),#769,.T.);
#252=ADVANCED_FACE('',(#770),#771,.T.);
#253=ADVANCED_FACE('',(#772),#773,.F.);
#254=ADVANCED_FACE('',(#774),#775,.F.);
#255=ADVANCED_FACE('',(#776,#777,#778,#779,#780),#781,.T.);
#256=ADVANCED_FACE('',(#782,#783,#784,#785,#786),#787,.T.);
#257=ADVANCED_FACE('',(#788),#789,.T.);
#258=ADVANCED_FACE('',(#790),#791,.T.);
#259=ADVANCED_FACE('',(#792),#793,.F.);
#260=ADVANCED_FACE('',(#794),#795,.F.);
#261=ADVANCED_FACE('',(#796),#797,.F.);
#262=ADVANCED_FACE('',(#798),#799,.F.);
#263=ADVANCED_FACE('',(#800),#801,.F.);
#264=ADVANCED_FACE('',(#802),#803,.F.);
#265=ADVANCED_FACE('',(#804),#805,.F.);
#266=ADVANCED_FACE('',(#806),#807,.F.);
#267=ADVANCED_FACE('',(#808),#809,.T.);
#268=ADVANCED_FACE('',(#810),#811,.F.);
#269=ADVANCED_FACE('',(#812),#813,.F.);
#270=ADVANCED_FACE('',(#814),#815,.F.);
#271=ADVANCED_FACE('',(#816),#817,.F.);
#272=ADVANCED_FACE('',(#818),#819,.F.);
#273=ADVANCED_FACE('',(#820),#821,.F.);
#274=ADVANCED_FACE('',(#822),#823,.F.);
#275=ADVANCED_FACE('',(#824),#825,.F.);
#276=ADVANCED_FACE('',(#826),#827,.T.);
#277=ADVANCED_FACE('',(#828),#829,.F.);
#278=ADVANCED_FACE('',(#830),#831,.F.);
#279=ADVANCED_FACE('',(#832),#833,.F.);
#280=ADVANCED_FACE('',(#834),#835,.F.);
#281=ADVANCED_FACE('',(#836),#837,.F.);
#282=ADVANCED_FACE('',(#838),#839,.F.);
#283=ADVANCED_FACE('',(#840),#841,.F.);
#284=ADVANCED_FACE('',(#842),#843,.F.);
#285=ADVANCED_FACE('',(#844),#845,.T.);
#286=ADVANCED_FACE('',(#846),#847,.F.);
#287=ADVANCED_FACE('',(#848),#849,.F.);
#288=ADVANCED_FACE('',(#850),#851,.F.);
#289=ADVANCED_FACE('',(#852),#853,.F.);
#290=ADVANCED_FACE('',(#854),#855,.F.);
#291=ADVANCED_FACE('',(#856),#857,.F.);
#292=ADVANCED_FACE('',(#858),#859,.F.);
#293=ADVANCED_FACE('',(#860),#861,.F.);
#294=ADVANCED_FACE('',(#862),#863,.T.);
#295=ADVANCED_FACE('',(#864),#865,.F.);
#296=ADVANCED_FACE('',(#866),#867,.F.);
#297=ADVANCED_FACE('',(#868),#869,.F.);
#298=ADVANCED_FACE('',(#870),#871,.F.);
#299=ADVANCED_FACE('',(#872),#873,.F.);
#300=ADVANCED_FACE('',(#874),#875,.F.);
#301=ADVANCED_FACE('',(#876),#877,.F.);
#302=ADVANCED_FACE('',(#878),#879,.F.);
#303=ADVANCED_FACE('',(#880),#881,.T.);
#304=ADVANCED_FACE('',(#882),#883,.F.);
#305=ADVANCED_FACE('',(#884),#885,.F.);
#306=ADVANCED_FACE('',(#886),#887,.F.);
#307=ADVANCED_FACE('',(#888),#889,.F.);
#308=ADVANCED_FACE('',(#890),#891,.F.);
#309=ADVANCED_FACE('',(#892),#893,.F.);
#310=ADVANCED_FACE('',(#894),#895,.F.);
#311=ADVANCED_FACE('',(#896),#897,.F.);
#312=ADVANCED_FACE('',(#898),#899,.T.);
#313=ADVANCED_FACE('',(#900),#901,.F.);
#314=ADVANCED_FACE('',(#902),#903,.F.);
#315=ADVANCED_FACE('',(#904),#905,.F.);
#316=ADVANCED_FACE('',(#906),#907,.F.);
#317=ADVANCED_FACE('',(#908),#909,.F.);
#318=ADVANCED_FACE('',(#910),#911,.F.);
#319=ADVANCED_FACE('',(#912),#913,.F.);
#320=ADVANCED_FACE('',(#914),#915,.F.);
#321=ADVANCED_FACE('',(#916),#917,.T.);
#322=ADVANCED_FACE('',(#918),#919,.F.);
#323=ADVANCED_FACE('',(#920),#921,.F.);
#324=ADVANCED_FACE('',(#922),#923,.F.);
#325=ADVANCED_FACE('',(#924),#925,.F.);
#326=ADVANCED_FACE('',(#926),#927,.F.);
#327=ADVANCED_FACE('',(#928),#929,.F.);
#328=ADVANCED_FACE('',(#930),#931,.F.);
#329=ADVANCED_FACE('',(#932),#933,.F.);
#330=ADVANCED_FACE('',(#934),#935,.T.);
#331=ADVANCED_FACE('',(#936),#937,.T.);
#332=ADVANCED_FACE('',(#938),#939,.T.);
#333=ADVANCED_FACE('',(#940),#941,.T.);
#334=ADVANCED_FACE('',(#942),#943,.F.);
#335=ADVANCED_FACE('',(#944),#945,.T.);
#336=ADVANCED_FACE('',(#946),#947,.F.);
#337=ADVANCED_FACE('',(#948),#949,.T.);
#338=ADVANCED_FACE('',(#950),#951,.T.);
#339=ADVANCED_FACE('',(#952),#953,.T.);
#340=ADVANCED_FACE('',(#954),#955,.T.);
#341=ADVANCED_FACE('',(#956),#957,.F.);
#342=ADVANCED_FACE('',(#958),#959,.F.);
#343=ADVANCED_FACE('',(#960),#961,.F.);
#344=ADVANCED_FACE('',(#962),#963,.F.);
#345=ADVANCED_FACE('',(#964),#965,.F.);
#346=ADVANCED_FACE('',(#966),#967,.F.);
#347=ADVANCED_FACE('',(#968),#969,.T.);
#348=ADVANCED_FACE('',(#970),#971,.T.);
#349=ADVANCED_FACE('',(#972),#973,.F.);
#350=ADVANCED_FACE('',(#974),#975,.F.);
#351=ADVANCED_FACE('',(#976),#977,.F.);
#352=ADVANCED_FACE('',(#978),#979,.F.);
#353=ADVANCED_FACE('',(#980),#981,.F.);
#354=ADVANCED_FACE('',(#982),#983,.F.);
#355=ADVANCED_FACE('',(#984),#985,.T.);
#356=ADVANCED_FACE('',(#986),#987,.T.);
#357=ADVANCED_FACE('',(#988),#989,.T.);
#358=ADVANCED_FACE('',(#990),#991,.F.);
#359=ADVANCED_FACE('',(#992),#993,.F.);
#360=ADVANCED_FACE('',(#994),#995,.F.);
#361=ADVANCED_FACE('',(#996),#997,.F.);
#362=ADVANCED_FACE('',(#998),#999,.F.);
#363=ADVANCED_FACE('',(#1000),#1001,.F.);
#364=ADVANCED_FACE('',(#1002),#1003,.F.);
#365=ADVANCED_FACE('',(#1004),#1005,.F.);
#366=ADVANCED_FACE('',(#1006),#1007,.F.);
#367=ADVANCED_FACE('',(#1008),#1009,.T.);
#368=ADVANCED_FACE('',(#1010),#1011,.F.);
#369=ADVANCED_FACE('',(#1012),#1013,.T.);
#370=ADVANCED_FACE('',(#1014),#1015,.F.);
#371=ADVANCED_FACE('',(#1016),#1017,.T.);
#372=ADVANCED_FACE('',(#1018),#1019,.T.);
#373=ADVANCED_FACE('',(#1020),#1021,.T.);
#374=ADVANCED_FACE('',(#1022),#1023,.T.);
#375=ADVANCED_FACE('',(#1024),#1025,.T.);
#376=ADVANCED_FACE('',(#1026),#1027,.T.);
#377=ADVANCED_FACE('',(#1028),#1029,.T.);
#378=ADVANCED_FACE('',(#1030),#1031,.T.);
#379=ADVANCED_FACE('',(#1032),#1033,.T.);
#380=ADVANCED_FACE('',(#1034),#1035,.T.);
#381=ADVANCED_FACE('',(#1036),#1037,.T.);
#382=ADVANCED_FACE('',(#1038),#1039,.T.);
#383=ADVANCED_FACE('',(#1040),#1041,.T.);
#384=ADVANCED_FACE('',(#1042),#1043,.F.);
#385=ADVANCED_FACE('',(#1044),#1045,.T.);
#386=ADVANCED_FACE('',(#1046),#1047,.T.);
#387=ADVANCED_FACE('',(#1048),#1049,.F.);
#388=ADVANCED_FACE('',(#1050),#1051,.F.);
#389=ADVANCED_FACE('',(#1052),#1053,.F.);
#390=ADVANCED_FACE('',(#1054),#1055,.F.);
#391=ADVANCED_FACE('',(#1056),#1057,.F.);
#392=ADVANCED_FACE('',(#1058),#1059,.F.);
#393=ADVANCED_FACE('',(#1060),#1061,.F.);
#394=ADVANCED_FACE('',(#1062),#1063,.F.);
#395=ADVANCED_FACE('',(#1064),#1065,.F.);
#396=ADVANCED_FACE('',(#1066),#1067,.F.);
#397=COMPOSITE_CURVE_SEGMENT(.CONTINUOUS.,.T.,#1068);
#398=COMPOSITE_CURVE_SEGMENT(.CONTINUOUS.,.T.,#1069);
#399=COMPOSITE_CURVE_SEGMENT(.CONTINUOUS.,.T.,#1070);
#400=COMPOSITE_CURVE_SEGMENT(.CONTINUOUS.,.T.,#1071);
#401=COMPOSITE_CURVE_SEGMENT(.CONTINUOUS.,.T.,#1072);
#402=COMPOSITE_CURVE_SEGMENT(.CONTINUOUS.,.T.,#1073);
#403=COMPOSITE_CURVE_SEGMENT(.CONTINUOUS.,.T.,#1074);
#404=COMPOSITE_CURVE_SEGMENT(.CONTINUOUS.,.T.,#1075);
#405=COMPOSITE_CURVE_SEGMENT(.CONTINUOUS.,.T.,#1076);
#406=COMPOSITE_CURVE_SEGMENT(.CONTINUOUS.,.T.,#1077);
#407=COMPOSITE_CURVE_SEGMENT(.CONTINUOUS.,.T.,#1078);
#408=COMPOSITE_CURVE_SEGMENT(.CONTINUOUS.,.T.,#1079);
#409=COMPOSITE_CURVE_SEGMENT(.CONTINUOUS.,.T.,#1080);
#410=COMPOSITE_CURVE_SEGMENT(.CONTINUOUS.,.T.,#1081);
#411=COMPOSITE_CURVE_SEGMENT(.CONTINUOUS.,.T.,#1082);
#412=COMPOSITE_CURVE_SEGMENT(.CONTINUOUS.,.T.,#1083);
#413=COMPOSITE_CURVE_SEGMENT(.CONTINUOUS.,.T.,#1084);
#414=COMPOSITE_CURVE_SEGMENT(.CONTINUOUS.,.T.,#1085);
#415=COMPOSITE_CURVE_SEGMENT(.CONTINUOUS.,.T.,#1086);
#416=COMPOSITE_CURVE_SEGMENT(.CONTINUOUS.,.T.,#1087);
#417=COMPOSITE_CURVE_SEGMENT(.CONTINUOUS.,.T.,#1088);
#418=COMPOSITE_CURVE_SEGMENT(.CONTINUOUS.,.T.,#1089);
#419=COMPOSITE_CURVE_SEGMENT(.CONTINUOUS.,.T.,#1090);
#420=COMPOSITE_CURVE_SEGMENT(.CONTINUOUS.,.T.,#1091);
#421=COMPOSITE_CURVE_SEGMENT(.CONTINUOUS.,.T.,#1092);
#422=COMPOSITE_CURVE_SEGMENT(.CONTINUOUS.,.T.,#1093);
#423=COMPOSITE_CURVE_SEGMENT(.CONTINUOUS.,.T.,#1094);
#424=COMPOSITE_CURVE_SEGMENT(.CONTINUOUS.,.T.,#1095);
#425=COMPOSITE_CURVE_SEGMENT(.CONTINUOUS.,.T.,#1096);
#426=COMPOSITE_CURVE_SEGMENT(.CONTINUOUS.,.T.,#1097);
#427=COMPOSITE_CURVE_SEGMENT(.CONTINUOUS.,.T.,#1098);
#428=COMPOSITE_CURVE_SEGMENT(.CONTINUOUS.,.T.,#1099);
#430=FACE_OUTER_BOUND('',#1100,.T.);
#431=PLANE('',#1101);
#432=FACE_OUTER_BOUND('',#1102,.T.);
#433=PLANE('',#1103);
#434=FACE_OUTER_BOUND('',#1104,.T.);
#435=PLANE('',#1105);
#436=FACE_OUTER_BOUND('',#1106,.T.);
#437=PLANE('',#1107);
#438=FACE_OUTER_BOUND('',#1108,.T.);
#439=PLANE('',#1109);
#440=FACE_OUTER_BOUND('',#1110,.T.);
#441=PLANE('',#1111);
#442=FACE_OUTER_BOUND('',#1112,.T.);
#443=PLANE('',#1113);
#444=FACE_OUTER_BOUND('',#1114,.T.);
#445=PLANE('',#1115);
#446=FACE_OUTER_BOUND('',#1116,.T.);
#447=PLANE('',#1117);
#448=FACE_OUTER_BOUND('',#1118,.T.);
#449=PLANE('',#1119);
#450=FACE_OUTER_BOUND('',#1120,.T.);
#451=CYLINDRICAL_SURFACE('',#1121,0.6);
#452=FACE_OUTER_BOUND('',#1122,.T.);
#453=PLANE('',#1123);
#454=FACE_OUTER_BOUND('',#1124,.T.);
#455=PLANE('',#1125);
#456=FACE_OUTER_BOUND('',#1126,.T.);
#457=CYLINDRICAL_SURFACE('',#1127,1.3);
#458=FACE_OUTER_BOUND('',#1128,.T.);
#459=PLANE('',#1129);
#460=FACE_OUTER_BOUND('',#1130,.T.);
#461=CYLINDRICAL_SURFACE('',#1131,0.166);
#462=FACE_OUTER_BOUND('',#1132,.T.);
#463=PLANE('',#1133);
#464=FACE_OUTER_BOUND('',#1134,.T.);
#465=PLANE('',#1135);
#466=FACE_OUTER_BOUND('',#1136,.T.);
#467=PLANE('',#1137);
#468=FACE_OUTER_BOUND('',#1138,.T.);
#469=PLANE('',#1139);
#470=FACE_OUTER_BOUND('',#1140,.T.);
#471=PLANE('',#1141);
#472=FACE_OUTER_BOUND('',#1142,.T.);
#473=PLANE('',#1143);
#474=FACE_OUTER_BOUND('',#1144,.T.);
#475=PLANE('',#1145);
#476=FACE_OUTER_BOUND('',#1146,.T.);
#477=PLANE('',#1147);
#478=FACE_OUTER_BOUND('',#1148,.T.);
#479=PLANE('',#1149);
#480=FACE_OUTER_BOUND('',#1150,.T.);
#481=PLANE('',#1151);
#482=FACE_OUTER_BOUND('',#1152,.T.);
#483=PLANE('',#1153);
#484=FACE_OUTER_BOUND('',#1154,.T.);
#485=PLANE('',#1155);
#486=FACE_OUTER_BOUND('',#1156,.T.);
#487=PLANE('',#1157);
#488=FACE_OUTER_BOUND('',#1158,.T.);
#489=PLANE('',#1159);
#490=FACE_OUTER_BOUND('',#1160,.T.);
#491=PLANE('',#1161);
#492=FACE_OUTER_BOUND('',#1162,.T.);
#493=PLANE('',#1163);
#494=FACE_OUTER_BOUND('',#1164,.T.);
#495=PLANE('',#1165);
#496=FACE_OUTER_BOUND('',#1166,.T.);
#497=PLANE('',#1167);
#498=FACE_OUTER_BOUND('',#1168,.T.);
#499=PLANE('',#1169);
#500=FACE_OUTER_BOUND('',#1170,.T.);
#501=PLANE('',#1171);
#502=FACE_OUTER_BOUND('',#1172,.T.);
#503=PLANE('',#1173);
#504=FACE_OUTER_BOUND('',#1174,.T.);
#505=PLANE('',#1175);
#506=FACE_OUTER_BOUND('',#1176,.T.);
#507=PLANE('',#1177);
#508=FACE_OUTER_BOUND('',#1178,.T.);
#509=PLANE('',#1179);
#510=FACE_OUTER_BOUND('',#1180,.T.);
#511=PLANE('',#1181);
#512=FACE_OUTER_BOUND('',#1182,.T.);
#513=PLANE('',#1183);
#514=FACE_OUTER_BOUND('',#1184,.T.);
#515=PLANE('',#1185);
#516=FACE_OUTER_BOUND('',#1186,.T.);
#517=PLANE('',#1187);
#518=FACE_OUTER_BOUND('',#1188,.T.);
#519=PLANE('',#1189);
#520=FACE_OUTER_BOUND('',#1190,.T.);
#521=PLANE('',#1191);
#522=FACE_OUTER_BOUND('',#1192,.T.);
#523=PLANE('',#1193);
#524=FACE_OUTER_BOUND('',#1194,.T.);
#525=PLANE('',#1195);
#526=FACE_OUTER_BOUND('',#1196,.T.);
#527=PLANE('',#1197);
#528=FACE_OUTER_BOUND('',#1198,.T.);
#529=PLANE('',#1199);
#530=FACE_OUTER_BOUND('',#1200,.T.);
#531=PLANE('',#1201);
#532=FACE_OUTER_BOUND('',#1202,.T.);
#533=PLANE('',#1203);
#534=FACE_OUTER_BOUND('',#1204,.T.);
#535=PLANE('',#1205);
#536=FACE_OUTER_BOUND('',#1206,.T.);
#537=PLANE('',#1207);
#538=FACE_OUTER_BOUND('',#1208,.T.);
#539=PLANE('',#1209);
#540=FACE_OUTER_BOUND('',#1210,.T.);
#541=PLANE('',#1211);
#542=FACE_OUTER_BOUND('',#1212,.T.);
#543=PLANE('',#1213);
#544=FACE_OUTER_BOUND('',#1214,.T.);
#545=PLANE('',#1215);
#546=FACE_OUTER_BOUND('',#1216,.T.);
#547=PLANE('',#1217);
#548=FACE_OUTER_BOUND('',#1218,.T.);
#549=PLANE('',#1219);
#550=FACE_OUTER_BOUND('',#1220,.T.);
#551=PLANE('',#1221);
#552=FACE_OUTER_BOUND('',#1222,.T.);
#553=PLANE('',#1223);
#554=FACE_OUTER_BOUND('',#1224,.T.);
#555=PLANE('',#1225);
#556=FACE_OUTER_BOUND('',#1226,.T.);
#557=PLANE('',#1227);
#558=FACE_OUTER_BOUND('',#1228,.T.);
#559=PLANE('',#1229);
#560=FACE_OUTER_BOUND('',#1230,.T.);
#561=FACE_BOUND('',#1231,.T.);
#562=FACE_BOUND('',#1232,.T.);
#563=FACE_BOUND('',#1233,.T.);
#564=PLANE('',#1234);
#565=FACE_OUTER_BOUND('',#1235,.T.);
#566=PLANE('',#1236);
#567=FACE_OUTER_BOUND('',#1237,.T.);
#568=PLANE('',#1238);
#569=FACE_OUTER_BOUND('',#1239,.T.);
#570=PLANE('',#1240);
#571=FACE_OUTER_BOUND('',#1241,.T.);
#572=PLANE('',#1242);
#573=FACE_OUTER_BOUND('',#1243,.T.);
#574=PLANE('',#1244);
#575=FACE_OUTER_BOUND('',#1245,.T.);
#576=PLANE('',#1246);
#577=FACE_OUTER_BOUND('',#1247,.T.);
#578=PLANE('',#1248);
#579=FACE_OUTER_BOUND('',#1249,.T.);
#580=PLANE('',#1250);
#581=FACE_OUTER_BOUND('',#1251,.T.);
#582=PLANE('',#1252);
#583=FACE_OUTER_BOUND('',#1253,.T.);
#584=PLANE('',#1254);
#585=FACE_OUTER_BOUND('',#1255,.T.);
#586=PLANE('',#1256);
#587=FACE_OUTER_BOUND('',#1257,.T.);
#588=PLANE('',#1258);
#589=FACE_OUTER_BOUND('',#1259,.T.);
#590=PLANE('',#1260);
#591=FACE_OUTER_BOUND('',#1261,.T.);
#592=PLANE('',#1262);
#593=FACE_OUTER_BOUND('',#1263,.T.);
#594=PLANE('',#1264);
#595=FACE_OUTER_BOUND('',#1265,.T.);
#596=PLANE('',#1266);
#597=FACE_OUTER_BOUND('',#1267,.T.);
#598=PLANE('',#1268);
#599=FACE_OUTER_BOUND('',#1269,.T.);
#600=PLANE('',#1270);
#601=FACE_OUTER_BOUND('',#1271,.T.);
#602=PLANE('',#1272);
#603=FACE_OUTER_BOUND('',#1273,.T.);
#604=PLANE('',#1274);
#605=FACE_OUTER_BOUND('',#1275,.T.);
#606=PLANE('',#1276);
#607=FACE_OUTER_BOUND('',#1277,.T.);
#608=PLANE('',#1278);
#609=FACE_OUTER_BOUND('',#1279,.T.);
#610=PLANE('',#1280);
#611=FACE_OUTER_BOUND('',#1281,.T.);
#612=PLANE('',#1282);
#613=FACE_OUTER_BOUND('',#1283,.T.);
#614=PLANE('',#1284);
#615=FACE_OUTER_BOUND('',#1285,.T.);
#616=PLANE('',#1286);
#617=FACE_OUTER_BOUND('',#1287,.T.);
#618=PLANE('',#1288);
#619=FACE_OUTER_BOUND('',#1289,.T.);
#620=PLANE('',#1290);
#621=FACE_OUTER_BOUND('',#1291,.T.);
#622=PLANE('',#1292);
#623=FACE_OUTER_BOUND('',#1293,.T.);
#624=PLANE('',#1294);
#625=FACE_OUTER_BOUND('',#1295,.T.);
#626=PLANE('',#1296);
#627=FACE_OUTER_BOUND('',#1297,.T.);
#628=PLANE('',#1298);
#629=FACE_OUTER_BOUND('',#1299,.T.);
#630=PLANE('',#1300);
#631=FACE_OUTER_BOUND('',#1301,.T.);
#632=PLANE('',#1302);
#633=FACE_OUTER_BOUND('',#1303,.T.);
#634=PLANE('',#1304);
#635=FACE_OUTER_BOUND('',#1305,.T.);
#636=PLANE('',#1306);
#637=FACE_OUTER_BOUND('',#1307,.T.);
#638=PLANE('',#1308);
#639=FACE_OUTER_BOUND('',#1309,.T.);
#640=PLANE('',#1310);
#641=FACE_OUTER_BOUND('',#1311,.T.);
#642=PLANE('',#1312);
#643=FACE_OUTER_BOUND('',#1313,.T.);
#644=PLANE('',#1314);
#645=FACE_OUTER_BOUND('',#1315,.T.);
#646=PLANE('',#1316);
#647=FACE_OUTER_BOUND('',#1317,.T.);
#648=PLANE('',#1318);
#649=FACE_OUTER_BOUND('',#1319,.T.);
#650=PLANE('',#1320);
#651=FACE_OUTER_BOUND('',#1321,.T.);
#652=PLANE('',#1322);
#653=FACE_OUTER_BOUND('',#1323,.T.);
#654=PLANE('',#1324);
#655=FACE_OUTER_BOUND('',#1325,.T.);
#656=PLANE('',#1326);
#657=FACE_OUTER_BOUND('',#1327,.T.);
#658=PLANE('',#1328);
#659=FACE_OUTER_BOUND('',#1329,.T.);
#660=PLANE('',#1330);
#661=FACE_OUTER_BOUND('',#1331,.T.);
#662=PLANE('',#1332);
#663=FACE_OUTER_BOUND('',#1333,.T.);
#664=PLANE('',#1334);
#665=FACE_OUTER_BOUND('',#1335,.T.);
#666=PLANE('',#1336);
#667=FACE_OUTER_BOUND('',#1337,.T.);
#668=PLANE('',#1338);
#669=FACE_OUTER_BOUND('',#1339,.T.);
#670=PLANE('',#1340);
#671=FACE_OUTER_BOUND('',#1341,.T.);
#672=PLANE('',#1342);
#673=FACE_OUTER_BOUND('',#1343,.T.);
#674=FACE_BOUND('',#1344,.T.);
#675=FACE_BOUND('',#1345,.T.);
#676=FACE_BOUND('',#1346,.T.);
#677=PLANE('',#1347);
#678=FACE_OUTER_BOUND('',#1348,.T.);
#679=PLANE('',#1349);
#680=FACE_OUTER_BOUND('',#1350,.T.);
#681=PLANE('',#1351);
#682=FACE_OUTER_BOUND('',#1352,.T.);
#683=PLANE('',#1353);
#684=FACE_OUTER_BOUND('',#1354,.T.);
#685=PLANE('',#1355);
#686=FACE_OUTER_BOUND('',#1356,.T.);
#687=PLANE('',#1357);
#688=FACE_OUTER_BOUND('',#1358,.T.);
#689=PLANE('',#1359);
#690=FACE_OUTER_BOUND('',#1360,.T.);
#691=PLANE('',#1361);
#692=FACE_OUTER_BOUND('',#1362,.T.);
#693=PLANE('',#1363);
#694=FACE_OUTER_BOUND('',#1364,.T.);
#695=PLANE('',#1365);
#696=FACE_OUTER_BOUND('',#1366,.T.);
#697=PLANE('',#1367);
#698=FACE_OUTER_BOUND('',#1368,.T.);
#699=PLANE('',#1369);
#700=FACE_OUTER_BOUND('',#1370,.T.);
#701=PLANE('',#1371);
#702=FACE_OUTER_BOUND('',#1372,.T.);
#703=PLANE('',#1373);
#704=FACE_OUTER_BOUND('',#1374,.T.);
#705=PLANE('',#1375);
#706=FACE_OUTER_BOUND('',#1376,.T.);
#707=PLANE('',#1377);
#708=FACE_OUTER_BOUND('',#1378,.T.);
#709=PLANE('',#1379);
#710=FACE_OUTER_BOUND('',#1380,.T.);
#711=PLANE('',#1381);
#712=FACE_OUTER_BOUND('',#1382,.T.);
#713=PLANE('',#1383);
#714=FACE_OUTER_BOUND('',#1384,.T.);
#715=PLANE('',#1385);
#716=FACE_OUTER_BOUND('',#1386,.T.);
#717=PLANE('',#1387);
#718=FACE_OUTER_BOUND('',#1388,.T.);
#719=PLANE('',#1389);
#720=FACE_OUTER_BOUND('',#1390,.T.);
#721=PLANE('',#1391);
#722=FACE_OUTER_BOUND('',#1392,.T.);
#723=PLANE('',#1393);
#724=FACE_OUTER_BOUND('',#1394,.T.);
#725=PLANE('',#1395);
#726=FACE_OUTER_BOUND('',#1396,.T.);
#727=PLANE('',#1397);
#728=FACE_OUTER_BOUND('',#1398,.T.);
#729=PLANE('',#1399);
#730=FACE_OUTER_BOUND('',#1400,.T.);
#731=PLANE('',#1401);
#732=FACE_OUTER_BOUND('',#1402,.T.);
#733=PLANE('',#1403);
#734=FACE_OUTER_BOUND('',#1404,.T.);
#735=PLANE('',#1405);
#736=FACE_OUTER_BOUND('',#1406,.T.);
#737=PLANE('',#1407);
#738=FACE_OUTER_BOUND('',#1408,.T.);
#739=PLANE('',#1409);
#740=FACE_OUTER_BOUND('',#1410,.T.);
#741=PLANE('',#1411);
#742=FACE_OUTER_BOUND('',#1412,.T.);
#743=PLANE('',#1413);
#744=FACE_OUTER_BOUND('',#1414,.T.);
#745=PLANE('',#1415);
#746=FACE_OUTER_BOUND('',#1416,.T.);
#747=PLANE('',#1417);
#748=FACE_OUTER_BOUND('',#1418,.T.);
#749=PLANE('',#1419);
#750=FACE_OUTER_BOUND('',#1420,.T.);
#751=PLANE('',#1421);
#752=FACE_OUTER_BOUND('',#1422,.T.);
#753=PLANE('',#1423);
#754=FACE_OUTER_BOUND('',#1424,.T.);
#755=PLANE('',#1425);
#756=FACE_OUTER_BOUND('',#1426,.T.);
#757=PLANE('',#1427);
#758=FACE_OUTER_BOUND('',#1428,.T.);
#759=PLANE('',#1429);
#760=FACE_OUTER_BOUND('',#1430,.T.);
#761=PLANE('',#1431);
#762=FACE_OUTER_BOUND('',#1432,.T.);
#763=PLANE('',#1433);
#764=FACE_OUTER_BOUND('',#1434,.T.);
#765=PLANE('',#1435);
#766=FACE_OUTER_BOUND('',#1436,.T.);
#767=PLANE('',#1437);
#768=FACE_OUTER_BOUND('',#1438,.T.);
#769=PLANE('',#1439);
#770=FACE_OUTER_BOUND('',#1440,.T.);
#771=PLANE('',#1441);
#772=FACE_OUTER_BOUND('',#1442,.T.);
#773=PLANE('',#1443);
#774=FACE_OUTER_BOUND('',#1444,.T.);
#775=PLANE('',#1445);
#776=FACE_OUTER_BOUND('',#1446,.T.);
#777=FACE_BOUND('',#1447,.T.);
#778=FACE_BOUND('',#1448,.T.);
#779=FACE_BOUND('',#1449,.T.);
#780=FACE_BOUND('',#1450,.T.);
#781=PLANE('',#1451);
#782=FACE_OUTER_BOUND('',#1452,.T.);
#783=FACE_BOUND('',#1453,.T.);
#784=FACE_BOUND('',#1454,.T.);
#785=FACE_BOUND('',#1455,.T.);
#786=FACE_BOUND('',#1456,.T.);
#787=PLANE('',#1457);
#788=FACE_OUTER_BOUND('',#1458,.T.);
#789=PLANE('',#1459);
#790=FACE_OUTER_BOUND('',#1460,.T.);
#791=PLANE('',#1461);
#792=FACE_OUTER_BOUND('',#1462,.T.);
#793=PLANE('',#1463);
#794=FACE_OUTER_BOUND('',#1464,.T.);
#795=PLANE('',#1465);
#796=FACE_OUTER_BOUND('',#1466,.T.);
#797=PLANE('',#1467);
#798=FACE_OUTER_BOUND('',#1468,.T.);
#799=PLANE('',#1469);
#800=FACE_OUTER_BOUND('',#1470,.T.);
#801=PLANE('',#1471);
#802=FACE_OUTER_BOUND('',#1472,.T.);
#803=PLANE('',#1473);
#804=FACE_OUTER_BOUND('',#1474,.T.);
#805=PLANE('',#1475);
#806=FACE_OUTER_BOUND('',#1476,.T.);
#807=PLANE('',#1477);
#808=FACE_OUTER_BOUND('',#1478,.T.);
#809=PLANE('',#1479);
#810=FACE_OUTER_BOUND('',#1480,.T.);
#811=PLANE('',#1481);
#812=FACE_OUTER_BOUND('',#1482,.T.);
#813=PLANE('',#1483);
#814=FACE_OUTER_BOUND('',#1484,.T.);
#815=PLANE('',#1485);
#816=FACE_OUTER_BOUND('',#1486,.T.);
#817=PLANE('',#1487);
#818=FACE_OUTER_BOUND('',#1488,.T.);
#819=PLANE('',#1489);
#820=FACE_OUTER_BOUND('',#1490,.T.);
#821=PLANE('',#1491);
#822=FACE_OUTER_BOUND('',#1492,.T.);
#823=PLANE('',#1493);
#824=FACE_OUTER_BOUND('',#1494,.T.);
#825=PLANE('',#1495);
#826=FACE_OUTER_BOUND('',#1496,.T.);
#827=PLANE('',#1497);
#828=FACE_OUTER_BOUND('',#1498,.T.);
#829=PLANE('',#1499);
#830=FACE_OUTER_BOUND('',#1500,.T.);
#831=PLANE('',#1501);
#832=FACE_OUTER_BOUND('',#1502,.T.);
#833=PLANE('',#1503);
#834=FACE_OUTER_BOUND('',#1504,.T.);
#835=PLANE('',#1505);
#836=FACE_OUTER_BOUND('',#1506,.T.);
#837=PLANE('',#1507);
#838=FACE_OUTER_BOUND('',#1508,.T.);
#839=PLANE('',#1509);
#840=FACE_OUTER_BOUND('',#1510,.T.);
#841=PLANE('',#1511);
#842=FACE_OUTER_BOUND('',#1512,.T.);
#843=PLANE('',#1513);
#844=FACE_OUTER_BOUND('',#1514,.T.);
#845=PLANE('',#1515);
#846=FACE_OUTER_BOUND('',#1516,.T.);
#847=PLANE('',#1517);
#848=FACE_OUTER_BOUND('',#1518,.T.);
#849=PLANE('',#1519);
#850=FACE_OUTER_BOUND('',#1520,.T.);
#851=PLANE('',#1521);
#852=FACE_OUTER_BOUND('',#1522,.T.);
#853=PLANE('',#1523);
#854=FACE_OUTER_BOUND('',#1524,.T.);
#855=PLANE('',#1525);
#856=FACE_OUTER_BOUND('',#1526,.T.);
#857=PLANE('',#1527);
#858=FACE_OUTER_BOUND('',#1528,.T.);
#859=PLANE('',#1529);
#860=FACE_OUTER_BOUND('',#1530,.T.);
#861=PLANE('',#1531);
#862=FACE_OUTER_BOUND('',#1532,.T.);
#863=PLANE('',#1533);
#864=FACE_OUTER_BOUND('',#1534,.T.);
#865=PLANE('',#1535);
#866=FACE_OUTER_BOUND('',#1536,.T.);
#867=PLANE('',#1537);
#868=FACE_OUTER_BOUND('',#1538,.T.);
#869=PLANE('',#1539);
#870=FACE_OUTER_BOUND('',#1540,.T.);
#871=PLANE('',#1541);
#872=FACE_OUTER_BOUND('',#1542,.T.);
#873=PLANE('',#1543);
#874=FACE_OUTER_BOUND('',#1544,.T.);
#875=PLANE('',#1545);
#876=FACE_OUTER_BOUND('',#1546,.T.);
#877=PLANE('',#1547);
#878=FACE_OUTER_BOUND('',#1548,.T.);
#879=PLANE('',#1549);
#880=FACE_OUTER_BOUND('',#1550,.T.);
#881=PLANE('',#1551);
#882=FACE_OUTER_BOUND('',#1552,.T.);
#883=PLANE('',#1553);
#884=FACE_OUTER_BOUND('',#1554,.T.);
#885=PLANE('',#1555);
#886=FACE_OUTER_BOUND('',#1556,.T.);
#887=PLANE('',#1557);
#888=FACE_OUTER_BOUND('',#1558,.T.);
#889=PLANE('',#1559);
#890=FACE_OUTER_BOUND('',#1560,.T.);
#891=PLANE('',#1561);
#892=FACE_OUTER_BOUND('',#1562,.T.);
#893=PLANE('',#1563);
#894=FACE_OUTER_BOUND('',#1564,.T.);
#895=PLANE('',#1565);
#896=FACE_OUTER_BOUND('',#1566,.T.);
#897=PLANE('',#1567);
#898=FACE_OUTER_BOUND('',#1568,.T.);
#899=PLANE('',#1569);
#900=FACE_OUTER_BOUND('',#1570,.T.);
#901=PLANE('',#1571);
#902=FACE_OUTER_BOUND('',#1572,.T.);
#903=PLANE('',#1573);
#904=FACE_OUTER_BOUND('',#1574,.T.);
#905=PLANE('',#1575);
#906=FACE_OUTER_BOUND('',#1576,.T.);
#907=PLANE('',#1577);
#908=FACE_OUTER_BOUND('',#1578,.T.);
#909=PLANE('',#1579);
#910=FACE_OUTER_BOUND('',#1580,.T.);
#911=PLANE('',#1581);
#912=FACE_OUTER_BOUND('',#1582,.T.);
#913=PLANE('',#1583);
#914=FACE_OUTER_BOUND('',#1584,.T.);
#915=PLANE('',#1585);
#916=FACE_OUTER_BOUND('',#1586,.T.);
#917=PLANE('',#1587);
#918=FACE_OUTER_BOUND('',#1588,.T.);
#919=PLANE('',#1589);
#920=FACE_OUTER_BOUND('',#1590,.T.);
#921=PLANE('',#1591);
#922=FACE_OUTER_BOUND('',#1592,.T.);
#923=PLANE('',#1593);
#924=FACE_OUTER_BOUND('',#1594,.T.);
#925=PLANE('',#1595);
#926=FACE_OUTER_BOUND('',#1596,.T.);
#927=PLANE('',#1597);
#928=FACE_OUTER_BOUND('',#1598,.T.);
#929=PLANE('',#1599);
#930=FACE_OUTER_BOUND('',#1600,.T.);
#931=PLANE('',#1601);
#932=FACE_OUTER_BOUND('',#1602,.T.);
#933=PLANE('',#1603);
#934=FACE_OUTER_BOUND('',#1604,.T.);
#935=PLANE('',#1605);
#936=FACE_OUTER_BOUND('',#1606,.T.);
#937=PLANE('',#1607);
#938=FACE_OUTER_BOUND('',#1608,.T.);
#939=PLANE('',#1609);
#940=FACE_OUTER_BOUND('',#1610,.T.);
#941=PLANE('',#1611);
#942=FACE_OUTER_BOUND('',#1612,.T.);
#943=PLANE('',#1613);
#944=FACE_OUTER_BOUND('',#1614,.T.);
#945=PLANE('',#1615);
#946=FACE_OUTER_BOUND('',#1616,.T.);
#947=PLANE('',#1617);
#948=FACE_OUTER_BOUND('',#1618,.T.);
#949=PLANE('',#1619);
#950=FACE_OUTER_BOUND('',#1620,.T.);
#951=PLANE('',#1621);
#952=FACE_OUTER_BOUND('',#1622,.T.);
#953=PLANE('',#1623);
#954=FACE_OUTER_BOUND('',#1624,.T.);
#955=PLANE('',#1625);
#956=FACE_OUTER_BOUND('',#1626,.T.);
#957=PLANE('',#1627);
#958=FACE_OUTER_BOUND('',#1628,.T.);
#959=PLANE('',#1629);
#960=FACE_OUTER_BOUND('',#1630,.T.);
#961=PLANE('',#1631);
#962=FACE_OUTER_BOUND('',#1632,.T.);
#963=PLANE('',#1633);
#964=FACE_OUTER_BOUND('',#1634,.T.);
#965=PLANE('',#1635);
#966=FACE_OUTER_BOUND('',#1636,.T.);
#967=PLANE('',#1637);
#968=FACE_OUTER_BOUND('',#1638,.T.);
#969=PLANE('',#1639);
#970=FACE_OUTER_BOUND('',#1640,.T.);
#971=PLANE('',#1641);
#972=FACE_OUTER_BOUND('',#1642,.T.);
#973=PLANE('',#1643);
#974=FACE_OUTER_BOUND('',#1644,.T.);
#975=PLANE('',#1645);
#976=FACE_OUTER_BOUND('',#1646,.T.);
#977=PLANE('',#1647);
#978=FACE_OUTER_BOUND('',#1648,.T.);
#979=PLANE('',#1649);
#980=FACE_OUTER_BOUND('',#1650,.T.);
#981=PLANE('',#1651);
#982=FACE_OUTER_BOUND('',#1652,.T.);
#983=PLANE('',#1653);
#984=FACE_OUTER_BOUND('',#1654,.T.);
#985=PLANE('',#1655);
#986=FACE_OUTER_BOUND('',#1656,.T.);
#987=PLANE('',#1657);
#988=FACE_OUTER_BOUND('',#1658,.T.);
#989=PLANE('',#1659);
#990=FACE_OUTER_BOUND('',#1660,.T.);
#991=PLANE('',#1661);
#992=FACE_OUTER_BOUND('',#1662,.T.);
#993=PLANE('',#1663);
#994=FACE_OUTER_BOUND('',#1664,.T.);
#995=CYLINDRICAL_SURFACE('',#1665,0.166);
#996=FACE_OUTER_BOUND('',#1666,.T.);
#997=PLANE('',#1667);
#998=FACE_OUTER_BOUND('',#1668,.T.);
#999=PLANE('',#1669);
#1000=FACE_OUTER_BOUND('',#1670,.T.);
#1001=PLANE('',#1671);
#1002=FACE_OUTER_BOUND('',#1672,.T.);
#1003=CYLINDRICAL_SURFACE('',#1673,0.6);
#1004=FACE_OUTER_BOUND('',#1674,.T.);
#1005=PLANE('',#1675);
#1006=FACE_OUTER_BOUND('',#1676,.T.);
#1007=CYLINDRICAL_SURFACE('',#1677,1.3);
#1008=FACE_OUTER_BOUND('',#1678,.T.);
#1009=PLANE('',#1679);
#1010=FACE_OUTER_BOUND('',#1680,.T.);
#1011=PLANE('',#1681);
#1012=FACE_OUTER_BOUND('',#1682,.T.);
#1013=PLANE('',#1683);
#1014=FACE_OUTER_BOUND('',#1684,.T.);
#1015=PLANE('',#1685);
#1016=FACE_OUTER_BOUND('',#1686,.T.);
#1017=PLANE('',#1687);
#1018=FACE_OUTER_BOUND('',#1688,.T.);
#1019=PLANE('',#1689);
#1020=FACE_OUTER_BOUND('',#1690,.T.);
#1021=PLANE('',#1691);
#1022=FACE_OUTER_BOUND('',#1692,.T.);
#1023=PLANE('',#1693);
#1024=FACE_OUTER_BOUND('',#1694,.T.);
#1025=PLANE('',#1695);
#1026=FACE_OUTER_BOUND('',#1696,.T.);
#1027=PLANE('',#1697);
#1028=FACE_OUTER_BOUND('',#1698,.T.);
#1029=PLANE('',#1699);
#1030=FACE_OUTER_BOUND('',#1700,.T.);
#1031=PLANE('',#1701);
#1032=FACE_OUTER_BOUND('',#1702,.T.);
#1033=CYLINDRICAL_SURFACE('',#1703,0.75);
#1034=FACE_OUTER_BOUND('',#1704,.T.);
#1035=PLANE('',#1705);
#1036=FACE_OUTER_BOUND('',#1706,.T.);
#1037=PLANE('',#1707);
#1038=FACE_OUTER_BOUND('',#1708,.T.);
#1039=PLANE('',#1709);
#1040=FACE_OUTER_BOUND('',#1710,.T.);
#1041=PLANE('',#1711);
#1042=FACE_OUTER_BOUND('',#1712,.T.);
#1043=PLANE('',#1713);
#1044=FACE_OUTER_BOUND('',#1714,.T.);
#1045=PLANE('',#1715);
#1046=FACE_OUTER_BOUND('',#1716,.T.);
#1047=PLANE('',#1717);
#1048=FACE_OUTER_BOUND('',#1718,.T.);
#1049=PLANE('',#1719);
#1050=FACE_OUTER_BOUND('',#1720,.T.);
#1051=PLANE('',#1721);
#1052=FACE_OUTER_BOUND('',#1722,.T.);
#1053=PLANE('',#1723);
#1054=FACE_OUTER_BOUND('',#1724,.T.);
#1055=PLANE('',#1725);
#1056=FACE_OUTER_BOUND('',#1726,.T.);
#1057=PLANE('',#1727);
#1058=FACE_OUTER_BOUND('',#1728,.T.);
#1059=PLANE('',#1729);
#1060=FACE_OUTER_BOUND('',#1730,.T.);
#1061=PLANE('',#1731);
#1062=FACE_OUTER_BOUND('',#1732,.T.);
#1063=PLANE('',#1733);
#1064=FACE_OUTER_BOUND('',#1734,.T.);
#1065=PLANE('',#1735);
#1066=FACE_OUTER_BOUND('',#1736,.T.);
#1067=PLANE('',#1737);
#1068=TRIMMED_CURVE('',#1738,(PARAMETER_VALUE(0.0)),(PARAMETER_VALUE(1.0)),.T.,.UNSPECIFIED.);
#1069=TRIMMED_CURVE('',#1739,(PARAMETER_VALUE(0.0)),(PARAMETER_VALUE(1.0)),.T.,.UNSPECIFIED.);
#1070=TRIMMED_CURVE('',#1740,(PARAMETER_VALUE(0.0)),(PARAMETER_VALUE(1.0)),.T.,.UNSPECIFIED.);
#1071=TRIMMED_CURVE('',#1741,(PARAMETER_VALUE(0.0)),(PARAMETER_VALUE(1.0)),.T.,.UNSPECIFIED.);
#1072=TRIMMED_CURVE('',#1742,(PARAMETER_VALUE(0.0)),(PARAMETER_VALUE(1.0)),.T.,.UNSPECIFIED.);
#1073=TRIMMED_CURVE('',#1743,(PARAMETER_VALUE(0.0)),(PARAMETER_VALUE(1.0)),.T.,.UNSPECIFIED.);
#1074=TRIMMED_CURVE('',#1744,(PARAMETER_VALUE(0.0)),(PARAMETER_VALUE(1.0)),.T.,.UNSPECIFIED.);
#1075=TRIMMED_CURVE('',#1745,(PARAMETER_VALUE(0.0)),(PARAMETER_VALUE(1.0)),.T.,.UNSPECIFIED.);
#1076=TRIMMED_CURVE('',#1746,(PARAMETER_VALUE(0.0)),(PARAMETER_VALUE(1.0)),.T.,.UNSPECIFIED.);
#1077=TRIMMED_CURVE('',#1747,(PARAMETER_VALUE(0.0)),(PARAMETER_VALUE(1.0)),.T.,.UNSPECIFIED.);
#1078=TRIMMED_CURVE('',#1748,(PARAMETER_VALUE(0.0)),(PARAMETER_VALUE(1.0)),.T.,.UNSPECIFIED.);
#1079=TRIMMED_CURVE('',#1749,(PARAMETER_VALUE(0.0)),(PARAMETER_VALUE(1.0)),.T.,.UNSPECIFIED.);
#1080=TRIMMED_CURVE('',#1750,(PARAMETER_VALUE(0.0)),(PARAMETER_VALUE(1.0)),.T.,.UNSPECIFIED.);
#1081=TRIMMED_CURVE('',#1751,(PARAMETER_VALUE(0.0)),(PARAMETER_VALUE(1.0)),.T.,.UNSPECIFIED.);
#1082=TRIMMED_CURVE('',#1752,(PARAMETER_VALUE(0.0)),(PARAMETER_VALUE(1.0)),.T.,.UNSPECIFIED.);
#1083=TRIMMED_CURVE('',#1753,(PARAMETER_VALUE(0.0)),(PARAMETER_VALUE(1.0)),.T.,.UNSPECIFIED.);
#1084=TRIMMED_CURVE('',#1754,(PARAMETER_VALUE(0.0)),(PARAMETER_VALUE(1.0)),.T.,.UNSPECIFIED.);
#1085=TRIMMED_CURVE('',#1755,(PARAMETER_VALUE(0.0)),(PARAMETER_VALUE(1.0)),.T.,.UNSPECIFIED.);
#1086=TRIMMED_CURVE('',#1756,(PARAMETER_VALUE(0.0)),(PARAMETER_VALUE(1.0)),.T.,.UNSPECIFIED.);
#1087=TRIMMED_CURVE('',#1757,(PARAMETER_VALUE(0.0)),(PARAMETER_VALUE(1.0)),.T.,.UNSPECIFIED.);
#1088=TRIMMED_CURVE('',#1758,(PARAMETER_VALUE(0.0)),(PARAMETER_VALUE(1.0)),.T.,.UNSPECIFIED.);
#1089=TRIMMED_CURVE('',#1759,(PARAMETER_VALUE(0.0)),(PARAMETER_VALUE(1.0)),.T.,.UNSPECIFIED.);
#1090=TRIMMED_CURVE('',#1760,(PARAMETER_VALUE(0.0)),(PARAMETER_VALUE(1.0)),.T.,.UNSPECIFIED.);
#1091=TRIMMED_CURVE('',#1761,(PARAMETER_VALUE(0.0)),(PARAMETER_VALUE(1.0)),.T.,.UNSPECIFIED.);
#1092=TRIMMED_CURVE('',#1762,(PARAMETER_VALUE(0.0)),(PARAMETER_VALUE(1.0)),.T.,.UNSPECIFIED.);
#1093=TRIMMED_CURVE('',#1763,(PARAMETER_VALUE(0.0)),(PARAMETER_VALUE(1.0)),.T.,.UNSPECIFIED.);
#1094=TRIMMED_CURVE('',#1764,(PARAMETER_VALUE(0.0)),(PARAMETER_VALUE(1.0)),.T.,.UNSPECIFIED.);
#1095=TRIMMED_CURVE('',#1765,(PARAMETER_VALUE(0.0)),(PARAMETER_VALUE(1.0)),.T.,.UNSPECIFIED.);
#1096=TRIMMED_CURVE('',#1766,(PARAMETER_VALUE(0.0)),(PARAMETER_VALUE(1.0)),.T.,.UNSPECIFIED.);
#1097=TRIMMED_CURVE('',#1767,(PARAMETER_VALUE(0.0)),(PARAMETER_VALUE(1.0)),.T.,.UNSPECIFIED.);
#1098=TRIMMED_CURVE('',#1768,(PARAMETER_VALUE(0.0)),(PARAMETER_VALUE(1.0)),.T.,.UNSPECIFIED.);
#1099=TRIMMED_CURVE('',#1769,(PARAMETER_VALUE(0.0)),(PARAMETER_VALUE(1.0)),.T.,.UNSPECIFIED.);
#1100=EDGE_LOOP('',(#1770,#1771,#1772,#1773,#1774,#1775,#1776,#1777,#1778,#1779,#1780,#1781,#1782,#1783,#1784,#1785,#1786,#1787,#1788,#1789,#1790,#1791,#1792,#1793));
#1101=AXIS2_PLACEMENT_3D('',#1794,#1795,#1796);
#1102=EDGE_LOOP('',(#1797,#1798,#1799,#1800));
#1103=AXIS2_PLACEMENT_3D('',#1801,#1802,#1803);
#1104=EDGE_LOOP('',(#1804,#1805,#1806,#1807));
#1105=AXIS2_PLACEMENT_3D('',#1808,#1809,#1810);
#1106=EDGE_LOOP('',(#1811,#1812,#1813,#1814));
#1107=AXIS2_PLACEMENT_3D('',#1815,#1816,#1817);
#1108=EDGE_LOOP('',(#1818,#1819,#1820,#1821,#1822,#1823,#1824,#1825,#1826,#1827,#1828,#1829,#1830,#1831,#1832,#1833,#1834,#1835,#1836,#1837,#1838,#1839,#1840,#1841,#1842,#1843,#1844,#1845,#1846,#1847,#1848,#1849,#1850,#1851,#1852,#1853));
#1109=AXIS2_PLACEMENT_3D('',#1854,#1855,#1856);
#1110=EDGE_LOOP('',(#1857,#1858,#1859,#1860,#1861,#1862));
#1111=AXIS2_PLACEMENT_3D('',#1863,#1864,#1865);
#1112=EDGE_LOOP('',(#1866,#1867,#1868,#1869));
#1113=AXIS2_PLACEMENT_3D('',#1870,#1871,#1872);
#1114=EDGE_LOOP('',(#1873,#1874,#1875,#1876,#1877,#1878,#1879,#1880));
#1115=AXIS2_PLACEMENT_3D('',#1881,#1882,#1883);
#1116=EDGE_LOOP('',(#1884,#1885,#1886,#1887,#1888,#1889,#1890,#1891));
#1117=AXIS2_PLACEMENT_3D('',#1892,#1893,#1894);
#1118=EDGE_LOOP('',(#1895,#1896,#1897,#1898,#1899,#1900,#1901,#1902,#1903,#1904,#1905,#1906,#1907));
#1119=AXIS2_PLACEMENT_3D('',#1908,#1909,#1910);
#1120=EDGE_LOOP('',(#1911,#1912,#1913,#1914));
#1121=AXIS2_PLACEMENT_3D('',#1915,#1916,#1917);
#1122=EDGE_LOOP('',(#1918,#1919,#1920,#1921,#1922,#1923,#1924,#1925,#1926,#1927));
#1123=AXIS2_PLACEMENT_3D('',#1928,#1929,#1930);
#1124=EDGE_LOOP('',(#1931,#1932,#1933,#1934,#1935,#1936,#1937,#1938,#1939,#1940,#1941,#1942,#1943,#1944,#1945,#1946,#1947,#1948,#1949,#1950,#1951,#1952));
#1125=AXIS2_PLACEMENT_3D('',#1953,#1954,#1955);
#1126=EDGE_LOOP('',(#1956,#1957,#1958,#1959));
#1127=AXIS2_PLACEMENT_3D('',#1960,#1961,#1962);
#1128=EDGE_LOOP('',(#1963,#1964,#1965,#1966));
#1129=AXIS2_PLACEMENT_3D('',#1967,#1968,#1969);
#1130=EDGE_LOOP('',(#1970,#1971,#1972,#1973));
#1131=AXIS2_PLACEMENT_3D('',#1974,#1975,#1976);
#1132=EDGE_LOOP('',(#1977,#1978,#1979,#1980,#1981,#1982));
#1133=AXIS2_PLACEMENT_3D('',#1983,#1984,#1985);
#1134=EDGE_LOOP('',(#1986,#1987,#1988,#1989,#1990,#1991));
#1135=AXIS2_PLACEMENT_3D('',#1992,#1993,#1994);
#1136=EDGE_LOOP('',(#1995,#1996,#1997,#1998,#1999,#2000,#2001,#2002,#2003,#2004));
#1137=AXIS2_PLACEMENT_3D('',#2005,#2006,#2007);
#1138=EDGE_LOOP('',(#2008,#2009,#2010,#2011,#2012,#2013,#2014,#2015));
#1139=AXIS2_PLACEMENT_3D('',#2016,#2017,#2018);
#1140=EDGE_LOOP('',(#2019,#2020,#2021,#2022));
#1141=AXIS2_PLACEMENT_3D('',#2023,#2024,#2025);
#1142=EDGE_LOOP('',(#2026,#2027,#2028,#2029));
#1143=AXIS2_PLACEMENT_3D('',#2030,#2031,#2032);
#1144=EDGE_LOOP('',(#2033,#2034,#2035,#2036));
#1145=AXIS2_PLACEMENT_3D('',#2037,#2038,#2039);
#1146=EDGE_LOOP('',(#2040,#2041,#2042,#2043));
#1147=AXIS2_PLACEMENT_3D('',#2044,#2045,#2046);
#1148=EDGE_LOOP('',(#2047,#2048,#2049,#2050,#2051,#2052,#2053,#2054,#2055,#2056));
#1149=AXIS2_PLACEMENT_3D('',#2057,#2058,#2059);
#1150=EDGE_LOOP('',(#2060,#2061,#2062,#2063,#2064,#2065));
#1151=AXIS2_PLACEMENT_3D('',#2066,#2067,#2068);
#1152=EDGE_LOOP('',(#2069,#2070,#2071,#2072,#2073,#2074,#2075,#2076,#2077,#2078,#2079,#2080,#2081));
#1153=AXIS2_PLACEMENT_3D('',#2082,#2083,#2084);
#1154=EDGE_LOOP('',(#2085,#2086,#2087,#2088));
#1155=AXIS2_PLACEMENT_3D('',#2089,#2090,#2091);
#1156=EDGE_LOOP('',(#2092,#2093,#2094,#2095,#2096));
#1157=AXIS2_PLACEMENT_3D('',#2097,#2098,#2099);
#1158=EDGE_LOOP('',(#2100,#2101,#2102,#2103));
#1159=AXIS2_PLACEMENT_3D('',#2104,#2105,#2106);
#1160=EDGE_LOOP('',(#2107,#2108,#2109,#2110));
#1161=AXIS2_PLACEMENT_3D('',#2111,#2112,#2113);
#1162=EDGE_LOOP('',(#2114,#2115,#2116,#2117,#2118,#2119,#2120,#2121,#2122,#2123,#2124,#2125));
#1163=AXIS2_PLACEMENT_3D('',#2126,#2127,#2128);
#1164=EDGE_LOOP('',(#2129,#2130,#2131,#2132,#2133,#2134,#2135));
#1165=AXIS2_PLACEMENT_3D('',#2136,#2137,#2138);
#1166=EDGE_LOOP('',(#2139,#2140,#2141,#2142,#2143,#2144,#2145));
#1167=AXIS2_PLACEMENT_3D('',#2146,#2147,#2148);
#1168=EDGE_LOOP('',(#2149,#2150,#2151,#2152,#2153));
#1169=AXIS2_PLACEMENT_3D('',#2154,#2155,#2156);
#1170=EDGE_LOOP('',(#2157,#2158,#2159,#2160));
#1171=AXIS2_PLACEMENT_3D('',#2161,#2162,#2163);
#1172=EDGE_LOOP('',(#2164,#2165,#2166,#2167));
#1173=AXIS2_PLACEMENT_3D('',#2168,#2169,#2170);
#1174=EDGE_LOOP('',(#2171,#2172,#2173,#2174));
#1175=AXIS2_PLACEMENT_3D('',#2175,#2176,#2177);
#1176=EDGE_LOOP('',(#2178,#2179,#2180,#2181));
#1177=AXIS2_PLACEMENT_3D('',#2182,#2183,#2184);
#1178=EDGE_LOOP('',(#2185,#2186,#2187,#2188,#2189,#2190,#2191,#2192,#2193,#2194,#2195,#2196,#2197,#2198,#2199,#2200,#2201,#2202,#2203,#2204,#2205,#2206,#2207,#2208));
#1179=AXIS2_PLACEMENT_3D('',#2209,#2210,#2211);
#1180=EDGE_LOOP('',(#2212,#2213,#2214,#2215));
#1181=AXIS2_PLACEMENT_3D('',#2216,#2217,#2218);
#1182=EDGE_LOOP('',(#2219,#2220,#2221,#2222,#2223));
#1183=AXIS2_PLACEMENT_3D('',#2224,#2225,#2226);
#1184=EDGE_LOOP('',(#2227,#2228,#2229,#2230));
#1185=AXIS2_PLACEMENT_3D('',#2231,#2232,#2233);
#1186=EDGE_LOOP('',(#2234,#2235,#2236,#2237,#2238));
#1187=AXIS2_PLACEMENT_3D('',#2239,#2240,#2241);
#1188=EDGE_LOOP('',(#2242,#2243,#2244,#2245));
#1189=AXIS2_PLACEMENT_3D('',#2246,#2247,#2248);
#1190=EDGE_LOOP('',(#2249,#2250,#2251,#2252,#2253,#2254,#2255,#2256,#2257,#2258,#2259));
#1191=AXIS2_PLACEMENT_3D('',#2260,#2261,#2262);
#1192=EDGE_LOOP('',(#2263,#2264,#2265,#2266));
#1193=AXIS2_PLACEMENT_3D('',#2267,#2268,#2269);
#1194=EDGE_LOOP('',(#2270,#2271,#2272,#2273));
#1195=AXIS2_PLACEMENT_3D('',#2274,#2275,#2276);
#1196=EDGE_LOOP('',(#2277,#2278,#2279,#2280));
#1197=AXIS2_PLACEMENT_3D('',#2281,#2282,#2283);
#1198=EDGE_LOOP('',(#2284,#2285,#2286,#2287,#2288,#2289,#2290,#2291,#2292,#2293,#2294,#2295,#2296,#2297,#2298,#2299,#2300,#2301,#2302,#2303));
#1199=AXIS2_PLACEMENT_3D('',#2304,#2305,#2306);
#1200=EDGE_LOOP('',(#2307,#2308,#2309,#2310,#2311,#2312,#2313,#2314,#2315,#2316,#2317,#2318,#2319,#2320,#2321,#2322,#2323,#2324,#2325,#2326));
#1201=AXIS2_PLACEMENT_3D('',#2327,#2328,#2329);
#1202=EDGE_LOOP('',(#2330,#2331,#2332,#2333,#2334,#2335,#2336,#2337,#2338,#2339,#2340,#2341,#2342,#2343,#2344,#2345));
#1203=AXIS2_PLACEMENT_3D('',#2346,#2347,#2348);
#1204=EDGE_LOOP('',(#2349,#2350,#2351,#2352));
#1205=AXIS2_PLACEMENT_3D('',#2353,#2354,#2355);
#1206=EDGE_LOOP('',(#2356,#2357,#2358,#2359));
#1207=AXIS2_PLACEMENT_3D('',#2360,#2361,#2362);
#1208=EDGE_LOOP('',(#2363,#2364,#2365,#2366));
#1209=AXIS2_PLACEMENT_3D('',#2367,#2368,#2369);
#1210=EDGE_LOOP('',(#2370,#2371,#2372,#2373,#2374,#2375,#2376,#2377,#2378,#2379,#2380,#2381));
#1211=AXIS2_PLACEMENT_3D('',#2382,#2383,#2384);
#1212=EDGE_LOOP('',(#2385,#2386,#2387,#2388,#2389,#2390,#2391,#2392,#2393,#2394,#2395,#2396,#2397,#2398,#2399,#2400));
#1213=AXIS2_PLACEMENT_3D('',#2401,#2402,#2403);
#1214=EDGE_LOOP('',(#2404,#2405,#2406,#2407,#2408,#2409,#2410,#2411,#2412,#2413,#2414,#2415));
#1215=AXIS2_PLACEMENT_3D('',#2416,#2417,#2418);
#1216=EDGE_LOOP('',(#2419,#2420,#2421,#2422,#2423));
#1217=AXIS2_PLACEMENT_3D('',#2424,#2425,#2426);
#1218=EDGE_LOOP('',(#2427,#2428,#2429,#2430,#2431,#2432,#2433,#2434));
#1219=AXIS2_PLACEMENT_3D('',#2435,#2436,#2437);
#1220=EDGE_LOOP('',(#2438,#2439,#2440,#2441,#2442));
#1221=AXIS2_PLACEMENT_3D('',#2443,#2444,#2445);
#1222=EDGE_LOOP('',(#2446,#2447,#2448,#2449));
#1223=AXIS2_PLACEMENT_3D('',#2450,#2451,#2452);
#1224=EDGE_LOOP('',(#2453,#2454,#2455,#2456,#2457,#2458));
#1225=AXIS2_PLACEMENT_3D('',#2459,#2460,#2461);
#1226=EDGE_LOOP('',(#2462,#2463,#2464,#2465));
#1227=AXIS2_PLACEMENT_3D('',#2466,#2467,#2468);
#1228=EDGE_LOOP('',(#2469,#2470,#2471,#2472));
#1229=AXIS2_PLACEMENT_3D('',#2473,#2474,#2475);
#1230=EDGE_LOOP('',(#2476,#2477,#2478,#2479,#2480,#2481,#2482,#2483,#2484,#2485,#2486,#2487,#2488,#2489));
#1231=EDGE_LOOP('',(#2490,#2491,#2492,#2493,#2494,#2495,#2496,#2497));
#1232=EDGE_LOOP('',(#2498,#2499,#2500,#2501,#2502,#2503,#2504,#2505));
#1233=EDGE_LOOP('',(#2506,#2507,#2508,#2509,#2510,#2511,#2512,#2513));
#1234=AXIS2_PLACEMENT_3D('',#2514,#2515,#2516);
#1235=EDGE_LOOP('',(#2517,#2518,#2519,#2520,#2521,#2522));
#1236=AXIS2_PLACEMENT_3D('',#2523,#2524,#2525);
#1237=EDGE_LOOP('',(#2526,#2527,#2528,#2529));
#1238=AXIS2_PLACEMENT_3D('',#2530,#2531,#2532);
#1239=EDGE_LOOP('',(#2533,#2534,#2535,#2536));
#1240=AXIS2_PLACEMENT_3D('',#2537,#2538,#2539);
#1241=EDGE_LOOP('',(#2540,#2541,#2542,#2543,#2544,#2545,#2546,#2547,#2548,#2549,#2550,#2551));
#1242=AXIS2_PLACEMENT_3D('',#2552,#2553,#2554);
#1243=EDGE_LOOP('',(#2555,#2556,#2557,#2558,#2559));
#1244=AXIS2_PLACEMENT_3D('',#2560,#2561,#2562);
#1245=EDGE_LOOP('',(#2563,#2564,#2565,#2566,#2567,#2568,#2569,#2570));
#1246=AXIS2_PLACEMENT_3D('',#2571,#2572,#2573);
#1247=EDGE_LOOP('',(#2574,#2575,#2576,#2577,#2578));
#1248=AXIS2_PLACEMENT_3D('',#2579,#2580,#2581);
#1249=EDGE_LOOP('',(#2582,#2583,#2584,#2585));
#1250=AXIS2_PLACEMENT_3D('',#2586,#2587,#2588);
#1251=EDGE_LOOP('',(#2589,#2590,#2591,#2592,#2593,#2594));
#1252=AXIS2_PLACEMENT_3D('',#2595,#2596,#2597);
#1253=EDGE_LOOP('',(#2598,#2599,#2600,#2601));
#1254=AXIS2_PLACEMENT_3D('',#2602,#2603,#2604);
#1255=EDGE_LOOP('',(#2605,#2606,#2607,#2608));
#1256=AXIS2_PLACEMENT_3D('',#2609,#2610,#2611);
#1257=EDGE_LOOP('',(#2612,#2613,#2614,#2615));
#1258=AXIS2_PLACEMENT_3D('',#2616,#2617,#2618);
#1259=EDGE_LOOP('',(#2619,#2620,#2621,#2622));
#1260=AXIS2_PLACEMENT_3D('',#2623,#2624,#2625);
#1261=EDGE_LOOP('',(#2626,#2627,#2628,#2629));
#1262=AXIS2_PLACEMENT_3D('',#2630,#2631,#2632);
#1263=EDGE_LOOP('',(#2633,#2634,#2635,#2636));
#1264=AXIS2_PLACEMENT_3D('',#2637,#2638,#2639);
#1265=EDGE_LOOP('',(#2640,#2641,#2642,#2643,#2644,#2645));
#1266=AXIS2_PLACEMENT_3D('',#2646,#2647,#2648);
#1267=EDGE_LOOP('',(#2649,#2650,#2651,#2652));
#1268=AXIS2_PLACEMENT_3D('',#2653,#2654,#2655);
#1269=EDGE_LOOP('',(#2656,#2657,#2658,#2659));
#1270=AXIS2_PLACEMENT_3D('',#2660,#2661,#2662);
#1271=EDGE_LOOP('',(#2663,#2664,#2665,#2666,#2667,#2668,#2669,#2670,#2671,#2672,#2673,#2674));
#1272=AXIS2_PLACEMENT_3D('',#2675,#2676,#2677);
#1273=EDGE_LOOP('',(#2678,#2679,#2680,#2681,#2682));
#1274=AXIS2_PLACEMENT_3D('',#2683,#2684,#2685);
#1275=EDGE_LOOP('',(#2686,#2687,#2688,#2689,#2690,#2691,#2692,#2693));
#1276=AXIS2_PLACEMENT_3D('',#2694,#2695,#2696);
#1277=EDGE_LOOP('',(#2697,#2698,#2699,#2700,#2701));
#1278=AXIS2_PLACEMENT_3D('',#2702,#2703,#2704);
#1279=EDGE_LOOP('',(#2705,#2706,#2707,#2708));
#1280=AXIS2_PLACEMENT_3D('',#2709,#2710,#2711);
#1281=EDGE_LOOP('',(#2712,#2713,#2714,#2715,#2716,#2717));
#1282=AXIS2_PLACEMENT_3D('',#2718,#2719,#2720);
#1283=EDGE_LOOP('',(#2721,#2722,#2723,#2724));
#1284=AXIS2_PLACEMENT_3D('',#2725,#2726,#2727);
#1285=EDGE_LOOP('',(#2728,#2729,#2730,#2731));
#1286=AXIS2_PLACEMENT_3D('',#2732,#2733,#2734);
#1287=EDGE_LOOP('',(#2735,#2736,#2737,#2738));
#1288=AXIS2_PLACEMENT_3D('',#2739,#2740,#2741);
#1289=EDGE_LOOP('',(#2742,#2743,#2744,#2745));
#1290=AXIS2_PLACEMENT_3D('',#2746,#2747,#2748);
#1291=EDGE_LOOP('',(#2749,#2750,#2751,#2752));
#1292=AXIS2_PLACEMENT_3D('',#2753,#2754,#2755);
#1293=EDGE_LOOP('',(#2756,#2757,#2758,#2759));
#1294=AXIS2_PLACEMENT_3D('',#2760,#2761,#2762);
#1295=EDGE_LOOP('',(#2763,#2764,#2765,#2766,#2767,#2768));
#1296=AXIS2_PLACEMENT_3D('',#2769,#2770,#2771);
#1297=EDGE_LOOP('',(#2772,#2773,#2774,#2775));
#1298=AXIS2_PLACEMENT_3D('',#2776,#2777,#2778);
#1299=EDGE_LOOP('',(#2779,#2780,#2781,#2782,#2783,#2784,#2785,#2786));
#1300=AXIS2_PLACEMENT_3D('',#2787,#2788,#2789);
#1301=EDGE_LOOP('',(#2790,#2791,#2792,#2793,#2794));
#1302=AXIS2_PLACEMENT_3D('',#2795,#2796,#2797);
#1303=EDGE_LOOP('',(#2798,#2799,#2800,#2801,#2802,#2803,#2804,#2805,#2806,#2807,#2808,#2809));
#1304=AXIS2_PLACEMENT_3D('',#2810,#2811,#2812);
#1305=EDGE_LOOP('',(#2813,#2814,#2815,#2816));
#1306=AXIS2_PLACEMENT_3D('',#2817,#2818,#2819);
#1307=EDGE_LOOP('',(#2820,#2821,#2822,#2823));
#1308=AXIS2_PLACEMENT_3D('',#2824,#2825,#2826);
#1309=EDGE_LOOP('',(#2827,#2828,#2829,#2830,#2831,#2832));
#1310=AXIS2_PLACEMENT_3D('',#2833,#2834,#2835);
#1311=EDGE_LOOP('',(#2836,#2837,#2838,#2839));
#1312=AXIS2_PLACEMENT_3D('',#2840,#2841,#2842);
#1313=EDGE_LOOP('',(#2843,#2844,#2845,#2846));
#1314=AXIS2_PLACEMENT_3D('',#2847,#2848,#2849);
#1315=EDGE_LOOP('',(#2850,#2851,#2852,#2853));
#1316=AXIS2_PLACEMENT_3D('',#2854,#2855,#2856);
#1317=EDGE_LOOP('',(#2857,#2858,#2859,#2860));
#1318=AXIS2_PLACEMENT_3D('',#2861,#2862,#2863);
#1319=EDGE_LOOP('',(#2864,#2865,#2866,#2867));
#1320=AXIS2_PLACEMENT_3D('',#2868,#2869,#2870);
#1321=EDGE_LOOP('',(#2871,#2872,#2873,#2874));
#1322=AXIS2_PLACEMENT_3D('',#2875,#2876,#2877);
#1323=EDGE_LOOP('',(#2878,#2879,#2880,#2881,#2882));
#1324=AXIS2_PLACEMENT_3D('',#2883,#2884,#2885);
#1325=EDGE_LOOP('',(#2886,#2887,#2888,#2889));
#1326=AXIS2_PLACEMENT_3D('',#2890,#2891,#2892);
#1327=EDGE_LOOP('',(#2893,#2894,#2895,#2896));
#1328=AXIS2_PLACEMENT_3D('',#2897,#2898,#2899);
#1329=EDGE_LOOP('',(#2900,#2901,#2902,#2903));
#1330=AXIS2_PLACEMENT_3D('',#2904,#2905,#2906);
#1331=EDGE_LOOP('',(#2907,#2908,#2909,#2910));
#1332=AXIS2_PLACEMENT_3D('',#2911,#2912,#2913);
#1333=EDGE_LOOP('',(#2914,#2915,#2916,#2917,#2918,#2919,#2920,#2921,#2922,#2923));
#1334=AXIS2_PLACEMENT_3D('',#2924,#2925,#2926);
#1335=EDGE_LOOP('',(#2927,#2928,#2929,#2930));
#1336=AXIS2_PLACEMENT_3D('',#2931,#2932,#2933);
#1337=EDGE_LOOP('',(#2934,#2935,#2936,#2937));
#1338=AXIS2_PLACEMENT_3D('',#2938,#2939,#2940);
#1339=EDGE_LOOP('',(#2941,#2942,#2943,#2944));
#1340=AXIS2_PLACEMENT_3D('',#2945,#2946,#2947);
#1341=EDGE_LOOP('',(#2948,#2949,#2950,#2951));
#1342=AXIS2_PLACEMENT_3D('',#2952,#2953,#2954);
#1343=EDGE_LOOP('',(#2955,#2956,#2957,#2958,#2959,#2960,#2961,#2962,#2963,#2964,#2965,#2966,#2967,#2968,#2969));
#1344=EDGE_LOOP('',(#2970,#2971,#2972,#2973,#2974,#2975,#2976,#2977));
#1345=EDGE_LOOP('',(#2978,#2979,#2980,#2981,#2982,#2983,#2984,#2985));
#1346=EDGE_LOOP('',(#2986,#2987,#2988,#2989,#2990,#2991,#2992,#2993));
#1347=AXIS2_PLACEMENT_3D('',#2994,#2995,#2996);
#1348=EDGE_LOOP('',(#2997,#2998,#2999,#3000));
#1349=AXIS2_PLACEMENT_3D('',#3001,#3002,#3003);
#1350=EDGE_LOOP('',(#3004,#3005,#3006,#3007));
#1351=AXIS2_PLACEMENT_3D('',#3008,#3009,#3010);
#1352=EDGE_LOOP('',(#3011,#3012,#3013,#3014));
#1353=AXIS2_PLACEMENT_3D('',#3015,#3016,#3017);
#1354=EDGE_LOOP('',(#3018,#3019,#3020,#3021));
#1355=AXIS2_PLACEMENT_3D('',#3022,#3023,#3024);
#1356=EDGE_LOOP('',(#3025,#3026,#3027,#3028,#3029,#3030));
#1357=AXIS2_PLACEMENT_3D('',#3031,#3032,#3033);
#1358=EDGE_LOOP('',(#3034,#3035,#3036,#3037));
#1359=AXIS2_PLACEMENT_3D('',#3038,#3039,#3040);
#1360=EDGE_LOOP('',(#3041,#3042,#3043,#3044,#3045,#3046,#3047,#3048));
#1361=AXIS2_PLACEMENT_3D('',#3049,#3050,#3051);
#1362=EDGE_LOOP('',(#3052,#3053,#3054,#3055,#3056));
#1363=AXIS2_PLACEMENT_3D('',#3057,#3058,#3059);
#1364=EDGE_LOOP('',(#3060,#3061,#3062,#3063,#3064,#3065,#3066,#3067,#3068,#3069,#3070,#3071));
#1365=AXIS2_PLACEMENT_3D('',#3072,#3073,#3074);
#1366=EDGE_LOOP('',(#3075,#3076,#3077,#3078,#3079));
#1367=AXIS2_PLACEMENT_3D('',#3080,#3081,#3082);
#1368=EDGE_LOOP('',(#3083,#3084,#3085,#3086));
#1369=AXIS2_PLACEMENT_3D('',#3087,#3088,#3089);
#1370=EDGE_LOOP('',(#3090,#3091,#3092,#3093,#3094,#3095));
#1371=AXIS2_PLACEMENT_3D('',#3096,#3097,#3098);
#1372=EDGE_LOOP('',(#3099,#3100,#3101,#3102));
#1373=AXIS2_PLACEMENT_3D('',#3103,#3104,#3105);
#1374=EDGE_LOOP('',(#3106,#3107,#3108,#3109));
#1375=AXIS2_PLACEMENT_3D('',#3110,#3111,#3112);
#1376=EDGE_LOOP('',(#3113,#3114,#3115,#3116));
#1377=AXIS2_PLACEMENT_3D('',#3117,#3118,#3119);
#1378=EDGE_LOOP('',(#3120,#3121,#3122,#3123));
#1379=AXIS2_PLACEMENT_3D('',#3124,#3125,#3126);
#1380=EDGE_LOOP('',(#3127,#3128,#3129,#3130));
#1381=AXIS2_PLACEMENT_3D('',#3131,#3132,#3133);
#1382=EDGE_LOOP('',(#3134,#3135,#3136,#3137));
#1383=AXIS2_PLACEMENT_3D('',#3138,#3139,#3140);
#1384=EDGE_LOOP('',(#3141,#3142,#3143,#3144));
#1385=AXIS2_PLACEMENT_3D('',#3145,#3146,#3147);
#1386=EDGE_LOOP('',(#3148,#3149,#3150,#3151,#3152,#3153));
#1387=AXIS2_PLACEMENT_3D('',#3154,#3155,#3156);
#1388=EDGE_LOOP('',(#3157,#3158,#3159,#3160));
#1389=AXIS2_PLACEMENT_3D('',#3161,#3162,#3163);
#1390=EDGE_LOOP('',(#3164,#3165,#3166,#3167,#3168,#3169,#3170,#3171));
#1391=AXIS2_PLACEMENT_3D('',#3172,#3173,#3174);
#1392=EDGE_LOOP('',(#3175,#3176,#3177,#3178,#3179));
#1393=AXIS2_PLACEMENT_3D('',#3180,#3181,#3182);
#1394=EDGE_LOOP('',(#3183,#3184,#3185,#3186,#3187,#3188,#3189,#3190,#3191,#3192,#3193,#3194));
#1395=AXIS2_PLACEMENT_3D('',#3195,#3196,#3197);
#1396=EDGE_LOOP('',(#3198,#3199,#3200,#3201,#3202));
#1397=AXIS2_PLACEMENT_3D('',#3203,#3204,#3205);
#1398=EDGE_LOOP('',(#3206,#3207,#3208,#3209));
#1399=AXIS2_PLACEMENT_3D('',#3210,#3211,#3212);
#1400=EDGE_LOOP('',(#3213,#3214,#3215,#3216,#3217,#3218));
#1401=AXIS2_PLACEMENT_3D('',#3219,#3220,#3221);
#1402=EDGE_LOOP('',(#3222,#3223,#3224,#3225));
#1403=AXIS2_PLACEMENT_3D('',#3226,#3227,#3228);
#1404=EDGE_LOOP('',(#3229,#3230,#3231,#3232));
#1405=AXIS2_PLACEMENT_3D('',#3233,#3234,#3235);
#1406=EDGE_LOOP('',(#3236,#3237,#3238,#3239));
#1407=AXIS2_PLACEMENT_3D('',#3240,#3241,#3242);
#1408=EDGE_LOOP('',(#3243,#3244,#3245,#3246));
#1409=AXIS2_PLACEMENT_3D('',#3247,#3248,#3249);
#1410=EDGE_LOOP('',(#3250,#3251,#3252,#3253));
#1411=AXIS2_PLACEMENT_3D('',#3254,#3255,#3256);
#1412=EDGE_LOOP('',(#3257,#3258,#3259,#3260));
#1413=AXIS2_PLACEMENT_3D('',#3261,#3262,#3263);
#1414=EDGE_LOOP('',(#3264,#3265,#3266,#3267));
#1415=AXIS2_PLACEMENT_3D('',#3268,#3269,#3270);
#1416=EDGE_LOOP('',(#3271,#3272,#3273,#3274,#3275,#3276));
#1417=AXIS2_PLACEMENT_3D('',#3277,#3278,#3279);
#1418=EDGE_LOOP('',(#3280,#3281,#3282,#3283,#3284,#3285,#3286,#3287));
#1419=AXIS2_PLACEMENT_3D('',#3288,#3289,#3290);
#1420=EDGE_LOOP('',(#3291,#3292,#3293,#3294,#3295));
#1421=AXIS2_PLACEMENT_3D('',#3296,#3297,#3298);
#1422=EDGE_LOOP('',(#3299,#3300,#3301,#3302,#3303,#3304,#3305,#3306,#3307,#3308,#3309,#3310));
#1423=AXIS2_PLACEMENT_3D('',#3311,#3312,#3313);
#1424=EDGE_LOOP('',(#3314,#3315,#3316,#3317,#3318));
#1425=AXIS2_PLACEMENT_3D('',#3319,#3320,#3321);
#1426=EDGE_LOOP('',(#3322,#3323,#3324,#3325));
#1427=AXIS2_PLACEMENT_3D('',#3326,#3327,#3328);
#1428=EDGE_LOOP('',(#3329,#3330,#3331,#3332,#3333,#3334));
#1429=AXIS2_PLACEMENT_3D('',#3335,#3336,#3337);
#1430=EDGE_LOOP('',(#3338,#3339,#3340,#3341));
#1431=AXIS2_PLACEMENT_3D('',#3342,#3343,#3344);
#1432=EDGE_LOOP('',(#3345,#3346,#3347,#3348));
#1433=AXIS2_PLACEMENT_3D('',#3349,#3350,#3351);
#1434=EDGE_LOOP('',(#3352,#3353,#3354,#3355));
#1435=AXIS2_PLACEMENT_3D('',#3356,#3357,#3358);
#1436=EDGE_LOOP('',(#3359,#3360,#3361,#3362));
#1437=AXIS2_PLACEMENT_3D('',#3363,#3364,#3365);
#1438=EDGE_LOOP('',(#3366,#3367,#3368,#3369));
#1439=AXIS2_PLACEMENT_3D('',#3370,#3371,#3372);
#1440=EDGE_LOOP('',(#3373,#3374,#3375,#3376));
#1441=AXIS2_PLACEMENT_3D('',#3377,#3378,#3379);
#1442=EDGE_LOOP('',(#3380,#3381,#3382,#3383));
#1443=AXIS2_PLACEMENT_3D('',#3384,#3385,#3386);
#1444=EDGE_LOOP('',(#3387,#3388,#3389,#3390));
#1445=AXIS2_PLACEMENT_3D('',#3391,#3392,#3393);
#1446=EDGE_LOOP('',(#3394,#3395,#3396,#3397));
#1447=EDGE_LOOP('',(#3398,#3399,#3400,#3401,#3402,#3403,#3404,#3405));
#1448=EDGE_LOOP('',(#3406,#3407,#3408,#3409,#3410,#3411,#3412,#3413));
#1449=EDGE_LOOP('',(#3414,#3415,#3416,#3417,#3418,#3419,#3420,#3421));
#1450=EDGE_LOOP('',(#3422,#3423,#3424,#3425,#3426,#3427,#3428,#3429));
#1451=AXIS2_PLACEMENT_3D('',#3430,#3431,#3432);
#1452=EDGE_LOOP('',(#3433,#3434,#3435,#3436,#3437,#3438));
#1453=EDGE_LOOP('',(#3439,#3440,#3441,#3442,#3443,#3444,#3445,#3446));
#1454=EDGE_LOOP('',(#3447,#3448,#3449,#3450,#3451,#3452,#3453,#3454));
#1455=EDGE_LOOP('',(#3455,#3456,#3457,#3458,#3459,#3460,#3461,#3462));
#1456=EDGE_LOOP('',(#3463,#3464,#3465,#3466,#3467,#3468,#3469,#3470));
#1457=AXIS2_PLACEMENT_3D('',#3471,#3472,#3473);
#1458=EDGE_LOOP('',(#3474,#3475,#3476,#3477));
#1459=AXIS2_PLACEMENT_3D('',#3478,#3479,#3480);
#1460=EDGE_LOOP('',(#3481,#3482,#3483,#3484));
#1461=AXIS2_PLACEMENT_3D('',#3485,#3486,#3487);
#1462=EDGE_LOOP('',(#3488,#3489,#3490,#3491));
#1463=AXIS2_PLACEMENT_3D('',#3492,#3493,#3494);
#1464=EDGE_LOOP('',(#3495,#3496,#3497,#3498));
#1465=AXIS2_PLACEMENT_3D('',#3499,#3500,#3501);
#1466=EDGE_LOOP('',(#3502,#3503,#3504,#3505));
#1467=AXIS2_PLACEMENT_3D('',#3506,#3507,#3508);
#1468=EDGE_LOOP('',(#3509,#3510,#3511,#3512));
#1469=AXIS2_PLACEMENT_3D('',#3513,#3514,#3515);
#1470=EDGE_LOOP('',(#3516,#3517,#3518,#3519));
#1471=AXIS2_PLACEMENT_3D('',#3520,#3521,#3522);
#1472=EDGE_LOOP('',(#3523,#3524,#3525,#3526));
#1473=AXIS2_PLACEMENT_3D('',#3527,#3528,#3529);
#1474=EDGE_LOOP('',(#3530,#3531,#3532,#3533));
#1475=AXIS2_PLACEMENT_3D('',#3534,#3535,#3536);
#1476=EDGE_LOOP('',(#3537,#3538,#3539,#3540));
#1477=AXIS2_PLACEMENT_3D('',#3541,#3542,#3543);
#1478=EDGE_LOOP('',(#3544,#3545,#3546,#3547,#3548,#3549,#3550,#3551));
#1479=AXIS2_PLACEMENT_3D('',#3552,#3553,#3554);
#1480=EDGE_LOOP('',(#3555,#3556,#3557,#3558));
#1481=AXIS2_PLACEMENT_3D('',#3559,#3560,#3561);
#1482=EDGE_LOOP('',(#3562,#3563,#3564,#3565));
#1483=AXIS2_PLACEMENT_3D('',#3566,#3567,#3568);
#1484=EDGE_LOOP('',(#3569,#3570,#3571,#3572));
#1485=AXIS2_PLACEMENT_3D('',#3573,#3574,#3575);
#1486=EDGE_LOOP('',(#3576,#3577,#3578,#3579));
#1487=AXIS2_PLACEMENT_3D('',#3580,#3581,#3582);
#1488=EDGE_LOOP('',(#3583,#3584,#3585,#3586));
#1489=AXIS2_PLACEMENT_3D('',#3587,#3588,#3589);
#1490=EDGE_LOOP('',(#3590,#3591,#3592,#3593));
#1491=AXIS2_PLACEMENT_3D('',#3594,#3595,#3596);
#1492=EDGE_LOOP('',(#3597,#3598,#3599,#3600));
#1493=AXIS2_PLACEMENT_3D('',#3601,#3602,#3603);
#1494=EDGE_LOOP('',(#3604,#3605,#3606,#3607));
#1495=AXIS2_PLACEMENT_3D('',#3608,#3609,#3610);
#1496=EDGE_LOOP('',(#3611,#3612,#3613,#3614,#3615,#3616,#3617,#3618));
#1497=AXIS2_PLACEMENT_3D('',#3619,#3620,#3621);
#1498=EDGE_LOOP('',(#3622,#3623,#3624,#3625));
#1499=AXIS2_PLACEMENT_3D('',#3626,#3627,#3628);
#1500=EDGE_LOOP('',(#3629,#3630,#3631,#3632));
#1501=AXIS2_PLACEMENT_3D('',#3633,#3634,#3635);
#1502=EDGE_LOOP('',(#3636,#3637,#3638,#3639));
#1503=AXIS2_PLACEMENT_3D('',#3640,#3641,#3642);
#1504=EDGE_LOOP('',(#3643,#3644,#3645,#3646));
#1505=AXIS2_PLACEMENT_3D('',#3647,#3648,#3649);
#1506=EDGE_LOOP('',(#3650,#3651,#3652,#3653));
#1507=AXIS2_PLACEMENT_3D('',#3654,#3655,#3656);
#1508=EDGE_LOOP('',(#3657,#3658,#3659,#3660));
#1509=AXIS2_PLACEMENT_3D('',#3661,#3662,#3663);
#1510=EDGE_LOOP('',(#3664,#3665,#3666,#3667));
#1511=AXIS2_PLACEMENT_3D('',#3668,#3669,#3670);
#1512=EDGE_LOOP('',(#3671,#3672,#3673,#3674));
#1513=AXIS2_PLACEMENT_3D('',#3675,#3676,#3677);
#1514=EDGE_LOOP('',(#3678,#3679,#3680,#3681,#3682,#3683,#3684,#3685));
#1515=AXIS2_PLACEMENT_3D('',#3686,#3687,#3688);
#1516=EDGE_LOOP('',(#3689,#3690,#3691,#3692));
#1517=AXIS2_PLACEMENT_3D('',#3693,#3694,#3695);
#1518=EDGE_LOOP('',(#3696,#3697,#3698,#3699));
#1519=AXIS2_PLACEMENT_3D('',#3700,#3701,#3702);
#1520=EDGE_LOOP('',(#3703,#3704,#3705,#3706));
#1521=AXIS2_PLACEMENT_3D('',#3707,#3708,#3709);
#1522=EDGE_LOOP('',(#3710,#3711,#3712,#3713));
#1523=AXIS2_PLACEMENT_3D('',#3714,#3715,#3716);
#1524=EDGE_LOOP('',(#3717,#3718,#3719,#3720));
#1525=AXIS2_PLACEMENT_3D('',#3721,#3722,#3723);
#1526=EDGE_LOOP('',(#3724,#3725,#3726,#3727));
#1527=AXIS2_PLACEMENT_3D('',#3728,#3729,#3730);
#1528=EDGE_LOOP('',(#3731,#3732,#3733,#3734));
#1529=AXIS2_PLACEMENT_3D('',#3735,#3736,#3737);
#1530=EDGE_LOOP('',(#3738,#3739,#3740,#3741));
#1531=AXIS2_PLACEMENT_3D('',#3742,#3743,#3744);
#1532=EDGE_LOOP('',(#3745,#3746,#3747,#3748,#3749,#3750,#3751,#3752));
#1533=AXIS2_PLACEMENT_3D('',#3753,#3754,#3755);
#1534=EDGE_LOOP('',(#3756,#3757,#3758,#3759));
#1535=AXIS2_PLACEMENT_3D('',#3760,#3761,#3762);
#1536=EDGE_LOOP('',(#3763,#3764,#3765,#3766));
#1537=AXIS2_PLACEMENT_3D('',#3767,#3768,#3769);
#1538=EDGE_LOOP('',(#3770,#3771,#3772,#3773));
#1539=AXIS2_PLACEMENT_3D('',#3774,#3775,#3776);
#1540=EDGE_LOOP('',(#3777,#3778,#3779,#3780));
#1541=AXIS2_PLACEMENT_3D('',#3781,#3782,#3783);
#1542=EDGE_LOOP('',(#3784,#3785,#3786,#3787));
#1543=AXIS2_PLACEMENT_3D('',#3788,#3789,#3790);
#1544=EDGE_LOOP('',(#3791,#3792,#3793,#3794));
#1545=AXIS2_PLACEMENT_3D('',#3795,#3796,#3797);
#1546=EDGE_LOOP('',(#3798,#3799,#3800,#3801));
#1547=AXIS2_PLACEMENT_3D('',#3802,#3803,#3804);
#1548=EDGE_LOOP('',(#3805,#3806,#3807,#3808));
#1549=AXIS2_PLACEMENT_3D('',#3809,#3810,#3811);
#1550=EDGE_LOOP('',(#3812,#3813,#3814,#3815,#3816,#3817,#3818,#3819));
#1551=AXIS2_PLACEMENT_3D('',#3820,#3821,#3822);
#1552=EDGE_LOOP('',(#3823,#3824,#3825,#3826));
#1553=AXIS2_PLACEMENT_3D('',#3827,#3828,#3829);
#1554=EDGE_LOOP('',(#3830,#3831,#3832,#3833));
#1555=AXIS2_PLACEMENT_3D('',#3834,#3835,#3836);
#1556=EDGE_LOOP('',(#3837,#3838,#3839,#3840));
#1557=AXIS2_PLACEMENT_3D('',#3841,#3842,#3843);
#1558=EDGE_LOOP('',(#3844,#3845,#3846,#3847));
#1559=AXIS2_PLACEMENT_3D('',#3848,#3849,#3850);
#1560=EDGE_LOOP('',(#3851,#3852,#3853,#3854));
#1561=AXIS2_PLACEMENT_3D('',#3855,#3856,#3857);
#1562=EDGE_LOOP('',(#3858,#3859,#3860,#3861));
#1563=AXIS2_PLACEMENT_3D('',#3862,#3863,#3864);
#1564=EDGE_LOOP('',(#3865,#3866,#3867,#3868));
#1565=AXIS2_PLACEMENT_3D('',#3869,#3870,#3871);
#1566=EDGE_LOOP('',(#3872,#3873,#3874,#3875));
#1567=AXIS2_PLACEMENT_3D('',#3876,#3877,#3878);
#1568=EDGE_LOOP('',(#3879,#3880,#3881,#3882,#3883,#3884,#3885,#3886));
#1569=AXIS2_PLACEMENT_3D('',#3887,#3888,#3889);
#1570=EDGE_LOOP('',(#3890,#3891,#3892,#3893));
#1571=AXIS2_PLACEMENT_3D('',#3894,#3895,#3896);
#1572=EDGE_LOOP('',(#3897,#3898,#3899,#3900));
#1573=AXIS2_PLACEMENT_3D('',#3901,#3902,#3903);
#1574=EDGE_LOOP('',(#3904,#3905,#3906,#3907));
#1575=AXIS2_PLACEMENT_3D('',#3908,#3909,#3910);
#1576=EDGE_LOOP('',(#3911,#3912,#3913,#3914));
#1577=AXIS2_PLACEMENT_3D('',#3915,#3916,#3917);
#1578=EDGE_LOOP('',(#3918,#3919,#3920,#3921));
#1579=AXIS2_PLACEMENT_3D('',#3922,#3923,#3924);
#1580=EDGE_LOOP('',(#3925,#3926,#3927,#3928));
#1581=AXIS2_PLACEMENT_3D('',#3929,#3930,#3931);
#1582=EDGE_LOOP('',(#3932,#3933,#3934,#3935));
#1583=AXIS2_PLACEMENT_3D('',#3936,#3937,#3938);
#1584=EDGE_LOOP('',(#3939,#3940,#3941,#3942));
#1585=AXIS2_PLACEMENT_3D('',#3943,#3944,#3945);
#1586=EDGE_LOOP('',(#3946,#3947,#3948,#3949,#3950,#3951,#3952,#3953));
#1587=AXIS2_PLACEMENT_3D('',#3954,#3955,#3956);
#1588=EDGE_LOOP('',(#3957,#3958,#3959,#3960));
#1589=AXIS2_PLACEMENT_3D('',#3961,#3962,#3963);
#1590=EDGE_LOOP('',(#3964,#3965,#3966,#3967));
#1591=AXIS2_PLACEMENT_3D('',#3968,#3969,#3970);
#1592=EDGE_LOOP('',(#3971,#3972,#3973,#3974));
#1593=AXIS2_PLACEMENT_3D('',#3975,#3976,#3977);
#1594=EDGE_LOOP('',(#3978,#3979,#3980,#3981));
#1595=AXIS2_PLACEMENT_3D('',#3982,#3983,#3984);
#1596=EDGE_LOOP('',(#3985,#3986,#3987,#3988));
#1597=AXIS2_PLACEMENT_3D('',#3989,#3990,#3991);
#1598=EDGE_LOOP('',(#3992,#3993,#3994,#3995));
#1599=AXIS2_PLACEMENT_3D('',#3996,#3997,#3998);
#1600=EDGE_LOOP('',(#3999,#4000,#4001,#4002));
#1601=AXIS2_PLACEMENT_3D('',#4003,#4004,#4005);
#1602=EDGE_LOOP('',(#4006,#4007,#4008,#4009));
#1603=AXIS2_PLACEMENT_3D('',#4010,#4011,#4012);
#1604=EDGE_LOOP('',(#4013,#4014,#4015,#4016,#4017,#4018,#4019,#4020));
#1605=AXIS2_PLACEMENT_3D('',#4021,#4022,#4023);
#1606=EDGE_LOOP('',(#4024,#4025,#4026,#4027,#4028,#4029,#4030,#4031,#4032,#4033,#4034));
#1607=AXIS2_PLACEMENT_3D('',#4035,#4036,#4037);
#1608=EDGE_LOOP('',(#4038,#4039,#4040,#4041));
#1609=AXIS2_PLACEMENT_3D('',#4042,#4043,#4044);
#1610=EDGE_LOOP('',(#4045,#4046,#4047,#4048));
#1611=AXIS2_PLACEMENT_3D('',#4049,#4050,#4051);
#1612=EDGE_LOOP('',(#4052,#4053,#4054,#4055,#4056,#4057,#4058,#4059,#4060));
#1613=AXIS2_PLACEMENT_3D('',#4061,#4062,#4063);
#1614=EDGE_LOOP('',(#4064,#4065,#4066,#4067));
#1615=AXIS2_PLACEMENT_3D('',#4068,#4069,#4070);
#1616=EDGE_LOOP('',(#4071,#4072,#4073,#4074,#4075,#4076,#4077,#4078));
#1617=AXIS2_PLACEMENT_3D('',#4079,#4080,#4081);
#1618=EDGE_LOOP('',(#4082,#4083,#4084,#4085,#4086));
#1619=AXIS2_PLACEMENT_3D('',#4087,#4088,#4089);
#1620=EDGE_LOOP('',(#4090,#4091,#4092,#4093,#4094,#4095,#4096,#4097,#4098,#4099,#4100,#4101));
#1621=AXIS2_PLACEMENT_3D('',#4102,#4103,#4104);
#1622=EDGE_LOOP('',(#4105,#4106,#4107,#4108,#4109));
#1623=AXIS2_PLACEMENT_3D('',#4110,#4111,#4112);
#1624=EDGE_LOOP('',(#4113,#4114,#4115,#4116));
#1625=AXIS2_PLACEMENT_3D('',#4117,#4118,#4119);
#1626=EDGE_LOOP('',(#4120,#4121,#4122,#4123,#4124,#4125));
#1627=AXIS2_PLACEMENT_3D('',#4126,#4127,#4128);
#1628=EDGE_LOOP('',(#4129,#4130,#4131,#4132));
#1629=AXIS2_PLACEMENT_3D('',#4133,#4134,#4135);
#1630=EDGE_LOOP('',(#4136,#4137,#4138,#4139));
#1631=AXIS2_PLACEMENT_3D('',#4140,#4141,#4142);
#1632=EDGE_LOOP('',(#4143,#4144,#4145,#4146));
#1633=AXIS2_PLACEMENT_3D('',#4147,#4148,#4149);
#1634=EDGE_LOOP('',(#4150,#4151,#4152,#4153));
#1635=AXIS2_PLACEMENT_3D('',#4154,#4155,#4156);
#1636=EDGE_LOOP('',(#4157,#4158,#4159,#4160));
#1637=AXIS2_PLACEMENT_3D('',#4161,#4162,#4163);
#1638=EDGE_LOOP('',(#4164,#4165,#4166,#4167));
#1639=AXIS2_PLACEMENT_3D('',#4168,#4169,#4170);
#1640=EDGE_LOOP('',(#4171,#4172,#4173,#4174));
#1641=AXIS2_PLACEMENT_3D('',#4175,#4176,#4177);
#1642=EDGE_LOOP('',(#4178,#4179,#4180,#4181));
#1643=AXIS2_PLACEMENT_3D('',#4182,#4183,#4184);
#1644=EDGE_LOOP('',(#4185,#4186,#4187,#4188));
#1645=AXIS2_PLACEMENT_3D('',#4189,#4190,#4191);
#1646=EDGE_LOOP('',(#4192,#4193,#4194,#4195));
#1647=AXIS2_PLACEMENT_3D('',#4196,#4197,#4198);
#1648=EDGE_LOOP('',(#4199,#4200,#4201,#4202));
#1649=AXIS2_PLACEMENT_3D('',#4203,#4204,#4205);
#1650=EDGE_LOOP('',(#4206,#4207,#4208,#4209,#4210));
#1651=AXIS2_PLACEMENT_3D('',#4211,#4212,#4213);
#1652=EDGE_LOOP('',(#4214,#4215,#4216,#4217));
#1653=AXIS2_PLACEMENT_3D('',#4218,#4219,#4220);
#1654=EDGE_LOOP('',(#4221,#4222,#4223,#4224,#4225,#4226));
#1655=AXIS2_PLACEMENT_3D('',#4227,#4228,#4229);
#1656=EDGE_LOOP('',(#4230,#4231,#4232,#4233));
#1657=AXIS2_PLACEMENT_3D('',#4234,#4235,#4236);
#1658=EDGE_LOOP('',(#4237,#4238,#4239,#4240,#4241));
#1659=AXIS2_PLACEMENT_3D('',#4242,#4243,#4244);
#1660=EDGE_LOOP('',(#4245,#4246,#4247,#4248));
#1661=AXIS2_PLACEMENT_3D('',#4249,#4250,#4251);
#1662=EDGE_LOOP('',(#4252,#4253,#4254,#4255,#4256,#4257,#4258,#4259,#4260,#4261));
#1663=AXIS2_PLACEMENT_3D('',#4262,#4263,#4264);
#1664=EDGE_LOOP('',(#4265,#4266,#4267,#4268));
#1665=AXIS2_PLACEMENT_3D('',#4269,#4270,#4271);
#1666=EDGE_LOOP('',(#4272,#4273,#4274,#4275,#4276,#4277));
#1667=AXIS2_PLACEMENT_3D('',#4278,#4279,#4280);
#1668=EDGE_LOOP('',(#4281,#4282,#4283,#4284));
#1669=AXIS2_PLACEMENT_3D('',#4285,#4286,#4287);
#1670=EDGE_LOOP('',(#4288,#4289,#4290,#4291));
#1671=AXIS2_PLACEMENT_3D('',#4292,#4293,#4294);
#1672=EDGE_LOOP('',(#4295,#4296,#4297,#4298));
#1673=AXIS2_PLACEMENT_3D('',#4299,#4300,#4301);
#1674=EDGE_LOOP('',(#4302,#4303,#4304,#4305));
#1675=AXIS2_PLACEMENT_3D('',#4306,#4307,#4308);
#1676=EDGE_LOOP('',(#4309,#4310,#4311,#4312));
#1677=AXIS2_PLACEMENT_3D('',#4313,#4314,#4315);
#1678=EDGE_LOOP('',(#4316,#4317,#4318,#4319));
#1679=AXIS2_PLACEMENT_3D('',#4320,#4321,#4322);
#1680=EDGE_LOOP('',(#4323,#4324,#4325,#4326,#4327,#4328,#4329,#4330,#4331,#4332));
#1681=AXIS2_PLACEMENT_3D('',#4333,#4334,#4335);
#1682=EDGE_LOOP('',(#4336,#4337,#4338,#4339));
#1683=AXIS2_PLACEMENT_3D('',#4340,#4341,#4342);
#1684=EDGE_LOOP('',(#4343,#4344,#4345,#4346,#4347,#4348,#4349,#4350,#4351,#4352));
#1685=AXIS2_PLACEMENT_3D('',#4353,#4354,#4355);
#1686=EDGE_LOOP('',(#4356,#4357,#4358,#4359));
#1687=AXIS2_PLACEMENT_3D('',#4360,#4361,#4362);
#1688=EDGE_LOOP('',(#4363,#4364,#4365,#4366,#4367,#4368));
#1689=AXIS2_PLACEMENT_3D('',#4369,#4370,#4371);
#1690=EDGE_LOOP('',(#4372,#4373,#4374,#4375));
#1691=AXIS2_PLACEMENT_3D('',#4376,#4377,#4378);
#1692=EDGE_LOOP('',(#4379,#4380,#4381,#4382));
#1693=AXIS2_PLACEMENT_3D('',#4383,#4384,#4385);
#1694=EDGE_LOOP('',(#4386,#4387,#4388,#4389));
#1695=AXIS2_PLACEMENT_3D('',#4390,#4391,#4392);
#1696=EDGE_LOOP('',(#4393,#4394,#4395,#4396));
#1697=AXIS2_PLACEMENT_3D('',#4397,#4398,#4399);
#1698=EDGE_LOOP('',(#4400,#4401,#4402,#4403));
#1699=AXIS2_PLACEMENT_3D('',#4404,#4405,#4406);
#1700=EDGE_LOOP('',(#4407,#4408,#4409,#4410));
#1701=AXIS2_PLACEMENT_3D('',#4411,#4412,#4413);
#1702=EDGE_LOOP('',(#4414,#4415,#4416,#4417));
#1703=AXIS2_PLACEMENT_3D('',#4418,#4419,#4420);
#1704=EDGE_LOOP('',(#4421,#4422,#4423,#4424));
#1705=AXIS2_PLACEMENT_3D('',#4425,#4426,#4427);
#1706=EDGE_LOOP('',(#4428,#4429,#4430,#4431));
#1707=AXIS2_PLACEMENT_3D('',#4432,#4433,#4434);
#1708=EDGE_LOOP('',(#4435,#4436,#4437,#4438));
#1709=AXIS2_PLACEMENT_3D('',#4439,#4440,#4441);
#1710=EDGE_LOOP('',(#4442,#4443,#4444,#4445));
#1711=AXIS2_PLACEMENT_3D('',#4446,#4447,#4448);
#1712=EDGE_LOOP('',(#4449,#4450,#4451,#4452));
#1713=AXIS2_PLACEMENT_3D('',#4453,#4454,#4455);
#1714=EDGE_LOOP('',(#4456,#4457,#4458,#4459));
#1715=AXIS2_PLACEMENT_3D('',#4460,#4461,#4462);
#1716=EDGE_LOOP('',(#4463,#4464,#4465,#4466));
#1717=AXIS2_PLACEMENT_3D('',#4467,#4468,#4469);
#1718=EDGE_LOOP('',(#4470,#4471,#4472,#4473));
#1719=AXIS2_PLACEMENT_3D('',#4474,#4475,#4476);
#1720=EDGE_LOOP('',(#4477,#4478,#4479,#4480));
#1721=AXIS2_PLACEMENT_3D('',#4481,#4482,#4483);
#1722=EDGE_LOOP('',(#4484,#4485,#4486,#4487));
#1723=AXIS2_PLACEMENT_3D('',#4488,#4489,#4490);
#1724=EDGE_LOOP('',(#4491,#4492,#4493,#4494));
#1725=AXIS2_PLACEMENT_3D('',#4495,#4496,#4497);
#1726=EDGE_LOOP('',(#4498,#4499,#4500,#4501));
#1727=AXIS2_PLACEMENT_3D('',#4502,#4503,#4504);
#1728=EDGE_LOOP('',(#4505,#4506,#4507,#4508));
#1729=AXIS2_PLACEMENT_3D('',#4509,#4510,#4511);
#1730=EDGE_LOOP('',(#4512,#4513,#4514,#4515));
#1731=AXIS2_PLACEMENT_3D('',#4516,#4517,#4518);
#1732=EDGE_LOOP('',(#4519,#4520,#4521,#4522));
#1733=AXIS2_PLACEMENT_3D('',#4523,#4524,#4525);
#1734=EDGE_LOOP('',(#4526,#4527,#4528,#4529));
#1735=AXIS2_PLACEMENT_3D('',#4530,#4531,#4532);
#1736=EDGE_LOOP('',(#4533,#4534,#4535,#4536));
#1737=AXIS2_PLACEMENT_3D('',#4537,#4538,#4539);
#1738=LINE('',#4540,#4541);
#1739=LINE('',#4542,#4543);
#1740=LINE('',#4544,#4545);
#1741=LINE('',#4546,#4547);
#1742=LINE('',#4548,#4549);
#1743=LINE('',#4550,#4551);
#1744=LINE('',#4552,#4553);
#1745=LINE('',#4554,#4555);
#1746=LINE('',#4556,#4557);
#1747=LINE('',#4558,#4559);
#1748=LINE('',#4560,#4561);
#1749=LINE('',#4562,#4563);
#1750=LINE('',#4564,#4565);
#1751=LINE('',#4566,#4567);
#1752=LINE('',#4568,#4569);
#1753=LINE('',#4570,#4571);
#1754=LINE('',#4572,#4573);
#1755=LINE('',#4574,#4575);
#1756=LINE('',#4576,#4577);
#1757=LINE('',#4578,#4579);
#1758=LINE('',#4580,#4581);
#1759=LINE('',#4582,#4583);
#1760=LINE('',#4584,#4585);
#1761=LINE('',#4586,#4587);
#1762=LINE('',#4588,#4589);
#1763=LINE('',#4590,#4591);
#1764=LINE('',#4592,#4593);
#1765=LINE('',#4594,#4595);
#1766=LINE('',#4596,#4597);
#1767=LINE('',#4598,#4599);
#1768=LINE('',#4600,#4601);
#1769=LINE('',#4602,#4603);
#1770=ORIENTED_EDGE('',*,*,#4604,.F.);
#1771=ORIENTED_EDGE('',*,*,#4605,.F.);
#1772=ORIENTED_EDGE('',*,*,#4606,.T.);
#1773=ORIENTED_EDGE('',*,*,#4607,.F.);
#1774=ORIENTED_EDGE('',*,*,#4608,.F.);
#1775=ORIENTED_EDGE('',*,*,#4609,.F.);
#1776=ORIENTED_EDGE('',*,*,#4610,.F.);
#1777=ORIENTED_EDGE('',*,*,#4611,.F.);
#1778=ORIENTED_EDGE('',*,*,#4612,.F.);
#1779=ORIENTED_EDGE('',*,*,#4613,.T.);
#1780=ORIENTED_EDGE('',*,*,#4614,.T.);
#1781=ORIENTED_EDGE('',*,*,#4615,.F.);
#1782=ORIENTED_EDGE('',*,*,#4616,.F.);
#1783=ORIENTED_EDGE('',*,*,#4617,.F.);
#1784=ORIENTED_EDGE('',*,*,#4618,.T.);
#1785=ORIENTED_EDGE('',*,*,#4619,.F.);
#1786=ORIENTED_EDGE('',*,*,#4620,.F.);
#1787=ORIENTED_EDGE('',*,*,#4621,.F.);
#1788=ORIENTED_EDGE('',*,*,#4622,.T.);
#1789=ORIENTED_EDGE('',*,*,#4623,.F.);
#1790=ORIENTED_EDGE('',*,*,#4624,.F.);
#1791=ORIENTED_EDGE('',*,*,#4625,.F.);
#1792=ORIENTED_EDGE('',*,*,#4626,.T.);
#1793=ORIENTED_EDGE('',*,*,#4627,.F.);
#1794=CARTESIAN_POINT('',(0.0,-3.2,0.0));
#1795=DIRECTION('',(-0.0,1.0,0.0));
#1796=DIRECTION('',(1.0,0.0,0.0));
#1797=ORIENTED_EDGE('',*,*,#4628,.T.);
#1798=ORIENTED_EDGE('',*,*,#4629,.T.);
#1799=ORIENTED_EDGE('',*,*,#4630,.T.);
#1800=ORIENTED_EDGE('',*,*,#4627,.T.);
#1801=CARTESIAN_POINT('',(0.0,-3.2,-4.6));
#1802=DIRECTION('',(0.0,0.0,1.0));
#1803=DIRECTION('',(1.0,0.0,0.0));
#1804=ORIENTED_EDGE('',*,*,#4631,.T.);
#1805=ORIENTED_EDGE('',*,*,#4632,.T.);
#1806=ORIENTED_EDGE('',*,*,#4633,.T.);
#1807=ORIENTED_EDGE('',*,*,#4623,.T.);
#1808=CARTESIAN_POINT('',(0.0,-3.2,-4.6));
#1809=DIRECTION('',(0.0,0.0,1.0));
#1810=DIRECTION('',(1.0,0.0,0.0));
#1811=ORIENTED_EDGE('',*,*,#4630,.F.);
#1812=ORIENTED_EDGE('',*,*,#4634,.F.);
#1813=ORIENTED_EDGE('',*,*,#4635,.F.);
#1814=ORIENTED_EDGE('',*,*,#4604,.T.);
#1815=CARTESIAN_POINT('',(-1.25,-3.1,10.4));
#1816=DIRECTION('',(-1.0,0.0,0.0));
#1817=DIRECTION('',(0.0,0.0,1.0));
#1818=ORIENTED_EDGE('',*,*,#4636,.T.);
#1819=ORIENTED_EDGE('',*,*,#4637,.T.);
#1820=ORIENTED_EDGE('',*,*,#4638,.F.);
#1821=ORIENTED_EDGE('',*,*,#4639,.F.);
#1822=ORIENTED_EDGE('',*,*,#4640,.F.);
#1823=ORIENTED_EDGE('',*,*,#4641,.F.);
#1824=ORIENTED_EDGE('',*,*,#4642,.F.);
#1825=ORIENTED_EDGE('',*,*,#4643,.T.);
#1826=ORIENTED_EDGE('',*,*,#4644,.F.);
#1827=ORIENTED_EDGE('',*,*,#4645,.F.);
#1828=ORIENTED_EDGE('',*,*,#4609,.T.);
#1829=ORIENTED_EDGE('',*,*,#4646,.F.);
#1830=ORIENTED_EDGE('',*,*,#4647,.F.);
#1831=ORIENTED_EDGE('',*,*,#4648,.F.);
#1832=ORIENTED_EDGE('',*,*,#4605,.T.);
#1833=ORIENTED_EDGE('',*,*,#4635,.T.);
#1834=ORIENTED_EDGE('',*,*,#4649,.F.);
#1835=ORIENTED_EDGE('',*,*,#4650,.F.);
#1836=ORIENTED_EDGE('',*,*,#4625,.T.);
#1837=ORIENTED_EDGE('',*,*,#4651,.T.);
#1838=ORIENTED_EDGE('',*,*,#4652,.F.);
#1839=ORIENTED_EDGE('',*,*,#4653,.F.);
#1840=ORIENTED_EDGE('',*,*,#4621,.T.);
#1841=ORIENTED_EDGE('',*,*,#4654,.F.);
#1842=ORIENTED_EDGE('',*,*,#4655,.F.);
#1843=ORIENTED_EDGE('',*,*,#4656,.F.);
#1844=ORIENTED_EDGE('',*,*,#4617,.T.);
#1845=ORIENTED_EDGE('',*,*,#4657,.T.);
#1846=ORIENTED_EDGE('',*,*,#4658,.F.);
#1847=ORIENTED_EDGE('',*,*,#4659,.F.);
#1848=ORIENTED_EDGE('',*,*,#4660,.F.);
#1849=ORIENTED_EDGE('',*,*,#4661,.T.);
#1850=ORIENTED_EDGE('',*,*,#4662,.T.);
#1851=ORIENTED_EDGE('',*,*,#4663,.T.);
#1852=ORIENTED_EDGE('',*,*,#4664,.T.);
#1853=ORIENTED_EDGE('',*,*,#4665,.T.);
#1854=CARTESIAN_POINT('',(-13.35,-3.2,10.4));
#1855=DIRECTION('',(0.0,0.0,1.0));
#1856=DIRECTION('',(1.0,0.0,0.0));
#1857=ORIENTED_EDGE('',*,*,#4666,.F.);
#1858=ORIENTED_EDGE('',*,*,#4667,.F.);
#1859=ORIENTED_EDGE('',*,*,#4668,.F.);
#1860=ORIENTED_EDGE('',*,*,#4669,.F.);
#1861=ORIENTED_EDGE('',*,*,#4665,.F.);
#1862=ORIENTED_EDGE('',*,*,#4670,.T.);
#1863=CARTESIAN_POINT('',(1.2,-3.2,-10.4));
#1864=DIRECTION('',(-1.0,0.0,0.0));
#1865=DIRECTION('',(0.0,0.0,1.0));
#1866=ORIENTED_EDGE('',*,*,#4671,.T.);
#1867=ORIENTED_EDGE('',*,*,#4672,.T.);
#1868=ORIENTED_EDGE('',*,*,#4673,.T.);
#1869=ORIENTED_EDGE('',*,*,#4674,.F.);
#1870=CARTESIAN_POINT('',(1.2,-3.2,-10.4));
#1871=DIRECTION('',(-1.0,0.0,0.0));
#1872=DIRECTION('',(0.0,0.0,1.0));
#1873=ORIENTED_EDGE('',*,*,#4675,.T.);
#1874=ORIENTED_EDGE('',*,*,#4676,.T.);
#1875=ORIENTED_EDGE('',*,*,#4677,.F.);
#1876=ORIENTED_EDGE('',*,*,#4670,.F.);
#1877=ORIENTED_EDGE('',*,*,#4664,.F.);
#1878=ORIENTED_EDGE('',*,*,#4678,.T.);
#1879=ORIENTED_EDGE('',*,*,#4679,.F.);
#1880=ORIENTED_EDGE('',*,*,#4680,.F.);
#1881=CARTESIAN_POINT('',(-1.8,-1.3,-0.3960254037844));
#1882=DIRECTION('',(-0.0,1.0,0.0));
#1883=DIRECTION('',(1.0,0.0,0.0));
#1884=ORIENTED_EDGE('',*,*,#4681,.T.);
#1885=ORIENTED_EDGE('',*,*,#4682,.F.);
#1886=ORIENTED_EDGE('',*,*,#4638,.T.);
#1887=ORIENTED_EDGE('',*,*,#4683,.F.);
#1888=ORIENTED_EDGE('',*,*,#4684,.T.);
#1889=ORIENTED_EDGE('',*,*,#4685,.T.);
#1890=ORIENTED_EDGE('',*,*,#4686,.F.);
#1891=ORIENTED_EDGE('',*,*,#4687,.T.);
#1892=CARTESIAN_POINT('',(-1.8,-1.3,-0.3960254037844));
#1893=DIRECTION('',(-0.0,1.0,0.0));
#1894=DIRECTION('',(1.0,0.0,0.0));
#1895=ORIENTED_EDGE('',*,*,#4688,.F.);
#1896=ORIENTED_EDGE('',*,*,#4689,.F.);
#1897=ORIENTED_EDGE('',*,*,#4690,.T.);
#1898=ORIENTED_EDGE('',*,*,#4691,.F.);
#1899=ORIENTED_EDGE('',*,*,#4692,.F.);
#1900=ORIENTED_EDGE('',*,*,#4693,.F.);
#1901=ORIENTED_EDGE('',*,*,#4694,.T.);
#1902=ORIENTED_EDGE('',*,*,#4695,.F.);
#1903=ORIENTED_EDGE('',*,*,#4696,.F.);
#1904=ORIENTED_EDGE('',*,*,#4697,.T.);
#1905=ORIENTED_EDGE('',*,*,#4698,.F.);
#1906=ORIENTED_EDGE('',*,*,#4699,.T.);
#1907=ORIENTED_EDGE('',*,*,#4680,.T.);
#1908=CARTESIAN_POINT('',(2.646504300443,1.5,-0.53));
#1909=DIRECTION('',(-0.999961923064171,0.0,0.00872653549837275));
#1910=DIRECTION('',(0.0,1.0,0.0));
#1911=ORIENTED_EDGE('',*,*,#4700,.T.);
#1912=ORIENTED_EDGE('',*,*,#4701,.T.);
#1913=ORIENTED_EDGE('',*,*,#4675,.F.);
#1914=ORIENTED_EDGE('',*,*,#4699,.F.);
#1915=CARTESIAN_POINT('',(2.7,-0.7,1.6));
#1916=DIRECTION('',(1.0,-0.0,0.0));
#1917=DIRECTION('',(0.0,0.0,1.0));
#1918=ORIENTED_EDGE('',*,*,#4702,.F.);
#1919=ORIENTED_EDGE('',*,*,#4703,.F.);
#1920=ORIENTED_EDGE('',*,*,#4704,.T.);
#1921=ORIENTED_EDGE('',*,*,#4705,.T.);
#1922=ORIENTED_EDGE('',*,*,#4706,.T.);
#1923=ORIENTED_EDGE('',*,*,#4676,.F.);
#1924=ORIENTED_EDGE('',*,*,#4701,.F.);
#1925=ORIENTED_EDGE('',*,*,#4707,.T.);
#1926=ORIENTED_EDGE('',*,*,#4708,.F.);
#1927=ORIENTED_EDGE('',*,*,#4709,.T.);
#1928=CARTESIAN_POINT('',(1.532,1.5,2.574));
#1929=DIRECTION('',(1.0,0.0,0.0));
#1930=DIRECTION('',(0.0,1.0,0.0));
#1931=ORIENTED_EDGE('',*,*,#4710,.F.);
#1932=ORIENTED_EDGE('',*,*,#4711,.T.);
#1933=ORIENTED_EDGE('',*,*,#4712,.T.);
#1934=ORIENTED_EDGE('',*,*,#4713,.T.);
#1935=ORIENTED_EDGE('',*,*,#4714,.F.);
#1936=ORIENTED_EDGE('',*,*,#4715,.F.);
#1937=ORIENTED_EDGE('',*,*,#4716,.T.);
#1938=ORIENTED_EDGE('',*,*,#4717,.F.);
#1939=ORIENTED_EDGE('',*,*,#4718,.T.);
#1940=ORIENTED_EDGE('',*,*,#4719,.F.);
#1941=ORIENTED_EDGE('',*,*,#4720,.T.);
#1942=ORIENTED_EDGE('',*,*,#4721,.T.);
#1943=ORIENTED_EDGE('',*,*,#4722,.T.);
#1944=ORIENTED_EDGE('',*,*,#4723,.T.);
#1945=ORIENTED_EDGE('',*,*,#4724,.F.);
#1946=ORIENTED_EDGE('',*,*,#4725,.F.);
#1947=ORIENTED_EDGE('',*,*,#4726,.T.);
#1948=ORIENTED_EDGE('',*,*,#4671,.F.);
#1949=ORIENTED_EDGE('',*,*,#4727,.T.);
#1950=ORIENTED_EDGE('',*,*,#4709,.F.);
#1951=ORIENTED_EDGE('',*,*,#4728,.F.);
#1952=ORIENTED_EDGE('',*,*,#4696,.T.);
#1953=CARTESIAN_POINT('',(3.1,0.7,0.7794479322876));
#1954=DIRECTION('',(0.0,-1.0,0.0));
#1955=DIRECTION('',(0.0,0.0,-1.0));
#1956=ORIENTED_EDGE('',*,*,#4728,.T.);
#1957=ORIENTED_EDGE('',*,*,#4708,.T.);
#1958=ORIENTED_EDGE('',*,*,#4729,.F.);
#1959=ORIENTED_EDGE('',*,*,#4697,.F.);
#1960=CARTESIAN_POINT('',(2.7,-0.6,2.3));
#1961=DIRECTION('',(1.0,-0.0,0.0));
#1962=DIRECTION('',(0.0,0.0,1.0));
#1963=ORIENTED_EDGE('',*,*,#4729,.T.);
#1964=ORIENTED_EDGE('',*,*,#4707,.F.);
#1965=ORIENTED_EDGE('',*,*,#4700,.F.);
#1966=ORIENTED_EDGE('',*,*,#4698,.T.);
#1967=CARTESIAN_POINT('',(2.7,-0.7,1.0));
#1968=DIRECTION('',(0.0,0.0,1.0));
#1969=DIRECTION('',(1.0,0.0,0.0));
#1970=ORIENTED_EDGE('',*,*,#4674,.T.);
#1971=ORIENTED_EDGE('',*,*,#4730,.T.);
#1972=ORIENTED_EDGE('',*,*,#4702,.T.);
#1973=ORIENTED_EDGE('',*,*,#4727,.F.);
#1974=CARTESIAN_POINT('',(1.366,1.5,2.574));
#1975=DIRECTION('',(-0.0,-1.0,0.0));
#1976=DIRECTION('',(-1.0,0.0,0.0));
#1977=ORIENTED_EDGE('',*,*,#4731,.T.);
#1978=ORIENTED_EDGE('',*,*,#4703,.T.);
#1979=ORIENTED_EDGE('',*,*,#4730,.F.);
#1980=ORIENTED_EDGE('',*,*,#4673,.F.);
#1981=ORIENTED_EDGE('',*,*,#4732,.T.);
#1982=ORIENTED_EDGE('',*,*,#4694,.F.);
#1983=CARTESIAN_POINT('',(2.7,1.5,5.6));
#1984=DIRECTION('',(-0.0,1.0,0.0));
#1985=DIRECTION('',(1.0,0.0,0.0));
#1986=ORIENTED_EDGE('',*,*,#4732,.F.);
#1987=ORIENTED_EDGE('',*,*,#4733,.F.);
#1988=ORIENTED_EDGE('',*,*,#4734,.F.);
#1989=ORIENTED_EDGE('',*,*,#4735,.F.);
#1990=ORIENTED_EDGE('',*,*,#4710,.T.);
#1991=ORIENTED_EDGE('',*,*,#4695,.T.);
#1992=CARTESIAN_POINT('',(1.2,3.2,5.6));
#1993=DIRECTION('',(0.0,0.0,1.0));
#1994=DIRECTION('',(1.0,0.0,0.0));
#1995=ORIENTED_EDGE('',*,*,#4736,.F.);
#1996=ORIENTED_EDGE('',*,*,#4737,.F.);
#1997=ORIENTED_EDGE('',*,*,#4738,.F.);
#1998=ORIENTED_EDGE('',*,*,#4739,.F.);
#1999=ORIENTED_EDGE('',*,*,#4740,.F.);
#2000=ORIENTED_EDGE('',*,*,#4741,.F.);
#2001=ORIENTED_EDGE('',*,*,#4742,.F.);
#2002=ORIENTED_EDGE('',*,*,#4743,.F.);
#2003=ORIENTED_EDGE('',*,*,#4711,.F.);
#2004=ORIENTED_EDGE('',*,*,#4735,.T.);
#2005=CARTESIAN_POINT('',(3.1,-3.2,-10.4));
#2006=DIRECTION('',(-1.0,0.0,0.0));
#2007=DIRECTION('',(0.0,0.0,1.0));
#2008=ORIENTED_EDGE('',*,*,#4744,.F.);
#2009=ORIENTED_EDGE('',*,*,#4745,.F.);
#2010=ORIENTED_EDGE('',*,*,#4712,.F.);
#2011=ORIENTED_EDGE('',*,*,#4743,.T.);
#2012=ORIENTED_EDGE('',*,*,#4746,.T.);
#2013=ORIENTED_EDGE('',*,*,#4747,.F.);
#2014=ORIENTED_EDGE('',*,*,#4716,.F.);
#2015=ORIENTED_EDGE('',*,*,#4748,.T.);
#2016=CARTESIAN_POINT('',(3.1,0.7,10.4));
#2017=DIRECTION('',(0.0,0.0,1.0));
#2018=DIRECTION('',(1.0,0.0,0.0));
#2019=ORIENTED_EDGE('',*,*,#4749,.F.);
#2020=ORIENTED_EDGE('',*,*,#4750,.F.);
#2021=ORIENTED_EDGE('',*,*,#4748,.F.);
#2022=ORIENTED_EDGE('',*,*,#4715,.T.);
#2023=CARTESIAN_POINT('',(-0.425,1.9,10.4));
#2024=DIRECTION('',(-1.0,0.0,0.0));
#2025=DIRECTION('',(0.0,0.0,1.0));
#2026=ORIENTED_EDGE('',*,*,#4750,.T.);
#2027=ORIENTED_EDGE('',*,*,#4751,.F.);
#2028=ORIENTED_EDGE('',*,*,#4752,.F.);
#2029=ORIENTED_EDGE('',*,*,#4744,.T.);
#2030=CARTESIAN_POINT('',(1.325,1.9,10.4));
#2031=DIRECTION('',(-0.0,1.0,0.0));
#2032=DIRECTION('',(1.0,0.0,0.0));
#2033=ORIENTED_EDGE('',*,*,#4745,.T.);
#2034=ORIENTED_EDGE('',*,*,#4752,.T.);
#2035=ORIENTED_EDGE('',*,*,#4753,.F.);
#2036=ORIENTED_EDGE('',*,*,#4713,.F.);
#2037=CARTESIAN_POINT('',(1.325,0.7,10.4));
#2038=DIRECTION('',(1.0,0.0,0.0));
#2039=DIRECTION('',(0.0,1.0,0.0));
#2040=ORIENTED_EDGE('',*,*,#4753,.T.);
#2041=ORIENTED_EDGE('',*,*,#4751,.T.);
#2042=ORIENTED_EDGE('',*,*,#4749,.T.);
#2043=ORIENTED_EDGE('',*,*,#4714,.T.);
#2044=CARTESIAN_POINT('',(3.1,-3.2,5.9));
#2045=DIRECTION('',(0.0,0.0,1.0));
#2046=DIRECTION('',(1.0,0.0,0.0));
#2047=ORIENTED_EDGE('',*,*,#4717,.T.);
#2048=ORIENTED_EDGE('',*,*,#4747,.T.);
#2049=ORIENTED_EDGE('',*,*,#4754,.T.);
#2050=ORIENTED_EDGE('',*,*,#4755,.T.);
#2051=ORIENTED_EDGE('',*,*,#4756,.T.);
#2052=ORIENTED_EDGE('',*,*,#4757,.T.);
#2053=ORIENTED_EDGE('',*,*,#4758,.T.);
#2054=ORIENTED_EDGE('',*,*,#4759,.T.);
#2055=ORIENTED_EDGE('',*,*,#4760,.T.);
#2056=ORIENTED_EDGE('',*,*,#4761,.F.);
#2057=CARTESIAN_POINT('',(-2.2,-3.2,-10.4));
#2058=DIRECTION('',(-1.0,0.0,0.0));
#2059=DIRECTION('',(0.0,0.0,1.0));
#2060=ORIENTED_EDGE('',*,*,#4718,.F.);
#2061=ORIENTED_EDGE('',*,*,#4761,.T.);
#2062=ORIENTED_EDGE('',*,*,#4762,.T.);
#2063=ORIENTED_EDGE('',*,*,#4763,.T.);
#2064=ORIENTED_EDGE('',*,*,#4764,.T.);
#2065=ORIENTED_EDGE('',*,*,#4765,.F.);
#2066=CARTESIAN_POINT('',(-2.2,3.2,5.6));
#2067=DIRECTION('',(0.0,0.0,1.0));
#2068=DIRECTION('',(1.0,0.0,0.0));
#2069=ORIENTED_EDGE('',*,*,#4687,.F.);
#2070=ORIENTED_EDGE('',*,*,#4766,.F.);
#2071=ORIENTED_EDGE('',*,*,#4767,.T.);
#2072=ORIENTED_EDGE('',*,*,#4768,.F.);
#2073=ORIENTED_EDGE('',*,*,#4719,.T.);
#2074=ORIENTED_EDGE('',*,*,#4765,.T.);
#2075=ORIENTED_EDGE('',*,*,#4769,.F.);
#2076=ORIENTED_EDGE('',*,*,#4770,.T.);
#2077=ORIENTED_EDGE('',*,*,#4771,.T.);
#2078=ORIENTED_EDGE('',*,*,#4772,.T.);
#2079=ORIENTED_EDGE('',*,*,#4773,.F.);
#2080=ORIENTED_EDGE('',*,*,#4774,.F.);
#2081=ORIENTED_EDGE('',*,*,#4775,.T.);
#2082=CARTESIAN_POINT('',(-1.8,1.5,5.6));
#2083=DIRECTION('',(0.999961923064171,0.0,0.00872653549837275));
#2084=DIRECTION('',(0.0,-1.0,0.0));
#2085=ORIENTED_EDGE('',*,*,#4776,.F.);
#2086=ORIENTED_EDGE('',*,*,#4777,.T.);
#2087=ORIENTED_EDGE('',*,*,#4681,.F.);
#2088=ORIENTED_EDGE('',*,*,#4775,.F.);
#2089=CARTESIAN_POINT('',(-1.8,-3.2,-10.4));
#2090=DIRECTION('',(1.0,0.0,0.0));
#2091=DIRECTION('',(0.0,1.0,0.0));
#2092=ORIENTED_EDGE('',*,*,#4778,.F.);
#2093=ORIENTED_EDGE('',*,*,#4779,.T.);
#2094=ORIENTED_EDGE('',*,*,#4780,.T.);
#2095=ORIENTED_EDGE('',*,*,#4781,.F.);
#2096=ORIENTED_EDGE('',*,*,#4777,.F.);
#2097=CARTESIAN_POINT('',(-2.45,-2.2,7.1));
#2098=DIRECTION('',(0.0,0.0,-1.0));
#2099=DIRECTION('',(0.0,-1.0,0.0));
#2100=ORIENTED_EDGE('',*,*,#4781,.T.);
#2101=ORIENTED_EDGE('',*,*,#4782,.T.);
#2102=ORIENTED_EDGE('',*,*,#4639,.T.);
#2103=ORIENTED_EDGE('',*,*,#4682,.T.);
#2104=CARTESIAN_POINT('',(-1.8,-3.2,-10.4));
#2105=DIRECTION('',(1.0,0.0,0.0));
#2106=DIRECTION('',(0.0,1.0,0.0));
#2107=ORIENTED_EDGE('',*,*,#4640,.T.);
#2108=ORIENTED_EDGE('',*,*,#4782,.F.);
#2109=ORIENTED_EDGE('',*,*,#4780,.F.);
#2110=ORIENTED_EDGE('',*,*,#4783,.F.);
#2111=CARTESIAN_POINT('',(-2.45,-0.8,7.1));
#2112=DIRECTION('',(-0.0,1.0,0.0));
#2113=DIRECTION('',(1.0,0.0,0.0));
#2114=ORIENTED_EDGE('',*,*,#4784,.F.);
#2115=ORIENTED_EDGE('',*,*,#4785,.F.);
#2116=ORIENTED_EDGE('',*,*,#4786,.T.);
#2117=ORIENTED_EDGE('',*,*,#4787,.F.);
#2118=ORIENTED_EDGE('',*,*,#4788,.F.);
#2119=ORIENTED_EDGE('',*,*,#4789,.F.);
#2120=ORIENTED_EDGE('',*,*,#4790,.T.);
#2121=ORIENTED_EDGE('',*,*,#4791,.F.);
#2122=ORIENTED_EDGE('',*,*,#4641,.T.);
#2123=ORIENTED_EDGE('',*,*,#4783,.T.);
#2124=ORIENTED_EDGE('',*,*,#4779,.F.);
#2125=ORIENTED_EDGE('',*,*,#4792,.F.);
#2126=CARTESIAN_POINT('',(-2.45,-2.2,-10.4));
#2127=DIRECTION('',(-1.0,0.0,0.0));
#2128=DIRECTION('',(0.0,0.0,1.0));
#2129=ORIENTED_EDGE('',*,*,#4793,.T.);
#2130=ORIENTED_EDGE('',*,*,#4794,.F.);
#2131=ORIENTED_EDGE('',*,*,#4795,.T.);
#2132=ORIENTED_EDGE('',*,*,#4796,.T.);
#2133=ORIENTED_EDGE('',*,*,#4667,.T.);
#2134=ORIENTED_EDGE('',*,*,#4797,.F.);
#2135=ORIENTED_EDGE('',*,*,#4689,.T.);
#2136=CARTESIAN_POINT('',(-2.45,-1.8,-1.8));
#2137=DIRECTION('',(-0.0,1.0,0.0));
#2138=DIRECTION('',(1.0,0.0,0.0));
#2139=ORIENTED_EDGE('',*,*,#4798,.F.);
#2140=ORIENTED_EDGE('',*,*,#4799,.F.);
#2141=ORIENTED_EDGE('',*,*,#4792,.T.);
#2142=ORIENTED_EDGE('',*,*,#4778,.T.);
#2143=ORIENTED_EDGE('',*,*,#4776,.T.);
#2144=ORIENTED_EDGE('',*,*,#4774,.T.);
#2145=ORIENTED_EDGE('',*,*,#4800,.F.);
#2146=CARTESIAN_POINT('',(-2.45,-1.8,-1.8));
#2147=DIRECTION('',(-0.0,1.0,0.0));
#2148=DIRECTION('',(1.0,0.0,0.0));
#2149=ORIENTED_EDGE('',*,*,#4797,.T.);
#2150=ORIENTED_EDGE('',*,*,#4666,.T.);
#2151=ORIENTED_EDGE('',*,*,#4677,.T.);
#2152=ORIENTED_EDGE('',*,*,#4801,.F.);
#2153=ORIENTED_EDGE('',*,*,#4690,.F.);
#2154=CARTESIAN_POINT('',(2.7,-1.8,-0.53));
#2155=DIRECTION('',(0.0,-0.258819045102493,0.965925826289076));
#2156=DIRECTION('',(-1.0,0.0,0.0));
#2157=ORIENTED_EDGE('',*,*,#4801,.T.);
#2158=ORIENTED_EDGE('',*,*,#4706,.F.);
#2159=ORIENTED_EDGE('',*,*,#4802,.F.);
#2160=ORIENTED_EDGE('',*,*,#4691,.T.);
#2161=CARTESIAN_POINT('',(2.7,-0.09597228928638,-0.07));
#2162=DIRECTION('',(0.0,0.260619655578795,-0.965441554484781));
#2163=DIRECTION('',(-1.0,0.0,0.0));
#2164=ORIENTED_EDGE('',*,*,#4802,.T.);
#2165=ORIENTED_EDGE('',*,*,#4705,.F.);
#2166=ORIENTED_EDGE('',*,*,#4803,.F.);
#2167=ORIENTED_EDGE('',*,*,#4692,.T.);
#2168=CARTESIAN_POINT('',(2.7,1.22,0.67));
#2169=DIRECTION('',(0.0,0.490143289314685,-0.871641873672772));
#2170=DIRECTION('',(-1.0,0.0,0.0));
#2171=ORIENTED_EDGE('',*,*,#4803,.T.);
#2172=ORIENTED_EDGE('',*,*,#4704,.F.);
#2173=ORIENTED_EDGE('',*,*,#4731,.F.);
#2174=ORIENTED_EDGE('',*,*,#4693,.T.);
#2175=CARTESIAN_POINT('',(2.7,1.5,1.737296518422));
#2176=DIRECTION('',(0.0,0.96726775277588,-0.253757944584795));
#2177=DIRECTION('',(-1.0,0.0,0.0));
#2178=ORIENTED_EDGE('',*,*,#4796,.F.);
#2179=ORIENTED_EDGE('',*,*,#4804,.F.);
#2180=ORIENTED_EDGE('',*,*,#4805,.T.);
#2181=ORIENTED_EDGE('',*,*,#4668,.T.);
#2182=CARTESIAN_POINT('',(3.35,-2.2,-1.8));
#2183=DIRECTION('',(0.0,0.0,1.0));
#2184=DIRECTION('',(1.0,0.0,0.0));
#2185=ORIENTED_EDGE('',*,*,#4806,.F.);
#2186=ORIENTED_EDGE('',*,*,#4807,.F.);
#2187=ORIENTED_EDGE('',*,*,#4808,.T.);
#2188=ORIENTED_EDGE('',*,*,#4809,.T.);
#2189=ORIENTED_EDGE('',*,*,#4810,.T.);
#2190=ORIENTED_EDGE('',*,*,#4811,.F.);
#2191=ORIENTED_EDGE('',*,*,#4812,.T.);
#2192=ORIENTED_EDGE('',*,*,#4813,.F.);
#2193=ORIENTED_EDGE('',*,*,#4814,.F.);
#2194=ORIENTED_EDGE('',*,*,#4815,.F.);
#2195=ORIENTED_EDGE('',*,*,#4785,.T.);
#2196=ORIENTED_EDGE('',*,*,#4816,.T.);
#2197=ORIENTED_EDGE('',*,*,#4817,.F.);
#2198=ORIENTED_EDGE('',*,*,#4636,.F.);
#2199=ORIENTED_EDGE('',*,*,#4669,.T.);
#2200=ORIENTED_EDGE('',*,*,#4805,.F.);
#2201=ORIENTED_EDGE('',*,*,#4818,.F.);
#2202=ORIENTED_EDGE('',*,*,#4819,.F.);
#2203=ORIENTED_EDGE('',*,*,#4820,.T.);
#2204=ORIENTED_EDGE('',*,*,#4821,.F.);
#2205=ORIENTED_EDGE('',*,*,#4822,.F.);
#2206=ORIENTED_EDGE('',*,*,#4823,.F.);
#2207=ORIENTED_EDGE('',*,*,#4824,.F.);
#2208=ORIENTED_EDGE('',*,*,#4825,.T.);
#2209=CARTESIAN_POINT('',(3.35,-2.2,-10.4));
#2210=DIRECTION('',(0.0,-1.0,0.0));
#2211=DIRECTION('',(0.0,0.0,-1.0));
#2212=ORIENTED_EDGE('',*,*,#4825,.F.);
#2213=ORIENTED_EDGE('',*,*,#4826,.F.);
#2214=ORIENTED_EDGE('',*,*,#4827,.T.);
#2215=ORIENTED_EDGE('',*,*,#4828,.F.);
#2216=CARTESIAN_POINT('',(7.525,-2.5,-10.1));
#2217=DIRECTION('',(0.0,0.707106781186548,-0.707106781186548));
#2218=DIRECTION('',(-1.0,0.0,0.0));
#2219=ORIENTED_EDGE('',*,*,#4829,.F.);
#2220=ORIENTED_EDGE('',*,*,#4614,.F.);
#2221=ORIENTED_EDGE('',*,*,#4830,.F.);
#2222=ORIENTED_EDGE('',*,*,#4806,.T.);
#2223=ORIENTED_EDGE('',*,*,#4828,.T.);
#2224=CARTESIAN_POINT('',(1.7,-2.2,-7.35));
#2225=DIRECTION('',(1.0,0.0,0.0));
#2226=DIRECTION('',(0.0,1.0,0.0));
#2227=ORIENTED_EDGE('',*,*,#4831,.F.);
#2228=ORIENTED_EDGE('',*,*,#4807,.T.);
#2229=ORIENTED_EDGE('',*,*,#4830,.T.);
#2230=ORIENTED_EDGE('',*,*,#4613,.F.);
#2231=CARTESIAN_POINT('',(-0.8,-2.2,-7.35));
#2232=DIRECTION('',(0.0,0.0,1.0));
#2233=DIRECTION('',(1.0,0.0,0.0));
#2234=ORIENTED_EDGE('',*,*,#4808,.F.);
#2235=ORIENTED_EDGE('',*,*,#4831,.T.);
#2236=ORIENTED_EDGE('',*,*,#4612,.T.);
#2237=ORIENTED_EDGE('',*,*,#4832,.T.);
#2238=ORIENTED_EDGE('',*,*,#4833,.T.);
#2239=CARTESIAN_POINT('',(-0.8,-2.2,-10.4));
#2240=DIRECTION('',(-1.0,0.0,0.0));
#2241=DIRECTION('',(0.0,0.0,1.0));
#2242=ORIENTED_EDGE('',*,*,#4809,.F.);
#2243=ORIENTED_EDGE('',*,*,#4833,.F.);
#2244=ORIENTED_EDGE('',*,*,#4834,.T.);
#2245=ORIENTED_EDGE('',*,*,#4835,.F.);
#2246=CARTESIAN_POINT('',(-7.075,-2.5,-10.1));
#2247=DIRECTION('',(0.0,0.707106781186548,-0.707106781186548));
#2248=DIRECTION('',(-1.0,0.0,0.0));
#2249=ORIENTED_EDGE('',*,*,#4836,.F.);
#2250=ORIENTED_EDGE('',*,*,#4610,.T.);
#2251=ORIENTED_EDGE('',*,*,#4645,.T.);
#2252=ORIENTED_EDGE('',*,*,#4837,.T.);
#2253=ORIENTED_EDGE('',*,*,#4838,.F.);
#2254=ORIENTED_EDGE('',*,*,#4839,.F.);
#2255=ORIENTED_EDGE('',*,*,#4840,.F.);
#2256=ORIENTED_EDGE('',*,*,#4841,.T.);
#2257=ORIENTED_EDGE('',*,*,#4842,.F.);
#2258=ORIENTED_EDGE('',*,*,#4810,.F.);
#2259=ORIENTED_EDGE('',*,*,#4835,.T.);
#2260=CARTESIAN_POINT('',(-13.35,-3.2,-10.4));
#2261=DIRECTION('',(-1.0,0.0,0.0));
#2262=DIRECTION('',(0.0,0.0,1.0));
#2263=ORIENTED_EDGE('',*,*,#4843,.T.);
#2264=ORIENTED_EDGE('',*,*,#4844,.F.);
#2265=ORIENTED_EDGE('',*,*,#4811,.T.);
#2266=ORIENTED_EDGE('',*,*,#4842,.T.);
#2267=CARTESIAN_POINT('',(0.0,-3.2,-9.4));
#2268=DIRECTION('',(0.0,0.0,-1.0));
#2269=DIRECTION('',(0.0,-1.0,0.0));
#2270=ORIENTED_EDGE('',*,*,#4823,.T.);
#2271=ORIENTED_EDGE('',*,*,#4845,.F.);
#2272=ORIENTED_EDGE('',*,*,#4846,.T.);
#2273=ORIENTED_EDGE('',*,*,#4847,.F.);
#2274=CARTESIAN_POINT('',(0.0,-3.2,-9.4));
#2275=DIRECTION('',(0.0,0.0,-1.0));
#2276=DIRECTION('',(0.0,-1.0,0.0));
#2277=ORIENTED_EDGE('',*,*,#4848,.T.);
#2278=ORIENTED_EDGE('',*,*,#4849,.F.);
#2279=ORIENTED_EDGE('',*,*,#4812,.F.);
#2280=ORIENTED_EDGE('',*,*,#4844,.T.);
#2281=CARTESIAN_POINT('',(-11.45,-2.2,-10.4));
#2282=DIRECTION('',(-1.0,0.0,0.0));
#2283=DIRECTION('',(0.0,0.0,1.0));
#2284=ORIENTED_EDGE('',*,*,#4850,.T.);
#2285=ORIENTED_EDGE('',*,*,#4813,.T.);
#2286=ORIENTED_EDGE('',*,*,#4849,.T.);
#2287=ORIENTED_EDGE('',*,*,#4851,.F.);
#2288=ORIENTED_EDGE('',*,*,#4852,.F.);
#2289=ORIENTED_EDGE('',*,*,#4853,.T.);
#2290=ORIENTED_EDGE('',*,*,#4854,.F.);
#2291=ORIENTED_EDGE('',*,*,#4855,.F.);
#2292=ORIENTED_EDGE('',*,*,#4856,.F.);
#2293=ORIENTED_EDGE('',*,*,#4857,.T.);
#2294=ORIENTED_EDGE('',*,*,#4858,.F.);
#2295=ORIENTED_EDGE('',*,*,#4859,.F.);
#2296=ORIENTED_EDGE('',*,*,#4860,.F.);
#2297=ORIENTED_EDGE('',*,*,#4861,.T.);
#2298=ORIENTED_EDGE('',*,*,#4862,.F.);
#2299=ORIENTED_EDGE('',*,*,#4863,.F.);
#2300=ORIENTED_EDGE('',*,*,#4864,.F.);
#2301=ORIENTED_EDGE('',*,*,#4865,.T.);
#2302=ORIENTED_EDGE('',*,*,#4866,.F.);
#2303=ORIENTED_EDGE('',*,*,#4867,.F.);
#2304=CARTESIAN_POINT('',(0.0,-3.2,-1.8));
#2305=DIRECTION('',(0.0,0.0,-1.0));
#2306=DIRECTION('',(0.0,-1.0,0.0));
#2307=ORIENTED_EDGE('',*,*,#4868,.F.);
#2308=ORIENTED_EDGE('',*,*,#4869,.F.);
#2309=ORIENTED_EDGE('',*,*,#4870,.F.);
#2310=ORIENTED_EDGE('',*,*,#4871,.T.);
#2311=ORIENTED_EDGE('',*,*,#4872,.F.);
#2312=ORIENTED_EDGE('',*,*,#4873,.F.);
#2313=ORIENTED_EDGE('',*,*,#4874,.F.);
#2314=ORIENTED_EDGE('',*,*,#4875,.T.);
#2315=ORIENTED_EDGE('',*,*,#4876,.F.);
#2316=ORIENTED_EDGE('',*,*,#4877,.F.);
#2317=ORIENTED_EDGE('',*,*,#4878,.F.);
#2318=ORIENTED_EDGE('',*,*,#4879,.T.);
#2319=ORIENTED_EDGE('',*,*,#4880,.F.);
#2320=ORIENTED_EDGE('',*,*,#4881,.F.);
#2321=ORIENTED_EDGE('',*,*,#4882,.T.);
#2322=ORIENTED_EDGE('',*,*,#4821,.T.);
#2323=ORIENTED_EDGE('',*,*,#4883,.T.);
#2324=ORIENTED_EDGE('',*,*,#4884,.F.);
#2325=ORIENTED_EDGE('',*,*,#4885,.F.);
#2326=ORIENTED_EDGE('',*,*,#4886,.T.);
#2327=CARTESIAN_POINT('',(0.0,-3.2,-1.8));
#2328=DIRECTION('',(0.0,0.0,-1.0));
#2329=DIRECTION('',(0.0,-1.0,0.0));
#2330=ORIENTED_EDGE('',*,*,#4887,.F.);
#2331=ORIENTED_EDGE('',*,*,#4863,.T.);
#2332=ORIENTED_EDGE('',*,*,#4888,.F.);
#2333=ORIENTED_EDGE('',*,*,#4859,.T.);
#2334=ORIENTED_EDGE('',*,*,#4889,.F.);
#2335=ORIENTED_EDGE('',*,*,#4855,.T.);
#2336=ORIENTED_EDGE('',*,*,#4890,.F.);
#2337=ORIENTED_EDGE('',*,*,#4851,.T.);
#2338=ORIENTED_EDGE('',*,*,#4848,.F.);
#2339=ORIENTED_EDGE('',*,*,#4843,.F.);
#2340=ORIENTED_EDGE('',*,*,#4841,.F.);
#2341=ORIENTED_EDGE('',*,*,#4891,.F.);
#2342=ORIENTED_EDGE('',*,*,#4787,.T.);
#2343=ORIENTED_EDGE('',*,*,#4892,.F.);
#2344=ORIENTED_EDGE('',*,*,#4893,.T.);
#2345=ORIENTED_EDGE('',*,*,#4867,.T.);
#2346=CARTESIAN_POINT('',(-11.45,-0.35,-10.4));
#2347=DIRECTION('',(-0.0,1.0,0.0));
#2348=DIRECTION('',(1.0,0.0,0.0));
#2349=ORIENTED_EDGE('',*,*,#4814,.T.);
#2350=ORIENTED_EDGE('',*,*,#4850,.F.);
#2351=ORIENTED_EDGE('',*,*,#4893,.F.);
#2352=ORIENTED_EDGE('',*,*,#4894,.T.);
#2353=CARTESIAN_POINT('',(-2.9,-0.35,-10.4));
#2354=DIRECTION('',(1.0,0.0,0.0));
#2355=DIRECTION('',(0.0,1.0,0.0));
#2356=ORIENTED_EDGE('',*,*,#4895,.T.);
#2357=ORIENTED_EDGE('',*,*,#4896,.F.);
#2358=ORIENTED_EDGE('',*,*,#4819,.T.);
#2359=ORIENTED_EDGE('',*,*,#4897,.T.);
#2360=CARTESIAN_POINT('',(0.0,-3.2,-6.3));
#2361=DIRECTION('',(0.0,0.0,-1.0));
#2362=DIRECTION('',(0.0,-1.0,0.0));
#2363=ORIENTED_EDGE('',*,*,#4815,.T.);
#2364=ORIENTED_EDGE('',*,*,#4894,.F.);
#2365=ORIENTED_EDGE('',*,*,#4892,.T.);
#2366=ORIENTED_EDGE('',*,*,#4786,.F.);
#2367=CARTESIAN_POINT('',(0.0,-3.2,-6.3));
#2368=DIRECTION('',(0.0,0.0,-1.0));
#2369=DIRECTION('',(0.0,-1.0,0.0));
#2370=ORIENTED_EDGE('',*,*,#4898,.T.);
#2371=ORIENTED_EDGE('',*,*,#4899,.F.);
#2372=ORIENTED_EDGE('',*,*,#4661,.F.);
#2373=ORIENTED_EDGE('',*,*,#4900,.T.);
#2374=ORIENTED_EDGE('',*,*,#4901,.F.);
#2375=ORIENTED_EDGE('',*,*,#4902,.T.);
#2376=ORIENTED_EDGE('',*,*,#4903,.T.);
#2377=ORIENTED_EDGE('',*,*,#4904,.T.);
#2378=ORIENTED_EDGE('',*,*,#4897,.F.);
#2379=ORIENTED_EDGE('',*,*,#4818,.T.);
#2380=ORIENTED_EDGE('',*,*,#4804,.T.);
#2381=ORIENTED_EDGE('',*,*,#4795,.F.);
#2382=CARTESIAN_POINT('',(3.35,3.2,-10.4));
#2383=DIRECTION('',(1.0,0.0,0.0));
#2384=DIRECTION('',(0.0,1.0,0.0));
#2385=ORIENTED_EDGE('',*,*,#4905,.F.);
#2386=ORIENTED_EDGE('',*,*,#4895,.F.);
#2387=ORIENTED_EDGE('',*,*,#4904,.F.);
#2388=ORIENTED_EDGE('',*,*,#4906,.F.);
#2389=ORIENTED_EDGE('',*,*,#4907,.T.);
#2390=ORIENTED_EDGE('',*,*,#4846,.F.);
#2391=ORIENTED_EDGE('',*,*,#4908,.T.);
#2392=ORIENTED_EDGE('',*,*,#4881,.T.);
#2393=ORIENTED_EDGE('',*,*,#4909,.F.);
#2394=ORIENTED_EDGE('',*,*,#4877,.T.);
#2395=ORIENTED_EDGE('',*,*,#4910,.F.);
#2396=ORIENTED_EDGE('',*,*,#4873,.T.);
#2397=ORIENTED_EDGE('',*,*,#4911,.F.);
#2398=ORIENTED_EDGE('',*,*,#4869,.T.);
#2399=ORIENTED_EDGE('',*,*,#4912,.F.);
#2400=ORIENTED_EDGE('',*,*,#4884,.T.);
#2401=CARTESIAN_POINT('',(3.8,-0.35,-10.4));
#2402=DIRECTION('',(-0.0,1.0,0.0));
#2403=DIRECTION('',(1.0,0.0,0.0));
#2404=ORIENTED_EDGE('',*,*,#4912,.T.);
#2405=ORIENTED_EDGE('',*,*,#4913,.T.);
#2406=ORIENTED_EDGE('',*,*,#4914,.F.);
#2407=ORIENTED_EDGE('',*,*,#4915,.T.);
#2408=ORIENTED_EDGE('',*,*,#4916,.T.);
#2409=ORIENTED_EDGE('',*,*,#4917,.T.);
#2410=ORIENTED_EDGE('',*,*,#4918,.T.);
#2411=ORIENTED_EDGE('',*,*,#4919,.T.);
#2412=ORIENTED_EDGE('',*,*,#4920,.T.);
#2413=ORIENTED_EDGE('',*,*,#4921,.T.);
#2414=ORIENTED_EDGE('',*,*,#4922,.T.);
#2415=ORIENTED_EDGE('',*,*,#4923,.F.);
#2416=CARTESIAN_POINT('',(-6.0,-1.8,-1.8));
#2417=DIRECTION('',(0.0,0.0,1.0));
#2418=DIRECTION('',(1.0,0.0,0.0));
#2419=ORIENTED_EDGE('',*,*,#4924,.T.);
#2420=ORIENTED_EDGE('',*,*,#4925,.T.);
#2421=ORIENTED_EDGE('',*,*,#4926,.F.);
#2422=ORIENTED_EDGE('',*,*,#4885,.T.);
#2423=ORIENTED_EDGE('',*,*,#4923,.T.);
#2424=CARTESIAN_POINT('',(4.65,-1.8,-1.8));
#2425=DIRECTION('',(1.0,0.0,0.0));
#2426=DIRECTION('',(0.0,1.0,0.0));
#2427=ORIENTED_EDGE('',*,*,#4927,.F.);
#2428=ORIENTED_EDGE('',*,*,#4928,.F.);
#2429=ORIENTED_EDGE('',*,*,#4929,.T.);
#2430=ORIENTED_EDGE('',*,*,#4930,.T.);
#2431=ORIENTED_EDGE('',*,*,#4931,.T.);
#2432=ORIENTED_EDGE('',*,*,#4932,.F.);
#2433=ORIENTED_EDGE('',*,*,#4886,.F.);
#2434=ORIENTED_EDGE('',*,*,#4926,.T.);
#2435=CARTESIAN_POINT('',(4.25,-1.4,3.8));
#2436=DIRECTION('',(0.0,-1.0,0.0));
#2437=DIRECTION('',(0.0,0.0,-1.0));
#2438=ORIENTED_EDGE('',*,*,#4868,.T.);
#2439=ORIENTED_EDGE('',*,*,#4932,.T.);
#2440=ORIENTED_EDGE('',*,*,#4933,.T.);
#2441=ORIENTED_EDGE('',*,*,#4934,.T.);
#2442=ORIENTED_EDGE('',*,*,#4913,.F.);
#2443=CARTESIAN_POINT('',(5.55,-1.8,-1.8));
#2444=DIRECTION('',(-1.0,0.0,0.0));
#2445=DIRECTION('',(0.0,0.0,1.0));
#2446=ORIENTED_EDGE('',*,*,#4934,.F.);
#2447=ORIENTED_EDGE('',*,*,#4935,.F.);
#2448=ORIENTED_EDGE('',*,*,#4936,.F.);
#2449=ORIENTED_EDGE('',*,*,#4914,.T.);
#2450=CARTESIAN_POINT('',(5.95,1.14,-0.8));
#2451=DIRECTION('',(-0.0,1.0,0.0));
#2452=DIRECTION('',(1.0,0.0,0.0));
#2453=ORIENTED_EDGE('',*,*,#4930,.F.);
#2454=ORIENTED_EDGE('',*,*,#4937,.T.);
#2455=ORIENTED_EDGE('',*,*,#4938,.T.);
#2456=ORIENTED_EDGE('',*,*,#4915,.F.);
#2457=ORIENTED_EDGE('',*,*,#4936,.T.);
#2458=ORIENTED_EDGE('',*,*,#4939,.F.);
#2459=CARTESIAN_POINT('',(5.95,-1.4,3.8));
#2460=DIRECTION('',(1.0,0.0,0.0));
#2461=DIRECTION('',(0.0,1.0,0.0));
#2462=ORIENTED_EDGE('',*,*,#4939,.T.);
#2463=ORIENTED_EDGE('',*,*,#4935,.T.);
#2464=ORIENTED_EDGE('',*,*,#4933,.F.);
#2465=ORIENTED_EDGE('',*,*,#4931,.F.);
#2466=CARTESIAN_POINT('',(5.95,-1.8,-0.8));
#2467=DIRECTION('',(0.0,0.0,1.0));
#2468=DIRECTION('',(1.0,0.0,0.0));
#2469=ORIENTED_EDGE('',*,*,#4940,.T.);
#2470=ORIENTED_EDGE('',*,*,#4916,.F.);
#2471=ORIENTED_EDGE('',*,*,#4938,.F.);
#2472=ORIENTED_EDGE('',*,*,#4941,.T.);
#2473=CARTESIAN_POINT('',(5.95,1.89,3.8));
#2474=DIRECTION('',(-0.0,1.0,0.0));
#2475=DIRECTION('',(1.0,0.0,0.0));
#2476=ORIENTED_EDGE('',*,*,#4942,.F.);
#2477=ORIENTED_EDGE('',*,*,#4943,.F.);
#2478=ORIENTED_EDGE('',*,*,#4944,.F.);
#2479=ORIENTED_EDGE('',*,*,#4941,.F.);
#2480=ORIENTED_EDGE('',*,*,#4937,.F.);
#2481=ORIENTED_EDGE('',*,*,#4929,.F.);
#2482=ORIENTED_EDGE('',*,*,#4945,.T.);
#2483=ORIENTED_EDGE('',*,*,#4946,.F.);
#2484=ORIENTED_EDGE('',*,*,#4947,.F.);
#2485=ORIENTED_EDGE('',*,*,#4948,.F.);
#2486=ORIENTED_EDGE('',*,*,#4901,.T.);
#2487=ORIENTED_EDGE('',*,*,#4949,.F.);
#2488=ORIENTED_EDGE('',*,*,#4950,.F.);
#2489=ORIENTED_EDGE('',*,*,#4951,.T.);
#2490=ORIENTED_EDGE('',*,*,#4952,.F.);
#2491=ORIENTED_EDGE('',*,*,#4953,.F.);
#2492=ORIENTED_EDGE('',*,*,#4954,.F.);
#2493=ORIENTED_EDGE('',*,*,#4955,.F.);
#2494=ORIENTED_EDGE('',*,*,#4956,.F.);
#2495=ORIENTED_EDGE('',*,*,#4957,.F.);
#2496=ORIENTED_EDGE('',*,*,#4958,.F.);
#2497=ORIENTED_EDGE('',*,*,#4959,.T.);
#2498=ORIENTED_EDGE('',*,*,#4960,.F.);
#2499=ORIENTED_EDGE('',*,*,#4961,.T.);
#2500=ORIENTED_EDGE('',*,*,#4962,.T.);
#2501=ORIENTED_EDGE('',*,*,#4963,.F.);
#2502=ORIENTED_EDGE('',*,*,#4964,.F.);
#2503=ORIENTED_EDGE('',*,*,#4965,.F.);
#2504=ORIENTED_EDGE('',*,*,#4966,.F.);
#2505=ORIENTED_EDGE('',*,*,#4967,.F.);
#2506=ORIENTED_EDGE('',*,*,#4968,.F.);
#2507=ORIENTED_EDGE('',*,*,#4969,.F.);
#2508=ORIENTED_EDGE('',*,*,#4970,.F.);
#2509=ORIENTED_EDGE('',*,*,#4971,.F.);
#2510=ORIENTED_EDGE('',*,*,#4972,.F.);
#2511=ORIENTED_EDGE('',*,*,#4973,.F.);
#2512=ORIENTED_EDGE('',*,*,#4974,.F.);
#2513=ORIENTED_EDGE('',*,*,#4975,.T.);
#2514=CARTESIAN_POINT('',(13.35,3.2,3.8));
#2515=DIRECTION('',(0.0,0.0,-1.0));
#2516=DIRECTION('',(0.0,-1.0,0.0));
#2517=ORIENTED_EDGE('',*,*,#4976,.F.);
#2518=ORIENTED_EDGE('',*,*,#4977,.F.);
#2519=ORIENTED_EDGE('',*,*,#4978,.F.);
#2520=ORIENTED_EDGE('',*,*,#4975,.F.);
#2521=ORIENTED_EDGE('',*,*,#4979,.T.);
#2522=ORIENTED_EDGE('',*,*,#4980,.T.);
#2523=CARTESIAN_POINT('',(10.25,1.89,3.8));
#2524=DIRECTION('',(-1.0,0.0,0.0));
#2525=DIRECTION('',(0.0,0.0,1.0));
#2526=ORIENTED_EDGE('',*,*,#4981,.T.);
#2527=ORIENTED_EDGE('',*,*,#4982,.F.);
#2528=ORIENTED_EDGE('',*,*,#4983,.F.);
#2529=ORIENTED_EDGE('',*,*,#4980,.F.);
#2530=CARTESIAN_POINT('',(10.25,1.14,-0.8));
#2531=DIRECTION('',(0.0,0.0,1.0));
#2532=DIRECTION('',(1.0,0.0,0.0));
#2533=ORIENTED_EDGE('',*,*,#4976,.T.);
#2534=ORIENTED_EDGE('',*,*,#4983,.T.);
#2535=ORIENTED_EDGE('',*,*,#4984,.F.);
#2536=ORIENTED_EDGE('',*,*,#4985,.F.);
#2537=CARTESIAN_POINT('',(10.25,1.14,-1.8));
#2538=DIRECTION('',(-0.0,1.0,0.0));
#2539=DIRECTION('',(1.0,0.0,0.0));
#2540=ORIENTED_EDGE('',*,*,#4909,.T.);
#2541=ORIENTED_EDGE('',*,*,#4986,.T.);
#2542=ORIENTED_EDGE('',*,*,#4987,.F.);
#2543=ORIENTED_EDGE('',*,*,#4988,.T.);
#2544=ORIENTED_EDGE('',*,*,#4989,.T.);
#2545=ORIENTED_EDGE('',*,*,#4990,.T.);
#2546=ORIENTED_EDGE('',*,*,#4991,.T.);
#2547=ORIENTED_EDGE('',*,*,#4992,.T.);
#2548=ORIENTED_EDGE('',*,*,#4993,.T.);
#2549=ORIENTED_EDGE('',*,*,#4977,.T.);
#2550=ORIENTED_EDGE('',*,*,#4985,.T.);
#2551=ORIENTED_EDGE('',*,*,#4994,.F.);
#2552=CARTESIAN_POINT('',(0.0,-1.8,-1.8));
#2553=DIRECTION('',(0.0,0.0,1.0));
#2554=DIRECTION('',(1.0,0.0,0.0));
#2555=ORIENTED_EDGE('',*,*,#4984,.T.);
#2556=ORIENTED_EDGE('',*,*,#4982,.T.);
#2557=ORIENTED_EDGE('',*,*,#4995,.F.);
#2558=ORIENTED_EDGE('',*,*,#4878,.T.);
#2559=ORIENTED_EDGE('',*,*,#4994,.T.);
#2560=CARTESIAN_POINT('',(10.65,-1.8,-1.8));
#2561=DIRECTION('',(1.0,0.0,0.0));
#2562=DIRECTION('',(0.0,1.0,0.0));
#2563=ORIENTED_EDGE('',*,*,#4981,.F.);
#2564=ORIENTED_EDGE('',*,*,#4979,.F.);
#2565=ORIENTED_EDGE('',*,*,#4974,.T.);
#2566=ORIENTED_EDGE('',*,*,#4996,.T.);
#2567=ORIENTED_EDGE('',*,*,#4997,.T.);
#2568=ORIENTED_EDGE('',*,*,#4998,.F.);
#2569=ORIENTED_EDGE('',*,*,#4879,.F.);
#2570=ORIENTED_EDGE('',*,*,#4995,.T.);
#2571=CARTESIAN_POINT('',(10.25,-1.4,3.8));
#2572=DIRECTION('',(0.0,-1.0,0.0));
#2573=DIRECTION('',(0.0,0.0,-1.0));
#2574=ORIENTED_EDGE('',*,*,#4880,.T.);
#2575=ORIENTED_EDGE('',*,*,#4998,.T.);
#2576=ORIENTED_EDGE('',*,*,#4999,.T.);
#2577=ORIENTED_EDGE('',*,*,#5000,.T.);
#2578=ORIENTED_EDGE('',*,*,#4986,.F.);
#2579=CARTESIAN_POINT('',(11.55,-1.8,-1.8));
#2580=DIRECTION('',(-1.0,0.0,0.0));
#2581=DIRECTION('',(0.0,0.0,1.0));
#2582=ORIENTED_EDGE('',*,*,#5000,.F.);
#2583=ORIENTED_EDGE('',*,*,#5001,.F.);
#2584=ORIENTED_EDGE('',*,*,#5002,.F.);
#2585=ORIENTED_EDGE('',*,*,#4987,.T.);
#2586=CARTESIAN_POINT('',(11.95,1.14,-0.8));
#2587=DIRECTION('',(-0.0,1.0,0.0));
#2588=DIRECTION('',(1.0,0.0,0.0));
#2589=ORIENTED_EDGE('',*,*,#4996,.F.);
#2590=ORIENTED_EDGE('',*,*,#4973,.T.);
#2591=ORIENTED_EDGE('',*,*,#5003,.T.);
#2592=ORIENTED_EDGE('',*,*,#4988,.F.);
#2593=ORIENTED_EDGE('',*,*,#5002,.T.);
#2594=ORIENTED_EDGE('',*,*,#5004,.F.);
#2595=CARTESIAN_POINT('',(11.95,-1.4,3.8));
#2596=DIRECTION('',(1.0,0.0,0.0));
#2597=DIRECTION('',(0.0,1.0,0.0));
#2598=ORIENTED_EDGE('',*,*,#5004,.T.);
#2599=ORIENTED_EDGE('',*,*,#5001,.T.);
#2600=ORIENTED_EDGE('',*,*,#4999,.F.);
#2601=ORIENTED_EDGE('',*,*,#4997,.F.);
#2602=CARTESIAN_POINT('',(11.95,-1.8,-0.8));
#2603=DIRECTION('',(0.0,0.0,1.0));
#2604=DIRECTION('',(1.0,0.0,0.0));
#2605=ORIENTED_EDGE('',*,*,#5005,.T.);
#2606=ORIENTED_EDGE('',*,*,#4989,.F.);
#2607=ORIENTED_EDGE('',*,*,#5003,.F.);
#2608=ORIENTED_EDGE('',*,*,#4972,.T.);
#2609=CARTESIAN_POINT('',(11.95,1.89,3.8));
#2610=DIRECTION('',(-0.0,1.0,0.0));
#2611=DIRECTION('',(1.0,0.0,0.0));
#2612=ORIENTED_EDGE('',*,*,#5006,.T.);
#2613=ORIENTED_EDGE('',*,*,#4990,.F.);
#2614=ORIENTED_EDGE('',*,*,#5005,.F.);
#2615=ORIENTED_EDGE('',*,*,#4971,.T.);
#2616=CARTESIAN_POINT('',(11.55,1.89,3.8));
#2617=DIRECTION('',(1.0,0.0,0.0));
#2618=DIRECTION('',(0.0,1.0,0.0));
#2619=ORIENTED_EDGE('',*,*,#5007,.T.);
#2620=ORIENTED_EDGE('',*,*,#4991,.F.);
#2621=ORIENTED_EDGE('',*,*,#5006,.F.);
#2622=ORIENTED_EDGE('',*,*,#4970,.T.);
#2623=CARTESIAN_POINT('',(11.55,2.35,3.8));
#2624=DIRECTION('',(-0.0,1.0,0.0));
#2625=DIRECTION('',(1.0,0.0,0.0));
#2626=ORIENTED_EDGE('',*,*,#5008,.T.);
#2627=ORIENTED_EDGE('',*,*,#4992,.F.);
#2628=ORIENTED_EDGE('',*,*,#5007,.F.);
#2629=ORIENTED_EDGE('',*,*,#4969,.T.);
#2630=CARTESIAN_POINT('',(10.65,2.35,3.8));
#2631=DIRECTION('',(-1.0,0.0,0.0));
#2632=DIRECTION('',(0.0,0.0,1.0));
#2633=ORIENTED_EDGE('',*,*,#4978,.T.);
#2634=ORIENTED_EDGE('',*,*,#4993,.F.);
#2635=ORIENTED_EDGE('',*,*,#5008,.F.);
#2636=ORIENTED_EDGE('',*,*,#4968,.T.);
#2637=CARTESIAN_POINT('',(10.65,1.89,3.8));
#2638=DIRECTION('',(-0.0,1.0,0.0));
#2639=DIRECTION('',(1.0,0.0,0.0));
#2640=ORIENTED_EDGE('',*,*,#5009,.F.);
#2641=ORIENTED_EDGE('',*,*,#5010,.F.);
#2642=ORIENTED_EDGE('',*,*,#5011,.F.);
#2643=ORIENTED_EDGE('',*,*,#4959,.F.);
#2644=ORIENTED_EDGE('',*,*,#5012,.T.);
#2645=ORIENTED_EDGE('',*,*,#5013,.T.);
#2646=CARTESIAN_POINT('',(8.25,1.89,3.8));
#2647=DIRECTION('',(-1.0,0.0,0.0));
#2648=DIRECTION('',(0.0,0.0,1.0));
#2649=ORIENTED_EDGE('',*,*,#5014,.T.);
#2650=ORIENTED_EDGE('',*,*,#5015,.F.);
#2651=ORIENTED_EDGE('',*,*,#5016,.F.);
#2652=ORIENTED_EDGE('',*,*,#5013,.F.);
#2653=CARTESIAN_POINT('',(8.25,1.14,-0.8));
#2654=DIRECTION('',(0.0,0.0,1.0));
#2655=DIRECTION('',(1.0,0.0,0.0));
#2656=ORIENTED_EDGE('',*,*,#5009,.T.);
#2657=ORIENTED_EDGE('',*,*,#5016,.T.);
#2658=ORIENTED_EDGE('',*,*,#5017,.F.);
#2659=ORIENTED_EDGE('',*,*,#5018,.F.);
#2660=CARTESIAN_POINT('',(8.25,1.14,-1.8));
#2661=DIRECTION('',(-0.0,1.0,0.0));
#2662=DIRECTION('',(1.0,0.0,0.0));
#2663=ORIENTED_EDGE('',*,*,#4910,.T.);
#2664=ORIENTED_EDGE('',*,*,#5019,.T.);
#2665=ORIENTED_EDGE('',*,*,#5020,.F.);
#2666=ORIENTED_EDGE('',*,*,#5021,.T.);
#2667=ORIENTED_EDGE('',*,*,#5022,.T.);
#2668=ORIENTED_EDGE('',*,*,#5023,.T.);
#2669=ORIENTED_EDGE('',*,*,#5024,.T.);
#2670=ORIENTED_EDGE('',*,*,#5025,.T.);
#2671=ORIENTED_EDGE('',*,*,#5026,.T.);
#2672=ORIENTED_EDGE('',*,*,#5010,.T.);
#2673=ORIENTED_EDGE('',*,*,#5018,.T.);
#2674=ORIENTED_EDGE('',*,*,#5027,.F.);
#2675=CARTESIAN_POINT('',(-2.0,-1.8,-1.8));
#2676=DIRECTION('',(0.0,0.0,1.0));
#2677=DIRECTION('',(1.0,0.0,0.0));
#2678=ORIENTED_EDGE('',*,*,#5017,.T.);
#2679=ORIENTED_EDGE('',*,*,#5015,.T.);
#2680=ORIENTED_EDGE('',*,*,#5028,.F.);
#2681=ORIENTED_EDGE('',*,*,#4874,.T.);
#2682=ORIENTED_EDGE('',*,*,#5027,.T.);
#2683=CARTESIAN_POINT('',(8.65,-1.8,-1.8));
#2684=DIRECTION('',(1.0,0.0,0.0));
#2685=DIRECTION('',(0.0,1.0,0.0));
#2686=ORIENTED_EDGE('',*,*,#5014,.F.);
#2687=ORIENTED_EDGE('',*,*,#5012,.F.);
#2688=ORIENTED_EDGE('',*,*,#4958,.T.);
#2689=ORIENTED_EDGE('',*,*,#5029,.T.);
#2690=ORIENTED_EDGE('',*,*,#5030,.T.);
#2691=ORIENTED_EDGE('',*,*,#5031,.F.);
#2692=ORIENTED_EDGE('',*,*,#4875,.F.);
#2693=ORIENTED_EDGE('',*,*,#5028,.T.);
#2694=CARTESIAN_POINT('',(8.25,-1.4,3.8));
#2695=DIRECTION('',(0.0,-1.0,0.0));
#2696=DIRECTION('',(0.0,0.0,-1.0));
#2697=ORIENTED_EDGE('',*,*,#4876,.T.);
#2698=ORIENTED_EDGE('',*,*,#5031,.T.);
#2699=ORIENTED_EDGE('',*,*,#5032,.T.);
#2700=ORIENTED_EDGE('',*,*,#5033,.T.);
#2701=ORIENTED_EDGE('',*,*,#5019,.F.);
#2702=CARTESIAN_POINT('',(9.55,-1.8,-1.8));
#2703=DIRECTION('',(-1.0,0.0,0.0));
#2704=DIRECTION('',(0.0,0.0,1.0));
#2705=ORIENTED_EDGE('',*,*,#5033,.F.);
#2706=ORIENTED_EDGE('',*,*,#5034,.F.);
#2707=ORIENTED_EDGE('',*,*,#5035,.F.);
#2708=ORIENTED_EDGE('',*,*,#5020,.T.);
#2709=CARTESIAN_POINT('',(9.95,1.14,-0.8));
#2710=DIRECTION('',(-0.0,1.0,0.0));
#2711=DIRECTION('',(1.0,0.0,0.0));
#2712=ORIENTED_EDGE('',*,*,#5029,.F.);
#2713=ORIENTED_EDGE('',*,*,#4957,.T.);
#2714=ORIENTED_EDGE('',*,*,#5036,.T.);
#2715=ORIENTED_EDGE('',*,*,#5021,.F.);
#2716=ORIENTED_EDGE('',*,*,#5035,.T.);
#2717=ORIENTED_EDGE('',*,*,#5037,.F.);
#2718=CARTESIAN_POINT('',(9.95,-1.4,3.8));
#2719=DIRECTION('',(1.0,0.0,0.0));
#2720=DIRECTION('',(0.0,1.0,0.0));
#2721=ORIENTED_EDGE('',*,*,#5037,.T.);
#2722=ORIENTED_EDGE('',*,*,#5034,.T.);
#2723=ORIENTED_EDGE('',*,*,#5032,.F.);
#2724=ORIENTED_EDGE('',*,*,#5030,.F.);
#2725=CARTESIAN_POINT('',(9.95,-1.8,-0.8));
#2726=DIRECTION('',(0.0,0.0,1.0));
#2727=DIRECTION('',(1.0,0.0,0.0));
#2728=ORIENTED_EDGE('',*,*,#5038,.T.);
#2729=ORIENTED_EDGE('',*,*,#5022,.F.);
#2730=ORIENTED_EDGE('',*,*,#5036,.F.);
#2731=ORIENTED_EDGE('',*,*,#4956,.T.);
#2732=CARTESIAN_POINT('',(9.95,1.89,3.8));
#2733=DIRECTION('',(-0.0,1.0,0.0));
#2734=DIRECTION('',(1.0,0.0,0.0));
#2735=ORIENTED_EDGE('',*,*,#5039,.T.);
#2736=ORIENTED_EDGE('',*,*,#5023,.F.);
#2737=ORIENTED_EDGE('',*,*,#5038,.F.);
#2738=ORIENTED_EDGE('',*,*,#4955,.T.);
#2739=CARTESIAN_POINT('',(9.55,1.89,3.8));
#2740=DIRECTION('',(1.0,0.0,0.0));
#2741=DIRECTION('',(0.0,1.0,0.0));
#2742=ORIENTED_EDGE('',*,*,#5040,.T.);
#2743=ORIENTED_EDGE('',*,*,#5024,.F.);
#2744=ORIENTED_EDGE('',*,*,#5039,.F.);
#2745=ORIENTED_EDGE('',*,*,#4954,.T.);
#2746=CARTESIAN_POINT('',(9.55,2.35,3.8));
#2747=DIRECTION('',(-0.0,1.0,0.0));
#2748=DIRECTION('',(1.0,0.0,0.0));
#2749=ORIENTED_EDGE('',*,*,#5041,.T.);
#2750=ORIENTED_EDGE('',*,*,#5025,.F.);
#2751=ORIENTED_EDGE('',*,*,#5040,.F.);
#2752=ORIENTED_EDGE('',*,*,#4953,.T.);
#2753=CARTESIAN_POINT('',(8.65,2.35,3.8));
#2754=DIRECTION('',(-1.0,0.0,0.0));
#2755=DIRECTION('',(0.0,0.0,1.0));
#2756=ORIENTED_EDGE('',*,*,#5011,.T.);
#2757=ORIENTED_EDGE('',*,*,#5026,.F.);
#2758=ORIENTED_EDGE('',*,*,#5041,.F.);
#2759=ORIENTED_EDGE('',*,*,#4952,.T.);
#2760=CARTESIAN_POINT('',(8.65,1.89,3.8));
#2761=DIRECTION('',(-0.0,1.0,0.0));
#2762=DIRECTION('',(1.0,0.0,0.0));
#2763=ORIENTED_EDGE('',*,*,#5042,.F.);
#2764=ORIENTED_EDGE('',*,*,#4967,.T.);
#2765=ORIENTED_EDGE('',*,*,#5043,.T.);
#2766=ORIENTED_EDGE('',*,*,#5044,.F.);
#2767=ORIENTED_EDGE('',*,*,#5045,.T.);
#2768=ORIENTED_EDGE('',*,*,#5046,.F.);
#2769=CARTESIAN_POINT('',(7.95,-1.4,3.8));
#2770=DIRECTION('',(1.0,0.0,0.0));
#2771=DIRECTION('',(0.0,1.0,0.0));
#2772=ORIENTED_EDGE('',*,*,#5046,.T.);
#2773=ORIENTED_EDGE('',*,*,#5047,.T.);
#2774=ORIENTED_EDGE('',*,*,#5048,.F.);
#2775=ORIENTED_EDGE('',*,*,#5049,.F.);
#2776=CARTESIAN_POINT('',(7.95,-1.8,-0.8));
#2777=DIRECTION('',(0.0,0.0,1.0));
#2778=DIRECTION('',(1.0,0.0,0.0));
#2779=ORIENTED_EDGE('',*,*,#5050,.F.);
#2780=ORIENTED_EDGE('',*,*,#5051,.F.);
#2781=ORIENTED_EDGE('',*,*,#4960,.T.);
#2782=ORIENTED_EDGE('',*,*,#5042,.T.);
#2783=ORIENTED_EDGE('',*,*,#5049,.T.);
#2784=ORIENTED_EDGE('',*,*,#5052,.F.);
#2785=ORIENTED_EDGE('',*,*,#4871,.F.);
#2786=ORIENTED_EDGE('',*,*,#5053,.T.);
#2787=CARTESIAN_POINT('',(6.25,-1.4,3.8));
#2788=DIRECTION('',(0.0,-1.0,0.0));
#2789=DIRECTION('',(0.0,0.0,-1.0));
#2790=ORIENTED_EDGE('',*,*,#5054,.T.);
#2791=ORIENTED_EDGE('',*,*,#5055,.T.);
#2792=ORIENTED_EDGE('',*,*,#5053,.F.);
#2793=ORIENTED_EDGE('',*,*,#4870,.T.);
#2794=ORIENTED_EDGE('',*,*,#5056,.T.);
#2795=CARTESIAN_POINT('',(6.65,-1.8,-1.8));
#2796=DIRECTION('',(1.0,0.0,0.0));
#2797=DIRECTION('',(0.0,1.0,0.0));
#2798=ORIENTED_EDGE('',*,*,#4911,.T.);
#2799=ORIENTED_EDGE('',*,*,#5057,.T.);
#2800=ORIENTED_EDGE('',*,*,#5058,.F.);
#2801=ORIENTED_EDGE('',*,*,#5044,.T.);
#2802=ORIENTED_EDGE('',*,*,#5059,.T.);
#2803=ORIENTED_EDGE('',*,*,#5060,.T.);
#2804=ORIENTED_EDGE('',*,*,#5061,.T.);
#2805=ORIENTED_EDGE('',*,*,#5062,.T.);
#2806=ORIENTED_EDGE('',*,*,#5063,.T.);
#2807=ORIENTED_EDGE('',*,*,#5064,.T.);
#2808=ORIENTED_EDGE('',*,*,#5065,.T.);
#2809=ORIENTED_EDGE('',*,*,#5056,.F.);
#2810=CARTESIAN_POINT('',(-4.0,-1.8,-1.8));
#2811=DIRECTION('',(0.0,0.0,1.0));
#2812=DIRECTION('',(1.0,0.0,0.0));
#2813=ORIENTED_EDGE('',*,*,#5066,.T.);
#2814=ORIENTED_EDGE('',*,*,#5067,.T.);
#2815=ORIENTED_EDGE('',*,*,#5054,.F.);
#2816=ORIENTED_EDGE('',*,*,#5065,.F.);
#2817=CARTESIAN_POINT('',(6.25,1.14,-1.8));
#2818=DIRECTION('',(-0.0,1.0,0.0));
#2819=DIRECTION('',(1.0,0.0,0.0));
#2820=ORIENTED_EDGE('',*,*,#5055,.F.);
#2821=ORIENTED_EDGE('',*,*,#5067,.F.);
#2822=ORIENTED_EDGE('',*,*,#5068,.F.);
#2823=ORIENTED_EDGE('',*,*,#5050,.T.);
#2824=CARTESIAN_POINT('',(6.25,1.14,-0.8));
#2825=DIRECTION('',(0.0,0.0,1.0));
#2826=DIRECTION('',(1.0,0.0,0.0));
#2827=ORIENTED_EDGE('',*,*,#5068,.T.);
#2828=ORIENTED_EDGE('',*,*,#5066,.F.);
#2829=ORIENTED_EDGE('',*,*,#5064,.F.);
#2830=ORIENTED_EDGE('',*,*,#5069,.F.);
#2831=ORIENTED_EDGE('',*,*,#4961,.F.);
#2832=ORIENTED_EDGE('',*,*,#5051,.T.);
#2833=CARTESIAN_POINT('',(6.25,1.89,3.8));
#2834=DIRECTION('',(-1.0,0.0,0.0));
#2835=DIRECTION('',(0.0,0.0,1.0));
#2836=ORIENTED_EDGE('',*,*,#5069,.T.);
#2837=ORIENTED_EDGE('',*,*,#5063,.F.);
#2838=ORIENTED_EDGE('',*,*,#5070,.F.);
#2839=ORIENTED_EDGE('',*,*,#4962,.F.);
#2840=CARTESIAN_POINT('',(6.65,1.89,3.8));
#2841=DIRECTION('',(-0.0,1.0,0.0));
#2842=DIRECTION('',(1.0,0.0,0.0));
#2843=ORIENTED_EDGE('',*,*,#5070,.T.);
#2844=ORIENTED_EDGE('',*,*,#5062,.F.);
#2845=ORIENTED_EDGE('',*,*,#5071,.F.);
#2846=ORIENTED_EDGE('',*,*,#4963,.T.);
#2847=CARTESIAN_POINT('',(6.65,2.35,3.8));
#2848=DIRECTION('',(-1.0,0.0,0.0));
#2849=DIRECTION('',(0.0,0.0,1.0));
#2850=ORIENTED_EDGE('',*,*,#5071,.T.);
#2851=ORIENTED_EDGE('',*,*,#5061,.F.);
#2852=ORIENTED_EDGE('',*,*,#5072,.F.);
#2853=ORIENTED_EDGE('',*,*,#4964,.T.);
#2854=CARTESIAN_POINT('',(7.55,2.35,3.8));
#2855=DIRECTION('',(-0.0,1.0,0.0));
#2856=DIRECTION('',(1.0,0.0,0.0));
#2857=ORIENTED_EDGE('',*,*,#5072,.T.);
#2858=ORIENTED_EDGE('',*,*,#5060,.F.);
#2859=ORIENTED_EDGE('',*,*,#5073,.F.);
#2860=ORIENTED_EDGE('',*,*,#4965,.T.);
#2861=CARTESIAN_POINT('',(7.55,1.89,3.8));
#2862=DIRECTION('',(1.0,0.0,0.0));
#2863=DIRECTION('',(0.0,1.0,0.0));
#2864=ORIENTED_EDGE('',*,*,#5073,.T.);
#2865=ORIENTED_EDGE('',*,*,#5059,.F.);
#2866=ORIENTED_EDGE('',*,*,#5043,.F.);
#2867=ORIENTED_EDGE('',*,*,#4966,.T.);
#2868=CARTESIAN_POINT('',(7.95,1.89,3.8));
#2869=DIRECTION('',(-0.0,1.0,0.0));
#2870=DIRECTION('',(1.0,0.0,0.0));
#2871=ORIENTED_EDGE('',*,*,#5074,.F.);
#2872=ORIENTED_EDGE('',*,*,#5047,.F.);
#2873=ORIENTED_EDGE('',*,*,#5045,.F.);
#2874=ORIENTED_EDGE('',*,*,#5058,.T.);
#2875=CARTESIAN_POINT('',(7.95,1.14,-0.8));
#2876=DIRECTION('',(-0.0,1.0,0.0));
#2877=DIRECTION('',(1.0,0.0,0.0));
#2878=ORIENTED_EDGE('',*,*,#4872,.T.);
#2879=ORIENTED_EDGE('',*,*,#5052,.T.);
#2880=ORIENTED_EDGE('',*,*,#5048,.T.);
#2881=ORIENTED_EDGE('',*,*,#5074,.T.);
#2882=ORIENTED_EDGE('',*,*,#5057,.F.);
#2883=CARTESIAN_POINT('',(7.55,-1.8,-1.8));
#2884=DIRECTION('',(-1.0,0.0,0.0));
#2885=DIRECTION('',(0.0,0.0,1.0));
#2886=ORIENTED_EDGE('',*,*,#5075,.T.);
#2887=ORIENTED_EDGE('',*,*,#4920,.F.);
#2888=ORIENTED_EDGE('',*,*,#5076,.F.);
#2889=ORIENTED_EDGE('',*,*,#4951,.F.);
#2890=CARTESIAN_POINT('',(4.65,1.89,3.8));
#2891=DIRECTION('',(-0.0,1.0,0.0));
#2892=DIRECTION('',(1.0,0.0,0.0));
#2893=ORIENTED_EDGE('',*,*,#5076,.T.);
#2894=ORIENTED_EDGE('',*,*,#4919,.F.);
#2895=ORIENTED_EDGE('',*,*,#5077,.F.);
#2896=ORIENTED_EDGE('',*,*,#4942,.T.);
#2897=CARTESIAN_POINT('',(4.65,2.35,3.8));
#2898=DIRECTION('',(-1.0,0.0,0.0));
#2899=DIRECTION('',(0.0,0.0,1.0));
#2900=ORIENTED_EDGE('',*,*,#5077,.T.);
#2901=ORIENTED_EDGE('',*,*,#4918,.F.);
#2902=ORIENTED_EDGE('',*,*,#5078,.F.);
#2903=ORIENTED_EDGE('',*,*,#4943,.T.);
#2904=CARTESIAN_POINT('',(5.55,2.35,3.8));
#2905=DIRECTION('',(-0.0,1.0,0.0));
#2906=DIRECTION('',(1.0,0.0,0.0));
#2907=ORIENTED_EDGE('',*,*,#5078,.T.);
#2908=ORIENTED_EDGE('',*,*,#4917,.F.);
#2909=ORIENTED_EDGE('',*,*,#4940,.F.);
#2910=ORIENTED_EDGE('',*,*,#4944,.T.);
#2911=CARTESIAN_POINT('',(5.55,1.89,3.8));
#2912=DIRECTION('',(1.0,0.0,0.0));
#2913=DIRECTION('',(0.0,1.0,0.0));
#2914=ORIENTED_EDGE('',*,*,#5079,.F.);
#2915=ORIENTED_EDGE('',*,*,#4921,.F.);
#2916=ORIENTED_EDGE('',*,*,#5075,.F.);
#2917=ORIENTED_EDGE('',*,*,#4950,.T.);
#2918=ORIENTED_EDGE('',*,*,#5080,.F.);
#2919=ORIENTED_EDGE('',*,*,#4659,.T.);
#2920=ORIENTED_EDGE('',*,*,#5081,.F.);
#2921=ORIENTED_EDGE('',*,*,#4945,.F.);
#2922=ORIENTED_EDGE('',*,*,#4928,.T.);
#2923=ORIENTED_EDGE('',*,*,#5082,.T.);
#2924=CARTESIAN_POINT('',(4.25,3.2,3.8));
#2925=DIRECTION('',(-1.0,0.0,0.0));
#2926=DIRECTION('',(0.0,0.0,1.0));
#2927=ORIENTED_EDGE('',*,*,#4927,.T.);
#2928=ORIENTED_EDGE('',*,*,#4925,.F.);
#2929=ORIENTED_EDGE('',*,*,#5083,.F.);
#2930=ORIENTED_EDGE('',*,*,#5082,.F.);
#2931=CARTESIAN_POINT('',(4.25,1.14,-0.8));
#2932=DIRECTION('',(0.0,0.0,1.0));
#2933=DIRECTION('',(1.0,0.0,0.0));
#2934=ORIENTED_EDGE('',*,*,#5083,.T.);
#2935=ORIENTED_EDGE('',*,*,#4924,.F.);
#2936=ORIENTED_EDGE('',*,*,#4922,.F.);
#2937=ORIENTED_EDGE('',*,*,#5079,.T.);
#2938=CARTESIAN_POINT('',(4.25,1.14,-1.8));
#2939=DIRECTION('',(-0.0,1.0,0.0));
#2940=DIRECTION('',(1.0,0.0,0.0));
#2941=ORIENTED_EDGE('',*,*,#4644,.T.);
#2942=ORIENTED_EDGE('',*,*,#5084,.T.);
#2943=ORIENTED_EDGE('',*,*,#5085,.T.);
#2944=ORIENTED_EDGE('',*,*,#4837,.F.);
#2945=CARTESIAN_POINT('',(0.0,-1.8,0.0));
#2946=DIRECTION('',(-0.0,1.0,0.0));
#2947=DIRECTION('',(1.0,0.0,0.0));
#2948=ORIENTED_EDGE('',*,*,#5086,.T.);
#2949=ORIENTED_EDGE('',*,*,#4946,.T.);
#2950=ORIENTED_EDGE('',*,*,#5081,.T.);
#2951=ORIENTED_EDGE('',*,*,#4658,.T.);
#2952=CARTESIAN_POINT('',(0.0,-1.8,0.0));
#2953=DIRECTION('',(-0.0,1.0,0.0));
#2954=DIRECTION('',(1.0,0.0,0.0));
#2955=ORIENTED_EDGE('',*,*,#5087,.T.);
#2956=ORIENTED_EDGE('',*,*,#5088,.F.);
#2957=ORIENTED_EDGE('',*,*,#4838,.T.);
#2958=ORIENTED_EDGE('',*,*,#5085,.F.);
#2959=ORIENTED_EDGE('',*,*,#5089,.F.);
#2960=ORIENTED_EDGE('',*,*,#5090,.T.);
#2961=ORIENTED_EDGE('',*,*,#5091,.T.);
#2962=ORIENTED_EDGE('',*,*,#5092,.F.);
#2963=ORIENTED_EDGE('',*,*,#5093,.F.);
#2964=ORIENTED_EDGE('',*,*,#5094,.F.);
#2965=ORIENTED_EDGE('',*,*,#5095,.F.);
#2966=ORIENTED_EDGE('',*,*,#5096,.F.);
#2967=ORIENTED_EDGE('',*,*,#5097,.F.);
#2968=ORIENTED_EDGE('',*,*,#4790,.F.);
#2969=ORIENTED_EDGE('',*,*,#5098,.F.);
#2970=ORIENTED_EDGE('',*,*,#5099,.F.);
#2971=ORIENTED_EDGE('',*,*,#5100,.F.);
#2972=ORIENTED_EDGE('',*,*,#5101,.F.);
#2973=ORIENTED_EDGE('',*,*,#5102,.F.);
#2974=ORIENTED_EDGE('',*,*,#5103,.F.);
#2975=ORIENTED_EDGE('',*,*,#5104,.T.);
#2976=ORIENTED_EDGE('',*,*,#5105,.F.);
#2977=ORIENTED_EDGE('',*,*,#5106,.F.);
#2978=ORIENTED_EDGE('',*,*,#5107,.F.);
#2979=ORIENTED_EDGE('',*,*,#5108,.F.);
#2980=ORIENTED_EDGE('',*,*,#5109,.F.);
#2981=ORIENTED_EDGE('',*,*,#5110,.F.);
#2982=ORIENTED_EDGE('',*,*,#5111,.T.);
#2983=ORIENTED_EDGE('',*,*,#5112,.T.);
#2984=ORIENTED_EDGE('',*,*,#5113,.F.);
#2985=ORIENTED_EDGE('',*,*,#5114,.F.);
#2986=ORIENTED_EDGE('',*,*,#5115,.F.);
#2987=ORIENTED_EDGE('',*,*,#5116,.F.);
#2988=ORIENTED_EDGE('',*,*,#5117,.F.);
#2989=ORIENTED_EDGE('',*,*,#5118,.F.);
#2990=ORIENTED_EDGE('',*,*,#5119,.F.);
#2991=ORIENTED_EDGE('',*,*,#5120,.T.);
#2992=ORIENTED_EDGE('',*,*,#5121,.F.);
#2993=ORIENTED_EDGE('',*,*,#5122,.F.);
#2994=CARTESIAN_POINT('',(-3.35,3.2,3.8));
#2995=DIRECTION('',(0.0,0.0,-1.0));
#2996=DIRECTION('',(0.0,-1.0,0.0));
#2997=ORIENTED_EDGE('',*,*,#5123,.T.);
#2998=ORIENTED_EDGE('',*,*,#5124,.F.);
#2999=ORIENTED_EDGE('',*,*,#5125,.F.);
#3000=ORIENTED_EDGE('',*,*,#5122,.T.);
#3001=CARTESIAN_POINT('',(-10.65,2.35,3.8));
#3002=DIRECTION('',(-1.0,0.0,0.0));
#3003=DIRECTION('',(0.0,0.0,1.0));
#3004=ORIENTED_EDGE('',*,*,#5125,.T.);
#3005=ORIENTED_EDGE('',*,*,#5126,.F.);
#3006=ORIENTED_EDGE('',*,*,#5127,.F.);
#3007=ORIENTED_EDGE('',*,*,#5115,.T.);
#3008=CARTESIAN_POINT('',(-9.75,2.35,3.8));
#3009=DIRECTION('',(-0.0,1.0,0.0));
#3010=DIRECTION('',(1.0,0.0,0.0));
#3011=ORIENTED_EDGE('',*,*,#5127,.T.);
#3012=ORIENTED_EDGE('',*,*,#5128,.F.);
#3013=ORIENTED_EDGE('',*,*,#5129,.F.);
#3014=ORIENTED_EDGE('',*,*,#5116,.T.);
#3015=CARTESIAN_POINT('',(-9.75,1.49,3.8));
#3016=DIRECTION('',(1.0,0.0,0.0));
#3017=DIRECTION('',(0.0,1.0,0.0));
#3018=ORIENTED_EDGE('',*,*,#5129,.T.);
#3019=ORIENTED_EDGE('',*,*,#5130,.F.);
#3020=ORIENTED_EDGE('',*,*,#5131,.F.);
#3021=ORIENTED_EDGE('',*,*,#5117,.T.);
#3022=CARTESIAN_POINT('',(-9.35,1.49,3.8));
#3023=DIRECTION('',(-0.0,1.0,0.0));
#3024=DIRECTION('',(1.0,0.0,0.0));
#3025=ORIENTED_EDGE('',*,*,#5132,.F.);
#3026=ORIENTED_EDGE('',*,*,#5118,.T.);
#3027=ORIENTED_EDGE('',*,*,#5131,.T.);
#3028=ORIENTED_EDGE('',*,*,#5133,.F.);
#3029=ORIENTED_EDGE('',*,*,#5134,.T.);
#3030=ORIENTED_EDGE('',*,*,#5135,.F.);
#3031=CARTESIAN_POINT('',(-9.35,-1.4,3.8));
#3032=DIRECTION('',(1.0,0.0,0.0));
#3033=DIRECTION('',(0.0,1.0,0.0));
#3034=ORIENTED_EDGE('',*,*,#5135,.T.);
#3035=ORIENTED_EDGE('',*,*,#5136,.T.);
#3036=ORIENTED_EDGE('',*,*,#5137,.F.);
#3037=ORIENTED_EDGE('',*,*,#5138,.F.);
#3038=CARTESIAN_POINT('',(-9.35,-1.4,-0.8));
#3039=DIRECTION('',(0.0,0.0,1.0));
#3040=DIRECTION('',(1.0,0.0,0.0));
#3041=ORIENTED_EDGE('',*,*,#4853,.F.);
#3042=ORIENTED_EDGE('',*,*,#5139,.T.);
#3043=ORIENTED_EDGE('',*,*,#5140,.F.);
#3044=ORIENTED_EDGE('',*,*,#5141,.F.);
#3045=ORIENTED_EDGE('',*,*,#5119,.T.);
#3046=ORIENTED_EDGE('',*,*,#5132,.T.);
#3047=ORIENTED_EDGE('',*,*,#5138,.T.);
#3048=ORIENTED_EDGE('',*,*,#5142,.F.);
#3049=CARTESIAN_POINT('',(-11.05,-1.4,3.8));
#3050=DIRECTION('',(0.0,-1.0,0.0));
#3051=DIRECTION('',(0.0,0.0,-1.0));
#3052=ORIENTED_EDGE('',*,*,#4854,.T.);
#3053=ORIENTED_EDGE('',*,*,#5142,.T.);
#3054=ORIENTED_EDGE('',*,*,#5137,.T.);
#3055=ORIENTED_EDGE('',*,*,#5143,.T.);
#3056=ORIENTED_EDGE('',*,*,#5144,.F.);
#3057=CARTESIAN_POINT('',(-9.75,-1.8,-1.8));
#3058=DIRECTION('',(-1.0,0.0,0.0));
#3059=DIRECTION('',(0.0,0.0,1.0));
#3060=ORIENTED_EDGE('',*,*,#5145,.F.);
#3061=ORIENTED_EDGE('',*,*,#5133,.T.);
#3062=ORIENTED_EDGE('',*,*,#5130,.T.);
#3063=ORIENTED_EDGE('',*,*,#5128,.T.);
#3064=ORIENTED_EDGE('',*,*,#5126,.T.);
#3065=ORIENTED_EDGE('',*,*,#5124,.T.);
#3066=ORIENTED_EDGE('',*,*,#5146,.T.);
#3067=ORIENTED_EDGE('',*,*,#5147,.T.);
#3068=ORIENTED_EDGE('',*,*,#5148,.T.);
#3069=ORIENTED_EDGE('',*,*,#5149,.F.);
#3070=ORIENTED_EDGE('',*,*,#4890,.T.);
#3071=ORIENTED_EDGE('',*,*,#5144,.T.);
#3072=CARTESIAN_POINT('',(0.0,-1.8,-1.8));
#3073=DIRECTION('',(0.0,0.0,1.0));
#3074=DIRECTION('',(1.0,0.0,0.0));
#3075=ORIENTED_EDGE('',*,*,#5150,.T.);
#3076=ORIENTED_EDGE('',*,*,#5151,.T.);
#3077=ORIENTED_EDGE('',*,*,#5139,.F.);
#3078=ORIENTED_EDGE('',*,*,#4852,.T.);
#3079=ORIENTED_EDGE('',*,*,#5149,.T.);
#3080=CARTESIAN_POINT('',(-10.65,-1.8,-1.8));
#3081=DIRECTION('',(1.0,0.0,0.0));
#3082=DIRECTION('',(0.0,1.0,0.0));
#3083=ORIENTED_EDGE('',*,*,#5140,.T.);
#3084=ORIENTED_EDGE('',*,*,#5151,.F.);
#3085=ORIENTED_EDGE('',*,*,#5152,.F.);
#3086=ORIENTED_EDGE('',*,*,#5153,.F.);
#3087=CARTESIAN_POINT('',(-11.05,1.14,-0.8));
#3088=DIRECTION('',(0.0,0.0,1.0));
#3089=DIRECTION('',(1.0,0.0,0.0));
#3090=ORIENTED_EDGE('',*,*,#5154,.F.);
#3091=ORIENTED_EDGE('',*,*,#5147,.F.);
#3092=ORIENTED_EDGE('',*,*,#5155,.F.);
#3093=ORIENTED_EDGE('',*,*,#5120,.F.);
#3094=ORIENTED_EDGE('',*,*,#5141,.T.);
#3095=ORIENTED_EDGE('',*,*,#5153,.T.);
#3096=CARTESIAN_POINT('',(-11.05,1.49,3.8));
#3097=DIRECTION('',(-1.0,0.0,0.0));
#3098=DIRECTION('',(0.0,0.0,1.0));
#3099=ORIENTED_EDGE('',*,*,#5155,.T.);
#3100=ORIENTED_EDGE('',*,*,#5146,.F.);
#3101=ORIENTED_EDGE('',*,*,#5123,.F.);
#3102=ORIENTED_EDGE('',*,*,#5121,.T.);
#3103=CARTESIAN_POINT('',(-10.65,1.49,3.8));
#3104=DIRECTION('',(-0.0,1.0,0.0));
#3105=DIRECTION('',(1.0,0.0,0.0));
#3106=ORIENTED_EDGE('',*,*,#5154,.T.);
#3107=ORIENTED_EDGE('',*,*,#5152,.T.);
#3108=ORIENTED_EDGE('',*,*,#5150,.F.);
#3109=ORIENTED_EDGE('',*,*,#5148,.F.);
#3110=CARTESIAN_POINT('',(-11.05,1.14,-1.8));
#3111=DIRECTION('',(-0.0,1.0,0.0));
#3112=DIRECTION('',(1.0,0.0,0.0));
#3113=ORIENTED_EDGE('',*,*,#5143,.F.);
#3114=ORIENTED_EDGE('',*,*,#5136,.F.);
#3115=ORIENTED_EDGE('',*,*,#5134,.F.);
#3116=ORIENTED_EDGE('',*,*,#5145,.T.);
#3117=CARTESIAN_POINT('',(-9.35,1.14,-0.8));
#3118=DIRECTION('',(-0.0,1.0,0.0));
#3119=DIRECTION('',(1.0,0.0,0.0));
#3120=ORIENTED_EDGE('',*,*,#5156,.T.);
#3121=ORIENTED_EDGE('',*,*,#5157,.F.);
#3122=ORIENTED_EDGE('',*,*,#5158,.F.);
#3123=ORIENTED_EDGE('',*,*,#5106,.T.);
#3124=CARTESIAN_POINT('',(-8.65,2.35,3.8));
#3125=DIRECTION('',(-1.0,0.0,0.0));
#3126=DIRECTION('',(0.0,0.0,1.0));
#3127=ORIENTED_EDGE('',*,*,#5158,.T.);
#3128=ORIENTED_EDGE('',*,*,#5159,.F.);
#3129=ORIENTED_EDGE('',*,*,#5160,.F.);
#3130=ORIENTED_EDGE('',*,*,#5099,.T.);
#3131=CARTESIAN_POINT('',(-7.75,2.35,3.8));
#3132=DIRECTION('',(-0.0,1.0,0.0));
#3133=DIRECTION('',(1.0,0.0,0.0));
#3134=ORIENTED_EDGE('',*,*,#5160,.T.);
#3135=ORIENTED_EDGE('',*,*,#5161,.F.);
#3136=ORIENTED_EDGE('',*,*,#5162,.F.);
#3137=ORIENTED_EDGE('',*,*,#5100,.T.);
#3138=CARTESIAN_POINT('',(-7.75,1.49,3.8));
#3139=DIRECTION('',(1.0,0.0,0.0));
#3140=DIRECTION('',(0.0,1.0,0.0));
#3141=ORIENTED_EDGE('',*,*,#5162,.T.);
#3142=ORIENTED_EDGE('',*,*,#5163,.F.);
#3143=ORIENTED_EDGE('',*,*,#5164,.F.);
#3144=ORIENTED_EDGE('',*,*,#5101,.T.);
#3145=CARTESIAN_POINT('',(-7.35,1.49,3.8));
#3146=DIRECTION('',(-0.0,1.0,0.0));
#3147=DIRECTION('',(1.0,0.0,0.0));
#3148=ORIENTED_EDGE('',*,*,#5165,.F.);
#3149=ORIENTED_EDGE('',*,*,#5102,.T.);
#3150=ORIENTED_EDGE('',*,*,#5164,.T.);
#3151=ORIENTED_EDGE('',*,*,#5166,.F.);
#3152=ORIENTED_EDGE('',*,*,#5167,.T.);
#3153=ORIENTED_EDGE('',*,*,#5168,.F.);
#3154=CARTESIAN_POINT('',(-7.35,-1.4,3.8));
#3155=DIRECTION('',(1.0,0.0,0.0));
#3156=DIRECTION('',(0.0,1.0,0.0));
#3157=ORIENTED_EDGE('',*,*,#5168,.T.);
#3158=ORIENTED_EDGE('',*,*,#5169,.T.);
#3159=ORIENTED_EDGE('',*,*,#5170,.F.);
#3160=ORIENTED_EDGE('',*,*,#5171,.F.);
#3161=CARTESIAN_POINT('',(-7.35,-1.4,-0.8));
#3162=DIRECTION('',(0.0,0.0,1.0));
#3163=DIRECTION('',(1.0,0.0,0.0));
#3164=ORIENTED_EDGE('',*,*,#4857,.F.);
#3165=ORIENTED_EDGE('',*,*,#5172,.T.);
#3166=ORIENTED_EDGE('',*,*,#5173,.F.);
#3167=ORIENTED_EDGE('',*,*,#5174,.F.);
#3168=ORIENTED_EDGE('',*,*,#5103,.T.);
#3169=ORIENTED_EDGE('',*,*,#5165,.T.);
#3170=ORIENTED_EDGE('',*,*,#5171,.T.);
#3171=ORIENTED_EDGE('',*,*,#5175,.F.);
#3172=CARTESIAN_POINT('',(-9.05,-1.4,3.8));
#3173=DIRECTION('',(0.0,-1.0,0.0));
#3174=DIRECTION('',(0.0,0.0,-1.0));
#3175=ORIENTED_EDGE('',*,*,#4858,.T.);
#3176=ORIENTED_EDGE('',*,*,#5175,.T.);
#3177=ORIENTED_EDGE('',*,*,#5170,.T.);
#3178=ORIENTED_EDGE('',*,*,#5176,.T.);
#3179=ORIENTED_EDGE('',*,*,#5177,.F.);
#3180=CARTESIAN_POINT('',(-7.75,-1.8,-1.8));
#3181=DIRECTION('',(-1.0,0.0,0.0));
#3182=DIRECTION('',(0.0,0.0,1.0));
#3183=ORIENTED_EDGE('',*,*,#5178,.F.);
#3184=ORIENTED_EDGE('',*,*,#5166,.T.);
#3185=ORIENTED_EDGE('',*,*,#5163,.T.);
#3186=ORIENTED_EDGE('',*,*,#5161,.T.);
#3187=ORIENTED_EDGE('',*,*,#5159,.T.);
#3188=ORIENTED_EDGE('',*,*,#5157,.T.);
#3189=ORIENTED_EDGE('',*,*,#5179,.T.);
#3190=ORIENTED_EDGE('',*,*,#5180,.T.);
#3191=ORIENTED_EDGE('',*,*,#5181,.T.);
#3192=ORIENTED_EDGE('',*,*,#5182,.F.);
#3193=ORIENTED_EDGE('',*,*,#4889,.T.);
#3194=ORIENTED_EDGE('',*,*,#5177,.T.);
#3195=CARTESIAN_POINT('',(2.0,-1.8,-1.8));
#3196=DIRECTION('',(0.0,0.0,1.0));
#3197=DIRECTION('',(1.0,0.0,0.0));
#3198=ORIENTED_EDGE('',*,*,#5183,.T.);
#3199=ORIENTED_EDGE('',*,*,#5184,.T.);
#3200=ORIENTED_EDGE('',*,*,#5172,.F.);
#3201=ORIENTED_EDGE('',*,*,#4856,.T.);
#3202=ORIENTED_EDGE('',*,*,#5182,.T.);
#3203=CARTESIAN_POINT('',(-8.65,-1.8,-1.8));
#3204=DIRECTION('',(1.0,0.0,0.0));
#3205=DIRECTION('',(0.0,1.0,0.0));
#3206=ORIENTED_EDGE('',*,*,#5173,.T.);
#3207=ORIENTED_EDGE('',*,*,#5184,.F.);
#3208=ORIENTED_EDGE('',*,*,#5185,.F.);
#3209=ORIENTED_EDGE('',*,*,#5186,.F.);
#3210=CARTESIAN_POINT('',(-9.05,1.14,-0.8));
#3211=DIRECTION('',(0.0,0.0,1.0));
#3212=DIRECTION('',(1.0,0.0,0.0));
#3213=ORIENTED_EDGE('',*,*,#5187,.F.);
#3214=ORIENTED_EDGE('',*,*,#5180,.F.);
#3215=ORIENTED_EDGE('',*,*,#5188,.F.);
#3216=ORIENTED_EDGE('',*,*,#5104,.F.);
#3217=ORIENTED_EDGE('',*,*,#5174,.T.);
#3218=ORIENTED_EDGE('',*,*,#5186,.T.);
#3219=CARTESIAN_POINT('',(-9.05,1.49,3.8));
#3220=DIRECTION('',(-1.0,0.0,0.0));
#3221=DIRECTION('',(0.0,0.0,1.0));
#3222=ORIENTED_EDGE('',*,*,#5188,.T.);
#3223=ORIENTED_EDGE('',*,*,#5179,.F.);
#3224=ORIENTED_EDGE('',*,*,#5156,.F.);
#3225=ORIENTED_EDGE('',*,*,#5105,.T.);
#3226=CARTESIAN_POINT('',(-8.65,1.49,3.8));
#3227=DIRECTION('',(-0.0,1.0,0.0));
#3228=DIRECTION('',(1.0,0.0,0.0));
#3229=ORIENTED_EDGE('',*,*,#5187,.T.);
#3230=ORIENTED_EDGE('',*,*,#5185,.T.);
#3231=ORIENTED_EDGE('',*,*,#5183,.F.);
#3232=ORIENTED_EDGE('',*,*,#5181,.F.);
#3233=CARTESIAN_POINT('',(-9.05,1.14,-1.8));
#3234=DIRECTION('',(-0.0,1.0,0.0));
#3235=DIRECTION('',(1.0,0.0,0.0));
#3236=ORIENTED_EDGE('',*,*,#5176,.F.);
#3237=ORIENTED_EDGE('',*,*,#5169,.F.);
#3238=ORIENTED_EDGE('',*,*,#5167,.F.);
#3239=ORIENTED_EDGE('',*,*,#5178,.T.);
#3240=CARTESIAN_POINT('',(-7.35,1.14,-0.8));
#3241=DIRECTION('',(-0.0,1.0,0.0));
#3242=DIRECTION('',(1.0,0.0,0.0));
#3243=ORIENTED_EDGE('',*,*,#5189,.T.);
#3244=ORIENTED_EDGE('',*,*,#5190,.F.);
#3245=ORIENTED_EDGE('',*,*,#5191,.F.);
#3246=ORIENTED_EDGE('',*,*,#5114,.T.);
#3247=CARTESIAN_POINT('',(-6.65,2.35,3.8));
#3248=DIRECTION('',(-1.0,0.0,0.0));
#3249=DIRECTION('',(0.0,0.0,1.0));
#3250=ORIENTED_EDGE('',*,*,#5191,.T.);
#3251=ORIENTED_EDGE('',*,*,#5192,.F.);
#3252=ORIENTED_EDGE('',*,*,#5193,.F.);
#3253=ORIENTED_EDGE('',*,*,#5107,.T.);
#3254=CARTESIAN_POINT('',(-5.75,2.35,3.8));
#3255=DIRECTION('',(-0.0,1.0,0.0));
#3256=DIRECTION('',(1.0,0.0,0.0));
#3257=ORIENTED_EDGE('',*,*,#5193,.T.);
#3258=ORIENTED_EDGE('',*,*,#5194,.F.);
#3259=ORIENTED_EDGE('',*,*,#5195,.F.);
#3260=ORIENTED_EDGE('',*,*,#5108,.T.);
#3261=CARTESIAN_POINT('',(-5.75,1.49,3.8));
#3262=DIRECTION('',(1.0,0.0,0.0));
#3263=DIRECTION('',(0.0,1.0,0.0));
#3264=ORIENTED_EDGE('',*,*,#5195,.T.);
#3265=ORIENTED_EDGE('',*,*,#5196,.F.);
#3266=ORIENTED_EDGE('',*,*,#5197,.F.);
#3267=ORIENTED_EDGE('',*,*,#5109,.T.);
#3268=CARTESIAN_POINT('',(-5.35,1.49,3.8));
#3269=DIRECTION('',(-0.0,1.0,0.0));
#3270=DIRECTION('',(1.0,0.0,0.0));
#3271=ORIENTED_EDGE('',*,*,#5110,.T.);
#3272=ORIENTED_EDGE('',*,*,#5197,.T.);
#3273=ORIENTED_EDGE('',*,*,#5198,.F.);
#3274=ORIENTED_EDGE('',*,*,#5199,.T.);
#3275=ORIENTED_EDGE('',*,*,#5200,.F.);
#3276=ORIENTED_EDGE('',*,*,#5201,.F.);
#3277=CARTESIAN_POINT('',(-5.35,-1.4,3.8));
#3278=DIRECTION('',(1.0,0.0,0.0));
#3279=DIRECTION('',(0.0,1.0,0.0));
#3280=ORIENTED_EDGE('',*,*,#4861,.F.);
#3281=ORIENTED_EDGE('',*,*,#5202,.T.);
#3282=ORIENTED_EDGE('',*,*,#5203,.F.);
#3283=ORIENTED_EDGE('',*,*,#5204,.F.);
#3284=ORIENTED_EDGE('',*,*,#5111,.F.);
#3285=ORIENTED_EDGE('',*,*,#5201,.T.);
#3286=ORIENTED_EDGE('',*,*,#5205,.T.);
#3287=ORIENTED_EDGE('',*,*,#5206,.F.);
#3288=CARTESIAN_POINT('',(-7.05,-1.4,3.8));
#3289=DIRECTION('',(0.0,-1.0,0.0));
#3290=DIRECTION('',(0.0,0.0,-1.0));
#3291=ORIENTED_EDGE('',*,*,#4862,.T.);
#3292=ORIENTED_EDGE('',*,*,#5206,.T.);
#3293=ORIENTED_EDGE('',*,*,#5207,.T.);
#3294=ORIENTED_EDGE('',*,*,#5208,.T.);
#3295=ORIENTED_EDGE('',*,*,#5209,.F.);
#3296=CARTESIAN_POINT('',(-5.75,-1.8,-1.8));
#3297=DIRECTION('',(-1.0,0.0,0.0));
#3298=DIRECTION('',(0.0,0.0,1.0));
#3299=ORIENTED_EDGE('',*,*,#5210,.F.);
#3300=ORIENTED_EDGE('',*,*,#5198,.T.);
#3301=ORIENTED_EDGE('',*,*,#5196,.T.);
#3302=ORIENTED_EDGE('',*,*,#5194,.T.);
#3303=ORIENTED_EDGE('',*,*,#5192,.T.);
#3304=ORIENTED_EDGE('',*,*,#5190,.T.);
#3305=ORIENTED_EDGE('',*,*,#5211,.T.);
#3306=ORIENTED_EDGE('',*,*,#5212,.T.);
#3307=ORIENTED_EDGE('',*,*,#5213,.T.);
#3308=ORIENTED_EDGE('',*,*,#5214,.F.);
#3309=ORIENTED_EDGE('',*,*,#4888,.T.);
#3310=ORIENTED_EDGE('',*,*,#5209,.T.);
#3311=CARTESIAN_POINT('',(4.0,-1.8,-1.8));
#3312=DIRECTION('',(0.0,0.0,1.0));
#3313=DIRECTION('',(1.0,0.0,0.0));
#3314=ORIENTED_EDGE('',*,*,#5215,.T.);
#3315=ORIENTED_EDGE('',*,*,#5216,.T.);
#3316=ORIENTED_EDGE('',*,*,#5202,.F.);
#3317=ORIENTED_EDGE('',*,*,#4860,.T.);
#3318=ORIENTED_EDGE('',*,*,#5214,.T.);
#3319=CARTESIAN_POINT('',(-6.65,-1.8,-1.8));
#3320=DIRECTION('',(1.0,0.0,0.0));
#3321=DIRECTION('',(0.0,1.0,0.0));
#3322=ORIENTED_EDGE('',*,*,#5203,.T.);
#3323=ORIENTED_EDGE('',*,*,#5216,.F.);
#3324=ORIENTED_EDGE('',*,*,#5217,.F.);
#3325=ORIENTED_EDGE('',*,*,#5218,.F.);
#3326=CARTESIAN_POINT('',(-7.05,1.14,-0.8));
#3327=DIRECTION('',(0.0,0.0,1.0));
#3328=DIRECTION('',(1.0,0.0,0.0));
#3329=ORIENTED_EDGE('',*,*,#5219,.F.);
#3330=ORIENTED_EDGE('',*,*,#5212,.F.);
#3331=ORIENTED_EDGE('',*,*,#5220,.F.);
#3332=ORIENTED_EDGE('',*,*,#5112,.F.);
#3333=ORIENTED_EDGE('',*,*,#5204,.T.);
#3334=ORIENTED_EDGE('',*,*,#5218,.T.);
#3335=CARTESIAN_POINT('',(-7.05,1.49,3.8));
#3336=DIRECTION('',(-1.0,0.0,0.0));
#3337=DIRECTION('',(0.0,0.0,1.0));
#3338=ORIENTED_EDGE('',*,*,#5220,.T.);
#3339=ORIENTED_EDGE('',*,*,#5211,.F.);
#3340=ORIENTED_EDGE('',*,*,#5189,.F.);
#3341=ORIENTED_EDGE('',*,*,#5113,.T.);
#3342=CARTESIAN_POINT('',(-6.65,1.49,3.8));
#3343=DIRECTION('',(-0.0,1.0,0.0));
#3344=DIRECTION('',(1.0,0.0,0.0));
#3345=ORIENTED_EDGE('',*,*,#5219,.T.);
#3346=ORIENTED_EDGE('',*,*,#5217,.T.);
#3347=ORIENTED_EDGE('',*,*,#5215,.F.);
#3348=ORIENTED_EDGE('',*,*,#5213,.F.);
#3349=CARTESIAN_POINT('',(-7.05,1.14,-1.8));
#3350=DIRECTION('',(-0.0,1.0,0.0));
#3351=DIRECTION('',(1.0,0.0,0.0));
#3352=ORIENTED_EDGE('',*,*,#5208,.F.);
#3353=ORIENTED_EDGE('',*,*,#5221,.F.);
#3354=ORIENTED_EDGE('',*,*,#5199,.F.);
#3355=ORIENTED_EDGE('',*,*,#5210,.T.);
#3356=CARTESIAN_POINT('',(-5.35,1.14,-0.8));
#3357=DIRECTION('',(-0.0,1.0,0.0));
#3358=DIRECTION('',(1.0,0.0,0.0));
#3359=ORIENTED_EDGE('',*,*,#5200,.T.);
#3360=ORIENTED_EDGE('',*,*,#5221,.T.);
#3361=ORIENTED_EDGE('',*,*,#5207,.F.);
#3362=ORIENTED_EDGE('',*,*,#5205,.F.);
#3363=CARTESIAN_POINT('',(-5.35,-1.4,-0.8));
#3364=DIRECTION('',(0.0,0.0,1.0));
#3365=DIRECTION('',(1.0,0.0,0.0));
#3366=ORIENTED_EDGE('',*,*,#4789,.T.);
#3367=ORIENTED_EDGE('',*,*,#5222,.T.);
#3368=ORIENTED_EDGE('',*,*,#5223,.T.);
#3369=ORIENTED_EDGE('',*,*,#5098,.T.);
#3370=CARTESIAN_POINT('',(0.0,3.2,0.0));
#3371=DIRECTION('',(-0.0,1.0,0.0));
#3372=DIRECTION('',(1.0,0.0,0.0));
#3373=ORIENTED_EDGE('',*,*,#5224,.T.);
#3374=ORIENTED_EDGE('',*,*,#5225,.T.);
#3375=ORIENTED_EDGE('',*,*,#4902,.F.);
#3376=ORIENTED_EDGE('',*,*,#4948,.T.);
#3377=CARTESIAN_POINT('',(0.0,3.2,0.0));
#3378=DIRECTION('',(-0.0,1.0,0.0));
#3379=DIRECTION('',(1.0,0.0,0.0));
#3380=ORIENTED_EDGE('',*,*,#5226,.T.);
#3381=ORIENTED_EDGE('',*,*,#5227,.F.);
#3382=ORIENTED_EDGE('',*,*,#5087,.F.);
#3383=ORIENTED_EDGE('',*,*,#5223,.F.);
#3384=CARTESIAN_POINT('',(-12.25,0.45,3.8));
#3385=DIRECTION('',(1.0,0.0,0.0));
#3386=DIRECTION('',(0.0,1.0,0.0));
#3387=ORIENTED_EDGE('',*,*,#5088,.T.);
#3388=ORIENTED_EDGE('',*,*,#5227,.T.);
#3389=ORIENTED_EDGE('',*,*,#5228,.F.);
#3390=ORIENTED_EDGE('',*,*,#4839,.T.);
#3391=CARTESIAN_POINT('',(-13.35,0.45,3.8));
#3392=DIRECTION('',(0.0,-1.0,0.0));
#3393=DIRECTION('',(0.0,0.0,-1.0));
#3394=ORIENTED_EDGE('',*,*,#4903,.F.);
#3395=ORIENTED_EDGE('',*,*,#5225,.F.);
#3396=ORIENTED_EDGE('',*,*,#5229,.F.);
#3397=ORIENTED_EDGE('',*,*,#4906,.T.);
#3398=ORIENTED_EDGE('',*,*,#5230,.F.);
#3399=ORIENTED_EDGE('',*,*,#5231,.F.);
#3400=ORIENTED_EDGE('',*,*,#5232,.F.);
#3401=ORIENTED_EDGE('',*,*,#5233,.F.);
#3402=ORIENTED_EDGE('',*,*,#5234,.F.);
#3403=ORIENTED_EDGE('',*,*,#5235,.F.);
#3404=ORIENTED_EDGE('',*,*,#5236,.F.);
#3405=ORIENTED_EDGE('',*,*,#5237,.F.);
#3406=ORIENTED_EDGE('',*,*,#5238,.F.);
#3407=ORIENTED_EDGE('',*,*,#5239,.F.);
#3408=ORIENTED_EDGE('',*,*,#5240,.F.);
#3409=ORIENTED_EDGE('',*,*,#5241,.F.);
#3410=ORIENTED_EDGE('',*,*,#5242,.F.);
#3411=ORIENTED_EDGE('',*,*,#5243,.F.);
#3412=ORIENTED_EDGE('',*,*,#5244,.F.);
#3413=ORIENTED_EDGE('',*,*,#5245,.F.);
#3414=ORIENTED_EDGE('',*,*,#5246,.F.);
#3415=ORIENTED_EDGE('',*,*,#5247,.F.);
#3416=ORIENTED_EDGE('',*,*,#5248,.F.);
#3417=ORIENTED_EDGE('',*,*,#5249,.F.);
#3418=ORIENTED_EDGE('',*,*,#5250,.F.);
#3419=ORIENTED_EDGE('',*,*,#5251,.F.);
#3420=ORIENTED_EDGE('',*,*,#5252,.F.);
#3421=ORIENTED_EDGE('',*,*,#5253,.F.);
#3422=ORIENTED_EDGE('',*,*,#5254,.F.);
#3423=ORIENTED_EDGE('',*,*,#5255,.F.);
#3424=ORIENTED_EDGE('',*,*,#5256,.F.);
#3425=ORIENTED_EDGE('',*,*,#5257,.F.);
#3426=ORIENTED_EDGE('',*,*,#5258,.F.);
#3427=ORIENTED_EDGE('',*,*,#5259,.F.);
#3428=ORIENTED_EDGE('',*,*,#5260,.F.);
#3429=ORIENTED_EDGE('',*,*,#5261,.F.);
#3430=CARTESIAN_POINT('',(13.35,-3.2,-10.4));
#3431=DIRECTION('',(0.0,0.0,-1.0));
#3432=DIRECTION('',(0.0,-1.0,0.0));
#3433=ORIENTED_EDGE('',*,*,#4840,.T.);
#3434=ORIENTED_EDGE('',*,*,#5228,.T.);
#3435=ORIENTED_EDGE('',*,*,#5226,.F.);
#3436=ORIENTED_EDGE('',*,*,#5222,.F.);
#3437=ORIENTED_EDGE('',*,*,#4788,.T.);
#3438=ORIENTED_EDGE('',*,*,#4891,.T.);
#3439=ORIENTED_EDGE('',*,*,#5262,.F.);
#3440=ORIENTED_EDGE('',*,*,#5263,.F.);
#3441=ORIENTED_EDGE('',*,*,#5264,.F.);
#3442=ORIENTED_EDGE('',*,*,#5265,.F.);
#3443=ORIENTED_EDGE('',*,*,#5266,.F.);
#3444=ORIENTED_EDGE('',*,*,#5267,.F.);
#3445=ORIENTED_EDGE('',*,*,#5268,.F.);
#3446=ORIENTED_EDGE('',*,*,#5269,.F.);
#3447=ORIENTED_EDGE('',*,*,#5270,.F.);
#3448=ORIENTED_EDGE('',*,*,#5271,.F.);
#3449=ORIENTED_EDGE('',*,*,#5272,.F.);
#3450=ORIENTED_EDGE('',*,*,#5273,.F.);
#3451=ORIENTED_EDGE('',*,*,#5274,.F.);
#3452=ORIENTED_EDGE('',*,*,#5275,.F.);
#3453=ORIENTED_EDGE('',*,*,#5276,.F.);
#3454=ORIENTED_EDGE('',*,*,#5277,.F.);
#3455=ORIENTED_EDGE('',*,*,#5278,.F.);
#3456=ORIENTED_EDGE('',*,*,#5279,.F.);
#3457=ORIENTED_EDGE('',*,*,#5280,.F.);
#3458=ORIENTED_EDGE('',*,*,#5281,.F.);
#3459=ORIENTED_EDGE('',*,*,#5282,.F.);
#3460=ORIENTED_EDGE('',*,*,#5283,.F.);
#3461=ORIENTED_EDGE('',*,*,#5284,.F.);
#3462=ORIENTED_EDGE('',*,*,#5285,.F.);
#3463=ORIENTED_EDGE('',*,*,#5286,.F.);
#3464=ORIENTED_EDGE('',*,*,#5287,.F.);
#3465=ORIENTED_EDGE('',*,*,#5288,.F.);
#3466=ORIENTED_EDGE('',*,*,#5289,.F.);
#3467=ORIENTED_EDGE('',*,*,#5290,.F.);
#3468=ORIENTED_EDGE('',*,*,#5291,.F.);
#3469=ORIENTED_EDGE('',*,*,#5292,.F.);
#3470=ORIENTED_EDGE('',*,*,#5293,.F.);
#3471=CARTESIAN_POINT('',(13.35,-3.2,-10.4));
#3472=DIRECTION('',(0.0,0.0,-1.0));
#3473=DIRECTION('',(0.0,-1.0,0.0));
#3474=ORIENTED_EDGE('',*,*,#5294,.F.);
#3475=ORIENTED_EDGE('',*,*,#4615,.T.);
#3476=ORIENTED_EDGE('',*,*,#4829,.T.);
#3477=ORIENTED_EDGE('',*,*,#4827,.F.);
#3478=CARTESIAN_POINT('',(13.35,-3.2,-10.4));
#3479=DIRECTION('',(0.0,0.0,-1.0));
#3480=DIRECTION('',(0.0,-1.0,0.0));
#3481=ORIENTED_EDGE('',*,*,#4832,.F.);
#3482=ORIENTED_EDGE('',*,*,#4611,.T.);
#3483=ORIENTED_EDGE('',*,*,#4836,.T.);
#3484=ORIENTED_EDGE('',*,*,#4834,.F.);
#3485=CARTESIAN_POINT('',(13.35,-3.2,-10.4));
#3486=DIRECTION('',(0.0,0.0,-1.0));
#3487=DIRECTION('',(0.0,-1.0,0.0));
#3488=ORIENTED_EDGE('',*,*,#5295,.T.);
#3489=ORIENTED_EDGE('',*,*,#5296,.F.);
#3490=ORIENTED_EDGE('',*,*,#5297,.F.);
#3491=ORIENTED_EDGE('',*,*,#5269,.T.);
#3492=CARTESIAN_POINT('',(-3.55,2.75,-10.4));
#3493=DIRECTION('',(1.0,0.0,0.0));
#3494=DIRECTION('',(0.0,1.0,0.0));
#3495=ORIENTED_EDGE('',*,*,#5297,.T.);
#3496=ORIENTED_EDGE('',*,*,#5298,.F.);
#3497=ORIENTED_EDGE('',*,*,#5299,.F.);
#3498=ORIENTED_EDGE('',*,*,#5262,.T.);
#3499=CARTESIAN_POINT('',(-4.85,2.75,-10.4));
#3500=DIRECTION('',(-0.0,1.0,0.0));
#3501=DIRECTION('',(1.0,0.0,0.0));
#3502=ORIENTED_EDGE('',*,*,#5299,.T.);
#3503=ORIENTED_EDGE('',*,*,#5300,.F.);
#3504=ORIENTED_EDGE('',*,*,#5301,.F.);
#3505=ORIENTED_EDGE('',*,*,#5263,.T.);
#3506=CARTESIAN_POINT('',(-4.85,2.29,-10.4));
#3507=DIRECTION('',(-1.0,0.0,0.0));
#3508=DIRECTION('',(0.0,0.0,1.0));
#3509=ORIENTED_EDGE('',*,*,#5301,.T.);
#3510=ORIENTED_EDGE('',*,*,#5302,.F.);
#3511=ORIENTED_EDGE('',*,*,#5303,.F.);
#3512=ORIENTED_EDGE('',*,*,#5264,.T.);
#3513=CARTESIAN_POINT('',(-4.65,2.29,-10.4));
#3514=DIRECTION('',(0.0,-1.0,0.0));
#3515=DIRECTION('',(0.0,0.0,-1.0));
#3516=ORIENTED_EDGE('',*,*,#5303,.T.);
#3517=ORIENTED_EDGE('',*,*,#5304,.F.);
#3518=ORIENTED_EDGE('',*,*,#5305,.F.);
#3519=ORIENTED_EDGE('',*,*,#5265,.T.);
#3520=CARTESIAN_POINT('',(-4.65,1.19,-10.4));
#3521=DIRECTION('',(-1.0,0.0,0.0));
#3522=DIRECTION('',(0.0,0.0,1.0));
#3523=ORIENTED_EDGE('',*,*,#5305,.T.);
#3524=ORIENTED_EDGE('',*,*,#5306,.F.);
#3525=ORIENTED_EDGE('',*,*,#5307,.F.);
#3526=ORIENTED_EDGE('',*,*,#5266,.T.);
#3527=CARTESIAN_POINT('',(-3.75,1.19,-10.4));
#3528=DIRECTION('',(0.0,-1.0,0.0));
#3529=DIRECTION('',(0.0,0.0,-1.0));
#3530=ORIENTED_EDGE('',*,*,#5307,.T.);
#3531=ORIENTED_EDGE('',*,*,#5308,.F.);
#3532=ORIENTED_EDGE('',*,*,#5309,.F.);
#3533=ORIENTED_EDGE('',*,*,#5267,.T.);
#3534=CARTESIAN_POINT('',(-3.75,2.29,-10.4));
#3535=DIRECTION('',(1.0,0.0,0.0));
#3536=DIRECTION('',(0.0,1.0,0.0));
#3537=ORIENTED_EDGE('',*,*,#5309,.T.);
#3538=ORIENTED_EDGE('',*,*,#5310,.F.);
#3539=ORIENTED_EDGE('',*,*,#5295,.F.);
#3540=ORIENTED_EDGE('',*,*,#5268,.T.);
#3541=CARTESIAN_POINT('',(-3.55,2.29,-10.4));
#3542=DIRECTION('',(0.0,-1.0,0.0));
#3543=DIRECTION('',(0.0,0.0,-1.0));
#3544=ORIENTED_EDGE('',*,*,#5310,.T.);
#3545=ORIENTED_EDGE('',*,*,#5308,.T.);
#3546=ORIENTED_EDGE('',*,*,#5306,.T.);
#3547=ORIENTED_EDGE('',*,*,#5304,.T.);
#3548=ORIENTED_EDGE('',*,*,#5302,.T.);
#3549=ORIENTED_EDGE('',*,*,#5300,.T.);
#3550=ORIENTED_EDGE('',*,*,#5298,.T.);
#3551=ORIENTED_EDGE('',*,*,#5296,.T.);
#3552=CARTESIAN_POINT('',(0.0,-3.2,-9.6));
#3553=DIRECTION('',(0.0,0.0,-1.0));
#3554=DIRECTION('',(0.0,-1.0,0.0));
#3555=ORIENTED_EDGE('',*,*,#5311,.T.);
#3556=ORIENTED_EDGE('',*,*,#5312,.F.);
#3557=ORIENTED_EDGE('',*,*,#5313,.F.);
#3558=ORIENTED_EDGE('',*,*,#5277,.T.);
#3559=CARTESIAN_POINT('',(-5.55,2.75,-10.4));
#3560=DIRECTION('',(1.0,0.0,0.0));
#3561=DIRECTION('',(0.0,1.0,0.0));
#3562=ORIENTED_EDGE('',*,*,#5313,.T.);
#3563=ORIENTED_EDGE('',*,*,#5314,.F.);
#3564=ORIENTED_EDGE('',*,*,#5315,.F.);
#3565=ORIENTED_EDGE('',*,*,#5270,.T.);
#3566=CARTESIAN_POINT('',(-6.85,2.75,-10.4));
#3567=DIRECTION('',(-0.0,1.0,0.0));
#3568=DIRECTION('',(1.0,0.0,0.0));
#3569=ORIENTED_EDGE('',*,*,#5315,.T.);
#3570=ORIENTED_EDGE('',*,*,#5316,.F.);
#3571=ORIENTED_EDGE('',*,*,#5317,.F.);
#3572=ORIENTED_EDGE('',*,*,#5271,.T.);
#3573=CARTESIAN_POINT('',(-6.85,2.29,-10.4));
#3574=DIRECTION('',(-1.0,0.0,0.0));
#3575=DIRECTION('',(0.0,0.0,1.0));
#3576=ORIENTED_EDGE('',*,*,#5317,.T.);
#3577=ORIENTED_EDGE('',*,*,#5318,.F.);
#3578=ORIENTED_EDGE('',*,*,#5319,.F.);
#3579=ORIENTED_EDGE('',*,*,#5272,.T.);
#3580=CARTESIAN_POINT('',(-6.65,2.29,-10.4));
#3581=DIRECTION('',(0.0,-1.0,0.0));
#3582=DIRECTION('',(0.0,0.0,-1.0));
#3583=ORIENTED_EDGE('',*,*,#5319,.T.);
#3584=ORIENTED_EDGE('',*,*,#5320,.F.);
#3585=ORIENTED_EDGE('',*,*,#5321,.F.);
#3586=ORIENTED_EDGE('',*,*,#5273,.T.);
#3587=CARTESIAN_POINT('',(-6.65,1.19,-10.4));
#3588=DIRECTION('',(-1.0,0.0,0.0));
#3589=DIRECTION('',(0.0,0.0,1.0));
#3590=ORIENTED_EDGE('',*,*,#5321,.T.);
#3591=ORIENTED_EDGE('',*,*,#5322,.F.);
#3592=ORIENTED_EDGE('',*,*,#5323,.F.);
#3593=ORIENTED_EDGE('',*,*,#5274,.T.);
#3594=CARTESIAN_POINT('',(-5.75,1.19,-10.4));
#3595=DIRECTION('',(0.0,-1.0,0.0));
#3596=DIRECTION('',(0.0,0.0,-1.0));
#3597=ORIENTED_EDGE('',*,*,#5323,.T.);
#3598=ORIENTED_EDGE('',*,*,#5324,.F.);
#3599=ORIENTED_EDGE('',*,*,#5325,.F.);
#3600=ORIENTED_EDGE('',*,*,#5275,.T.);
#3601=CARTESIAN_POINT('',(-5.75,2.29,-10.4));
#3602=DIRECTION('',(1.0,0.0,0.0));
#3603=DIRECTION('',(0.0,1.0,0.0));
#3604=ORIENTED_EDGE('',*,*,#5325,.T.);
#3605=ORIENTED_EDGE('',*,*,#5326,.F.);
#3606=ORIENTED_EDGE('',*,*,#5311,.F.);
#3607=ORIENTED_EDGE('',*,*,#5276,.T.);
#3608=CARTESIAN_POINT('',(-5.55,2.29,-10.4));
#3609=DIRECTION('',(0.0,-1.0,0.0));
#3610=DIRECTION('',(0.0,0.0,-1.0));
#3611=ORIENTED_EDGE('',*,*,#5326,.T.);
#3612=ORIENTED_EDGE('',*,*,#5324,.T.);
#3613=ORIENTED_EDGE('',*,*,#5322,.T.);
#3614=ORIENTED_EDGE('',*,*,#5320,.T.);
#3615=ORIENTED_EDGE('',*,*,#5318,.T.);
#3616=ORIENTED_EDGE('',*,*,#5316,.T.);
#3617=ORIENTED_EDGE('',*,*,#5314,.T.);
#3618=ORIENTED_EDGE('',*,*,#5312,.T.);
#3619=CARTESIAN_POINT('',(-2.0,-3.2,-9.6));
#3620=DIRECTION('',(0.0,0.0,-1.0));
#3621=DIRECTION('',(0.0,-1.0,0.0));
#3622=ORIENTED_EDGE('',*,*,#5327,.T.);
#3623=ORIENTED_EDGE('',*,*,#5328,.F.);
#3624=ORIENTED_EDGE('',*,*,#5329,.F.);
#3625=ORIENTED_EDGE('',*,*,#5285,.T.);
#3626=CARTESIAN_POINT('',(-7.55,2.75,-10.4));
#3627=DIRECTION('',(1.0,0.0,0.0));
#3628=DIRECTION('',(0.0,1.0,0.0));
#3629=ORIENTED_EDGE('',*,*,#5329,.T.);
#3630=ORIENTED_EDGE('',*,*,#5330,.F.);
#3631=ORIENTED_EDGE('',*,*,#5331,.F.);
#3632=ORIENTED_EDGE('',*,*,#5278,.T.);
#3633=CARTESIAN_POINT('',(-8.85,2.75,-10.4));
#3634=DIRECTION('',(-0.0,1.0,0.0));
#3635=DIRECTION('',(1.0,0.0,0.0));
#3636=ORIENTED_EDGE('',*,*,#5331,.T.);
#3637=ORIENTED_EDGE('',*,*,#5332,.F.);
#3638=ORIENTED_EDGE('',*,*,#5333,.F.);
#3639=ORIENTED_EDGE('',*,*,#5279,.T.);
#3640=CARTESIAN_POINT('',(-8.85,2.29,-10.4));
#3641=DIRECTION('',(-1.0,0.0,0.0));
#3642=DIRECTION('',(0.0,0.0,1.0));
#3643=ORIENTED_EDGE('',*,*,#5333,.T.);
#3644=ORIENTED_EDGE('',*,*,#5334,.F.);
#3645=ORIENTED_EDGE('',*,*,#5335,.F.);
#3646=ORIENTED_EDGE('',*,*,#5280,.T.);
#3647=CARTESIAN_POINT('',(-8.65,2.29,-10.4));
#3648=DIRECTION('',(0.0,-1.0,0.0));
#3649=DIRECTION('',(0.0,0.0,-1.0));
#3650=ORIENTED_EDGE('',*,*,#5335,.T.);
#3651=ORIENTED_EDGE('',*,*,#5336,.F.);
#3652=ORIENTED_EDGE('',*,*,#5337,.F.);
#3653=ORIENTED_EDGE('',*,*,#5281,.T.);
#3654=CARTESIAN_POINT('',(-8.65,1.19,-10.4));
#3655=DIRECTION('',(-1.0,0.0,0.0));
#3656=DIRECTION('',(0.0,0.0,1.0));
#3657=ORIENTED_EDGE('',*,*,#5337,.T.);
#3658=ORIENTED_EDGE('',*,*,#5338,.F.);
#3659=ORIENTED_EDGE('',*,*,#5339,.F.);
#3660=ORIENTED_EDGE('',*,*,#5282,.T.);
#3661=CARTESIAN_POINT('',(-7.75,1.19,-10.4));
#3662=DIRECTION('',(0.0,-1.0,0.0));
#3663=DIRECTION('',(0.0,0.0,-1.0));
#3664=ORIENTED_EDGE('',*,*,#5339,.T.);
#3665=ORIENTED_EDGE('',*,*,#5340,.F.);
#3666=ORIENTED_EDGE('',*,*,#5341,.F.);
#3667=ORIENTED_EDGE('',*,*,#5283,.T.);
#3668=CARTESIAN_POINT('',(-7.75,2.29,-10.4));
#3669=DIRECTION('',(1.0,0.0,0.0));
#3670=DIRECTION('',(0.0,1.0,0.0));
#3671=ORIENTED_EDGE('',*,*,#5341,.T.);
#3672=ORIENTED_EDGE('',*,*,#5342,.F.);
#3673=ORIENTED_EDGE('',*,*,#5327,.F.);
#3674=ORIENTED_EDGE('',*,*,#5284,.T.);
#3675=CARTESIAN_POINT('',(-7.55,2.29,-10.4));
#3676=DIRECTION('',(0.0,-1.0,0.0));
#3677=DIRECTION('',(0.0,0.0,-1.0));
#3678=ORIENTED_EDGE('',*,*,#5342,.T.);
#3679=ORIENTED_EDGE('',*,*,#5340,.T.);
#3680=ORIENTED_EDGE('',*,*,#5338,.T.);
#3681=ORIENTED_EDGE('',*,*,#5336,.T.);
#3682=ORIENTED_EDGE('',*,*,#5334,.T.);
#3683=ORIENTED_EDGE('',*,*,#5332,.T.);
#3684=ORIENTED_EDGE('',*,*,#5330,.T.);
#3685=ORIENTED_EDGE('',*,*,#5328,.T.);
#3686=CARTESIAN_POINT('',(-4.0,-3.2,-9.6));
#3687=DIRECTION('',(0.0,0.0,-1.0));
#3688=DIRECTION('',(0.0,-1.0,0.0));
#3689=ORIENTED_EDGE('',*,*,#5343,.T.);
#3690=ORIENTED_EDGE('',*,*,#5344,.F.);
#3691=ORIENTED_EDGE('',*,*,#5345,.F.);
#3692=ORIENTED_EDGE('',*,*,#5293,.T.);
#3693=CARTESIAN_POINT('',(-9.55,2.75,-10.4));
#3694=DIRECTION('',(1.0,0.0,0.0));
#3695=DIRECTION('',(0.0,1.0,0.0));
#3696=ORIENTED_EDGE('',*,*,#5345,.T.);
#3697=ORIENTED_EDGE('',*,*,#5346,.F.);
#3698=ORIENTED_EDGE('',*,*,#5347,.F.);
#3699=ORIENTED_EDGE('',*,*,#5286,.T.);
#3700=CARTESIAN_POINT('',(-10.85,2.75,-10.4));
#3701=DIRECTION('',(-0.0,1.0,0.0));
#3702=DIRECTION('',(1.0,0.0,0.0));
#3703=ORIENTED_EDGE('',*,*,#5347,.T.);
#3704=ORIENTED_EDGE('',*,*,#5348,.F.);
#3705=ORIENTED_EDGE('',*,*,#5349,.F.);
#3706=ORIENTED_EDGE('',*,*,#5287,.T.);
#3707=CARTESIAN_POINT('',(-10.85,2.29,-10.4));
#3708=DIRECTION('',(-1.0,0.0,0.0));
#3709=DIRECTION('',(0.0,0.0,1.0));
#3710=ORIENTED_EDGE('',*,*,#5349,.T.);
#3711=ORIENTED_EDGE('',*,*,#5350,.F.);
#3712=ORIENTED_EDGE('',*,*,#5351,.F.);
#3713=ORIENTED_EDGE('',*,*,#5288,.T.);
#3714=CARTESIAN_POINT('',(-10.65,2.29,-10.4));
#3715=DIRECTION('',(0.0,-1.0,0.0));
#3716=DIRECTION('',(0.0,0.0,-1.0));
#3717=ORIENTED_EDGE('',*,*,#5351,.T.);
#3718=ORIENTED_EDGE('',*,*,#5352,.F.);
#3719=ORIENTED_EDGE('',*,*,#5353,.F.);
#3720=ORIENTED_EDGE('',*,*,#5289,.T.);
#3721=CARTESIAN_POINT('',(-10.65,1.19,-10.4));
#3722=DIRECTION('',(-1.0,0.0,0.0));
#3723=DIRECTION('',(0.0,0.0,1.0));
#3724=ORIENTED_EDGE('',*,*,#5353,.T.);
#3725=ORIENTED_EDGE('',*,*,#5354,.F.);
#3726=ORIENTED_EDGE('',*,*,#5355,.F.);
#3727=ORIENTED_EDGE('',*,*,#5290,.T.);
#3728=CARTESIAN_POINT('',(-9.75,1.19,-10.4));
#3729=DIRECTION('',(0.0,-1.0,0.0));
#3730=DIRECTION('',(0.0,0.0,-1.0));
#3731=ORIENTED_EDGE('',*,*,#5355,.T.);
#3732=ORIENTED_EDGE('',*,*,#5356,.F.);
#3733=ORIENTED_EDGE('',*,*,#5357,.F.);
#3734=ORIENTED_EDGE('',*,*,#5291,.T.);
#3735=CARTESIAN_POINT('',(-9.75,2.29,-10.4));
#3736=DIRECTION('',(1.0,0.0,0.0));
#3737=DIRECTION('',(0.0,1.0,0.0));
#3738=ORIENTED_EDGE('',*,*,#5357,.T.);
#3739=ORIENTED_EDGE('',*,*,#5358,.F.);
#3740=ORIENTED_EDGE('',*,*,#5343,.F.);
#3741=ORIENTED_EDGE('',*,*,#5292,.T.);
#3742=CARTESIAN_POINT('',(-9.55,2.29,-10.4));
#3743=DIRECTION('',(0.0,-1.0,0.0));
#3744=DIRECTION('',(0.0,0.0,-1.0));
#3745=ORIENTED_EDGE('',*,*,#5358,.T.);
#3746=ORIENTED_EDGE('',*,*,#5356,.T.);
#3747=ORIENTED_EDGE('',*,*,#5354,.T.);
#3748=ORIENTED_EDGE('',*,*,#5352,.T.);
#3749=ORIENTED_EDGE('',*,*,#5350,.T.);
#3750=ORIENTED_EDGE('',*,*,#5348,.T.);
#3751=ORIENTED_EDGE('',*,*,#5346,.T.);
#3752=ORIENTED_EDGE('',*,*,#5344,.T.);
#3753=CARTESIAN_POINT('',(-6.0,-3.2,-9.6));
#3754=DIRECTION('',(0.0,0.0,-1.0));
#3755=DIRECTION('',(0.0,-1.0,0.0));
#3756=ORIENTED_EDGE('',*,*,#5359,.T.);
#3757=ORIENTED_EDGE('',*,*,#5360,.F.);
#3758=ORIENTED_EDGE('',*,*,#5361,.F.);
#3759=ORIENTED_EDGE('',*,*,#5237,.T.);
#3760=CARTESIAN_POINT('',(5.75,2.75,-10.4));
#3761=DIRECTION('',(1.0,0.0,0.0));
#3762=DIRECTION('',(0.0,1.0,0.0));
#3763=ORIENTED_EDGE('',*,*,#5361,.T.);
#3764=ORIENTED_EDGE('',*,*,#5362,.F.);
#3765=ORIENTED_EDGE('',*,*,#5363,.F.);
#3766=ORIENTED_EDGE('',*,*,#5230,.T.);
#3767=CARTESIAN_POINT('',(4.45,2.75,-10.4));
#3768=DIRECTION('',(-0.0,1.0,0.0));
#3769=DIRECTION('',(1.0,0.0,0.0));
#3770=ORIENTED_EDGE('',*,*,#5363,.T.);
#3771=ORIENTED_EDGE('',*,*,#5364,.F.);
#3772=ORIENTED_EDGE('',*,*,#5365,.F.);
#3773=ORIENTED_EDGE('',*,*,#5231,.T.);
#3774=CARTESIAN_POINT('',(4.45,2.29,-10.4));
#3775=DIRECTION('',(-1.0,0.0,0.0));
#3776=DIRECTION('',(0.0,0.0,1.0));
#3777=ORIENTED_EDGE('',*,*,#5365,.T.);
#3778=ORIENTED_EDGE('',*,*,#5366,.F.);
#3779=ORIENTED_EDGE('',*,*,#5367,.F.);
#3780=ORIENTED_EDGE('',*,*,#5232,.T.);
#3781=CARTESIAN_POINT('',(4.65,2.29,-10.4));
#3782=DIRECTION('',(0.0,-1.0,0.0));
#3783=DIRECTION('',(0.0,0.0,-1.0));
#3784=ORIENTED_EDGE('',*,*,#5367,.T.);
#3785=ORIENTED_EDGE('',*,*,#5368,.F.);
#3786=ORIENTED_EDGE('',*,*,#5369,.F.);
#3787=ORIENTED_EDGE('',*,*,#5233,.T.);
#3788=CARTESIAN_POINT('',(4.65,1.19,-10.4));
#3789=DIRECTION('',(-1.0,0.0,0.0));
#3790=DIRECTION('',(0.0,0.0,1.0));
#3791=ORIENTED_EDGE('',*,*,#5369,.T.);
#3792=ORIENTED_EDGE('',*,*,#5370,.F.);
#3793=ORIENTED_EDGE('',*,*,#5371,.F.);
#3794=ORIENTED_EDGE('',*,*,#5234,.T.);
#3795=CARTESIAN_POINT('',(5.55,1.19,-10.4));
#3796=DIRECTION('',(0.0,-1.0,0.0));
#3797=DIRECTION('',(0.0,0.0,-1.0));
#3798=ORIENTED_EDGE('',*,*,#5371,.T.);
#3799=ORIENTED_EDGE('',*,*,#5372,.F.);
#3800=ORIENTED_EDGE('',*,*,#5373,.F.);
#3801=ORIENTED_EDGE('',*,*,#5235,.T.);
#3802=CARTESIAN_POINT('',(5.55,2.29,-10.4));
#3803=DIRECTION('',(1.0,0.0,0.0));
#3804=DIRECTION('',(0.0,1.0,0.0));
#3805=ORIENTED_EDGE('',*,*,#5373,.T.);
#3806=ORIENTED_EDGE('',*,*,#5374,.F.);
#3807=ORIENTED_EDGE('',*,*,#5359,.F.);
#3808=ORIENTED_EDGE('',*,*,#5236,.T.);
#3809=CARTESIAN_POINT('',(5.75,2.29,-10.4));
#3810=DIRECTION('',(0.0,-1.0,0.0));
#3811=DIRECTION('',(0.0,0.0,-1.0));
#3812=ORIENTED_EDGE('',*,*,#5374,.T.);
#3813=ORIENTED_EDGE('',*,*,#5372,.T.);
#3814=ORIENTED_EDGE('',*,*,#5370,.T.);
#3815=ORIENTED_EDGE('',*,*,#5368,.T.);
#3816=ORIENTED_EDGE('',*,*,#5366,.T.);
#3817=ORIENTED_EDGE('',*,*,#5364,.T.);
#3818=ORIENTED_EDGE('',*,*,#5362,.T.);
#3819=ORIENTED_EDGE('',*,*,#5360,.T.);
#3820=CARTESIAN_POINT('',(0.0,-3.2,-9.6));
#3821=DIRECTION('',(0.0,0.0,-1.0));
#3822=DIRECTION('',(0.0,-1.0,0.0));
#3823=ORIENTED_EDGE('',*,*,#5375,.T.);
#3824=ORIENTED_EDGE('',*,*,#5376,.F.);
#3825=ORIENTED_EDGE('',*,*,#5377,.F.);
#3826=ORIENTED_EDGE('',*,*,#5245,.T.);
#3827=CARTESIAN_POINT('',(7.75,2.75,-10.4));
#3828=DIRECTION('',(1.0,0.0,0.0));
#3829=DIRECTION('',(0.0,1.0,0.0));
#3830=ORIENTED_EDGE('',*,*,#5377,.T.);
#3831=ORIENTED_EDGE('',*,*,#5378,.F.);
#3832=ORIENTED_EDGE('',*,*,#5379,.F.);
#3833=ORIENTED_EDGE('',*,*,#5238,.T.);
#3834=CARTESIAN_POINT('',(6.45,2.75,-10.4));
#3835=DIRECTION('',(-0.0,1.0,0.0));
#3836=DIRECTION('',(1.0,0.0,0.0));
#3837=ORIENTED_EDGE('',*,*,#5379,.T.);
#3838=ORIENTED_EDGE('',*,*,#5380,.F.);
#3839=ORIENTED_EDGE('',*,*,#5381,.F.);
#3840=ORIENTED_EDGE('',*,*,#5239,.T.);
#3841=CARTESIAN_POINT('',(6.45,2.29,-10.4));
#3842=DIRECTION('',(-1.0,0.0,0.0));
#3843=DIRECTION('',(0.0,0.0,1.0));
#3844=ORIENTED_EDGE('',*,*,#5381,.T.);
#3845=ORIENTED_EDGE('',*,*,#5382,.F.);
#3846=ORIENTED_EDGE('',*,*,#5383,.F.);
#3847=ORIENTED_EDGE('',*,*,#5240,.T.);
#3848=CARTESIAN_POINT('',(6.65,2.29,-10.4));
#3849=DIRECTION('',(0.0,-1.0,0.0));
#3850=DIRECTION('',(0.0,0.0,-1.0));
#3851=ORIENTED_EDGE('',*,*,#5383,.T.);
#3852=ORIENTED_EDGE('',*,*,#5384,.F.);
#3853=ORIENTED_EDGE('',*,*,#5385,.F.);
#3854=ORIENTED_EDGE('',*,*,#5241,.T.);
#3855=CARTESIAN_POINT('',(6.65,1.19,-10.4));
#3856=DIRECTION('',(-1.0,0.0,0.0));
#3857=DIRECTION('',(0.0,0.0,1.0));
#3858=ORIENTED_EDGE('',*,*,#5385,.T.);
#3859=ORIENTED_EDGE('',*,*,#5386,.F.);
#3860=ORIENTED_EDGE('',*,*,#5387,.F.);
#3861=ORIENTED_EDGE('',*,*,#5242,.T.);
#3862=CARTESIAN_POINT('',(7.55,1.19,-10.4));
#3863=DIRECTION('',(0.0,-1.0,0.0));
#3864=DIRECTION('',(0.0,0.0,-1.0));
#3865=ORIENTED_EDGE('',*,*,#5387,.T.);
#3866=ORIENTED_EDGE('',*,*,#5388,.F.);
#3867=ORIENTED_EDGE('',*,*,#5389,.F.);
#3868=ORIENTED_EDGE('',*,*,#5243,.T.);
#3869=CARTESIAN_POINT('',(7.55,2.29,-10.4));
#3870=DIRECTION('',(1.0,0.0,0.0));
#3871=DIRECTION('',(0.0,1.0,0.0));
#3872=ORIENTED_EDGE('',*,*,#5389,.T.);
#3873=ORIENTED_EDGE('',*,*,#5390,.F.);
#3874=ORIENTED_EDGE('',*,*,#5375,.F.);
#3875=ORIENTED_EDGE('',*,*,#5244,.T.);
#3876=CARTESIAN_POINT('',(7.75,2.29,-10.4));
#3877=DIRECTION('',(0.0,-1.0,0.0));
#3878=DIRECTION('',(0.0,0.0,-1.0));
#3879=ORIENTED_EDGE('',*,*,#5390,.T.);
#3880=ORIENTED_EDGE('',*,*,#5388,.T.);
#3881=ORIENTED_EDGE('',*,*,#5386,.T.);
#3882=ORIENTED_EDGE('',*,*,#5384,.T.);
#3883=ORIENTED_EDGE('',*,*,#5382,.T.);
#3884=ORIENTED_EDGE('',*,*,#5380,.T.);
#3885=ORIENTED_EDGE('',*,*,#5378,.T.);
#3886=ORIENTED_EDGE('',*,*,#5376,.T.);
#3887=CARTESIAN_POINT('',(2.0,-3.2,-9.6));
#3888=DIRECTION('',(0.0,0.0,-1.0));
#3889=DIRECTION('',(0.0,-1.0,0.0));
#3890=ORIENTED_EDGE('',*,*,#5391,.T.);
#3891=ORIENTED_EDGE('',*,*,#5392,.F.);
#3892=ORIENTED_EDGE('',*,*,#5393,.F.);
#3893=ORIENTED_EDGE('',*,*,#5253,.T.);
#3894=CARTESIAN_POINT('',(9.75,2.75,-10.4));
#3895=DIRECTION('',(1.0,0.0,0.0));
#3896=DIRECTION('',(0.0,1.0,0.0));
#3897=ORIENTED_EDGE('',*,*,#5393,.T.);
#3898=ORIENTED_EDGE('',*,*,#5394,.F.);
#3899=ORIENTED_EDGE('',*,*,#5395,.F.);
#3900=ORIENTED_EDGE('',*,*,#5246,.T.);
#3901=CARTESIAN_POINT('',(8.45,2.75,-10.4));
#3902=DIRECTION('',(-0.0,1.0,0.0));
#3903=DIRECTION('',(1.0,0.0,0.0));
#3904=ORIENTED_EDGE('',*,*,#5395,.T.);
#3905=ORIENTED_EDGE('',*,*,#5396,.F.);
#3906=ORIENTED_EDGE('',*,*,#5397,.F.);
#3907=ORIENTED_EDGE('',*,*,#5247,.T.);
#3908=CARTESIAN_POINT('',(8.45,2.29,-10.4));
#3909=DIRECTION('',(-1.0,0.0,0.0));
#3910=DIRECTION('',(0.0,0.0,1.0));
#3911=ORIENTED_EDGE('',*,*,#5397,.T.);
#3912=ORIENTED_EDGE('',*,*,#5398,.F.);
#3913=ORIENTED_EDGE('',*,*,#5399,.F.);
#3914=ORIENTED_EDGE('',*,*,#5248,.T.);
#3915=CARTESIAN_POINT('',(8.65,2.29,-10.4));
#3916=DIRECTION('',(0.0,-1.0,0.0));
#3917=DIRECTION('',(0.0,0.0,-1.0));
#3918=ORIENTED_EDGE('',*,*,#5399,.T.);
#3919=ORIENTED_EDGE('',*,*,#5400,.F.);
#3920=ORIENTED_EDGE('',*,*,#5401,.F.);
#3921=ORIENTED_EDGE('',*,*,#5249,.T.);
#3922=CARTESIAN_POINT('',(8.65,1.19,-10.4));
#3923=DIRECTION('',(-1.0,0.0,0.0));
#3924=DIRECTION('',(0.0,0.0,1.0));
#3925=ORIENTED_EDGE('',*,*,#5401,.T.);
#3926=ORIENTED_EDGE('',*,*,#5402,.F.);
#3927=ORIENTED_EDGE('',*,*,#5403,.F.);
#3928=ORIENTED_EDGE('',*,*,#5250,.T.);
#3929=CARTESIAN_POINT('',(9.55,1.19,-10.4));
#3930=DIRECTION('',(0.0,-1.0,0.0));
#3931=DIRECTION('',(0.0,0.0,-1.0));
#3932=ORIENTED_EDGE('',*,*,#5403,.T.);
#3933=ORIENTED_EDGE('',*,*,#5404,.F.);
#3934=ORIENTED_EDGE('',*,*,#5405,.F.);
#3935=ORIENTED_EDGE('',*,*,#5251,.T.);
#3936=CARTESIAN_POINT('',(9.55,2.29,-10.4));
#3937=DIRECTION('',(1.0,0.0,0.0));
#3938=DIRECTION('',(0.0,1.0,0.0));
#3939=ORIENTED_EDGE('',*,*,#5405,.T.);
#3940=ORIENTED_EDGE('',*,*,#5406,.F.);
#3941=ORIENTED_EDGE('',*,*,#5391,.F.);
#3942=ORIENTED_EDGE('',*,*,#5252,.T.);
#3943=CARTESIAN_POINT('',(9.75,2.29,-10.4));
#3944=DIRECTION('',(0.0,-1.0,0.0));
#3945=DIRECTION('',(0.0,0.0,-1.0));
#3946=ORIENTED_EDGE('',*,*,#5406,.T.);
#3947=ORIENTED_EDGE('',*,*,#5404,.T.);
#3948=ORIENTED_EDGE('',*,*,#5402,.T.);
#3949=ORIENTED_EDGE('',*,*,#5400,.T.);
#3950=ORIENTED_EDGE('',*,*,#5398,.T.);
#3951=ORIENTED_EDGE('',*,*,#5396,.T.);
#3952=ORIENTED_EDGE('',*,*,#5394,.T.);
#3953=ORIENTED_EDGE('',*,*,#5392,.T.);
#3954=CARTESIAN_POINT('',(4.0,-3.2,-9.6));
#3955=DIRECTION('',(0.0,0.0,-1.0));
#3956=DIRECTION('',(0.0,-1.0,0.0));
#3957=ORIENTED_EDGE('',*,*,#5407,.T.);
#3958=ORIENTED_EDGE('',*,*,#5408,.F.);
#3959=ORIENTED_EDGE('',*,*,#5409,.F.);
#3960=ORIENTED_EDGE('',*,*,#5261,.T.);
#3961=CARTESIAN_POINT('',(11.75,2.75,-10.4));
#3962=DIRECTION('',(1.0,0.0,0.0));
#3963=DIRECTION('',(0.0,1.0,0.0));
#3964=ORIENTED_EDGE('',*,*,#5409,.T.);
#3965=ORIENTED_EDGE('',*,*,#5410,.F.);
#3966=ORIENTED_EDGE('',*,*,#5411,.F.);
#3967=ORIENTED_EDGE('',*,*,#5254,.T.);
#3968=CARTESIAN_POINT('',(10.45,2.75,-10.4));
#3969=DIRECTION('',(-0.0,1.0,0.0));
#3970=DIRECTION('',(1.0,0.0,0.0));
#3971=ORIENTED_EDGE('',*,*,#5411,.T.);
#3972=ORIENTED_EDGE('',*,*,#5412,.F.);
#3973=ORIENTED_EDGE('',*,*,#5413,.F.);
#3974=ORIENTED_EDGE('',*,*,#5255,.T.);
#3975=CARTESIAN_POINT('',(10.45,2.29,-10.4));
#3976=DIRECTION('',(-1.0,0.0,0.0));
#3977=DIRECTION('',(0.0,0.0,1.0));
#3978=ORIENTED_EDGE('',*,*,#5413,.T.);
#3979=ORIENTED_EDGE('',*,*,#5414,.F.);
#3980=ORIENTED_EDGE('',*,*,#5415,.F.);
#3981=ORIENTED_EDGE('',*,*,#5256,.T.);
#3982=CARTESIAN_POINT('',(10.65,2.29,-10.4));
#3983=DIRECTION('',(0.0,-1.0,0.0));
#3984=DIRECTION('',(0.0,0.0,-1.0));
#3985=ORIENTED_EDGE('',*,*,#5415,.T.);
#3986=ORIENTED_EDGE('',*,*,#5416,.F.);
#3987=ORIENTED_EDGE('',*,*,#5417,.F.);
#3988=ORIENTED_EDGE('',*,*,#5257,.T.);
#3989=CARTESIAN_POINT('',(10.65,1.19,-10.4));
#3990=DIRECTION('',(-1.0,0.0,0.0));
#3991=DIRECTION('',(0.0,0.0,1.0));
#3992=ORIENTED_EDGE('',*,*,#5417,.T.);
#3993=ORIENTED_EDGE('',*,*,#5418,.F.);
#3994=ORIENTED_EDGE('',*,*,#5419,.F.);
#3995=ORIENTED_EDGE('',*,*,#5258,.T.);
#3996=CARTESIAN_POINT('',(11.55,1.19,-10.4));
#3997=DIRECTION('',(0.0,-1.0,0.0));
#3998=DIRECTION('',(0.0,0.0,-1.0));
#3999=ORIENTED_EDGE('',*,*,#5419,.T.);
#4000=ORIENTED_EDGE('',*,*,#5420,.F.);
#4001=ORIENTED_EDGE('',*,*,#5421,.F.);
#4002=ORIENTED_EDGE('',*,*,#5259,.T.);
#4003=CARTESIAN_POINT('',(11.55,2.29,-10.4));
#4004=DIRECTION('',(1.0,0.0,0.0));
#4005=DIRECTION('',(0.0,1.0,0.0));
#4006=ORIENTED_EDGE('',*,*,#5421,.T.);
#4007=ORIENTED_EDGE('',*,*,#5422,.F.);
#4008=ORIENTED_EDGE('',*,*,#5407,.F.);
#4009=ORIENTED_EDGE('',*,*,#5260,.T.);
#4010=CARTESIAN_POINT('',(11.75,2.29,-10.4));
#4011=DIRECTION('',(0.0,-1.0,0.0));
#4012=DIRECTION('',(0.0,0.0,-1.0));
#4013=ORIENTED_EDGE('',*,*,#5422,.T.);
#4014=ORIENTED_EDGE('',*,*,#5420,.T.);
#4015=ORIENTED_EDGE('',*,*,#5418,.T.);
#4016=ORIENTED_EDGE('',*,*,#5416,.T.);
#4017=ORIENTED_EDGE('',*,*,#5414,.T.);
#4018=ORIENTED_EDGE('',*,*,#5412,.T.);
#4019=ORIENTED_EDGE('',*,*,#5410,.T.);
#4020=ORIENTED_EDGE('',*,*,#5408,.T.);
#4021=CARTESIAN_POINT('',(6.0,-3.2,-9.6));
#4022=DIRECTION('',(0.0,0.0,-1.0));
#4023=DIRECTION('',(0.0,-1.0,0.0));
#4024=ORIENTED_EDGE('',*,*,#4824,.T.);
#4025=ORIENTED_EDGE('',*,*,#4847,.T.);
#4026=ORIENTED_EDGE('',*,*,#4907,.F.);
#4027=ORIENTED_EDGE('',*,*,#5229,.T.);
#4028=ORIENTED_EDGE('',*,*,#5224,.F.);
#4029=ORIENTED_EDGE('',*,*,#4947,.T.);
#4030=ORIENTED_EDGE('',*,*,#5086,.F.);
#4031=ORIENTED_EDGE('',*,*,#4657,.F.);
#4032=ORIENTED_EDGE('',*,*,#4616,.T.);
#4033=ORIENTED_EDGE('',*,*,#5294,.T.);
#4034=ORIENTED_EDGE('',*,*,#4826,.T.);
#4035=CARTESIAN_POINT('',(13.35,-3.2,10.4));
#4036=DIRECTION('',(1.0,0.0,0.0));
#4037=DIRECTION('',(0.0,1.0,0.0));
#4038=ORIENTED_EDGE('',*,*,#4791,.T.);
#4039=ORIENTED_EDGE('',*,*,#5097,.T.);
#4040=ORIENTED_EDGE('',*,*,#5423,.F.);
#4041=ORIENTED_EDGE('',*,*,#4642,.T.);
#4042=CARTESIAN_POINT('',(0.0,1.49,0.0));
#4043=DIRECTION('',(-0.0,1.0,0.0));
#4044=DIRECTION('',(1.0,0.0,0.0));
#4045=ORIENTED_EDGE('',*,*,#5080,.T.);
#4046=ORIENTED_EDGE('',*,*,#4949,.T.);
#4047=ORIENTED_EDGE('',*,*,#4900,.F.);
#4048=ORIENTED_EDGE('',*,*,#4660,.T.);
#4049=CARTESIAN_POINT('',(0.0,1.49,0.0));
#4050=DIRECTION('',(-0.0,1.0,0.0));
#4051=DIRECTION('',(1.0,0.0,0.0));
#4052=ORIENTED_EDGE('',*,*,#5424,.F.);
#4053=ORIENTED_EDGE('',*,*,#5089,.T.);
#4054=ORIENTED_EDGE('',*,*,#5084,.F.);
#4055=ORIENTED_EDGE('',*,*,#4643,.F.);
#4056=ORIENTED_EDGE('',*,*,#5423,.T.);
#4057=ORIENTED_EDGE('',*,*,#5425,.T.);
#4058=ORIENTED_EDGE('',*,*,#5426,.F.);
#4059=ORIENTED_EDGE('',*,*,#5427,.T.);
#4060=ORIENTED_EDGE('',*,*,#5428,.F.);
#4061=CARTESIAN_POINT('',(-3.35,3.2,10.4));
#4062=DIRECTION('',(1.0,0.0,0.0));
#4063=DIRECTION('',(0.0,1.0,0.0));
#4064=ORIENTED_EDGE('',*,*,#5429,.T.);
#4065=ORIENTED_EDGE('',*,*,#5430,.F.);
#4066=ORIENTED_EDGE('',*,*,#5431,.F.);
#4067=ORIENTED_EDGE('',*,*,#5428,.T.);
#4068=CARTESIAN_POINT('',(-3.35,-1.4,-0.8));
#4069=DIRECTION('',(0.0,0.0,1.0));
#4070=DIRECTION('',(1.0,0.0,0.0));
#4071=ORIENTED_EDGE('',*,*,#4865,.F.);
#4072=ORIENTED_EDGE('',*,*,#5432,.T.);
#4073=ORIENTED_EDGE('',*,*,#5433,.F.);
#4074=ORIENTED_EDGE('',*,*,#5434,.F.);
#4075=ORIENTED_EDGE('',*,*,#5090,.F.);
#4076=ORIENTED_EDGE('',*,*,#5424,.T.);
#4077=ORIENTED_EDGE('',*,*,#5431,.T.);
#4078=ORIENTED_EDGE('',*,*,#5435,.F.);
#4079=CARTESIAN_POINT('',(-5.05,-1.4,3.8));
#4080=DIRECTION('',(0.0,-1.0,0.0));
#4081=DIRECTION('',(0.0,0.0,-1.0));
#4082=ORIENTED_EDGE('',*,*,#4866,.T.);
#4083=ORIENTED_EDGE('',*,*,#5435,.T.);
#4084=ORIENTED_EDGE('',*,*,#5430,.T.);
#4085=ORIENTED_EDGE('',*,*,#5436,.T.);
#4086=ORIENTED_EDGE('',*,*,#5437,.F.);
#4087=CARTESIAN_POINT('',(-3.75,-1.8,-1.8));
#4088=DIRECTION('',(-1.0,0.0,0.0));
#4089=DIRECTION('',(0.0,0.0,1.0));
#4090=ORIENTED_EDGE('',*,*,#5438,.F.);
#4091=ORIENTED_EDGE('',*,*,#5426,.T.);
#4092=ORIENTED_EDGE('',*,*,#5439,.T.);
#4093=ORIENTED_EDGE('',*,*,#5440,.T.);
#4094=ORIENTED_EDGE('',*,*,#5441,.T.);
#4095=ORIENTED_EDGE('',*,*,#5442,.T.);
#4096=ORIENTED_EDGE('',*,*,#5443,.T.);
#4097=ORIENTED_EDGE('',*,*,#5444,.T.);
#4098=ORIENTED_EDGE('',*,*,#5445,.T.);
#4099=ORIENTED_EDGE('',*,*,#5446,.F.);
#4100=ORIENTED_EDGE('',*,*,#4887,.T.);
#4101=ORIENTED_EDGE('',*,*,#5437,.T.);
#4102=CARTESIAN_POINT('',(6.0,-1.8,-1.8));
#4103=DIRECTION('',(0.0,0.0,1.0));
#4104=DIRECTION('',(1.0,0.0,0.0));
#4105=ORIENTED_EDGE('',*,*,#5447,.T.);
#4106=ORIENTED_EDGE('',*,*,#5448,.T.);
#4107=ORIENTED_EDGE('',*,*,#5432,.F.);
#4108=ORIENTED_EDGE('',*,*,#4864,.T.);
#4109=ORIENTED_EDGE('',*,*,#5446,.T.);
#4110=CARTESIAN_POINT('',(-4.65,-1.8,-1.8));
#4111=DIRECTION('',(1.0,0.0,0.0));
#4112=DIRECTION('',(0.0,1.0,0.0));
#4113=ORIENTED_EDGE('',*,*,#5433,.T.);
#4114=ORIENTED_EDGE('',*,*,#5448,.F.);
#4115=ORIENTED_EDGE('',*,*,#5449,.F.);
#4116=ORIENTED_EDGE('',*,*,#5450,.F.);
#4117=CARTESIAN_POINT('',(-5.05,1.14,-0.8));
#4118=DIRECTION('',(0.0,0.0,1.0));
#4119=DIRECTION('',(1.0,0.0,0.0));
#4120=ORIENTED_EDGE('',*,*,#5451,.F.);
#4121=ORIENTED_EDGE('',*,*,#5444,.F.);
#4122=ORIENTED_EDGE('',*,*,#5452,.F.);
#4123=ORIENTED_EDGE('',*,*,#5091,.F.);
#4124=ORIENTED_EDGE('',*,*,#5434,.T.);
#4125=ORIENTED_EDGE('',*,*,#5450,.T.);
#4126=CARTESIAN_POINT('',(-5.05,1.49,3.8));
#4127=DIRECTION('',(-1.0,0.0,0.0));
#4128=DIRECTION('',(0.0,0.0,1.0));
#4129=ORIENTED_EDGE('',*,*,#5452,.T.);
#4130=ORIENTED_EDGE('',*,*,#5443,.F.);
#4131=ORIENTED_EDGE('',*,*,#5453,.F.);
#4132=ORIENTED_EDGE('',*,*,#5092,.T.);
#4133=CARTESIAN_POINT('',(-4.65,1.49,3.8));
#4134=DIRECTION('',(-0.0,1.0,0.0));
#4135=DIRECTION('',(1.0,0.0,0.0));
#4136=ORIENTED_EDGE('',*,*,#5453,.T.);
#4137=ORIENTED_EDGE('',*,*,#5442,.F.);
#4138=ORIENTED_EDGE('',*,*,#5454,.F.);
#4139=ORIENTED_EDGE('',*,*,#5093,.T.);
#4140=CARTESIAN_POINT('',(-4.65,2.35,3.8));
#4141=DIRECTION('',(-1.0,0.0,0.0));
#4142=DIRECTION('',(0.0,0.0,1.0));
#4143=ORIENTED_EDGE('',*,*,#5454,.T.);
#4144=ORIENTED_EDGE('',*,*,#5441,.F.);
#4145=ORIENTED_EDGE('',*,*,#5455,.F.);
#4146=ORIENTED_EDGE('',*,*,#5094,.T.);
#4147=CARTESIAN_POINT('',(-3.75,2.35,3.8));
#4148=DIRECTION('',(-0.0,1.0,0.0));
#4149=DIRECTION('',(1.0,0.0,0.0));
#4150=ORIENTED_EDGE('',*,*,#5455,.T.);
#4151=ORIENTED_EDGE('',*,*,#5440,.F.);
#4152=ORIENTED_EDGE('',*,*,#5456,.F.);
#4153=ORIENTED_EDGE('',*,*,#5095,.T.);
#4154=CARTESIAN_POINT('',(-3.75,1.49,3.8));
#4155=DIRECTION('',(1.0,0.0,0.0));
#4156=DIRECTION('',(0.0,1.0,0.0));
#4157=ORIENTED_EDGE('',*,*,#5456,.T.);
#4158=ORIENTED_EDGE('',*,*,#5439,.F.);
#4159=ORIENTED_EDGE('',*,*,#5425,.F.);
#4160=ORIENTED_EDGE('',*,*,#5096,.T.);
#4161=CARTESIAN_POINT('',(-3.35,1.49,3.8));
#4162=DIRECTION('',(-0.0,1.0,0.0));
#4163=DIRECTION('',(1.0,0.0,0.0));
#4164=ORIENTED_EDGE('',*,*,#5451,.T.);
#4165=ORIENTED_EDGE('',*,*,#5449,.T.);
#4166=ORIENTED_EDGE('',*,*,#5447,.F.);
#4167=ORIENTED_EDGE('',*,*,#5445,.F.);
#4168=CARTESIAN_POINT('',(-5.05,1.14,-1.8));
#4169=DIRECTION('',(-0.0,1.0,0.0));
#4170=DIRECTION('',(1.0,0.0,0.0));
#4171=ORIENTED_EDGE('',*,*,#5438,.T.);
#4172=ORIENTED_EDGE('',*,*,#5436,.F.);
#4173=ORIENTED_EDGE('',*,*,#5429,.F.);
#4174=ORIENTED_EDGE('',*,*,#5427,.F.);
#4175=CARTESIAN_POINT('',(-3.35,1.14,-0.8));
#4176=DIRECTION('',(-0.0,1.0,0.0));
#4177=DIRECTION('',(1.0,0.0,0.0));
#4178=ORIENTED_EDGE('',*,*,#4822,.T.);
#4179=ORIENTED_EDGE('',*,*,#4882,.F.);
#4180=ORIENTED_EDGE('',*,*,#4908,.F.);
#4181=ORIENTED_EDGE('',*,*,#4845,.T.);
#4182=CARTESIAN_POINT('',(12.35,-0.35,-10.4));
#4183=DIRECTION('',(1.0,0.0,0.0));
#4184=DIRECTION('',(0.0,1.0,0.0));
#4185=ORIENTED_EDGE('',*,*,#4905,.T.);
#4186=ORIENTED_EDGE('',*,*,#4883,.F.);
#4187=ORIENTED_EDGE('',*,*,#4820,.F.);
#4188=ORIENTED_EDGE('',*,*,#4896,.T.);
#4189=CARTESIAN_POINT('',(3.8,-2.2,-10.4));
#4190=DIRECTION('',(-1.0,0.0,0.0));
#4191=DIRECTION('',(0.0,0.0,1.0));
#4192=ORIENTED_EDGE('',*,*,#4899,.T.);
#4193=ORIENTED_EDGE('',*,*,#5457,.T.);
#4194=ORIENTED_EDGE('',*,*,#5458,.T.);
#4195=ORIENTED_EDGE('',*,*,#4662,.F.);
#4196=CARTESIAN_POINT('',(3.35,-0.8,7.1));
#4197=DIRECTION('',(0.0,-1.0,0.0));
#4198=DIRECTION('',(0.0,0.0,-1.0));
#4199=ORIENTED_EDGE('',*,*,#4663,.F.);
#4200=ORIENTED_EDGE('',*,*,#5458,.F.);
#4201=ORIENTED_EDGE('',*,*,#5459,.F.);
#4202=ORIENTED_EDGE('',*,*,#4678,.F.);
#4203=CARTESIAN_POINT('',(2.7,-3.2,-10.4));
#4204=DIRECTION('',(1.0,0.0,0.0));
#4205=DIRECTION('',(0.0,1.0,0.0));
#4206=ORIENTED_EDGE('',*,*,#5459,.T.);
#4207=ORIENTED_EDGE('',*,*,#5457,.F.);
#4208=ORIENTED_EDGE('',*,*,#4898,.F.);
#4209=ORIENTED_EDGE('',*,*,#4794,.T.);
#4210=ORIENTED_EDGE('',*,*,#5460,.T.);
#4211=CARTESIAN_POINT('',(3.35,-2.2,7.1));
#4212=DIRECTION('',(0.0,0.0,1.0));
#4213=DIRECTION('',(1.0,0.0,0.0));
#4214=ORIENTED_EDGE('',*,*,#4679,.T.);
#4215=ORIENTED_EDGE('',*,*,#5460,.F.);
#4216=ORIENTED_EDGE('',*,*,#4793,.F.);
#4217=ORIENTED_EDGE('',*,*,#4688,.T.);
#4218=CARTESIAN_POINT('',(2.7,-3.2,-10.4));
#4219=DIRECTION('',(-1.0,0.0,0.0));
#4220=DIRECTION('',(0.0,0.0,1.0));
#4221=ORIENTED_EDGE('',*,*,#4637,.F.);
#4222=ORIENTED_EDGE('',*,*,#4817,.T.);
#4223=ORIENTED_EDGE('',*,*,#5461,.T.);
#4224=ORIENTED_EDGE('',*,*,#4798,.T.);
#4225=ORIENTED_EDGE('',*,*,#5462,.T.);
#4226=ORIENTED_EDGE('',*,*,#4683,.T.);
#4227=CARTESIAN_POINT('',(-0.3,-3.2,-10.4));
#4228=DIRECTION('',(1.0,0.0,0.0));
#4229=DIRECTION('',(0.0,1.0,0.0));
#4230=ORIENTED_EDGE('',*,*,#5463,.F.);
#4231=ORIENTED_EDGE('',*,*,#5464,.F.);
#4232=ORIENTED_EDGE('',*,*,#4723,.F.);
#4233=ORIENTED_EDGE('',*,*,#5465,.T.);
#4234=CARTESIAN_POINT('',(-0.3,-3.2,-10.4));
#4235=DIRECTION('',(1.0,0.0,0.0));
#4236=DIRECTION('',(0.0,1.0,0.0));
#4237=ORIENTED_EDGE('',*,*,#5466,.T.);
#4238=ORIENTED_EDGE('',*,*,#4684,.F.);
#4239=ORIENTED_EDGE('',*,*,#5462,.F.);
#4240=ORIENTED_EDGE('',*,*,#4800,.T.);
#4241=ORIENTED_EDGE('',*,*,#4773,.T.);
#4242=CARTESIAN_POINT('',(-1.8,-1.8,-0.53));
#4243=DIRECTION('',(0.0,0.258819045102493,-0.965925826289076));
#4244=DIRECTION('',(-1.0,0.0,0.0));
#4245=ORIENTED_EDGE('',*,*,#5467,.T.);
#4246=ORIENTED_EDGE('',*,*,#5468,.T.);
#4247=ORIENTED_EDGE('',*,*,#5466,.F.);
#4248=ORIENTED_EDGE('',*,*,#4772,.F.);
#4249=CARTESIAN_POINT('',(-1.8,-0.09597228928638,-0.07));
#4250=DIRECTION('',(0.0,-0.260619655578795,0.965441554484781));
#4251=DIRECTION('',(-1.0,0.0,0.0));
#4252=ORIENTED_EDGE('',*,*,#5469,.T.);
#4253=ORIENTED_EDGE('',*,*,#5470,.F.);
#4254=ORIENTED_EDGE('',*,*,#5471,.T.);
#4255=ORIENTED_EDGE('',*,*,#4685,.F.);
#4256=ORIENTED_EDGE('',*,*,#5468,.F.);
#4257=ORIENTED_EDGE('',*,*,#5472,.F.);
#4258=ORIENTED_EDGE('',*,*,#5473,.F.);
#4259=ORIENTED_EDGE('',*,*,#5474,.T.);
#4260=ORIENTED_EDGE('',*,*,#5475,.T.);
#4261=ORIENTED_EDGE('',*,*,#4721,.F.);
#4262=CARTESIAN_POINT('',(-0.632,1.5,-0.396));
#4263=DIRECTION('',(-1.0,0.0,0.0));
#4264=DIRECTION('',(0.0,0.0,1.0));
#4265=ORIENTED_EDGE('',*,*,#4722,.F.);
#4266=ORIENTED_EDGE('',*,*,#5475,.F.);
#4267=ORIENTED_EDGE('',*,*,#5476,.T.);
#4268=ORIENTED_EDGE('',*,*,#5465,.F.);
#4269=CARTESIAN_POINT('',(-0.466,1.5,2.574));
#4270=DIRECTION('',(-0.0,-1.0,0.0));
#4271=DIRECTION('',(-1.0,0.0,0.0));
#4272=ORIENTED_EDGE('',*,*,#4764,.F.);
#4273=ORIENTED_EDGE('',*,*,#5463,.T.);
#4274=ORIENTED_EDGE('',*,*,#5476,.F.);
#4275=ORIENTED_EDGE('',*,*,#5474,.F.);
#4276=ORIENTED_EDGE('',*,*,#5477,.F.);
#4277=ORIENTED_EDGE('',*,*,#4769,.T.);
#4278=CARTESIAN_POINT('',(-1.8,1.5,5.6));
#4279=DIRECTION('',(0.0,-1.0,0.0));
#4280=DIRECTION('',(0.0,0.0,-1.0));
#4281=ORIENTED_EDGE('',*,*,#5477,.T.);
#4282=ORIENTED_EDGE('',*,*,#5473,.T.);
#4283=ORIENTED_EDGE('',*,*,#5478,.F.);
#4284=ORIENTED_EDGE('',*,*,#4770,.F.);
#4285=CARTESIAN_POINT('',(-1.8,1.5,1.737296518422));
#4286=DIRECTION('',(0.0,-0.96726775277588,0.253757944584795));
#4287=DIRECTION('',(-1.0,0.0,0.0));
#4288=ORIENTED_EDGE('',*,*,#5478,.T.);
#4289=ORIENTED_EDGE('',*,*,#5472,.T.);
#4290=ORIENTED_EDGE('',*,*,#5467,.F.);
#4291=ORIENTED_EDGE('',*,*,#4771,.F.);
#4292=CARTESIAN_POINT('',(-1.8,1.22,0.67));
#4293=DIRECTION('',(0.0,-0.490143289314685,0.871641873672772));
#4294=DIRECTION('',(-1.0,0.0,0.0));
#4295=ORIENTED_EDGE('',*,*,#4686,.T.);
#4296=ORIENTED_EDGE('',*,*,#5471,.F.);
#4297=ORIENTED_EDGE('',*,*,#5479,.F.);
#4298=ORIENTED_EDGE('',*,*,#4766,.T.);
#4299=CARTESIAN_POINT('',(-1.8,-0.7,1.6));
#4300=DIRECTION('',(1.0,-0.0,0.0));
#4301=DIRECTION('',(0.0,0.0,1.0));
#4302=ORIENTED_EDGE('',*,*,#5479,.T.);
#4303=ORIENTED_EDGE('',*,*,#5470,.T.);
#4304=ORIENTED_EDGE('',*,*,#5480,.F.);
#4305=ORIENTED_EDGE('',*,*,#4767,.F.);
#4306=CARTESIAN_POINT('',(-1.8,-0.7,1.0));
#4307=DIRECTION('',(0.0,0.0,-1.0));
#4308=DIRECTION('',(0.0,-1.0,0.0));
#4309=ORIENTED_EDGE('',*,*,#5480,.T.);
#4310=ORIENTED_EDGE('',*,*,#5469,.F.);
#4311=ORIENTED_EDGE('',*,*,#4720,.F.);
#4312=ORIENTED_EDGE('',*,*,#4768,.T.);
#4313=CARTESIAN_POINT('',(-1.8,-0.6,2.3));
#4314=DIRECTION('',(1.0,-0.0,0.0));
#4315=DIRECTION('',(0.0,0.0,1.0));
#4316=ORIENTED_EDGE('',*,*,#4784,.T.);
#4317=ORIENTED_EDGE('',*,*,#4799,.T.);
#4318=ORIENTED_EDGE('',*,*,#5461,.F.);
#4319=ORIENTED_EDGE('',*,*,#4816,.F.);
#4320=CARTESIAN_POINT('',(-2.45,-2.2,-1.8));
#4321=DIRECTION('',(0.0,0.0,-1.0));
#4322=DIRECTION('',(0.0,-1.0,0.0));
#4323=ORIENTED_EDGE('',*,*,#4763,.F.);
#4324=ORIENTED_EDGE('',*,*,#5481,.T.);
#4325=ORIENTED_EDGE('',*,*,#5482,.T.);
#4326=ORIENTED_EDGE('',*,*,#5483,.T.);
#4327=ORIENTED_EDGE('',*,*,#5484,.T.);
#4328=ORIENTED_EDGE('',*,*,#5485,.T.);
#4329=ORIENTED_EDGE('',*,*,#5486,.T.);
#4330=ORIENTED_EDGE('',*,*,#5487,.T.);
#4331=ORIENTED_EDGE('',*,*,#4724,.T.);
#4332=ORIENTED_EDGE('',*,*,#5464,.T.);
#4333=CARTESIAN_POINT('',(-0.3,3.2,5.6));
#4334=DIRECTION('',(0.999945169365512,0.0,0.0104717841162501));
#4335=DIRECTION('',(0.0,-1.0,0.0));
#4336=ORIENTED_EDGE('',*,*,#4725,.T.);
#4337=ORIENTED_EDGE('',*,*,#5487,.F.);
#4338=ORIENTED_EDGE('',*,*,#5488,.F.);
#4339=ORIENTED_EDGE('',*,*,#5489,.T.);
#4340=CARTESIAN_POINT('',(3.1,-0.06372773291499,-7.95));
#4341=DIRECTION('',(0.0,-0.996194698091745,0.087155742747664));
#4342=DIRECTION('',(-1.0,0.0,0.0));
#4343=ORIENTED_EDGE('',*,*,#5489,.F.);
#4344=ORIENTED_EDGE('',*,*,#5490,.F.);
#4345=ORIENTED_EDGE('',*,*,#5491,.F.);
#4346=ORIENTED_EDGE('',*,*,#5492,.F.);
#4347=ORIENTED_EDGE('',*,*,#5493,.F.);
#4348=ORIENTED_EDGE('',*,*,#5494,.F.);
#4349=ORIENTED_EDGE('',*,*,#5495,.F.);
#4350=ORIENTED_EDGE('',*,*,#4733,.T.);
#4351=ORIENTED_EDGE('',*,*,#4672,.F.);
#4352=ORIENTED_EDGE('',*,*,#4726,.F.);
#4353=CARTESIAN_POINT('',(1.032442266843,3.2,-10.4));
#4354=DIRECTION('',(-0.999945169365512,0.0,0.0104717841162501));
#4355=DIRECTION('',(0.0,1.0,0.0));
#4356=ORIENTED_EDGE('',*,*,#5496,.T.);
#4357=ORIENTED_EDGE('',*,*,#5481,.F.);
#4358=ORIENTED_EDGE('',*,*,#5497,.F.);
#4359=ORIENTED_EDGE('',*,*,#5495,.T.);
#4360=CARTESIAN_POINT('',(3.1,2.8,5.6));
#4361=DIRECTION('',(0.0,0.99875443433478,-0.049895690160709));
#4362=DIRECTION('',(-1.0,0.0,0.0));
#4363=ORIENTED_EDGE('',*,*,#4762,.F.);
#4364=ORIENTED_EDGE('',*,*,#4760,.F.);
#4365=ORIENTED_EDGE('',*,*,#5498,.F.);
#4366=ORIENTED_EDGE('',*,*,#4736,.T.);
#4367=ORIENTED_EDGE('',*,*,#4734,.T.);
#4368=ORIENTED_EDGE('',*,*,#5497,.T.);
#4369=CARTESIAN_POINT('',(3.1,2.8,6.7));
#4370=DIRECTION('',(-0.0,1.0,0.0));
#4371=DIRECTION('',(1.0,0.0,0.0));
#4372=ORIENTED_EDGE('',*,*,#5498,.T.);
#4373=ORIENTED_EDGE('',*,*,#4759,.F.);
#4374=ORIENTED_EDGE('',*,*,#5499,.F.);
#4375=ORIENTED_EDGE('',*,*,#4737,.T.);
#4376=CARTESIAN_POINT('',(3.1,3.05,6.7));
#4377=DIRECTION('',(0.0,0.0,-1.0));
#4378=DIRECTION('',(0.0,-1.0,0.0));
#4379=ORIENTED_EDGE('',*,*,#5499,.T.);
#4380=ORIENTED_EDGE('',*,*,#4758,.F.);
#4381=ORIENTED_EDGE('',*,*,#5500,.F.);
#4382=ORIENTED_EDGE('',*,*,#4738,.T.);
#4383=CARTESIAN_POINT('',(3.1,3.05,7.8));
#4384=DIRECTION('',(-0.0,1.0,0.0));
#4385=DIRECTION('',(1.0,0.0,0.0));
#4386=ORIENTED_EDGE('',*,*,#5500,.T.);
#4387=ORIENTED_EDGE('',*,*,#4757,.F.);
#4388=ORIENTED_EDGE('',*,*,#5501,.F.);
#4389=ORIENTED_EDGE('',*,*,#4739,.T.);
#4390=CARTESIAN_POINT('',(3.1,3.3,7.8));
#4391=DIRECTION('',(0.0,0.0,-1.0));
#4392=DIRECTION('',(0.0,-1.0,0.0));
#4393=ORIENTED_EDGE('',*,*,#5501,.T.);
#4394=ORIENTED_EDGE('',*,*,#4756,.F.);
#4395=ORIENTED_EDGE('',*,*,#5502,.F.);
#4396=ORIENTED_EDGE('',*,*,#4740,.T.);
#4397=CARTESIAN_POINT('',(3.1,3.3,8.9));
#4398=DIRECTION('',(-0.0,1.0,0.0));
#4399=DIRECTION('',(1.0,0.0,0.0));
#4400=ORIENTED_EDGE('',*,*,#5502,.T.);
#4401=ORIENTED_EDGE('',*,*,#4755,.F.);
#4402=ORIENTED_EDGE('',*,*,#5503,.F.);
#4403=ORIENTED_EDGE('',*,*,#4741,.T.);
#4404=CARTESIAN_POINT('',(3.1,3.55,8.9));
#4405=DIRECTION('',(0.0,0.0,-1.0));
#4406=DIRECTION('',(0.0,-1.0,0.0));
#4407=ORIENTED_EDGE('',*,*,#5503,.T.);
#4408=ORIENTED_EDGE('',*,*,#4754,.F.);
#4409=ORIENTED_EDGE('',*,*,#4746,.F.);
#4410=ORIENTED_EDGE('',*,*,#4742,.T.);
#4411=CARTESIAN_POINT('',(3.1,3.55,10.4));
#4412=DIRECTION('',(-0.0,1.0,0.0));
#4413=DIRECTION('',(1.0,0.0,0.0));
#4414=ORIENTED_EDGE('',*,*,#5504,.T.);
#4415=ORIENTED_EDGE('',*,*,#5482,.F.);
#4416=ORIENTED_EDGE('',*,*,#5496,.F.);
#4417=ORIENTED_EDGE('',*,*,#5494,.T.);
#4418=CARTESIAN_POINT('',(3.1,1.287206441334,-9.65));
#4419=DIRECTION('',(1.0,-0.0,0.0));
#4420=DIRECTION('',(0.0,0.0,1.0));
#4421=ORIENTED_EDGE('',*,*,#5505,.T.);
#4422=ORIENTED_EDGE('',*,*,#5483,.F.);
#4423=ORIENTED_EDGE('',*,*,#5504,.F.);
#4424=ORIENTED_EDGE('',*,*,#5493,.T.);
#4425=CARTESIAN_POINT('',(3.1,1.287206441334,-10.4));
#4426=DIRECTION('',(0.0,0.0,-1.0));
#4427=DIRECTION('',(0.0,-1.0,0.0));
#4428=ORIENTED_EDGE('',*,*,#5506,.T.);
#4429=ORIENTED_EDGE('',*,*,#5484,.F.);
#4430=ORIENTED_EDGE('',*,*,#5505,.F.);
#4431=ORIENTED_EDGE('',*,*,#5492,.T.);
#4432=CARTESIAN_POINT('',(3.1,0.192187633765,-10.4));
#4433=DIRECTION('',(0.0,-0.615661475325695,-0.788010753606693));
#4434=DIRECTION('',(0.0,-0.788010753606693,0.615661475325695));
#4435=ORIENTED_EDGE('',*,*,#5507,.T.);
#4436=ORIENTED_EDGE('',*,*,#5485,.F.);
#4437=ORIENTED_EDGE('',*,*,#5506,.F.);
#4438=ORIENTED_EDGE('',*,*,#5491,.T.);
#4439=CARTESIAN_POINT('',(3.1,-1.663727732915,-8.95));
#4440=DIRECTION('',(0.0,-1.0,0.0));
#4441=DIRECTION('',(0.0,0.0,-1.0));
#4442=ORIENTED_EDGE('',*,*,#5488,.T.);
#4443=ORIENTED_EDGE('',*,*,#5486,.F.);
#4444=ORIENTED_EDGE('',*,*,#5507,.F.);
#4445=ORIENTED_EDGE('',*,*,#5490,.T.);
#4446=CARTESIAN_POINT('',(3.1,-1.663727732915,-7.95));
#4447=DIRECTION('',(0.0,0.0,1.0));
#4448=DIRECTION('',(1.0,0.0,0.0));
#4449=ORIENTED_EDGE('',*,*,#4656,.T.);
#4450=ORIENTED_EDGE('',*,*,#5508,.T.);
#4451=ORIENTED_EDGE('',*,*,#5509,.F.);
#4452=ORIENTED_EDGE('',*,*,#4618,.F.);
#4453=CARTESIAN_POINT('',(9.9,-3.2,10.4));
#4454=DIRECTION('',(0.707106781186548,0.707106781186548,0.0));
#4455=DIRECTION('',(0.0,0.0,-1.0));
#4456=ORIENTED_EDGE('',*,*,#5510,.T.);
#4457=ORIENTED_EDGE('',*,*,#5511,.T.);
#4458=ORIENTED_EDGE('',*,*,#5512,.T.);
#4459=ORIENTED_EDGE('',*,*,#4607,.T.);
#4460=CARTESIAN_POINT('',(0.0,-3.2,-1.1));
#4461=DIRECTION('',(0.0,0.0,1.0));
#4462=DIRECTION('',(1.0,0.0,0.0));
#4463=ORIENTED_EDGE('',*,*,#5509,.T.);
#4464=ORIENTED_EDGE('',*,*,#5513,.T.);
#4465=ORIENTED_EDGE('',*,*,#5514,.T.);
#4466=ORIENTED_EDGE('',*,*,#4619,.T.);
#4467=CARTESIAN_POINT('',(0.0,-3.2,-1.1));
#4468=DIRECTION('',(0.0,0.0,1.0));
#4469=DIRECTION('',(1.0,0.0,0.0));
#4470=ORIENTED_EDGE('',*,*,#5512,.F.);
#4471=ORIENTED_EDGE('',*,*,#5515,.F.);
#4472=ORIENTED_EDGE('',*,*,#4646,.T.);
#4473=ORIENTED_EDGE('',*,*,#4608,.T.);
#4474=CARTESIAN_POINT('',(-8.6,-2.8,10.4));
#4475=DIRECTION('',(-0.707106781186548,0.707106781186548,0.0));
#4476=DIRECTION('',(0.0,0.0,1.0));
#4477=ORIENTED_EDGE('',*,*,#5515,.T.);
#4478=ORIENTED_EDGE('',*,*,#5511,.F.);
#4479=ORIENTED_EDGE('',*,*,#5516,.F.);
#4480=ORIENTED_EDGE('',*,*,#4647,.T.);
#4481=CARTESIAN_POINT('',(-4.8,-2.8,10.4));
#4482=DIRECTION('',(-0.0,1.0,0.0));
#4483=DIRECTION('',(1.0,0.0,0.0));
#4484=ORIENTED_EDGE('',*,*,#4648,.T.);
#4485=ORIENTED_EDGE('',*,*,#5516,.T.);
#4486=ORIENTED_EDGE('',*,*,#5510,.F.);
#4487=ORIENTED_EDGE('',*,*,#4606,.F.);
#4488=CARTESIAN_POINT('',(-4.4,-3.2,10.4));
#4489=DIRECTION('',(0.707106781186548,0.707106781186548,0.0));
#4490=DIRECTION('',(0.0,0.0,-1.0));
#4491=ORIENTED_EDGE('',*,*,#5514,.F.);
#4492=ORIENTED_EDGE('',*,*,#5517,.F.);
#4493=ORIENTED_EDGE('',*,*,#4654,.T.);
#4494=ORIENTED_EDGE('',*,*,#4620,.T.);
#4495=CARTESIAN_POINT('',(3.9,-2.8,10.4));
#4496=DIRECTION('',(-0.274721127897404,-0.961523947640816,0.0));
#4497=DIRECTION('',(-0.961523947640816,0.274721127897404,0.0));
#4498=ORIENTED_EDGE('',*,*,#5517,.T.);
#4499=ORIENTED_EDGE('',*,*,#5513,.F.);
#4500=ORIENTED_EDGE('',*,*,#5508,.F.);
#4501=ORIENTED_EDGE('',*,*,#4655,.T.);
#4502=CARTESIAN_POINT('',(9.5,-2.8,10.4));
#4503=DIRECTION('',(-0.0,1.0,0.0));
#4504=DIRECTION('',(1.0,0.0,0.0));
#4505=ORIENTED_EDGE('',*,*,#4653,.T.);
#4506=ORIENTED_EDGE('',*,*,#5518,.T.);
#4507=ORIENTED_EDGE('',*,*,#4631,.F.);
#4508=ORIENTED_EDGE('',*,*,#4622,.F.);
#4509=CARTESIAN_POINT('',(2.15,-3.2,10.4));
#4510=DIRECTION('',(1.0,0.0,0.0));
#4511=DIRECTION('',(0.0,1.0,0.0));
#4512=ORIENTED_EDGE('',*,*,#5519,.T.);
#4513=ORIENTED_EDGE('',*,*,#4632,.F.);
#4514=ORIENTED_EDGE('',*,*,#5518,.F.);
#4515=ORIENTED_EDGE('',*,*,#4652,.T.);
#4516=CARTESIAN_POINT('',(2.15,-3.1,10.4));
#4517=DIRECTION('',(-0.0,1.0,0.0));
#4518=DIRECTION('',(1.0,0.0,0.0));
#4519=ORIENTED_EDGE('',*,*,#4633,.F.);
#4520=ORIENTED_EDGE('',*,*,#5519,.F.);
#4521=ORIENTED_EDGE('',*,*,#4651,.F.);
#4522=ORIENTED_EDGE('',*,*,#4624,.T.);
#4523=CARTESIAN_POINT('',(0.95,-3.1,10.4));
#4524=DIRECTION('',(-1.0,0.0,0.0));
#4525=DIRECTION('',(0.0,0.0,1.0));
#4526=ORIENTED_EDGE('',*,*,#4650,.T.);
#4527=ORIENTED_EDGE('',*,*,#5520,.T.);
#4528=ORIENTED_EDGE('',*,*,#4628,.F.);
#4529=ORIENTED_EDGE('',*,*,#4626,.F.);
#4530=CARTESIAN_POINT('',(-0.05,-3.2,10.4));
#4531=DIRECTION('',(1.0,0.0,0.0));
#4532=DIRECTION('',(0.0,1.0,0.0));
#4533=ORIENTED_EDGE('',*,*,#4634,.T.);
#4534=ORIENTED_EDGE('',*,*,#4629,.F.);
#4535=ORIENTED_EDGE('',*,*,#5520,.F.);
#4536=ORIENTED_EDGE('',*,*,#4649,.T.);
#4537=CARTESIAN_POINT('',(-0.05,-3.1,10.4));
#4538=DIRECTION('',(-0.0,1.0,0.0));
#4539=DIRECTION('',(1.0,0.0,0.0));
#4540=CARTESIAN_POINT('',(5.65,-1.0,-3.3));
#4541=VECTOR('',#5521,6.6);
#4542=CARTESIAN_POINT('',(5.65,-1.0,-9.9));
#4543=VECTOR('',#5522,1.1);
#4544=CARTESIAN_POINT('',(4.55,-1.0,-9.9));
#4545=VECTOR('',#5523,6.6);
#4546=CARTESIAN_POINT('',(4.55,-1.0,-3.3));
#4547=VECTOR('',#5524,1.1);
#4548=CARTESIAN_POINT('',(7.65,-1.0,-3.3));
#4549=VECTOR('',#5525,6.6);
#4550=CARTESIAN_POINT('',(7.65,-1.0,-9.9));
#4551=VECTOR('',#5526,1.1);
#4552=CARTESIAN_POINT('',(6.55,-1.0,-9.9));
#4553=VECTOR('',#5527,6.6);
#4554=CARTESIAN_POINT('',(6.55,-1.0,-3.3));
#4555=VECTOR('',#5528,1.1);
#4556=CARTESIAN_POINT('',(9.65,-1.0,-3.3));
#4557=VECTOR('',#5529,6.6);
#4558=CARTESIAN_POINT('',(9.65,-1.0,-9.9));
#4559=VECTOR('',#5530,1.1);
#4560=CARTESIAN_POINT('',(8.55,-1.0,-9.9));
#4561=VECTOR('',#5531,6.6);
#4562=CARTESIAN_POINT('',(8.55,-1.0,-3.3));
#4563=VECTOR('',#5532,1.1);
#4564=CARTESIAN_POINT('',(11.65,-1.0,-3.3));
#4565=VECTOR('',#5533,6.6);
#4566=CARTESIAN_POINT('',(11.65,-1.0,-9.9));
#4567=VECTOR('',#5534,1.1);
#4568=CARTESIAN_POINT('',(10.55,-1.0,-9.9));
#4569=VECTOR('',#5535,6.6);
#4570=CARTESIAN_POINT('',(10.55,-1.0,-3.3));
#4571=VECTOR('',#5536,1.1);
#4572=CARTESIAN_POINT('',(-3.65,-1.0,-3.3));
#4573=VECTOR('',#5537,6.6);
#4574=CARTESIAN_POINT('',(-3.65,-1.0,-9.9));
#4575=VECTOR('',#5538,1.1);
#4576=CARTESIAN_POINT('',(-4.75,-1.0,-9.9));
#4577=VECTOR('',#5539,6.6);
#4578=CARTESIAN_POINT('',(-4.75,-1.0,-3.3));
#4579=VECTOR('',#5540,1.1);
#4580=CARTESIAN_POINT('',(-5.65,-1.0,-3.3));
#4581=VECTOR('',#5541,6.6);
#4582=CARTESIAN_POINT('',(-5.65,-1.0,-9.9));
#4583=VECTOR('',#5542,1.1);
#4584=CARTESIAN_POINT('',(-6.75,-1.0,-9.9));
#4585=VECTOR('',#5543,6.6);
#4586=CARTESIAN_POINT('',(-6.75,-1.0,-3.3));
#4587=VECTOR('',#5544,1.1);
#4588=CARTESIAN_POINT('',(-7.65,-1.0,-3.3));
#4589=VECTOR('',#5545,6.6);
#4590=CARTESIAN_POINT('',(-7.65,-1.0,-9.9));
#4591=VECTOR('',#5546,1.1);
#4592=CARTESIAN_POINT('',(-8.75,-1.0,-9.9));
#4593=VECTOR('',#5547,6.6);
#4594=CARTESIAN_POINT('',(-8.75,-1.0,-3.3));
#4595=VECTOR('',#5548,1.1);
#4596=CARTESIAN_POINT('',(-9.65,-1.0,-3.3));
#4597=VECTOR('',#5549,6.6);
#4598=CARTESIAN_POINT('',(-9.65,-1.0,-9.9));
#4599=VECTOR('',#5550,1.1);
#4600=CARTESIAN_POINT('',(-10.75,-1.0,-9.9));
#4601=VECTOR('',#5551,6.6);
#4602=CARTESIAN_POINT('',(-10.75,-1.0,-3.3));
#4603=VECTOR('',#5552,1.1);
#4604=EDGE_CURVE('',#5553,#5554,#5555,.T.);
#4605=EDGE_CURVE('',#5556,#5553,#5557,.T.);
#4606=EDGE_CURVE('',#5556,#5558,#5559,.T.);
#4607=EDGE_CURVE('',#5560,#5558,#5561,.T.);
#4608=EDGE_CURVE('',#5562,#5560,#5563,.T.);
#4609=EDGE_CURVE('',#5564,#5562,#5565,.T.);
#4610=EDGE_CURVE('',#5566,#5564,#5567,.T.);
#4611=EDGE_CURVE('',#5568,#5566,#5569,.T.);
#4612=EDGE_CURVE('',#5570,#5568,#5571,.T.);
#4613=EDGE_CURVE('',#5570,#5572,#5573,.T.);
#4614=EDGE_CURVE('',#5572,#5574,#5575,.T.);
#4615=EDGE_CURVE('',#5576,#5574,#5577,.T.);
#4616=EDGE_CURVE('',#5578,#5576,#5579,.T.);
#4617=EDGE_CURVE('',#5580,#5578,#5581,.T.);
#4618=EDGE_CURVE('',#5580,#5582,#5583,.T.);
#4619=EDGE_CURVE('',#5584,#5582,#5585,.T.);
#4620=EDGE_CURVE('',#5586,#5584,#5587,.T.);
#4621=EDGE_CURVE('',#5588,#5586,#5589,.T.);
#4622=EDGE_CURVE('',#5588,#5590,#5591,.T.);
#4623=EDGE_CURVE('',#5592,#5590,#5593,.T.);
#4624=EDGE_CURVE('',#5594,#5592,#5595,.T.);
#4625=EDGE_CURVE('',#5596,#5594,#5597,.T.);
#4626=EDGE_CURVE('',#5596,#5598,#5599,.T.);
#4627=EDGE_CURVE('',#5554,#5598,#5600,.T.);
#4628=EDGE_CURVE('',#5598,#5601,#5602,.T.);
#4629=EDGE_CURVE('',#5601,#5603,#5604,.T.);
#4630=EDGE_CURVE('',#5603,#5554,#5605,.T.);
#4631=EDGE_CURVE('',#5590,#5606,#5607,.T.);
#4632=EDGE_CURVE('',#5606,#5608,#5609,.T.);
#4633=EDGE_CURVE('',#5608,#5592,#5610,.T.);
#4634=EDGE_CURVE('',#5611,#5603,#5612,.T.);
#4635=EDGE_CURVE('',#5553,#5611,#5613,.T.);
#4636=EDGE_CURVE('',#5614,#5615,#5616,.T.);
#4637=EDGE_CURVE('',#5615,#5617,#5618,.T.);
#4638=EDGE_CURVE('',#5619,#5617,#5620,.T.);
#4639=EDGE_CURVE('',#5621,#5619,#5622,.T.);
#4640=EDGE_CURVE('',#5623,#5621,#5624,.T.);
#4641=EDGE_CURVE('',#5625,#5623,#5626,.T.);
#4642=EDGE_CURVE('',#5627,#5625,#5628,.T.);
#4643=EDGE_CURVE('',#5627,#5629,#5630,.T.);
#4644=EDGE_CURVE('',#5631,#5629,#5632,.T.);
#4645=EDGE_CURVE('',#5564,#5631,#5633,.T.);
#4646=EDGE_CURVE('',#5634,#5562,#5635,.T.);
#4647=EDGE_CURVE('',#5636,#5634,#5637,.T.);
#4648=EDGE_CURVE('',#5556,#5636,#5638,.T.);
#4649=EDGE_CURVE('',#5639,#5611,#5640,.T.);
#4650=EDGE_CURVE('',#5596,#5639,#5641,.T.);
#4651=EDGE_CURVE('',#5594,#5642,#5643,.T.);
#4652=EDGE_CURVE('',#5644,#5642,#5645,.T.);
#4653=EDGE_CURVE('',#5588,#5644,#5646,.T.);
#4654=EDGE_CURVE('',#5647,#5586,#5648,.T.);
#4655=EDGE_CURVE('',#5649,#5647,#5650,.T.);
#4656=EDGE_CURVE('',#5580,#5649,#5651,.T.);
#4657=EDGE_CURVE('',#5578,#5652,#5653,.T.);
#4658=EDGE_CURVE('',#5654,#5652,#5655,.T.);
#4659=EDGE_CURVE('',#5656,#5654,#5657,.T.);
#4660=EDGE_CURVE('',#5658,#5656,#5659,.T.);
#4661=EDGE_CURVE('',#5658,#5660,#5661,.T.);
#4662=EDGE_CURVE('',#5660,#5662,#5663,.T.);
#4663=EDGE_CURVE('',#5662,#5664,#5665,.T.);
#4664=EDGE_CURVE('',#5664,#5666,#5667,.T.);
#4665=EDGE_CURVE('',#5666,#5614,#5668,.T.);
#4666=EDGE_CURVE('',#5669,#5670,#5671,.T.);
#4667=EDGE_CURVE('',#5672,#5669,#5673,.T.);
#4668=EDGE_CURVE('',#5674,#5672,#5675,.T.);
#4669=EDGE_CURVE('',#5614,#5674,#5676,.T.);
#4670=EDGE_CURVE('',#5666,#5670,#5677,.T.);
#4671=EDGE_CURVE('',#5678,#5679,#5680,.T.);
#4672=EDGE_CURVE('',#5679,#5681,#5682,.T.);
#4673=EDGE_CURVE('',#5681,#5683,#5684,.T.);
#4674=EDGE_CURVE('',#5678,#5683,#5685,.T.);
#4675=EDGE_CURVE('',#5686,#5687,#5688,.T.);
#4676=EDGE_CURVE('',#5687,#5689,#5690,.T.);
#4677=EDGE_CURVE('',#5670,#5689,#5691,.T.);
#4678=EDGE_CURVE('',#5664,#5692,#5693,.T.);
#4679=EDGE_CURVE('',#5694,#5692,#5695,.T.);
#4680=EDGE_CURVE('',#5686,#5694,#5696,.T.);
#4681=EDGE_CURVE('',#5697,#5698,#5699,.T.);
#4682=EDGE_CURVE('',#5619,#5698,#5700,.T.);
#4683=EDGE_CURVE('',#5701,#5617,#5702,.T.);
#4684=EDGE_CURVE('',#5701,#5703,#5704,.T.);
#4685=EDGE_CURVE('',#5703,#5705,#5706,.T.);
#4686=EDGE_CURVE('',#5707,#5705,#5708,.T.);
#4687=EDGE_CURVE('',#5707,#5697,#5709,.T.);
#4688=EDGE_CURVE('',#5710,#5694,#5711,.T.);
#4689=EDGE_CURVE('',#5712,#5710,#5713,.T.);
#4690=EDGE_CURVE('',#5712,#5714,#5715,.T.);
#4691=EDGE_CURVE('',#5716,#5714,#5717,.T.);
#4692=EDGE_CURVE('',#5718,#5716,#5719,.T.);
#4693=EDGE_CURVE('',#5720,#5718,#5721,.T.);
#4694=EDGE_CURVE('',#5720,#5722,#5723,.T.);
#4695=EDGE_CURVE('',#5724,#5722,#5725,.T.);
#4696=EDGE_CURVE('',#5726,#5724,#5727,.T.);
#4697=EDGE_CURVE('',#5726,#5728,#5729,.T.);
#4698=EDGE_CURVE('',#5730,#5728,#5731,.T.);
#4699=EDGE_CURVE('',#5730,#5686,#5732,.T.);
#4700=EDGE_CURVE('',#5730,#5733,#5734,.T.);
#4701=EDGE_CURVE('',#5733,#5687,#5735,.T.);
#4702=EDGE_CURVE('',#5736,#5737,#5738,.T.);
#4703=EDGE_CURVE('',#5739,#5736,#5740,.T.);
#4704=EDGE_CURVE('',#5739,#5741,#5742,.T.);
#4705=EDGE_CURVE('',#5741,#5743,#5744,.T.);
#4706=EDGE_CURVE('',#5743,#5689,#5745,.T.);
#4707=EDGE_CURVE('',#5733,#5746,#5747,.T.);
#4708=EDGE_CURVE('',#5748,#5746,#5749,.T.);
#4709=EDGE_CURVE('',#5748,#5737,#5750,.T.);
#4710=EDGE_CURVE('',#5751,#5724,#5752,.T.);
#4711=EDGE_CURVE('',#5751,#5753,#5754,.T.);
#4712=EDGE_CURVE('',#5753,#5755,#5756,.T.);
#4713=EDGE_CURVE('',#5755,#5757,#5758,.T.);
#4714=EDGE_CURVE('',#5759,#5757,#5760,.T.);
#4715=EDGE_CURVE('',#5761,#5759,#5762,.T.);
#4716=EDGE_CURVE('',#5761,#5763,#5764,.T.);
#4717=EDGE_CURVE('',#5765,#5763,#5766,.T.);
#4718=EDGE_CURVE('',#5765,#5767,#5768,.T.);
#4719=EDGE_CURVE('',#5769,#5767,#5770,.T.);
#4720=EDGE_CURVE('',#5769,#5771,#5772,.T.);
#4721=EDGE_CURVE('',#5771,#5773,#5774,.T.);
#4722=EDGE_CURVE('',#5773,#5775,#5776,.T.);
#4723=EDGE_CURVE('',#5775,#5777,#5778,.T.);
#4724=EDGE_CURVE('',#5779,#5777,#5780,.T.);
#4725=EDGE_CURVE('',#5781,#5779,#5782,.T.);
#4726=EDGE_CURVE('',#5781,#5679,#5783,.T.);
#4727=EDGE_CURVE('',#5678,#5737,#5784,.T.);
#4728=EDGE_CURVE('',#5726,#5748,#5785,.T.);
#4729=EDGE_CURVE('',#5728,#5746,#5786,.T.);
#4730=EDGE_CURVE('',#5683,#5736,#5787,.T.);
#4731=EDGE_CURVE('',#5720,#5739,#5788,.T.);
#4732=EDGE_CURVE('',#5681,#5722,#5789,.T.);
#4733=EDGE_CURVE('',#5790,#5681,#5791,.T.);
#4734=EDGE_CURVE('',#5792,#5790,#5793,.T.);
#4735=EDGE_CURVE('',#5751,#5792,#5794,.T.);
#4736=EDGE_CURVE('',#5795,#5792,#5796,.T.);
#4737=EDGE_CURVE('',#5797,#5795,#5798,.T.);
#4738=EDGE_CURVE('',#5799,#5797,#5800,.T.);
#4739=EDGE_CURVE('',#5801,#5799,#5802,.T.);
#4740=EDGE_CURVE('',#5803,#5801,#5804,.T.);
#4741=EDGE_CURVE('',#5805,#5803,#5806,.T.);
#4742=EDGE_CURVE('',#5807,#5805,#5808,.T.);
#4743=EDGE_CURVE('',#5753,#5807,#5809,.T.);
#4744=EDGE_CURVE('',#5810,#5811,#5812,.T.);
#4745=EDGE_CURVE('',#5755,#5810,#5813,.T.);
#4746=EDGE_CURVE('',#5807,#5814,#5815,.T.);
#4747=EDGE_CURVE('',#5763,#5814,#5816,.T.);
#4748=EDGE_CURVE('',#5761,#5811,#5817,.T.);
#4749=EDGE_CURVE('',#5818,#5759,#5819,.T.);
#4750=EDGE_CURVE('',#5811,#5818,#5820,.T.);
#4751=EDGE_CURVE('',#5821,#5818,#5822,.T.);
#4752=EDGE_CURVE('',#5810,#5821,#5823,.T.);
#4753=EDGE_CURVE('',#5757,#5821,#5824,.T.);
#4754=EDGE_CURVE('',#5814,#5825,#5826,.T.);
#4755=EDGE_CURVE('',#5825,#5827,#5828,.T.);
#4756=EDGE_CURVE('',#5827,#5829,#5830,.T.);
#4757=EDGE_CURVE('',#5829,#5831,#5832,.T.);
#4758=EDGE_CURVE('',#5831,#5833,#5834,.T.);
#4759=EDGE_CURVE('',#5833,#5835,#5836,.T.);
#4760=EDGE_CURVE('',#5835,#5837,#5838,.T.);
#4761=EDGE_CURVE('',#5765,#5837,#5839,.T.);
#4762=EDGE_CURVE('',#5837,#5840,#5841,.T.);
#4763=EDGE_CURVE('',#5840,#5842,#5843,.T.);
#4764=EDGE_CURVE('',#5842,#5844,#5845,.T.);
#4765=EDGE_CURVE('',#5767,#5844,#5846,.T.);
#4766=EDGE_CURVE('',#5847,#5707,#5848,.T.);
#4767=EDGE_CURVE('',#5847,#5849,#5850,.T.);
#4768=EDGE_CURVE('',#5769,#5849,#5851,.T.);
#4769=EDGE_CURVE('',#5852,#5844,#5853,.T.);
#4770=EDGE_CURVE('',#5852,#5854,#5855,.T.);
#4771=EDGE_CURVE('',#5854,#5856,#5857,.T.);
#4772=EDGE_CURVE('',#5856,#5858,#5859,.T.);
#4773=EDGE_CURVE('',#5860,#5858,#5861,.T.);
#4774=EDGE_CURVE('',#5862,#5860,#5863,.T.);
#4775=EDGE_CURVE('',#5862,#5697,#5864,.T.);
#4776=EDGE_CURVE('',#5865,#5862,#5866,.T.);
#4777=EDGE_CURVE('',#5865,#5698,#5867,.T.);
#4778=EDGE_CURVE('',#5868,#5865,#5869,.T.);
#4779=EDGE_CURVE('',#5868,#5870,#5871,.T.);
#4780=EDGE_CURVE('',#5870,#5872,#5873,.T.);
#4781=EDGE_CURVE('',#5698,#5872,#5874,.T.);
#4782=EDGE_CURVE('',#5872,#5621,#5875,.T.);
#4783=EDGE_CURVE('',#5623,#5870,#5876,.T.);
#4784=EDGE_CURVE('',#5877,#5878,#5879,.T.);
#4785=EDGE_CURVE('',#5880,#5877,#5881,.T.);
#4786=EDGE_CURVE('',#5880,#5882,#5883,.T.);
#4787=EDGE_CURVE('',#5884,#5882,#5885,.T.);
#4788=EDGE_CURVE('',#5886,#5884,#5887,.T.);
#4789=EDGE_CURVE('',#5888,#5886,#5889,.T.);
#4790=EDGE_CURVE('',#5888,#5890,#5891,.T.);
#4791=EDGE_CURVE('',#5625,#5890,#5892,.T.);
#4792=EDGE_CURVE('',#5878,#5868,#5893,.T.);
#4793=EDGE_CURVE('',#5710,#5894,#5895,.T.);
#4794=EDGE_CURVE('',#5896,#5894,#5897,.T.);
#4795=EDGE_CURVE('',#5896,#5898,#5899,.T.);
#4796=EDGE_CURVE('',#5898,#5672,#5900,.T.);
#4797=EDGE_CURVE('',#5712,#5669,#5901,.T.);
#4798=EDGE_CURVE('',#5902,#5903,#5904,.T.);
#4799=EDGE_CURVE('',#5878,#5902,#5905,.T.);
#4800=EDGE_CURVE('',#5903,#5860,#5906,.T.);
#4801=EDGE_CURVE('',#5714,#5689,#5907,.T.);
#4802=EDGE_CURVE('',#5716,#5743,#5908,.T.);
#4803=EDGE_CURVE('',#5718,#5741,#5909,.T.);
#4804=EDGE_CURVE('',#5910,#5898,#5911,.T.);
#4805=EDGE_CURVE('',#5910,#5674,#5912,.T.);
#4806=EDGE_CURVE('',#5913,#5914,#5915,.T.);
#4807=EDGE_CURVE('',#5916,#5913,#5917,.T.);
#4808=EDGE_CURVE('',#5916,#5918,#5919,.T.);
#4809=EDGE_CURVE('',#5918,#5920,#5921,.T.);
#4810=EDGE_CURVE('',#5920,#5922,#5923,.T.);
#4811=EDGE_CURVE('',#5924,#5922,#5925,.T.);
#4812=EDGE_CURVE('',#5924,#5926,#5927,.T.);
#4813=EDGE_CURVE('',#5928,#5926,#5929,.T.);
#4814=EDGE_CURVE('',#5930,#5928,#5931,.T.);
#4815=EDGE_CURVE('',#5880,#5930,#5932,.T.);
#4816=EDGE_CURVE('',#5877,#5933,#5934,.T.);
#4817=EDGE_CURVE('',#5615,#5933,#5935,.T.);
#4818=EDGE_CURVE('',#5936,#5910,#5937,.T.);
#4819=EDGE_CURVE('',#5938,#5936,#5939,.T.);
#4820=EDGE_CURVE('',#5938,#5940,#5941,.T.);
#4821=EDGE_CURVE('',#5942,#5940,#5943,.T.);
#4822=EDGE_CURVE('',#5944,#5942,#5945,.T.);
#4823=EDGE_CURVE('',#5946,#5944,#5947,.T.);
#4824=EDGE_CURVE('',#5948,#5946,#5949,.T.);
#4825=EDGE_CURVE('',#5948,#5914,#5950,.T.);
#4826=EDGE_CURVE('',#5951,#5948,#5952,.T.);
#4827=EDGE_CURVE('',#5951,#5953,#5954,.T.);
#4828=EDGE_CURVE('',#5914,#5953,#5955,.T.);
#4829=EDGE_CURVE('',#5574,#5953,#5956,.T.);
#4830=EDGE_CURVE('',#5913,#5572,#5957,.T.);
#4831=EDGE_CURVE('',#5916,#5570,#5958,.T.);
#4832=EDGE_CURVE('',#5568,#5959,#5960,.T.);
#4833=EDGE_CURVE('',#5959,#5918,#5961,.T.);
#4834=EDGE_CURVE('',#5959,#5962,#5963,.T.);
#4835=EDGE_CURVE('',#5920,#5962,#5964,.T.);
#4836=EDGE_CURVE('',#5566,#5962,#5965,.T.);
#4837=EDGE_CURVE('',#5631,#5966,#5967,.T.);
#4838=EDGE_CURVE('',#5968,#5966,#5969,.T.);
#4839=EDGE_CURVE('',#5970,#5968,#5971,.T.);
#4840=EDGE_CURVE('',#5972,#5970,#5973,.T.);
#4841=EDGE_CURVE('',#5972,#5974,#5975,.T.);
#4842=EDGE_CURVE('',#5922,#5974,#5976,.T.);
#4843=EDGE_CURVE('',#5974,#5977,#5978,.T.);
#4844=EDGE_CURVE('',#5924,#5977,#5979,.T.);
#4845=EDGE_CURVE('',#5980,#5944,#5981,.T.);
#4846=EDGE_CURVE('',#5980,#5982,#5983,.T.);
#4847=EDGE_CURVE('',#5946,#5982,#5984,.T.);
#4848=EDGE_CURVE('',#5977,#5985,#5986,.T.);
#4849=EDGE_CURVE('',#5926,#5985,#5987,.T.);
#4850=EDGE_CURVE('',#5988,#5928,#5989,.T.);
#4851=EDGE_CURVE('',#5990,#5985,#5991,.T.);
#4852=EDGE_CURVE('',#5992,#5990,#5993,.T.);
#4853=EDGE_CURVE('',#5992,#5994,#5995,.T.);
#4854=EDGE_CURVE('',#5996,#5994,#5997,.T.);
#4855=EDGE_CURVE('',#5998,#5996,#5999,.T.);
#4856=EDGE_CURVE('',#6000,#5998,#6001,.T.);
#4857=EDGE_CURVE('',#6000,#6002,#6003,.T.);
#4858=EDGE_CURVE('',#6004,#6002,#6005,.T.);
#4859=EDGE_CURVE('',#6006,#6004,#6007,.T.);
#4860=EDGE_CURVE('',#6008,#6006,#6009,.T.);
#4861=EDGE_CURVE('',#6008,#6010,#6011,.T.);
#4862=EDGE_CURVE('',#6012,#6010,#6013,.T.);
#4863=EDGE_CURVE('',#6014,#6012,#6015,.T.);
#4864=EDGE_CURVE('',#6016,#6014,#6017,.T.);
#4865=EDGE_CURVE('',#6016,#6018,#6019,.T.);
#4866=EDGE_CURVE('',#6020,#6018,#6021,.T.);
#4867=EDGE_CURVE('',#5988,#6020,#6022,.T.);
#4868=EDGE_CURVE('',#6023,#6024,#6025,.T.);
#4869=EDGE_CURVE('',#6026,#6023,#6027,.T.);
#4870=EDGE_CURVE('',#6028,#6026,#6029,.T.);
#4871=EDGE_CURVE('',#6028,#6030,#6031,.T.);
#4872=EDGE_CURVE('',#6032,#6030,#6033,.T.);
#4873=EDGE_CURVE('',#6034,#6032,#6035,.T.);
#4874=EDGE_CURVE('',#6036,#6034,#6037,.T.);
#4875=EDGE_CURVE('',#6036,#6038,#6039,.T.);
#4876=EDGE_CURVE('',#6040,#6038,#6041,.T.);
#4877=EDGE_CURVE('',#6042,#6040,#6043,.T.);
#4878=EDGE_CURVE('',#6044,#6042,#6045,.T.);
#4879=EDGE_CURVE('',#6044,#6046,#6047,.T.);
#4880=EDGE_CURVE('',#6048,#6046,#6049,.T.);
#4881=EDGE_CURVE('',#6050,#6048,#6051,.T.);
#4882=EDGE_CURVE('',#6050,#5942,#6052,.T.);
#4883=EDGE_CURVE('',#5940,#6053,#6054,.T.);
#4884=EDGE_CURVE('',#6055,#6053,#6056,.T.);
#4885=EDGE_CURVE('',#6057,#6055,#6058,.T.);
#4886=EDGE_CURVE('',#6057,#6024,#6059,.T.);
#4887=EDGE_CURVE('',#6014,#6020,#6060,.T.);
#4888=EDGE_CURVE('',#6006,#6012,#6061,.T.);
#4889=EDGE_CURVE('',#5998,#6004,#6062,.T.);
#4890=EDGE_CURVE('',#5990,#5996,#6063,.T.);
#4891=EDGE_CURVE('',#5884,#5972,#6064,.T.);
#4892=EDGE_CURVE('',#6065,#5882,#6066,.T.);
#4893=EDGE_CURVE('',#6065,#5988,#6067,.T.);
#4894=EDGE_CURVE('',#6065,#5930,#6068,.T.);
#4895=EDGE_CURVE('',#6069,#6070,#6071,.T.);
#4896=EDGE_CURVE('',#5938,#6070,#6072,.T.);
#4897=EDGE_CURVE('',#5936,#6069,#6073,.T.);
#4898=EDGE_CURVE('',#5896,#6074,#6075,.T.);
#4899=EDGE_CURVE('',#5660,#6074,#6076,.T.);
#4900=EDGE_CURVE('',#5658,#6077,#6078,.T.);
#4901=EDGE_CURVE('',#6079,#6077,#6080,.T.);
#4902=EDGE_CURVE('',#6079,#6081,#6082,.T.);
#4903=EDGE_CURVE('',#6081,#6083,#6084,.T.);
#4904=EDGE_CURVE('',#6083,#6069,#6085,.T.);
#4905=EDGE_CURVE('',#6070,#6053,#6086,.T.);
#4906=EDGE_CURVE('',#6087,#6083,#6088,.T.);
#4907=EDGE_CURVE('',#6087,#5982,#6089,.T.);
#4908=EDGE_CURVE('',#5980,#6050,#6090,.T.);
#4909=EDGE_CURVE('',#6042,#6048,#6091,.T.);
#4910=EDGE_CURVE('',#6034,#6040,#6092,.T.);
#4911=EDGE_CURVE('',#6026,#6032,#6093,.T.);
#4912=EDGE_CURVE('',#6055,#6023,#6094,.T.);
#4913=EDGE_CURVE('',#6023,#6095,#6096,.T.);
#4914=EDGE_CURVE('',#6097,#6095,#6098,.T.);
#4915=EDGE_CURVE('',#6097,#6099,#6100,.T.);
#4916=EDGE_CURVE('',#6099,#6101,#6102,.T.);
#4917=EDGE_CURVE('',#6101,#6103,#6104,.T.);
#4918=EDGE_CURVE('',#6103,#6105,#6106,.T.);
#4919=EDGE_CURVE('',#6105,#6107,#6108,.T.);
#4920=EDGE_CURVE('',#6107,#6109,#6110,.T.);
#4921=EDGE_CURVE('',#6109,#6111,#6112,.T.);
#4922=EDGE_CURVE('',#6111,#6113,#6114,.T.);
#4923=EDGE_CURVE('',#6055,#6113,#6115,.T.);
#4924=EDGE_CURVE('',#6113,#6116,#6117,.T.);
#4925=EDGE_CURVE('',#6116,#6118,#6119,.T.);
#4926=EDGE_CURVE('',#6057,#6118,#6120,.T.);
#4927=EDGE_CURVE('',#6121,#6118,#6122,.T.);
#4928=EDGE_CURVE('',#6123,#6121,#6124,.T.);
#4929=EDGE_CURVE('',#6123,#6125,#6126,.T.);
#4930=EDGE_CURVE('',#6125,#6127,#6128,.T.);
#4931=EDGE_CURVE('',#6127,#6129,#6130,.T.);
#4932=EDGE_CURVE('',#6024,#6129,#6131,.T.);
#4933=EDGE_CURVE('',#6129,#6132,#6133,.T.);
#4934=EDGE_CURVE('',#6132,#6095,#6134,.T.);
#4935=EDGE_CURVE('',#6135,#6132,#6136,.T.);
#4936=EDGE_CURVE('',#6097,#6135,#6137,.T.);
#4937=EDGE_CURVE('',#6125,#6138,#6139,.T.);
#4938=EDGE_CURVE('',#6138,#6099,#6140,.T.);
#4939=EDGE_CURVE('',#6127,#6135,#6141,.T.);
#4940=EDGE_CURVE('',#6142,#6101,#6143,.T.);
#4941=EDGE_CURVE('',#6138,#6142,#6144,.T.);
#4942=EDGE_CURVE('',#6145,#6146,#6147,.T.);
#4943=EDGE_CURVE('',#6148,#6145,#6149,.T.);
#4944=EDGE_CURVE('',#6142,#6148,#6150,.T.);
#4945=EDGE_CURVE('',#6123,#6151,#6152,.T.);
#4946=EDGE_CURVE('',#6153,#6151,#6154,.T.);
#4947=EDGE_CURVE('',#6155,#6153,#6156,.T.);
#4948=EDGE_CURVE('',#6079,#6155,#6157,.T.);
#4949=EDGE_CURVE('',#6158,#6077,#6159,.T.);
#4950=EDGE_CURVE('',#6160,#6158,#6161,.T.);
#4951=EDGE_CURVE('',#6160,#6146,#6162,.T.);
#4952=EDGE_CURVE('',#6163,#6164,#6165,.T.);
#4953=EDGE_CURVE('',#6166,#6163,#6167,.T.);
#4954=EDGE_CURVE('',#6168,#6166,#6169,.T.);
#4955=EDGE_CURVE('',#6170,#6168,#6171,.T.);
#4956=EDGE_CURVE('',#6172,#6170,#6173,.T.);
#4957=EDGE_CURVE('',#6174,#6172,#6175,.T.);
#4958=EDGE_CURVE('',#6176,#6174,#6177,.T.);
#4959=EDGE_CURVE('',#6176,#6164,#6178,.T.);
#4960=EDGE_CURVE('',#6179,#6180,#6181,.T.);
#4961=EDGE_CURVE('',#6179,#6182,#6183,.T.);
#4962=EDGE_CURVE('',#6182,#6184,#6185,.T.);
#4963=EDGE_CURVE('',#6186,#6184,#6187,.T.);
#4964=EDGE_CURVE('',#6188,#6186,#6189,.T.);
#4965=EDGE_CURVE('',#6190,#6188,#6191,.T.);
#4966=EDGE_CURVE('',#6192,#6190,#6193,.T.);
#4967=EDGE_CURVE('',#6180,#6192,#6194,.T.);
#4968=EDGE_CURVE('',#6195,#6196,#6197,.T.);
#4969=EDGE_CURVE('',#6198,#6195,#6199,.T.);
#4970=EDGE_CURVE('',#6200,#6198,#6201,.T.);
#4971=EDGE_CURVE('',#6202,#6200,#6203,.T.);
#4972=EDGE_CURVE('',#6204,#6202,#6205,.T.);
#4973=EDGE_CURVE('',#6206,#6204,#6207,.T.);
#4974=EDGE_CURVE('',#6208,#6206,#6209,.T.);
#4975=EDGE_CURVE('',#6208,#6196,#6210,.T.);
#4976=EDGE_CURVE('',#6211,#6212,#6213,.T.);
#4977=EDGE_CURVE('',#6214,#6211,#6215,.T.);
#4978=EDGE_CURVE('',#6196,#6214,#6216,.T.);
#4979=EDGE_CURVE('',#6208,#6217,#6218,.T.);
#4980=EDGE_CURVE('',#6217,#6212,#6219,.T.);
#4981=EDGE_CURVE('',#6217,#6220,#6221,.T.);
#4982=EDGE_CURVE('',#6222,#6220,#6223,.T.);
#4983=EDGE_CURVE('',#6212,#6222,#6224,.T.);
#4984=EDGE_CURVE('',#6225,#6222,#6226,.T.);
#4985=EDGE_CURVE('',#6211,#6225,#6227,.T.);
#4986=EDGE_CURVE('',#6048,#6228,#6229,.T.);
#4987=EDGE_CURVE('',#6230,#6228,#6231,.T.);
#4988=EDGE_CURVE('',#6230,#6232,#6233,.T.);
#4989=EDGE_CURVE('',#6232,#6234,#6235,.T.);
#4990=EDGE_CURVE('',#6234,#6236,#6237,.T.);
#4991=EDGE_CURVE('',#6236,#6238,#6239,.T.);
#4992=EDGE_CURVE('',#6238,#6240,#6241,.T.);
#4993=EDGE_CURVE('',#6240,#6214,#6242,.T.);
#4994=EDGE_CURVE('',#6042,#6225,#6243,.T.);
#4995=EDGE_CURVE('',#6044,#6220,#6244,.T.);
#4996=EDGE_CURVE('',#6206,#6245,#6246,.T.);
#4997=EDGE_CURVE('',#6245,#6247,#6248,.T.);
#4998=EDGE_CURVE('',#6046,#6247,#6249,.T.);
#4999=EDGE_CURVE('',#6247,#6250,#6251,.T.);
#5000=EDGE_CURVE('',#6250,#6228,#6252,.T.);
#5001=EDGE_CURVE('',#6253,#6250,#6254,.T.);
#5002=EDGE_CURVE('',#6230,#6253,#6255,.T.);
#5003=EDGE_CURVE('',#6204,#6232,#6256,.T.);
#5004=EDGE_CURVE('',#6245,#6253,#6257,.T.);
#5005=EDGE_CURVE('',#6202,#6234,#6258,.T.);
#5006=EDGE_CURVE('',#6200,#6236,#6259,.T.);
#5007=EDGE_CURVE('',#6198,#6238,#6260,.T.);
#5008=EDGE_CURVE('',#6195,#6240,#6261,.T.);
#5009=EDGE_CURVE('',#6262,#6263,#6264,.T.);
#5010=EDGE_CURVE('',#6265,#6262,#6266,.T.);
#5011=EDGE_CURVE('',#6164,#6265,#6267,.T.);
#5012=EDGE_CURVE('',#6176,#6268,#6269,.T.);
#5013=EDGE_CURVE('',#6268,#6263,#6270,.T.);
#5014=EDGE_CURVE('',#6268,#6271,#6272,.T.);
#5015=EDGE_CURVE('',#6273,#6271,#6274,.T.);
#5016=EDGE_CURVE('',#6263,#6273,#6275,.T.);
#5017=EDGE_CURVE('',#6276,#6273,#6277,.T.);
#5018=EDGE_CURVE('',#6262,#6276,#6278,.T.);
#5019=EDGE_CURVE('',#6040,#6279,#6280,.T.);
#5020=EDGE_CURVE('',#6281,#6279,#6282,.T.);
#5021=EDGE_CURVE('',#6281,#6283,#6284,.T.);
#5022=EDGE_CURVE('',#6283,#6285,#6286,.T.);
#5023=EDGE_CURVE('',#6285,#6287,#6288,.T.);
#5024=EDGE_CURVE('',#6287,#6289,#6290,.T.);
#5025=EDGE_CURVE('',#6289,#6291,#6292,.T.);
#5026=EDGE_CURVE('',#6291,#6265,#6293,.T.);
#5027=EDGE_CURVE('',#6034,#6276,#6294,.T.);
#5028=EDGE_CURVE('',#6036,#6271,#6295,.T.);
#5029=EDGE_CURVE('',#6174,#6296,#6297,.T.);
#5030=EDGE_CURVE('',#6296,#6298,#6299,.T.);
#5031=EDGE_CURVE('',#6038,#6298,#6300,.T.);
#5032=EDGE_CURVE('',#6298,#6301,#6302,.T.);
#5033=EDGE_CURVE('',#6301,#6279,#6303,.T.);
#5034=EDGE_CURVE('',#6304,#6301,#6305,.T.);
#5035=EDGE_CURVE('',#6281,#6304,#6306,.T.);
#5036=EDGE_CURVE('',#6172,#6283,#6307,.T.);
#5037=EDGE_CURVE('',#6296,#6304,#6308,.T.);
#5038=EDGE_CURVE('',#6170,#6285,#6309,.T.);
#5039=EDGE_CURVE('',#6168,#6287,#6310,.T.);
#5040=EDGE_CURVE('',#6166,#6289,#6311,.T.);
#5041=EDGE_CURVE('',#6163,#6291,#6312,.T.);
#5042=EDGE_CURVE('',#6180,#6313,#6314,.T.);
#5043=EDGE_CURVE('',#6192,#6315,#6316,.T.);
#5044=EDGE_CURVE('',#6317,#6315,#6318,.T.);
#5045=EDGE_CURVE('',#6317,#6319,#6320,.T.);
#5046=EDGE_CURVE('',#6313,#6319,#6321,.T.);
#5047=EDGE_CURVE('',#6319,#6322,#6323,.T.);
#5048=EDGE_CURVE('',#6324,#6322,#6325,.T.);
#5049=EDGE_CURVE('',#6313,#6324,#6326,.T.);
#5050=EDGE_CURVE('',#6327,#6328,#6329,.T.);
#5051=EDGE_CURVE('',#6179,#6327,#6330,.T.);
#5052=EDGE_CURVE('',#6030,#6324,#6331,.T.);
#5053=EDGE_CURVE('',#6028,#6328,#6332,.T.);
#5054=EDGE_CURVE('',#6333,#6334,#6335,.T.);
#5055=EDGE_CURVE('',#6334,#6328,#6336,.T.);
#5056=EDGE_CURVE('',#6026,#6333,#6337,.T.);
#5057=EDGE_CURVE('',#6032,#6338,#6339,.T.);
#5058=EDGE_CURVE('',#6317,#6338,#6340,.T.);
#5059=EDGE_CURVE('',#6315,#6341,#6342,.T.);
#5060=EDGE_CURVE('',#6341,#6343,#6344,.T.);
#5061=EDGE_CURVE('',#6343,#6345,#6346,.T.);
#5062=EDGE_CURVE('',#6345,#6347,#6348,.T.);
#5063=EDGE_CURVE('',#6347,#6349,#6350,.T.);
#5064=EDGE_CURVE('',#6349,#6351,#6352,.T.);
#5065=EDGE_CURVE('',#6351,#6333,#6353,.T.);
#5066=EDGE_CURVE('',#6351,#6354,#6355,.T.);
#5067=EDGE_CURVE('',#6354,#6334,#6356,.T.);
#5068=EDGE_CURVE('',#6327,#6354,#6357,.T.);
#5069=EDGE_CURVE('',#6182,#6349,#6358,.T.);
#5070=EDGE_CURVE('',#6184,#6347,#6359,.T.);
#5071=EDGE_CURVE('',#6186,#6345,#6360,.T.);
#5072=EDGE_CURVE('',#6188,#6343,#6361,.T.);
#5073=EDGE_CURVE('',#6190,#6341,#6362,.T.);
#5074=EDGE_CURVE('',#6322,#6338,#6363,.T.);
#5075=EDGE_CURVE('',#6160,#6109,#6364,.T.);
#5076=EDGE_CURVE('',#6146,#6107,#6365,.T.);
#5077=EDGE_CURVE('',#6145,#6105,#6366,.T.);
#5078=EDGE_CURVE('',#6148,#6103,#6367,.T.);
#5079=EDGE_CURVE('',#6111,#6368,#6369,.T.);
#5080=EDGE_CURVE('',#5656,#6158,#6370,.T.);
#5081=EDGE_CURVE('',#6151,#5654,#6371,.T.);
#5082=EDGE_CURVE('',#6121,#6368,#6372,.T.);
#5083=EDGE_CURVE('',#6368,#6116,#6373,.T.);
#5084=EDGE_CURVE('',#5629,#6374,#6375,.T.);
#5085=EDGE_CURVE('',#6374,#5966,#6376,.T.);
#5086=EDGE_CURVE('',#5652,#6153,#6377,.T.);
#5087=EDGE_CURVE('',#6378,#6379,#6380,.T.);
#5088=EDGE_CURVE('',#5968,#6379,#6381,.T.);
#5089=EDGE_CURVE('',#6382,#6374,#6383,.T.);
#5090=EDGE_CURVE('',#6382,#6384,#6385,.T.);
#5091=EDGE_CURVE('',#6384,#6386,#6387,.T.);
#5092=EDGE_CURVE('',#6388,#6386,#6389,.T.);
#5093=EDGE_CURVE('',#6390,#6388,#6391,.T.);
#5094=EDGE_CURVE('',#6392,#6390,#6393,.T.);
#5095=EDGE_CURVE('',#6394,#6392,#6395,.T.);
#5096=EDGE_CURVE('',#6396,#6394,#6397,.T.);
#5097=EDGE_CURVE('',#5890,#6396,#6398,.T.);
#5098=EDGE_CURVE('',#6378,#5888,#6399,.T.);
#5099=EDGE_CURVE('',#6400,#6401,#6402,.T.);
#5100=EDGE_CURVE('',#6403,#6400,#6404,.T.);
#5101=EDGE_CURVE('',#6405,#6403,#6406,.T.);
#5102=EDGE_CURVE('',#6407,#6405,#6408,.T.);
#5103=EDGE_CURVE('',#6409,#6407,#6410,.T.);
#5104=EDGE_CURVE('',#6409,#6411,#6412,.T.);
#5105=EDGE_CURVE('',#6413,#6411,#6414,.T.);
#5106=EDGE_CURVE('',#6401,#6413,#6415,.T.);
#5107=EDGE_CURVE('',#6416,#6417,#6418,.T.);
#5108=EDGE_CURVE('',#6419,#6416,#6420,.T.);
#5109=EDGE_CURVE('',#6421,#6419,#6422,.T.);
#5110=EDGE_CURVE('',#6423,#6421,#6424,.T.);
#5111=EDGE_CURVE('',#6423,#6425,#6426,.T.);
#5112=EDGE_CURVE('',#6425,#6427,#6428,.T.);
#5113=EDGE_CURVE('',#6429,#6427,#6430,.T.);
#5114=EDGE_CURVE('',#6417,#6429,#6431,.T.);
#5115=EDGE_CURVE('',#6432,#6433,#6434,.T.);
#5116=EDGE_CURVE('',#6435,#6432,#6436,.T.);
#5117=EDGE_CURVE('',#6437,#6435,#6438,.T.);
#5118=EDGE_CURVE('',#6439,#6437,#6440,.T.);
#5119=EDGE_CURVE('',#6441,#6439,#6442,.T.);
#5120=EDGE_CURVE('',#6441,#6443,#6444,.T.);
#5121=EDGE_CURVE('',#6445,#6443,#6446,.T.);
#5122=EDGE_CURVE('',#6433,#6445,#6447,.T.);
#5123=EDGE_CURVE('',#6445,#6448,#6449,.T.);
#5124=EDGE_CURVE('',#6450,#6448,#6451,.T.);
#5125=EDGE_CURVE('',#6433,#6450,#6452,.T.);
#5126=EDGE_CURVE('',#6453,#6450,#6454,.T.);
#5127=EDGE_CURVE('',#6432,#6453,#6455,.T.);
#5128=EDGE_CURVE('',#6456,#6453,#6457,.T.);
#5129=EDGE_CURVE('',#6435,#6456,#6458,.T.);
#5130=EDGE_CURVE('',#6459,#6456,#6460,.T.);
#5131=EDGE_CURVE('',#6437,#6459,#6461,.T.);
#5132=EDGE_CURVE('',#6439,#6462,#6463,.T.);
#5133=EDGE_CURVE('',#6464,#6459,#6465,.T.);
#5134=EDGE_CURVE('',#6464,#6466,#6467,.T.);
#5135=EDGE_CURVE('',#6462,#6466,#6468,.T.);
#5136=EDGE_CURVE('',#6466,#6469,#6470,.T.);
#5137=EDGE_CURVE('',#6471,#6469,#6472,.T.);
#5138=EDGE_CURVE('',#6462,#6471,#6473,.T.);
#5139=EDGE_CURVE('',#5992,#6474,#6475,.T.);
#5140=EDGE_CURVE('',#6476,#6474,#6477,.T.);
#5141=EDGE_CURVE('',#6441,#6476,#6478,.T.);
#5142=EDGE_CURVE('',#5994,#6471,#6479,.T.);
#5143=EDGE_CURVE('',#6469,#6480,#6481,.T.);
#5144=EDGE_CURVE('',#5996,#6480,#6482,.T.);
#5145=EDGE_CURVE('',#6464,#6480,#6483,.T.);
#5146=EDGE_CURVE('',#6448,#6484,#6485,.T.);
#5147=EDGE_CURVE('',#6484,#6486,#6487,.T.);
#5148=EDGE_CURVE('',#6486,#6488,#6489,.T.);
#5149=EDGE_CURVE('',#5990,#6488,#6490,.T.);
#5150=EDGE_CURVE('',#6488,#6491,#6492,.T.);
#5151=EDGE_CURVE('',#6491,#6474,#6493,.T.);
#5152=EDGE_CURVE('',#6494,#6491,#6495,.T.);
#5153=EDGE_CURVE('',#6476,#6494,#6496,.T.);
#5154=EDGE_CURVE('',#6486,#6494,#6497,.T.);
#5155=EDGE_CURVE('',#6443,#6484,#6498,.T.);
#5156=EDGE_CURVE('',#6413,#6499,#6500,.T.);
#5157=EDGE_CURVE('',#6501,#6499,#6502,.T.);
#5158=EDGE_CURVE('',#6401,#6501,#6503,.T.);
#5159=EDGE_CURVE('',#6504,#6501,#6505,.T.);
#5160=EDGE_CURVE('',#6400,#6504,#6506,.T.);
#5161=EDGE_CURVE('',#6507,#6504,#6508,.T.);
#5162=EDGE_CURVE('',#6403,#6507,#6509,.T.);
#5163=EDGE_CURVE('',#6510,#6507,#6511,.T.);
#5164=EDGE_CURVE('',#6405,#6510,#6512,.T.);
#5165=EDGE_CURVE('',#6407,#6513,#6514,.T.);
#5166=EDGE_CURVE('',#6515,#6510,#6516,.T.);
#5167=EDGE_CURVE('',#6515,#6517,#6518,.T.);
#5168=EDGE_CURVE('',#6513,#6517,#6519,.T.);
#5169=EDGE_CURVE('',#6517,#6520,#6521,.T.);
#5170=EDGE_CURVE('',#6522,#6520,#6523,.T.);
#5171=EDGE_CURVE('',#6513,#6522,#6524,.T.);
#5172=EDGE_CURVE('',#6000,#6525,#6526,.T.);
#5173=EDGE_CURVE('',#6527,#6525,#6528,.T.);
#5174=EDGE_CURVE('',#6409,#6527,#6529,.T.);
#5175=EDGE_CURVE('',#6002,#6522,#6530,.T.);
#5176=EDGE_CURVE('',#6520,#6531,#6532,.T.);
#5177=EDGE_CURVE('',#6004,#6531,#6533,.T.);
#5178=EDGE_CURVE('',#6515,#6531,#6534,.T.);
#5179=EDGE_CURVE('',#6499,#6535,#6536,.T.);
#5180=EDGE_CURVE('',#6535,#6537,#6538,.T.);
#5181=EDGE_CURVE('',#6537,#6539,#6540,.T.);
#5182=EDGE_CURVE('',#5998,#6539,#6541,.T.);
#5183=EDGE_CURVE('',#6539,#6542,#6543,.T.);
#5184=EDGE_CURVE('',#6542,#6525,#6544,.T.);
#5185=EDGE_CURVE('',#6545,#6542,#6546,.T.);
#5186=EDGE_CURVE('',#6527,#6545,#6547,.T.);
#5187=EDGE_CURVE('',#6537,#6545,#6548,.T.);
#5188=EDGE_CURVE('',#6411,#6535,#6549,.T.);
#5189=EDGE_CURVE('',#6429,#6550,#6551,.T.);
#5190=EDGE_CURVE('',#6552,#6550,#6553,.T.);
#5191=EDGE_CURVE('',#6417,#6552,#6554,.T.);
#5192=EDGE_CURVE('',#6555,#6552,#6556,.T.);
#5193=EDGE_CURVE('',#6416,#6555,#6557,.T.);
#5194=EDGE_CURVE('',#6558,#6555,#6559,.T.);
#5195=EDGE_CURVE('',#6419,#6558,#6560,.T.);
#5196=EDGE_CURVE('',#6561,#6558,#6562,.T.);
#5197=EDGE_CURVE('',#6421,#6561,#6563,.T.);
#5198=EDGE_CURVE('',#6564,#6561,#6565,.T.);
#5199=EDGE_CURVE('',#6564,#6566,#6567,.T.);
#5200=EDGE_CURVE('',#6568,#6566,#6569,.T.);
#5201=EDGE_CURVE('',#6423,#6568,#6570,.T.);
#5202=EDGE_CURVE('',#6008,#6571,#6572,.T.);
#5203=EDGE_CURVE('',#6573,#6571,#6574,.T.);
#5204=EDGE_CURVE('',#6425,#6573,#6575,.T.);
#5205=EDGE_CURVE('',#6568,#6576,#6577,.T.);
#5206=EDGE_CURVE('',#6010,#6576,#6578,.T.);
#5207=EDGE_CURVE('',#6576,#6579,#6580,.T.);
#5208=EDGE_CURVE('',#6579,#6581,#6582,.T.);
#5209=EDGE_CURVE('',#6012,#6581,#6583,.T.);
#5210=EDGE_CURVE('',#6564,#6581,#6584,.T.);
#5211=EDGE_CURVE('',#6550,#6585,#6586,.T.);
#5212=EDGE_CURVE('',#6585,#6587,#6588,.T.);
#5213=EDGE_CURVE('',#6587,#6589,#6590,.T.);
#5214=EDGE_CURVE('',#6006,#6589,#6591,.T.);
#5215=EDGE_CURVE('',#6589,#6592,#6593,.T.);
#5216=EDGE_CURVE('',#6592,#6571,#6594,.T.);
#5217=EDGE_CURVE('',#6595,#6592,#6596,.T.);
#5218=EDGE_CURVE('',#6573,#6595,#6597,.T.);
#5219=EDGE_CURVE('',#6587,#6595,#6598,.T.);
#5220=EDGE_CURVE('',#6427,#6585,#6599,.T.);
#5221=EDGE_CURVE('',#6566,#6579,#6600,.T.);
#5222=EDGE_CURVE('',#5886,#6601,#6602,.T.);
#5223=EDGE_CURVE('',#6601,#6378,#6603,.T.);
#5224=EDGE_CURVE('',#6155,#6604,#6605,.T.);
#5225=EDGE_CURVE('',#6604,#6081,#6606,.T.);
#5226=EDGE_CURVE('',#6601,#6607,#6608,.T.);
#5227=EDGE_CURVE('',#6379,#6607,#6609,.T.);
#5228=EDGE_CURVE('',#5970,#6607,#6610,.T.);
#5229=EDGE_CURVE('',#6087,#6604,#6611,.T.);
#5230=EDGE_CURVE('',#6612,#6613,#6614,.T.);
#5231=EDGE_CURVE('',#6615,#6612,#6616,.T.);
#5232=EDGE_CURVE('',#6617,#6615,#6618,.T.);
#5233=EDGE_CURVE('',#6619,#6617,#6620,.T.);
#5234=EDGE_CURVE('',#6621,#6619,#6622,.T.);
#5235=EDGE_CURVE('',#6623,#6621,#6624,.T.);
#5236=EDGE_CURVE('',#6625,#6623,#6626,.T.);
#5237=EDGE_CURVE('',#6613,#6625,#6627,.T.);
#5238=EDGE_CURVE('',#6628,#6629,#6630,.T.);
#5239=EDGE_CURVE('',#6631,#6628,#6632,.T.);
#5240=EDGE_CURVE('',#6633,#6631,#6634,.T.);
#5241=EDGE_CURVE('',#6635,#6633,#6636,.T.);
#5242=EDGE_CURVE('',#6637,#6635,#6638,.T.);
#5243=EDGE_CURVE('',#6639,#6637,#6640,.T.);
#5244=EDGE_CURVE('',#6641,#6639,#6642,.T.);
#5245=EDGE_CURVE('',#6629,#6641,#6643,.T.);
#5246=EDGE_CURVE('',#6644,#6645,#6646,.T.);
#5247=EDGE_CURVE('',#6647,#6644,#6648,.T.);
#5248=EDGE_CURVE('',#6649,#6647,#6650,.T.);
#5249=EDGE_CURVE('',#6651,#6649,#6652,.T.);
#5250=EDGE_CURVE('',#6653,#6651,#6654,.T.);
#5251=EDGE_CURVE('',#6655,#6653,#6656,.T.);
#5252=EDGE_CURVE('',#6657,#6655,#6658,.T.);
#5253=EDGE_CURVE('',#6645,#6657,#6659,.T.);
#5254=EDGE_CURVE('',#6660,#6661,#6662,.T.);
#5255=EDGE_CURVE('',#6663,#6660,#6664,.T.);
#5256=EDGE_CURVE('',#6665,#6663,#6666,.T.);
#5257=EDGE_CURVE('',#6667,#6665,#6668,.T.);
#5258=EDGE_CURVE('',#6669,#6667,#6670,.T.);
#5259=EDGE_CURVE('',#6671,#6669,#6672,.T.);
#5260=EDGE_CURVE('',#6673,#6671,#6674,.T.);
#5261=EDGE_CURVE('',#6661,#6673,#6675,.T.);
#5262=EDGE_CURVE('',#6676,#6677,#6678,.T.);
#5263=EDGE_CURVE('',#6679,#6676,#6680,.T.);
#5264=EDGE_CURVE('',#6681,#6679,#6682,.T.);
#5265=EDGE_CURVE('',#6683,#6681,#6684,.T.);
#5266=EDGE_CURVE('',#6685,#6683,#6686,.T.);
#5267=EDGE_CURVE('',#6687,#6685,#6688,.T.);
#5268=EDGE_CURVE('',#6689,#6687,#6690,.T.);
#5269=EDGE_CURVE('',#6677,#6689,#6691,.T.);
#5270=EDGE_CURVE('',#6692,#6693,#6694,.T.);
#5271=EDGE_CURVE('',#6695,#6692,#6696,.T.);
#5272=EDGE_CURVE('',#6697,#6695,#6698,.T.);
#5273=EDGE_CURVE('',#6699,#6697,#6700,.T.);
#5274=EDGE_CURVE('',#6701,#6699,#6702,.T.);
#5275=EDGE_CURVE('',#6703,#6701,#6704,.T.);
#5276=EDGE_CURVE('',#6705,#6703,#6706,.T.);
#5277=EDGE_CURVE('',#6693,#6705,#6707,.T.);
#5278=EDGE_CURVE('',#6708,#6709,#6710,.T.);
#5279=EDGE_CURVE('',#6711,#6708,#6712,.T.);
#5280=EDGE_CURVE('',#6713,#6711,#6714,.T.);
#5281=EDGE_CURVE('',#6715,#6713,#6716,.T.);
#5282=EDGE_CURVE('',#6717,#6715,#6718,.T.);
#5283=EDGE_CURVE('',#6719,#6717,#6720,.T.);
#5284=EDGE_CURVE('',#6721,#6719,#6722,.T.);
#5285=EDGE_CURVE('',#6709,#6721,#6723,.T.);
#5286=EDGE_CURVE('',#6724,#6725,#6726,.T.);
#5287=EDGE_CURVE('',#6727,#6724,#6728,.T.);
#5288=EDGE_CURVE('',#6729,#6727,#6730,.T.);
#5289=EDGE_CURVE('',#6731,#6729,#6732,.T.);
#5290=EDGE_CURVE('',#6733,#6731,#6734,.T.);
#5291=EDGE_CURVE('',#6735,#6733,#6736,.T.);
#5292=EDGE_CURVE('',#6737,#6735,#6738,.T.);
#5293=EDGE_CURVE('',#6725,#6737,#6739,.T.);
#5294=EDGE_CURVE('',#5576,#5951,#6740,.T.);
#5295=EDGE_CURVE('',#6689,#6741,#6742,.T.);
#5296=EDGE_CURVE('',#6743,#6741,#6744,.T.);
#5297=EDGE_CURVE('',#6677,#6743,#6745,.T.);
#5298=EDGE_CURVE('',#6746,#6743,#6747,.T.);
#5299=EDGE_CURVE('',#6676,#6746,#6748,.T.);
#5300=EDGE_CURVE('',#6749,#6746,#6750,.T.);
#5301=EDGE_CURVE('',#6679,#6749,#6751,.T.);
#5302=EDGE_CURVE('',#6752,#6749,#6753,.T.);
#5303=EDGE_CURVE('',#6681,#6752,#6754,.T.);
#5304=EDGE_CURVE('',#6755,#6752,#6756,.T.);
#5305=EDGE_CURVE('',#6683,#6755,#6757,.T.);
#5306=EDGE_CURVE('',#6758,#6755,#6759,.T.);
#5307=EDGE_CURVE('',#6685,#6758,#6760,.T.);
#5308=EDGE_CURVE('',#6761,#6758,#6762,.T.);
#5309=EDGE_CURVE('',#6687,#6761,#6763,.T.);
#5310=EDGE_CURVE('',#6741,#6761,#6764,.T.);
#5311=EDGE_CURVE('',#6705,#6765,#6766,.T.);
#5312=EDGE_CURVE('',#6767,#6765,#6768,.T.);
#5313=EDGE_CURVE('',#6693,#6767,#6769,.T.);
#5314=EDGE_CURVE('',#6770,#6767,#6771,.T.);
#5315=EDGE_CURVE('',#6692,#6770,#6772,.T.);
#5316=EDGE_CURVE('',#6773,#6770,#6774,.T.);
#5317=EDGE_CURVE('',#6695,#6773,#6775,.T.);
#5318=EDGE_CURVE('',#6776,#6773,#6777,.T.);
#5319=EDGE_CURVE('',#6697,#6776,#6778,.T.);
#5320=EDGE_CURVE('',#6779,#6776,#6780,.T.);
#5321=EDGE_CURVE('',#6699,#6779,#6781,.T.);
#5322=EDGE_CURVE('',#6782,#6779,#6783,.T.);
#5323=EDGE_CURVE('',#6701,#6782,#6784,.T.);
#5324=EDGE_CURVE('',#6785,#6782,#6786,.T.);
#5325=EDGE_CURVE('',#6703,#6785,#6787,.T.);
#5326=EDGE_CURVE('',#6765,#6785,#6788,.T.);
#5327=EDGE_CURVE('',#6721,#6789,#6790,.T.);
#5328=EDGE_CURVE('',#6791,#6789,#6792,.T.);
#5329=EDGE_CURVE('',#6709,#6791,#6793,.T.);
#5330=EDGE_CURVE('',#6794,#6791,#6795,.T.);
#5331=EDGE_CURVE('',#6708,#6794,#6796,.T.);
#5332=EDGE_CURVE('',#6797,#6794,#6798,.T.);
#5333=EDGE_CURVE('',#6711,#6797,#6799,.T.);
#5334=EDGE_CURVE('',#6800,#6797,#6801,.T.);
#5335=EDGE_CURVE('',#6713,#6800,#6802,.T.);
#5336=EDGE_CURVE('',#6803,#6800,#6804,.T.);
#5337=EDGE_CURVE('',#6715,#6803,#6805,.T.);
#5338=EDGE_CURVE('',#6806,#6803,#6807,.T.);
#5339=EDGE_CURVE('',#6717,#6806,#6808,.T.);
#5340=EDGE_CURVE('',#6809,#6806,#6810,.T.);
#5341=EDGE_CURVE('',#6719,#6809,#6811,.T.);
#5342=EDGE_CURVE('',#6789,#6809,#6812,.T.);
#5343=EDGE_CURVE('',#6737,#6813,#6814,.T.);
#5344=EDGE_CURVE('',#6815,#6813,#6816,.T.);
#5345=EDGE_CURVE('',#6725,#6815,#6817,.T.);
#5346=EDGE_CURVE('',#6818,#6815,#6819,.T.);
#5347=EDGE_CURVE('',#6724,#6818,#6820,.T.);
#5348=EDGE_CURVE('',#6821,#6818,#6822,.T.);
#5349=EDGE_CURVE('',#6727,#6821,#6823,.T.);
#5350=EDGE_CURVE('',#6824,#6821,#6825,.T.);
#5351=EDGE_CURVE('',#6729,#6824,#6826,.T.);
#5352=EDGE_CURVE('',#6827,#6824,#6828,.T.);
#5353=EDGE_CURVE('',#6731,#6827,#6829,.T.);
#5354=EDGE_CURVE('',#6830,#6827,#6831,.T.);
#5355=EDGE_CURVE('',#6733,#6830,#6832,.T.);
#5356=EDGE_CURVE('',#6833,#6830,#6834,.T.);
#5357=EDGE_CURVE('',#6735,#6833,#6835,.T.);
#5358=EDGE_CURVE('',#6813,#6833,#6836,.T.);
#5359=EDGE_CURVE('',#6625,#6837,#6838,.T.);
#5360=EDGE_CURVE('',#6839,#6837,#6840,.T.);
#5361=EDGE_CURVE('',#6613,#6839,#6841,.T.);
#5362=EDGE_CURVE('',#6842,#6839,#6843,.T.);
#5363=EDGE_CURVE('',#6612,#6842,#6844,.T.);
#5364=EDGE_CURVE('',#6845,#6842,#6846,.T.);
#5365=EDGE_CURVE('',#6615,#6845,#6847,.T.);
#5366=EDGE_CURVE('',#6848,#6845,#6849,.T.);
#5367=EDGE_CURVE('',#6617,#6848,#6850,.T.);
#5368=EDGE_CURVE('',#6851,#6848,#6852,.T.);
#5369=EDGE_CURVE('',#6619,#6851,#6853,.T.);
#5370=EDGE_CURVE('',#6854,#6851,#6855,.T.);
#5371=EDGE_CURVE('',#6621,#6854,#6856,.T.);
#5372=EDGE_CURVE('',#6857,#6854,#6858,.T.);
#5373=EDGE_CURVE('',#6623,#6857,#6859,.T.);
#5374=EDGE_CURVE('',#6837,#6857,#6860,.T.);
#5375=EDGE_CURVE('',#6641,#6861,#6862,.T.);
#5376=EDGE_CURVE('',#6863,#6861,#6864,.T.);
#5377=EDGE_CURVE('',#6629,#6863,#6865,.T.);
#5378=EDGE_CURVE('',#6866,#6863,#6867,.T.);
#5379=EDGE_CURVE('',#6628,#6866,#6868,.T.);
#5380=EDGE_CURVE('',#6869,#6866,#6870,.T.);
#5381=EDGE_CURVE('',#6631,#6869,#6871,.T.);
#5382=EDGE_CURVE('',#6872,#6869,#6873,.T.);
#5383=EDGE_CURVE('',#6633,#6872,#6874,.T.);
#5384=EDGE_CURVE('',#6875,#6872,#6876,.T.);
#5385=EDGE_CURVE('',#6635,#6875,#6877,.T.);
#5386=EDGE_CURVE('',#6878,#6875,#6879,.T.);
#5387=EDGE_CURVE('',#6637,#6878,#6880,.T.);
#5388=EDGE_CURVE('',#6881,#6878,#6882,.T.);
#5389=EDGE_CURVE('',#6639,#6881,#6883,.T.);
#5390=EDGE_CURVE('',#6861,#6881,#6884,.T.);
#5391=EDGE_CURVE('',#6657,#6885,#6886,.T.);
#5392=EDGE_CURVE('',#6887,#6885,#6888,.T.);
#5393=EDGE_CURVE('',#6645,#6887,#6889,.T.);
#5394=EDGE_CURVE('',#6890,#6887,#6891,.T.);
#5395=EDGE_CURVE('',#6644,#6890,#6892,.T.);
#5396=EDGE_CURVE('',#6893,#6890,#6894,.T.);
#5397=EDGE_CURVE('',#6647,#6893,#6895,.T.);
#5398=EDGE_CURVE('',#6896,#6893,#6897,.T.);
#5399=EDGE_CURVE('',#6649,#6896,#6898,.T.);
#5400=EDGE_CURVE('',#6899,#6896,#6900,.T.);
#5401=EDGE_CURVE('',#6651,#6899,#6901,.T.);
#5402=EDGE_CURVE('',#6902,#6899,#6903,.T.);
#5403=EDGE_CURVE('',#6653,#6902,#6904,.T.);
#5404=EDGE_CURVE('',#6905,#6902,#6906,.T.);
#5405=EDGE_CURVE('',#6655,#6905,#6907,.T.);
#5406=EDGE_CURVE('',#6885,#6905,#6908,.T.);
#5407=EDGE_CURVE('',#6673,#6909,#6910,.T.);
#5408=EDGE_CURVE('',#6911,#6909,#6912,.T.);
#5409=EDGE_CURVE('',#6661,#6911,#6913,.T.);
#5410=EDGE_CURVE('',#6914,#6911,#6915,.T.);
#5411=EDGE_CURVE('',#6660,#6914,#6916,.T.);
#5412=EDGE_CURVE('',#6917,#6914,#6918,.T.);
#5413=EDGE_CURVE('',#6663,#6917,#6919,.T.);
#5414=EDGE_CURVE('',#6920,#6917,#6921,.T.);
#5415=EDGE_CURVE('',#6665,#6920,#6922,.T.);
#5416=EDGE_CURVE('',#6923,#6920,#6924,.T.);
#5417=EDGE_CURVE('',#6667,#6923,#6925,.T.);
#5418=EDGE_CURVE('',#6926,#6923,#6927,.T.);
#5419=EDGE_CURVE('',#6669,#6926,#6928,.T.);
#5420=EDGE_CURVE('',#6929,#6926,#6930,.T.);
#5421=EDGE_CURVE('',#6671,#6929,#6931,.T.);
#5422=EDGE_CURVE('',#6909,#6929,#6932,.T.);
#5423=EDGE_CURVE('',#5627,#6396,#6933,.T.);
#5424=EDGE_CURVE('',#6382,#6934,#6935,.T.);
#5425=EDGE_CURVE('',#6396,#6936,#6937,.T.);
#5426=EDGE_CURVE('',#6938,#6936,#6939,.T.);
#5427=EDGE_CURVE('',#6938,#6940,#6941,.T.);
#5428=EDGE_CURVE('',#6934,#6940,#6942,.T.);
#5429=EDGE_CURVE('',#6940,#6943,#6944,.T.);
#5430=EDGE_CURVE('',#6945,#6943,#6946,.T.);
#5431=EDGE_CURVE('',#6934,#6945,#6947,.T.);
#5432=EDGE_CURVE('',#6016,#6948,#6949,.T.);
#5433=EDGE_CURVE('',#6950,#6948,#6951,.T.);
#5434=EDGE_CURVE('',#6384,#6950,#6952,.T.);
#5435=EDGE_CURVE('',#6018,#6945,#6953,.T.);
#5436=EDGE_CURVE('',#6943,#6954,#6955,.T.);
#5437=EDGE_CURVE('',#6020,#6954,#6956,.T.);
#5438=EDGE_CURVE('',#6938,#6954,#6957,.T.);
#5439=EDGE_CURVE('',#6936,#6958,#6959,.T.);
#5440=EDGE_CURVE('',#6958,#6960,#6961,.T.);
#5441=EDGE_CURVE('',#6960,#6962,#6963,.T.);
#5442=EDGE_CURVE('',#6962,#6964,#6965,.T.);
#5443=EDGE_CURVE('',#6964,#6966,#6967,.T.);
#5444=EDGE_CURVE('',#6966,#6968,#6969,.T.);
#5445=EDGE_CURVE('',#6968,#6970,#6971,.T.);
#5446=EDGE_CURVE('',#6014,#6970,#6972,.T.);
#5447=EDGE_CURVE('',#6970,#6973,#6974,.T.);
#5448=EDGE_CURVE('',#6973,#6948,#6975,.T.);
#5449=EDGE_CURVE('',#6976,#6973,#6977,.T.);
#5450=EDGE_CURVE('',#6950,#6976,#6978,.T.);
#5451=EDGE_CURVE('',#6968,#6976,#6979,.T.);
#5452=EDGE_CURVE('',#6386,#6966,#6980,.T.);
#5453=EDGE_CURVE('',#6388,#6964,#6981,.T.);
#5454=EDGE_CURVE('',#6390,#6962,#6982,.T.);
#5455=EDGE_CURVE('',#6392,#6960,#6983,.T.);
#5456=EDGE_CURVE('',#6394,#6958,#6984,.T.);
#5457=EDGE_CURVE('',#6074,#6985,#6986,.T.);
#5458=EDGE_CURVE('',#6985,#5662,#6987,.T.);
#5459=EDGE_CURVE('',#5692,#6985,#6988,.T.);
#5460=EDGE_CURVE('',#5894,#5692,#6989,.T.);
#5461=EDGE_CURVE('',#5933,#5902,#6990,.T.);
#5462=EDGE_CURVE('',#5903,#5701,#6991,.T.);
#5463=EDGE_CURVE('',#5842,#6992,#6993,.T.);
#5464=EDGE_CURVE('',#5777,#5842,#6994,.T.);
#5465=EDGE_CURVE('',#5775,#6992,#6995,.T.);
#5466=EDGE_CURVE('',#5858,#5703,#6996,.T.);
#5467=EDGE_CURVE('',#5856,#6997,#6998,.T.);
#5468=EDGE_CURVE('',#6997,#5703,#6999,.T.);
#5469=EDGE_CURVE('',#5771,#7000,#7001,.T.);
#5470=EDGE_CURVE('',#7002,#7000,#7003,.T.);
#5471=EDGE_CURVE('',#7002,#5705,#7004,.T.);
#5472=EDGE_CURVE('',#7005,#6997,#7006,.T.);
#5473=EDGE_CURVE('',#7007,#7005,#7008,.T.);
#5474=EDGE_CURVE('',#7007,#7009,#7010,.T.);
#5475=EDGE_CURVE('',#7009,#5773,#7011,.T.);
#5476=EDGE_CURVE('',#7009,#6992,#7012,.T.);
#5477=EDGE_CURVE('',#5852,#7007,#7013,.T.);
#5478=EDGE_CURVE('',#5854,#7005,#7014,.T.);
#5479=EDGE_CURVE('',#5847,#7002,#7015,.T.);
#5480=EDGE_CURVE('',#5849,#7000,#7016,.T.);
#5481=EDGE_CURVE('',#5840,#7017,#7018,.T.);
#5482=EDGE_CURVE('',#7017,#7019,#7020,.T.);
#5483=EDGE_CURVE('',#7019,#7021,#7022,.T.);
#5484=EDGE_CURVE('',#7021,#7023,#7024,.T.);
#5485=EDGE_CURVE('',#7023,#7025,#7026,.T.);
#5486=EDGE_CURVE('',#7025,#7027,#7028,.T.);
#5487=EDGE_CURVE('',#7027,#5779,#7029,.T.);
#5488=EDGE_CURVE('',#7030,#7027,#7031,.T.);
#5489=EDGE_CURVE('',#7030,#5781,#7032,.T.);
#5490=EDGE_CURVE('',#7033,#7030,#7034,.T.);
#5491=EDGE_CURVE('',#7035,#7033,#7036,.T.);
#5492=EDGE_CURVE('',#7037,#7035,#7038,.T.);
#5493=EDGE_CURVE('',#7039,#7037,#7040,.T.);
#5494=EDGE_CURVE('',#7041,#7039,#7042,.T.);
#5495=EDGE_CURVE('',#5790,#7041,#7043,.T.);
#5496=EDGE_CURVE('',#7041,#7017,#7044,.T.);
#5497=EDGE_CURVE('',#5790,#5840,#7045,.T.);
#5498=EDGE_CURVE('',#5795,#5835,#7046,.T.);
#5499=EDGE_CURVE('',#5797,#5833,#7047,.T.);
#5500=EDGE_CURVE('',#5799,#5831,#7048,.T.);
#5501=EDGE_CURVE('',#5801,#5829,#7049,.T.);
#5502=EDGE_CURVE('',#5803,#5827,#7050,.T.);
#5503=EDGE_CURVE('',#5805,#5825,#7051,.T.);
#5504=EDGE_CURVE('',#7039,#7019,#7052,.T.);
#5505=EDGE_CURVE('',#7037,#7021,#7053,.T.);
#5506=EDGE_CURVE('',#7035,#7023,#7054,.T.);
#5507=EDGE_CURVE('',#7033,#7025,#7055,.T.);
#5508=EDGE_CURVE('',#5649,#7056,#7057,.T.);
#5509=EDGE_CURVE('',#5582,#7056,#7058,.T.);
#5510=EDGE_CURVE('',#5558,#7059,#7060,.T.);
#5511=EDGE_CURVE('',#7059,#7061,#7062,.T.);
#5512=EDGE_CURVE('',#7061,#5560,#7063,.T.);
#5513=EDGE_CURVE('',#7056,#7064,#7065,.T.);
#5514=EDGE_CURVE('',#7064,#5584,#7066,.T.);
#5515=EDGE_CURVE('',#5634,#7061,#7067,.T.);
#5516=EDGE_CURVE('',#5636,#7059,#7068,.T.);
#5517=EDGE_CURVE('',#5647,#7064,#7069,.T.);
#5518=EDGE_CURVE('',#5644,#5606,#7070,.T.);
#5519=EDGE_CURVE('',#5642,#5608,#7071,.T.);
#5520=EDGE_CURVE('',#5639,#5601,#7072,.T.);
#5521=DIRECTION('',(0.0,0.0,-1.0));
#5522=DIRECTION('',(-1.0,0.0,0.0));
#5523=DIRECTION('',(0.0,0.0,1.0));
#5524=DIRECTION('',(1.0,0.0,0.0));
#5525=DIRECTION('',(0.0,0.0,-1.0));
#5526=DIRECTION('',(-1.0,0.0,0.0));
#5527=DIRECTION('',(0.0,0.0,1.0));
#5528=DIRECTION('',(1.0,0.0,0.0));
#5529=DIRECTION('',(0.0,0.0,-1.0));
#5530=DIRECTION('',(-1.0,0.0,0.0));
#5531=DIRECTION('',(0.0,0.0,1.0));
#5532=DIRECTION('',(1.0,0.0,0.0));
#5533=DIRECTION('',(0.0,0.0,-1.0));
#5534=DIRECTION('',(-1.0,0.0,0.0));
#5535=DIRECTION('',(0.0,0.0,1.0));
#5536=DIRECTION('',(1.0,0.0,0.0));
#5537=DIRECTION('',(0.0,0.0,-1.0));
#5538=DIRECTION('',(-1.0,0.0,0.0));
#5539=DIRECTION('',(0.0,0.0,1.0));
#5540=DIRECTION('',(1.0,0.0,0.0));
#5541=DIRECTION('',(0.0,0.0,-1.0));
#5542=DIRECTION('',(-1.0,0.0,0.0));
#5543=DIRECTION('',(0.0,0.0,1.0));
#5544=DIRECTION('',(1.0,0.0,0.0));
#5545=DIRECTION('',(0.0,0.0,-1.0));
#5546=DIRECTION('',(-1.0,0.0,0.0));
#5547=DIRECTION('',(0.0,0.0,1.0));
#5548=DIRECTION('',(1.0,0.0,0.0));
#5549=DIRECTION('',(0.0,0.0,-1.0));
#5550=DIRECTION('',(-1.0,0.0,0.0));
#5551=DIRECTION('',(0.0,0.0,1.0));
#5552=DIRECTION('',(1.0,0.0,0.0));
#5553=VERTEX_POINT('',#7073);
#5554=VERTEX_POINT('',#7074);
#5555=LINE('',#7075,#7076);
#5556=VERTEX_POINT('',#7077);
#5557=LINE('',#7078,#7079);
#5558=VERTEX_POINT('',#7080);
#5559=LINE('',#7081,#7082);
#5560=VERTEX_POINT('',#7083);
#5561=LINE('',#7084,#7085);
#5562=VERTEX_POINT('',#7086);
#5563=LINE('',#7087,#7088);
#5564=VERTEX_POINT('',#7089);
#5565=LINE('',#7090,#7091);
#5566=VERTEX_POINT('',#7092);
#5567=LINE('',#7093,#7094);
#5568=VERTEX_POINT('',#7095);
#5569=LINE('',#7096,#7097);
#5570=VERTEX_POINT('',#7098);
#5571=LINE('',#7099,#7100);
#5572=VERTEX_POINT('',#7101);
#5573=LINE('',#7102,#7103);
#5574=VERTEX_POINT('',#7104);
#5575=LINE('',#7105,#7106);
#5576=VERTEX_POINT('',#7107);
#5577=LINE('',#7108,#7109);
#5578=VERTEX_POINT('',#7110);
#5579=LINE('',#7111,#7112);
#5580=VERTEX_POINT('',#7113);
#5581=LINE('',#7114,#7115);
#5582=VERTEX_POINT('',#7116);
#5583=LINE('',#7117,#7118);
#5584=VERTEX_POINT('',#7119);
#5585=LINE('',#7120,#7121);
#5586=VERTEX_POINT('',#7122);
#5587=LINE('',#7123,#7124);
#5588=VERTEX_POINT('',#7125);
#5589=LINE('',#7126,#7127);
#5590=VERTEX_POINT('',#7128);
#5591=LINE('',#7129,#7130);
#5592=VERTEX_POINT('',#7131);
#5593=LINE('',#7132,#7133);
#5594=VERTEX_POINT('',#7134);
#5595=LINE('',#7135,#7136);
#5596=VERTEX_POINT('',#7137);
#5597=LINE('',#7138,#7139);
#5598=VERTEX_POINT('',#7140);
#5599=LINE('',#7141,#7142);
#5600=LINE('',#7143,#7144);
#5601=VERTEX_POINT('',#7145);
#5602=LINE('',#7146,#7147);
#5603=VERTEX_POINT('',#7148);
#5604=LINE('',#7149,#7150);
#5605=LINE('',#7151,#7152);
#5606=VERTEX_POINT('',#7153);
#5607=LINE('',#7154,#7155);
#5608=VERTEX_POINT('',#7156);
#5609=LINE('',#7157,#7158);
#5610=LINE('',#7159,#7160);
#5611=VERTEX_POINT('',#7161);
#5612=LINE('',#7162,#7163);
#5613=LINE('',#7164,#7165);
#5614=VERTEX_POINT('',#7166);
#5615=VERTEX_POINT('',#7167);
#5616=LINE('',#7168,#7169);
#5617=VERTEX_POINT('',#7170);
#5618=LINE('',#7171,#7172);
#5619=VERTEX_POINT('',#7173);
#5620=LINE('',#7174,#7175);
#5621=VERTEX_POINT('',#7176);
#5622=LINE('',#7177,#7178);
#5623=VERTEX_POINT('',#7179);
#5624=LINE('',#7180,#7181);
#5625=VERTEX_POINT('',#7182);
#5626=LINE('',#7183,#7184);
#5627=VERTEX_POINT('',#7185);
#5628=LINE('',#7186,#7187);
#5629=VERTEX_POINT('',#7188);
#5630=LINE('',#7189,#7190);
#5631=VERTEX_POINT('',#7191);
#5632=LINE('',#7192,#7193);
#5633=LINE('',#7194,#7195);
#5634=VERTEX_POINT('',#7196);
#5635=LINE('',#7197,#7198);
#5636=VERTEX_POINT('',#7199);
#5637=LINE('',#7200,#7201);
#5638=LINE('',#7202,#7203);
#5639=VERTEX_POINT('',#7204);
#5640=LINE('',#7205,#7206);
#5641=LINE('',#7207,#7208);
#5642=VERTEX_POINT('',#7209);
#5643=LINE('',#7210,#7211);
#5644=VERTEX_POINT('',#7212);
#5645=LINE('',#7213,#7214);
#5646=LINE('',#7215,#7216);
#5647=VERTEX_POINT('',#7217);
#5648=LINE('',#7218,#7219);
#5649=VERTEX_POINT('',#7220);
#5650=LINE('',#7221,#7222);
#5651=LINE('',#7223,#7224);
#5652=VERTEX_POINT('',#7225);
#5653=LINE('',#7226,#7227);
#5654=VERTEX_POINT('',#7228);
#5655=LINE('',#7229,#7230);
#5656=VERTEX_POINT('',#7231);
#5657=LINE('',#7232,#7233);
#5658=VERTEX_POINT('',#7234);
#5659=LINE('',#7235,#7236);
#5660=VERTEX_POINT('',#7237);
#5661=LINE('',#7238,#7239);
#5662=VERTEX_POINT('',#7240);
#5663=LINE('',#7241,#7242);
#5664=VERTEX_POINT('',#7243);
#5665=LINE('',#7244,#7245);
#5666=VERTEX_POINT('',#7246);
#5667=LINE('',#7247,#7248);
#5668=LINE('',#7249,#7250);
#5669=VERTEX_POINT('',#7251);
#5670=VERTEX_POINT('',#7252);
#5671=LINE('',#7253,#7254);
#5672=VERTEX_POINT('',#7255);
#5673=LINE('',#7256,#7257);
#5674=VERTEX_POINT('',#7258);
#5675=LINE('',#7259,#7260);
#5676=LINE('',#7261,#7262);
#5677=LINE('',#7263,#7264);
#5678=VERTEX_POINT('',#7265);
#5679=VERTEX_POINT('',#7266);
#5680=LINE('',#7267,#7268);
#5681=VERTEX_POINT('',#7269);
#5682=LINE('',#7270,#7271);
#5683=VERTEX_POINT('',#7272);
#5684=LINE('',#7273,#7274);
#5685=LINE('',#7275,#7276);
#5686=VERTEX_POINT('',#7277);
#5687=VERTEX_POINT('',#7278);
#5688=LINE('',#7279,#7280);
#5689=VERTEX_POINT('',#7281);
#5690=LINE('',#7282,#7283);
#5691=LINE('',#7284,#7285);
#5692=VERTEX_POINT('',#7286);
#5693=LINE('',#7287,#7288);
#5694=VERTEX_POINT('',#7289);
#5695=LINE('',#7290,#7291);
#5696=LINE('',#7292,#7293);
#5697=VERTEX_POINT('',#7294);
#5698=VERTEX_POINT('',#7295);
#5699=LINE('',#7296,#7297);
#5700=LINE('',#7298,#7299);
#5701=VERTEX_POINT('',#7300);
#5702=LINE('',#7301,#7302);
#5703=VERTEX_POINT('',#7303);
#5704=LINE('',#7304,#7305);
#5705=VERTEX_POINT('',#7306);
#5706=LINE('',#7307,#7308);
#5707=VERTEX_POINT('',#7309);
#5708=LINE('',#7310,#7311);
#5709=LINE('',#7312,#7313);
#5710=VERTEX_POINT('',#7314);
#5711=LINE('',#7315,#7316);
#5712=VERTEX_POINT('',#7317);
#5713=LINE('',#7318,#7319);
#5714=VERTEX_POINT('',#7320);
#5715=LINE('',#7321,#7322);
#5716=VERTEX_POINT('',#7323);
#5717=LINE('',#7324,#7325);
#5718=VERTEX_POINT('',#7326);
#5719=LINE('',#7327,#7328);
#5720=VERTEX_POINT('',#7329);
#5721=LINE('',#7330,#7331);
#5722=VERTEX_POINT('',#7332);
#5723=LINE('',#7333,#7334);
#5724=VERTEX_POINT('',#7335);
#5725=LINE('',#7336,#7337);
#5726=VERTEX_POINT('',#7338);
#5727=LINE('',#7339,#7340);
#5728=VERTEX_POINT('',#7341);
#5729=B_SPLINE_CURVE_WITH_KNOTS('',3,(#7342,#7343,#7344,#7345,#7346,#7347,#7348),.UNSPECIFIED.,.F.,.F.,(4,1,1,1,4),(0.0,0.25,0.5,0.75,1.0),.UNSPECIFIED.);
#5730=VERTEX_POINT('',#7349);
#5731=LINE('',#7350,#7351);
#5732=B_SPLINE_CURVE_WITH_KNOTS('',3,(#7352,#7353,#7354,#7355,#7356,#7357,#7358),.UNSPECIFIED.,.F.,.F.,(4,1,1,1,4),(0.0,0.25,0.5,0.75,1.0),.UNSPECIFIED.);
#5733=VERTEX_POINT('',#7359);
#5734=LINE('',#7360,#7361);
#5735=CIRCLE('',#7362,0.6);
#5736=VERTEX_POINT('',#7363);
#5737=VERTEX_POINT('',#7364);
#5738=LINE('',#7365,#7366);
#5739=VERTEX_POINT('',#7367);
#5740=LINE('',#7368,#7369);
#5741=VERTEX_POINT('',#7370);
#5742=LINE('',#7371,#7372);
#5743=VERTEX_POINT('',#7373);
#5744=LINE('',#7374,#7375);
#5745=LINE('',#7376,#7377);
#5746=VERTEX_POINT('',#7378);
#5747=LINE('',#7379,#7380);
#5748=VERTEX_POINT('',#7381);
#5749=CIRCLE('',#7382,1.3);
#5750=LINE('',#7383,#7384);
#5751=VERTEX_POINT('',#7385);
#5752=LINE('',#7386,#7387);
#5753=VERTEX_POINT('',#7388);
#5754=LINE('',#7389,#7390);
#5755=VERTEX_POINT('',#7391);
#5756=LINE('',#7392,#7393);
#5757=VERTEX_POINT('',#7394);
#5758=LINE('',#7395,#7396);
#5759=VERTEX_POINT('',#7397);
#5760=LINE('',#7398,#7399);
#5761=VERTEX_POINT('',#7400);
#5762=LINE('',#7401,#7402);
#5763=VERTEX_POINT('',#7403);
#5764=LINE('',#7404,#7405);
#5765=VERTEX_POINT('',#7406);
#5766=LINE('',#7407,#7408);
#5767=VERTEX_POINT('',#7409);
#5768=LINE('',#7410,#7411);
#5769=VERTEX_POINT('',#7412);
#5770=LINE('',#7413,#7414);
#5771=VERTEX_POINT('',#7415);
#5772=LINE('',#7416,#7417);
#5773=VERTEX_POINT('',#7418);
#5774=LINE('',#7419,#7420);
#5775=VERTEX_POINT('',#7421);
#5776=CIRCLE('',#7422,0.166);
#5777=VERTEX_POINT('',#7423);
#5778=LINE('',#7424,#7425);
#5779=VERTEX_POINT('',#7426);
#5780=LINE('',#7427,#7428);
#5781=VERTEX_POINT('',#7429);
#5782=LINE('',#7430,#7431);
#5783=LINE('',#7432,#7433);
#5784=CIRCLE('',#7434,0.166);
#5785=LINE('',#7435,#7436);
#5786=LINE('',#7437,#7438);
#5787=CIRCLE('',#7439,0.166);
#5788=LINE('',#7440,#7441);
#5789=LINE('',#7442,#7443);
#5790=VERTEX_POINT('',#7444);
#5791=LINE('',#7445,#7446);
#5792=VERTEX_POINT('',#7447);
#5793=LINE('',#7448,#7449);
#5794=LINE('',#7450,#7451);
#5795=VERTEX_POINT('',#7452);
#5796=LINE('',#7453,#7454);
#5797=VERTEX_POINT('',#7455);
#5798=LINE('',#7456,#7457);
#5799=VERTEX_POINT('',#7458);
#5800=LINE('',#7459,#7460);
#5801=VERTEX_POINT('',#7461);
#5802=LINE('',#7462,#7463);
#5803=VERTEX_POINT('',#7464);
#5804=LINE('',#7465,#7466);
#5805=VERTEX_POINT('',#7467);
#5806=LINE('',#7468,#7469);
#5807=VERTEX_POINT('',#7470);
#5808=LINE('',#7471,#7472);
#5809=LINE('',#7473,#7474);
#5810=VERTEX_POINT('',#7475);
#5811=VERTEX_POINT('',#7476);
#5812=LINE('',#7477,#7478);
#5813=LINE('',#7479,#7480);
#5814=VERTEX_POINT('',#7481);
#5815=LINE('',#7482,#7483);
#5816=LINE('',#7484,#7485);
#5817=LINE('',#7486,#7487);
#5818=VERTEX_POINT('',#7488);
#5819=LINE('',#7489,#7490);
#5820=LINE('',#7491,#7492);
#5821=VERTEX_POINT('',#7493);
#5822=LINE('',#7494,#7495);
#5823=LINE('',#7496,#7497);
#5824=LINE('',#7498,#7499);
#5825=VERTEX_POINT('',#7500);
#5826=LINE('',#7501,#7502);
#5827=VERTEX_POINT('',#7503);
#5828=LINE('',#7504,#7505);
#5829=VERTEX_POINT('',#7506);
#5830=LINE('',#7507,#7508);
#5831=VERTEX_POINT('',#7509);
#5832=LINE('',#7510,#7511);
#5833=VERTEX_POINT('',#7512);
#5834=LINE('',#7513,#7514);
#5835=VERTEX_POINT('',#7515);
#5836=LINE('',#7516,#7517);
#5837=VERTEX_POINT('',#7518);
#5838=LINE('',#7519,#7520);
#5839=LINE('',#7521,#7522);
#5840=VERTEX_POINT('',#7523);
#5841=LINE('',#7524,#7525);
#5842=VERTEX_POINT('',#7526);
#5843=LINE('',#7527,#7528);
#5844=VERTEX_POINT('',#7529);
#5845=LINE('',#7530,#7531);
#5846=LINE('',#7532,#7533);
#5847=VERTEX_POINT('',#7534);
#5848=B_SPLINE_CURVE_WITH_KNOTS('',3,(#7535,#7536,#7537,#7538,#7539,#7540,#7541),.UNSPECIFIED.,.F.,.F.,(4,1,1,1,4),(0.0,0.25,0.5,0.75,1.0),.UNSPECIFIED.);
#5849=VERTEX_POINT('',#7542);
#5850=LINE('',#7543,#7544);
#5851=B_SPLINE_CURVE_WITH_KNOTS('',3,(#7545,#7546,#7547,#7548,#7549,#7550,#7551),.UNSPECIFIED.,.F.,.F.,(4,1,1,1,4),(0.0,0.25,0.5,0.75,1.0),.UNSPECIFIED.);
#5852=VERTEX_POINT('',#7552);
#5853=LINE('',#7553,#7554);
#5854=VERTEX_POINT('',#7555);
#5855=LINE('',#7556,#7557);
#5856=VERTEX_POINT('',#7558);
#5857=LINE('',#7559,#7560);
#5858=VERTEX_POINT('',#7561);
#5859=LINE('',#7562,#7563);
#5860=VERTEX_POINT('',#7564);
#5861=LINE('',#7565,#7566);
#5862=VERTEX_POINT('',#7567);
#5863=LINE('',#7568,#7569);
#5864=LINE('',#7570,#7571);
#5865=VERTEX_POINT('',#7572);
#5866=LINE('',#7573,#7574);
#5867=LINE('',#7575,#7576);
#5868=VERTEX_POINT('',#7577);
#5869=LINE('',#7578,#7579);
#5870=VERTEX_POINT('',#7580);
#5871=LINE('',#7581,#7582);
#5872=VERTEX_POINT('',#7583);
#5873=LINE('',#7584,#7585);
#5874=LINE('',#7586,#7587);
#5875=LINE('',#7588,#7589);
#5876=LINE('',#7590,#7591);
#5877=VERTEX_POINT('',#7592);
#5878=VERTEX_POINT('',#7593);
#5879=LINE('',#7594,#7595);
#5880=VERTEX_POINT('',#7596);
#5881=LINE('',#7597,#7598);
#5882=VERTEX_POINT('',#7599);
#5883=LINE('',#7600,#7601);
#5884=VERTEX_POINT('',#7602);
#5885=LINE('',#7603,#7604);
#5886=VERTEX_POINT('',#7605);
#5887=LINE('',#7606,#7607);
#5888=VERTEX_POINT('',#7608);
#5889=LINE('',#7609,#7610);
#5890=VERTEX_POINT('',#7611);
#5891=LINE('',#7612,#7613);
#5892=LINE('',#7614,#7615);
#5893=LINE('',#7616,#7617);
#5894=VERTEX_POINT('',#7618);
#5895=LINE('',#7619,#7620);
#5896=VERTEX_POINT('',#7621);
#5897=LINE('',#7622,#7623);
#5898=VERTEX_POINT('',#7624);
#5899=LINE('',#7625,#7626);
#5900=LINE('',#7627,#7628);
#5901=LINE('',#7629,#7630);
#5902=VERTEX_POINT('',#7631);
#5903=VERTEX_POINT('',#7632);
#5904=LINE('',#7633,#7634);
#5905=LINE('',#7635,#7636);
#5906=LINE('',#7637,#7638);
#5907=LINE('',#7639,#7640);
#5908=LINE('',#7641,#7642);
#5909=LINE('',#7643,#7644);
#5910=VERTEX_POINT('',#7645);
#5911=LINE('',#7646,#7647);
#5912=LINE('',#7648,#7649);
#5913=VERTEX_POINT('',#7650);
#5914=VERTEX_POINT('',#7651);
#5915=LINE('',#7652,#7653);
#5916=VERTEX_POINT('',#7654);
#5917=LINE('',#7655,#7656);
#5918=VERTEX_POINT('',#7657);
#5919=LINE('',#7658,#7659);
#5920=VERTEX_POINT('',#7660);
#5921=LINE('',#7661,#7662);
#5922=VERTEX_POINT('',#7663);
#5923=LINE('',#7664,#7665);
#5924=VERTEX_POINT('',#7666);
#5925=LINE('',#7667,#7668);
#5926=VERTEX_POINT('',#7669);
#5927=LINE('',#7670,#7671);
#5928=VERTEX_POINT('',#7672);
#5929=LINE('',#7673,#7674);
#5930=VERTEX_POINT('',#7675);
#5931=LINE('',#7676,#7677);
#5932=LINE('',#7678,#7679);
#5933=VERTEX_POINT('',#7680);
#5934=LINE('',#7681,#7682);
#5935=LINE('',#7683,#7684);
#5936=VERTEX_POINT('',#7685);
#5937=LINE('',#7686,#7687);
#5938=VERTEX_POINT('',#7688);
#5939=LINE('',#7689,#7690);
#5940=VERTEX_POINT('',#7691);
#5941=LINE('',#7692,#7693);
#5942=VERTEX_POINT('',#7694);
#5943=LINE('',#7695,#7696);
#5944=VERTEX_POINT('',#7697);
#5945=LINE('',#7698,#7699);
#5946=VERTEX_POINT('',#7700);
#5947=LINE('',#7701,#7702);
#5948=VERTEX_POINT('',#7703);
#5949=LINE('',#7704,#7705);
#5950=LINE('',#7706,#7707);
#5951=VERTEX_POINT('',#7708);
#5952=LINE('',#7709,#7710);
#5953=VERTEX_POINT('',#7711);
#5954=LINE('',#7712,#7713);
#5955=LINE('',#7714,#7715);
#5956=LINE('',#7716,#7717);
#5957=LINE('',#7718,#7719);
#5958=LINE('',#7720,#7721);
#5959=VERTEX_POINT('',#7722);
#5960=LINE('',#7723,#7724);
#5961=LINE('',#7725,#7726);
#5962=VERTEX_POINT('',#7727);
#5963=LINE('',#7728,#7729);
#5964=LINE('',#7730,#7731);
#5965=LINE('',#7732,#7733);
#5966=VERTEX_POINT('',#7734);
#5967=LINE('',#7735,#7736);
#5968=VERTEX_POINT('',#7737);
#5969=LINE('',#7738,#7739);
#5970=VERTEX_POINT('',#7740);
#5971=LINE('',#7741,#7742);
#5972=VERTEX_POINT('',#7743);
#5973=LINE('',#7744,#7745);
#5974=VERTEX_POINT('',#7746);
#5975=LINE('',#7747,#7748);
#5976=LINE('',#7749,#7750);
#5977=VERTEX_POINT('',#7751);
#5978=LINE('',#7752,#7753);
#5979=LINE('',#7754,#7755);
#5980=VERTEX_POINT('',#7756);
#5981=LINE('',#7757,#7758);
#5982=VERTEX_POINT('',#7759);
#5983=LINE('',#7760,#7761);
#5984=LINE('',#7762,#7763);
#5985=VERTEX_POINT('',#7764);
#5986=LINE('',#7765,#7766);
#5987=LINE('',#7767,#7768);
#5988=VERTEX_POINT('',#7769);
#5989=LINE('',#7770,#7771);
#5990=VERTEX_POINT('',#7772);
#5991=LINE('',#7773,#7774);
#5992=VERTEX_POINT('',#7775);
#5993=LINE('',#7776,#7777);
#5994=VERTEX_POINT('',#7778);
#5995=LINE('',#7779,#7780);
#5996=VERTEX_POINT('',#7781);
#5997=LINE('',#7782,#7783);
#5998=VERTEX_POINT('',#7784);
#5999=LINE('',#7785,#7786);
#6000=VERTEX_POINT('',#7787);
#6001=LINE('',#7788,#7789);
#6002=VERTEX_POINT('',#7790);
#6003=LINE('',#7791,#7792);
#6004=VERTEX_POINT('',#7793);
#6005=LINE('',#7794,#7795);
#6006=VERTEX_POINT('',#7796);
#6007=LINE('',#7797,#7798);
#6008=VERTEX_POINT('',#7799);
#6009=LINE('',#7800,#7801);
#6010=VERTEX_POINT('',#7802);
#6011=LINE('',#7803,#7804);
#6012=VERTEX_POINT('',#7805);
#6013=LINE('',#7806,#7807);
#6014=VERTEX_POINT('',#7808);
#6015=LINE('',#7809,#7810);
#6016=VERTEX_POINT('',#7811);
#6017=LINE('',#7812,#7813);
#6018=VERTEX_POINT('',#7814);
#6019=LINE('',#7815,#7816);
#6020=VERTEX_POINT('',#7817);
#6021=LINE('',#7818,#7819);
#6022=LINE('',#7820,#7821);
#6023=VERTEX_POINT('',#7822);
#6024=VERTEX_POINT('',#7823);
#6025=LINE('',#7824,#7825);
#6026=VERTEX_POINT('',#7826);
#6027=LINE('',#7827,#7828);
#6028=VERTEX_POINT('',#7829);
#6029=LINE('',#7830,#7831);
#6030=VERTEX_POINT('',#7832);
#6031=LINE('',#7833,#7834);
#6032=VERTEX_POINT('',#7835);
#6033=LINE('',#7836,#7837);
#6034=VERTEX_POINT('',#7838);
#6035=LINE('',#7839,#7840);
#6036=VERTEX_POINT('',#7841);
#6037=LINE('',#7842,#7843);
#6038=VERTEX_POINT('',#7844);
#6039=LINE('',#7845,#7846);
#6040=VERTEX_POINT('',#7847);
#6041=LINE('',#7848,#7849);
#6042=VERTEX_POINT('',#7850);
#6043=LINE('',#7851,#7852);
#6044=VERTEX_POINT('',#7853);
#6045=LINE('',#7854,#7855);
#6046=VERTEX_POINT('',#7856);
#6047=LINE('',#7857,#7858);
#6048=VERTEX_POINT('',#7859);
#6049=LINE('',#7860,#7861);
#6050=VERTEX_POINT('',#7862);
#6051=LINE('',#7863,#7864);
#6052=LINE('',#7865,#7866);
#6053=VERTEX_POINT('',#7867);
#6054=LINE('',#7868,#7869);
#6055=VERTEX_POINT('',#7870);
#6056=LINE('',#7871,#7872);
#6057=VERTEX_POINT('',#7873);
#6058=LINE('',#7874,#7875);
#6059=LINE('',#7876,#7877);
#6060=LINE('',#7878,#7879);
#6061=LINE('',#7880,#7881);
#6062=LINE('',#7882,#7883);
#6063=LINE('',#7884,#7885);
#6064=LINE('',#7886,#7887);
#6065=VERTEX_POINT('',#7888);
#6066=LINE('',#7889,#7890);
#6067=LINE('',#7891,#7892);
#6068=LINE('',#7893,#7894);
#6069=VERTEX_POINT('',#7895);
#6070=VERTEX_POINT('',#7896);
#6071=LINE('',#7897,#7898);
#6072=LINE('',#7899,#7900);
#6073=LINE('',#7901,#7902);
#6074=VERTEX_POINT('',#7903);
#6075=LINE('',#7904,#7905);
#6076=LINE('',#7906,#7907);
#6077=VERTEX_POINT('',#7908);
#6078=LINE('',#7909,#7910);
#6079=VERTEX_POINT('',#7911);
#6080=LINE('',#7912,#7913);
#6081=VERTEX_POINT('',#7914);
#6082=LINE('',#7915,#7916);
#6083=VERTEX_POINT('',#7917);
#6084=LINE('',#7918,#7919);
#6085=LINE('',#7920,#7921);
#6086=LINE('',#7922,#7923);
#6087=VERTEX_POINT('',#7924);
#6088=LINE('',#7925,#7926);
#6089=LINE('',#7927,#7928);
#6090=LINE('',#7929,#7930);
#6091=LINE('',#7931,#7932);
#6092=LINE('',#7933,#7934);
#6093=LINE('',#7935,#7936);
#6094=LINE('',#7937,#7938);
#6095=VERTEX_POINT('',#7939);
#6096=LINE('',#7940,#7941);
#6097=VERTEX_POINT('',#7942);
#6098=LINE('',#7943,#7944);
#6099=VERTEX_POINT('',#7945);
#6100=LINE('',#7946,#7947);
#6101=VERTEX_POINT('',#7948);
#6102=LINE('',#7949,#7950);
#6103=VERTEX_POINT('',#7951);
#6104=LINE('',#7952,#7953);
#6105=VERTEX_POINT('',#7954);
#6106=LINE('',#7955,#7956);
#6107=VERTEX_POINT('',#7957);
#6108=LINE('',#7958,#7959);
#6109=VERTEX_POINT('',#7960);
#6110=LINE('',#7961,#7962);
#6111=VERTEX_POINT('',#7963);
#6112=LINE('',#7964,#7965);
#6113=VERTEX_POINT('',#7966);
#6114=LINE('',#7967,#7968);
#6115=LINE('',#7969,#7970);
#6116=VERTEX_POINT('',#7971);
#6117=LINE('',#7972,#7973);
#6118=VERTEX_POINT('',#7974);
#6119=LINE('',#7975,#7976);
#6120=LINE('',#7977,#7978);
#6121=VERTEX_POINT('',#7979);
#6122=LINE('',#7980,#7981);
#6123=VERTEX_POINT('',#7982);
#6124=LINE('',#7983,#7984);
#6125=VERTEX_POINT('',#7985);
#6126=LINE('',#7986,#7987);
#6127=VERTEX_POINT('',#7988);
#6128=LINE('',#7989,#7990);
#6129=VERTEX_POINT('',#7991);
#6130=LINE('',#7992,#7993);
#6131=LINE('',#7994,#7995);
#6132=VERTEX_POINT('',#7996);
#6133=LINE('',#7997,#7998);
#6134=LINE('',#7999,#8000);
#6135=VERTEX_POINT('',#8001);
#6136=LINE('',#8002,#8003);
#6137=LINE('',#8004,#8005);
#6138=VERTEX_POINT('',#8006);
#6139=LINE('',#8007,#8008);
#6140=LINE('',#8009,#8010);
#6141=LINE('',#8011,#8012);
#6142=VERTEX_POINT('',#8013);
#6143=LINE('',#8014,#8015);
#6144=LINE('',#8016,#8017);
#6145=VERTEX_POINT('',#8018);
#6146=VERTEX_POINT('',#8019);
#6147=LINE('',#8020,#8021);
#6148=VERTEX_POINT('',#8022);
#6149=LINE('',#8023,#8024);
#6150=LINE('',#8025,#8026);
#6151=VERTEX_POINT('',#8027);
#6152=LINE('',#8028,#8029);
#6153=VERTEX_POINT('',#8030);
#6154=LINE('',#8031,#8032);
#6155=VERTEX_POINT('',#8033);
#6156=LINE('',#8034,#8035);
#6157=LINE('',#8036,#8037);
#6158=VERTEX_POINT('',#8038);
#6159=LINE('',#8039,#8040);
#6160=VERTEX_POINT('',#8041);
#6161=LINE('',#8042,#8043);
#6162=LINE('',#8044,#8045);
#6163=VERTEX_POINT('',#8046);
#6164=VERTEX_POINT('',#8047);
#6165=LINE('',#8048,#8049);
#6166=VERTEX_POINT('',#8050);
#6167=LINE('',#8051,#8052);
#6168=VERTEX_POINT('',#8053);
#6169=LINE('',#8054,#8055);
#6170=VERTEX_POINT('',#8056);
#6171=LINE('',#8057,#8058);
#6172=VERTEX_POINT('',#8059);
#6173=LINE('',#8060,#8061);
#6174=VERTEX_POINT('',#8062);
#6175=LINE('',#8063,#8064);
#6176=VERTEX_POINT('',#8065);
#6177=LINE('',#8066,#8067);
#6178=LINE('',#8068,#8069);
#6179=VERTEX_POINT('',#8070);
#6180=VERTEX_POINT('',#8071);
#6181=LINE('',#8072,#8073);
#6182=VERTEX_POINT('',#8074);
#6183=LINE('',#8075,#8076);
#6184=VERTEX_POINT('',#8077);
#6185=LINE('',#8078,#8079);
#6186=VERTEX_POINT('',#8080);
#6187=LINE('',#8081,#8082);
#6188=VERTEX_POINT('',#8083);
#6189=LINE('',#8084,#8085);
#6190=VERTEX_POINT('',#8086);
#6191=LINE('',#8087,#8088);
#6192=VERTEX_POINT('',#8089);
#6193=LINE('',#8090,#8091);
#6194=LINE('',#8092,#8093);
#6195=VERTEX_POINT('',#8094);
#6196=VERTEX_POINT('',#8095);
#6197=LINE('',#8096,#8097);
#6198=VERTEX_POINT('',#8098);
#6199=LINE('',#8099,#8100);
#6200=VERTEX_POINT('',#8101);
#6201=LINE('',#8102,#8103);
#6202=VERTEX_POINT('',#8104);
#6203=LINE('',#8105,#8106);
#6204=VERTEX_POINT('',#8107);
#6205=LINE('',#8108,#8109);
#6206=VERTEX_POINT('',#8110);
#6207=LINE('',#8111,#8112);
#6208=VERTEX_POINT('',#8113);
#6209=LINE('',#8114,#8115);
#6210=LINE('',#8116,#8117);
#6211=VERTEX_POINT('',#8118);
#6212=VERTEX_POINT('',#8119);
#6213=LINE('',#8120,#8121);
#6214=VERTEX_POINT('',#8122);
#6215=LINE('',#8123,#8124);
#6216=LINE('',#8125,#8126);
#6217=VERTEX_POINT('',#8127);
#6218=LINE('',#8128,#8129);
#6219=LINE('',#8130,#8131);
#6220=VERTEX_POINT('',#8132);
#6221=LINE('',#8133,#8134);
#6222=VERTEX_POINT('',#8135);
#6223=LINE('',#8136,#8137);
#6224=LINE('',#8138,#8139);
#6225=VERTEX_POINT('',#8140);
#6226=LINE('',#8141,#8142);
#6227=LINE('',#8143,#8144);
#6228=VERTEX_POINT('',#8145);
#6229=LINE('',#8146,#8147);
#6230=VERTEX_POINT('',#8148);
#6231=LINE('',#8149,#8150);
#6232=VERTEX_POINT('',#8151);
#6233=LINE('',#8152,#8153);
#6234=VERTEX_POINT('',#8154);
#6235=LINE('',#8155,#8156);
#6236=VERTEX_POINT('',#8157);
#6237=LINE('',#8158,#8159);
#6238=VERTEX_POINT('',#8160);
#6239=LINE('',#8161,#8162);
#6240=VERTEX_POINT('',#8163);
#6241=LINE('',#8164,#8165);
#6242=LINE('',#8166,#8167);
#6243=LINE('',#8168,#8169);
#6244=LINE('',#8170,#8171);
#6245=VERTEX_POINT('',#8172);
#6246=LINE('',#8173,#8174);
#6247=VERTEX_POINT('',#8175);
#6248=LINE('',#8176,#8177);
#6249=LINE('',#8178,#8179);
#6250=VERTEX_POINT('',#8180);
#6251=LINE('',#8181,#8182);
#6252=LINE('',#8183,#8184);
#6253=VERTEX_POINT('',#8185);
#6254=LINE('',#8186,#8187);
#6255=LINE('',#8188,#8189);
#6256=LINE('',#8190,#8191);
#6257=LINE('',#8192,#8193);
#6258=LINE('',#8194,#8195);
#6259=LINE('',#8196,#8197);
#6260=LINE('',#8198,#8199);
#6261=LINE('',#8200,#8201);
#6262=VERTEX_POINT('',#8202);
#6263=VERTEX_POINT('',#8203);
#6264=LINE('',#8204,#8205);
#6265=VERTEX_POINT('',#8206);
#6266=LINE('',#8207,#8208);
#6267=LINE('',#8209,#8210);
#6268=VERTEX_POINT('',#8211);
#6269=LINE('',#8212,#8213);
#6270=LINE('',#8214,#8215);
#6271=VERTEX_POINT('',#8216);
#6272=LINE('',#8217,#8218);
#6273=VERTEX_POINT('',#8219);
#6274=LINE('',#8220,#8221);
#6275=LINE('',#8222,#8223);
#6276=VERTEX_POINT('',#8224);
#6277=LINE('',#8225,#8226);
#6278=LINE('',#8227,#8228);
#6279=VERTEX_POINT('',#8229);
#6280=LINE('',#8230,#8231);
#6281=VERTEX_POINT('',#8232);
#6282=LINE('',#8233,#8234);
#6283=VERTEX_POINT('',#8235);
#6284=LINE('',#8236,#8237);
#6285=VERTEX_POINT('',#8238);
#6286=LINE('',#8239,#8240);
#6287=VERTEX_POINT('',#8241);
#6288=LINE('',#8242,#8243);
#6289=VERTEX_POINT('',#8244);
#6290=LINE('',#8245,#8246);
#6291=VERTEX_POINT('',#8247);
#6292=LINE('',#8248,#8249);
#6293=LINE('',#8250,#8251);
#6294=LINE('',#8252,#8253);
#6295=LINE('',#8254,#8255);
#6296=VERTEX_POINT('',#8256);
#6297=LINE('',#8257,#8258);
#6298=VERTEX_POINT('',#8259);
#6299=LINE('',#8260,#8261);
#6300=LINE('',#8262,#8263);
#6301=VERTEX_POINT('',#8264);
#6302=LINE('',#8265,#8266);
#6303=LINE('',#8267,#8268);
#6304=VERTEX_POINT('',#8269);
#6305=LINE('',#8270,#8271);
#6306=LINE('',#8272,#8273);
#6307=LINE('',#8274,#8275);
#6308=LINE('',#8276,#8277);
#6309=LINE('',#8278,#8279);
#6310=LINE('',#8280,#8281);
#6311=LINE('',#8282,#8283);
#6312=LINE('',#8284,#8285);
#6313=VERTEX_POINT('',#8286);
#6314=LINE('',#8287,#8288);
#6315=VERTEX_POINT('',#8289);
#6316=LINE('',#8290,#8291);
#6317=VERTEX_POINT('',#8292);
#6318=LINE('',#8293,#8294);
#6319=VERTEX_POINT('',#8295);
#6320=LINE('',#8296,#8297);
#6321=LINE('',#8298,#8299);
#6322=VERTEX_POINT('',#8300);
#6323=LINE('',#8301,#8302);
#6324=VERTEX_POINT('',#8303);
#6325=LINE('',#8304,#8305);
#6326=LINE('',#8306,#8307);
#6327=VERTEX_POINT('',#8308);
#6328=VERTEX_POINT('',#8309);
#6329=LINE('',#8310,#8311);
#6330=LINE('',#8312,#8313);
#6331=LINE('',#8314,#8315);
#6332=LINE('',#8316,#8317);
#6333=VERTEX_POINT('',#8318);
#6334=VERTEX_POINT('',#8319);
#6335=LINE('',#8320,#8321);
#6336=LINE('',#8322,#8323);
#6337=LINE('',#8324,#8325);
#6338=VERTEX_POINT('',#8326);
#6339=LINE('',#8327,#8328);
#6340=LINE('',#8329,#8330);
#6341=VERTEX_POINT('',#8331);
#6342=LINE('',#8332,#8333);
#6343=VERTEX_POINT('',#8334);
#6344=LINE('',#8335,#8336);
#6345=VERTEX_POINT('',#8337);
#6346=LINE('',#8338,#8339);
#6347=VERTEX_POINT('',#8340);
#6348=LINE('',#8341,#8342);
#6349=VERTEX_POINT('',#8343);
#6350=LINE('',#8344,#8345);
#6351=VERTEX_POINT('',#8346);
#6352=LINE('',#8347,#8348);
#6353=LINE('',#8349,#8350);
#6354=VERTEX_POINT('',#8351);
#6355=LINE('',#8352,#8353);
#6356=LINE('',#8354,#8355);
#6357=LINE('',#8356,#8357);
#6358=LINE('',#8358,#8359);
#6359=LINE('',#8360,#8361);
#6360=LINE('',#8362,#8363);
#6361=LINE('',#8364,#8365);
#6362=LINE('',#8366,#8367);
#6363=LINE('',#8368,#8369);
#6364=LINE('',#8370,#8371);
#6365=LINE('',#8372,#8373);
#6366=LINE('',#8374,#8375);
#6367=LINE('',#8376,#8377);
#6368=VERTEX_POINT('',#8378);
#6369=LINE('',#8379,#8380);
#6370=LINE('',#8381,#8382);
#6371=LINE('',#8383,#8384);
#6372=LINE('',#8385,#8386);
#6373=LINE('',#8387,#8388);
#6374=VERTEX_POINT('',#8389);
#6375=LINE('',#8390,#8391);
#6376=LINE('',#8392,#8393);
#6377=LINE('',#8394,#8395);
#6378=VERTEX_POINT('',#8396);
#6379=VERTEX_POINT('',#8397);
#6380=LINE('',#8398,#8399);
#6381=LINE('',#8400,#8401);
#6382=VERTEX_POINT('',#8402);
#6383=LINE('',#8403,#8404);
#6384=VERTEX_POINT('',#8405);
#6385=LINE('',#8406,#8407);
#6386=VERTEX_POINT('',#8408);
#6387=LINE('',#8409,#8410);
#6388=VERTEX_POINT('',#8411);
#6389=LINE('',#8412,#8413);
#6390=VERTEX_POINT('',#8414);
#6391=LINE('',#8415,#8416);
#6392=VERTEX_POINT('',#8417);
#6393=LINE('',#8418,#8419);
#6394=VERTEX_POINT('',#8420);
#6395=LINE('',#8421,#8422);
#6396=VERTEX_POINT('',#8423);
#6397=LINE('',#8424,#8425);
#6398=LINE('',#8426,#8427);
#6399=LINE('',#8428,#8429);
#6400=VERTEX_POINT('',#8430);
#6401=VERTEX_POINT('',#8431);
#6402=LINE('',#8432,#8433);
#6403=VERTEX_POINT('',#8434);
#6404=LINE('',#8435,#8436);
#6405=VERTEX_POINT('',#8437);
#6406=LINE('',#8438,#8439);
#6407=VERTEX_POINT('',#8440);
#6408=LINE('',#8441,#8442);
#6409=VERTEX_POINT('',#8443);
#6410=LINE('',#8444,#8445);
#6411=VERTEX_POINT('',#8446);
#6412=LINE('',#8447,#8448);
#6413=VERTEX_POINT('',#8449);
#6414=LINE('',#8450,#8451);
#6415=LINE('',#8452,#8453);
#6416=VERTEX_POINT('',#8454);
#6417=VERTEX_POINT('',#8455);
#6418=LINE('',#8456,#8457);
#6419=VERTEX_POINT('',#8458);
#6420=LINE('',#8459,#8460);
#6421=VERTEX_POINT('',#8461);
#6422=LINE('',#8462,#8463);
#6423=VERTEX_POINT('',#8464);
#6424=LINE('',#8465,#8466);
#6425=VERTEX_POINT('',#8467);
#6426=LINE('',#8468,#8469);
#6427=VERTEX_POINT('',#8470);
#6428=LINE('',#8471,#8472);
#6429=VERTEX_POINT('',#8473);
#6430=LINE('',#8474,#8475);
#6431=LINE('',#8476,#8477);
#6432=VERTEX_POINT('',#8478);
#6433=VERTEX_POINT('',#8479);
#6434=LINE('',#8480,#8481);
#6435=VERTEX_POINT('',#8482);
#6436=LINE('',#8483,#8484);
#6437=VERTEX_POINT('',#8485);
#6438=LINE('',#8486,#8487);
#6439=VERTEX_POINT('',#8488);
#6440=LINE('',#8489,#8490);
#6441=VERTEX_POINT('',#8491);
#6442=LINE('',#8492,#8493);
#6443=VERTEX_POINT('',#8494);
#6444=LINE('',#8495,#8496);
#6445=VERTEX_POINT('',#8497);
#6446=LINE('',#8498,#8499);
#6447=LINE('',#8500,#8501);
#6448=VERTEX_POINT('',#8502);
#6449=LINE('',#8503,#8504);
#6450=VERTEX_POINT('',#8505);
#6451=LINE('',#8506,#8507);
#6452=LINE('',#8508,#8509);
#6453=VERTEX_POINT('',#8510);
#6454=LINE('',#8511,#8512);
#6455=LINE('',#8513,#8514);
#6456=VERTEX_POINT('',#8515);
#6457=LINE('',#8516,#8517);
#6458=LINE('',#8518,#8519);
#6459=VERTEX_POINT('',#8520);
#6460=LINE('',#8521,#8522);
#6461=LINE('',#8523,#8524);
#6462=VERTEX_POINT('',#8525);
#6463=LINE('',#8526,#8527);
#6464=VERTEX_POINT('',#8528);
#6465=LINE('',#8529,#8530);
#6466=VERTEX_POINT('',#8531);
#6467=LINE('',#8532,#8533);
#6468=LINE('',#8534,#8535);
#6469=VERTEX_POINT('',#8536);
#6470=LINE('',#8537,#8538);
#6471=VERTEX_POINT('',#8539);
#6472=LINE('',#8540,#8541);
#6473=LINE('',#8542,#8543);
#6474=VERTEX_POINT('',#8544);
#6475=LINE('',#8545,#8546);
#6476=VERTEX_POINT('',#8547);
#6477=LINE('',#8548,#8549);
#6478=LINE('',#8550,#8551);
#6479=LINE('',#8552,#8553);
#6480=VERTEX_POINT('',#8554);
#6481=LINE('',#8555,#8556);
#6482=LINE('',#8557,#8558);
#6483=LINE('',#8559,#8560);
#6484=VERTEX_POINT('',#8561);
#6485=LINE('',#8562,#8563);
#6486=VERTEX_POINT('',#8564);
#6487=LINE('',#8565,#8566);
#6488=VERTEX_POINT('',#8567);
#6489=LINE('',#8568,#8569);
#6490=LINE('',#8570,#8571);
#6491=VERTEX_POINT('',#8572);
#6492=LINE('',#8573,#8574);
#6493=LINE('',#8575,#8576);
#6494=VERTEX_POINT('',#8577);
#6495=LINE('',#8578,#8579);
#6496=LINE('',#8580,#8581);
#6497=LINE('',#8582,#8583);
#6498=LINE('',#8584,#8585);
#6499=VERTEX_POINT('',#8586);
#6500=LINE('',#8587,#8588);
#6501=VERTEX_POINT('',#8589);
#6502=LINE('',#8590,#8591);
#6503=LINE('',#8592,#8593);
#6504=VERTEX_POINT('',#8594);
#6505=LINE('',#8595,#8596);
#6506=LINE('',#8597,#8598);
#6507=VERTEX_POINT('',#8599);
#6508=LINE('',#8600,#8601);
#6509=LINE('',#8602,#8603);
#6510=VERTEX_POINT('',#8604);
#6511=LINE('',#8605,#8606);
#6512=LINE('',#8607,#8608);
#6513=VERTEX_POINT('',#8609);
#6514=LINE('',#8610,#8611);
#6515=VERTEX_POINT('',#8612);
#6516=LINE('',#8613,#8614);
#6517=VERTEX_POINT('',#8615);
#6518=LINE('',#8616,#8617);
#6519=LINE('',#8618,#8619);
#6520=VERTEX_POINT('',#8620);
#6521=LINE('',#8621,#8622);
#6522=VERTEX_POINT('',#8623);
#6523=LINE('',#8624,#8625);
#6524=LINE('',#8626,#8627);
#6525=VERTEX_POINT('',#8628);
#6526=LINE('',#8629,#8630);
#6527=VERTEX_POINT('',#8631);
#6528=LINE('',#8632,#8633);
#6529=LINE('',#8634,#8635);
#6530=LINE('',#8636,#8637);
#6531=VERTEX_POINT('',#8638);
#6532=LINE('',#8639,#8640);
#6533=LINE('',#8641,#8642);
#6534=LINE('',#8643,#8644);
#6535=VERTEX_POINT('',#8645);
#6536=LINE('',#8646,#8647);
#6537=VERTEX_POINT('',#8648);
#6538=LINE('',#8649,#8650);
#6539=VERTEX_POINT('',#8651);
#6540=LINE('',#8652,#8653);
#6541=LINE('',#8654,#8655);
#6542=VERTEX_POINT('',#8656);
#6543=LINE('',#8657,#8658);
#6544=LINE('',#8659,#8660);
#6545=VERTEX_POINT('',#8661);
#6546=LINE('',#8662,#8663);
#6547=LINE('',#8664,#8665);
#6548=LINE('',#8666,#8667);
#6549=LINE('',#8668,#8669);
#6550=VERTEX_POINT('',#8670);
#6551=LINE('',#8671,#8672);
#6552=VERTEX_POINT('',#8673);
#6553=LINE('',#8674,#8675);
#6554=LINE('',#8676,#8677);
#6555=VERTEX_POINT('',#8678);
#6556=LINE('',#8679,#8680);
#6557=LINE('',#8681,#8682);
#6558=VERTEX_POINT('',#8683);
#6559=LINE('',#8684,#8685);
#6560=LINE('',#8686,#8687);
#6561=VERTEX_POINT('',#8688);
#6562=LINE('',#8689,#8690);
#6563=LINE('',#8691,#8692);
#6564=VERTEX_POINT('',#8693);
#6565=LINE('',#8694,#8695);
#6566=VERTEX_POINT('',#8696);
#6567=LINE('',#8697,#8698);
#6568=VERTEX_POINT('',#8699);
#6569=LINE('',#8700,#8701);
#6570=LINE('',#8702,#8703);
#6571=VERTEX_POINT('',#8704);
#6572=LINE('',#8705,#8706);
#6573=VERTEX_POINT('',#8707);
#6574=LINE('',#8708,#8709);
#6575=LINE('',#8710,#8711);
#6576=VERTEX_POINT('',#8712);
#6577=LINE('',#8713,#8714);
#6578=LINE('',#8715,#8716);
#6579=VERTEX_POINT('',#8717);
#6580=LINE('',#8718,#8719);
#6581=VERTEX_POINT('',#8720);
#6582=LINE('',#8721,#8722);
#6583=LINE('',#8723,#8724);
#6584=LINE('',#8725,#8726);
#6585=VERTEX_POINT('',#8727);
#6586=LINE('',#8728,#8729);
#6587=VERTEX_POINT('',#8730);
#6588=LINE('',#8731,#8732);
#6589=VERTEX_POINT('',#8733);
#6590=LINE('',#8734,#8735);
#6591=LINE('',#8736,#8737);
#6592=VERTEX_POINT('',#8738);
#6593=LINE('',#8739,#8740);
#6594=LINE('',#8741,#8742);
#6595=VERTEX_POINT('',#8743);
#6596=LINE('',#8744,#8745);
#6597=LINE('',#8746,#8747);
#6598=LINE('',#8748,#8749);
#6599=LINE('',#8750,#8751);
#6600=LINE('',#8752,#8753);
#6601=VERTEX_POINT('',#8754);
#6602=LINE('',#8755,#8756);
#6603=LINE('',#8757,#8758);
#6604=VERTEX_POINT('',#8759);
#6605=LINE('',#8760,#8761);
#6606=LINE('',#8762,#8763);
#6607=VERTEX_POINT('',#8764);
#6608=LINE('',#8765,#8766);
#6609=LINE('',#8767,#8768);
#6610=LINE('',#8769,#8770);
#6611=LINE('',#8771,#8772);
#6612=VERTEX_POINT('',#8773);
#6613=VERTEX_POINT('',#8774);
#6614=LINE('',#8775,#8776);
#6615=VERTEX_POINT('',#8777);
#6616=LINE('',#8778,#8779);
#6617=VERTEX_POINT('',#8780);
#6618=LINE('',#8781,#8782);
#6619=VERTEX_POINT('',#8783);
#6620=LINE('',#8784,#8785);
#6621=VERTEX_POINT('',#8786);
#6622=LINE('',#8787,#8788);
#6623=VERTEX_POINT('',#8789);
#6624=LINE('',#8790,#8791);
#6625=VERTEX_POINT('',#8792);
#6626=LINE('',#8793,#8794);
#6627=LINE('',#8795,#8796);
#6628=VERTEX_POINT('',#8797);
#6629=VERTEX_POINT('',#8798);
#6630=LINE('',#8799,#8800);
#6631=VERTEX_POINT('',#8801);
#6632=LINE('',#8802,#8803);
#6633=VERTEX_POINT('',#8804);
#6634=LINE('',#8805,#8806);
#6635=VERTEX_POINT('',#8807);
#6636=LINE('',#8808,#8809);
#6637=VERTEX_POINT('',#8810);
#6638=LINE('',#8811,#8812);
#6639=VERTEX_POINT('',#8813);
#6640=LINE('',#8814,#8815);
#6641=VERTEX_POINT('',#8816);
#6642=LINE('',#8817,#8818);
#6643=LINE('',#8819,#8820);
#6644=VERTEX_POINT('',#8821);
#6645=VERTEX_POINT('',#8822);
#6646=LINE('',#8823,#8824);
#6647=VERTEX_POINT('',#8825);
#6648=LINE('',#8826,#8827);
#6649=VERTEX_POINT('',#8828);
#6650=LINE('',#8829,#8830);
#6651=VERTEX_POINT('',#8831);
#6652=LINE('',#8832,#8833);
#6653=VERTEX_POINT('',#8834);
#6654=LINE('',#8835,#8836);
#6655=VERTEX_POINT('',#8837);
#6656=LINE('',#8838,#8839);
#6657=VERTEX_POINT('',#8840);
#6658=LINE('',#8841,#8842);
#6659=LINE('',#8843,#8844);
#6660=VERTEX_POINT('',#8845);
#6661=VERTEX_POINT('',#8846);
#6662=LINE('',#8847,#8848);
#6663=VERTEX_POINT('',#8849);
#6664=LINE('',#8850,#8851);
#6665=VERTEX_POINT('',#8852);
#6666=LINE('',#8853,#8854);
#6667=VERTEX_POINT('',#8855);
#6668=LINE('',#8856,#8857);
#6669=VERTEX_POINT('',#8858);
#6670=LINE('',#8859,#8860);
#6671=VERTEX_POINT('',#8861);
#6672=LINE('',#8862,#8863);
#6673=VERTEX_POINT('',#8864);
#6674=LINE('',#8865,#8866);
#6675=LINE('',#8867,#8868);
#6676=VERTEX_POINT('',#8869);
#6677=VERTEX_POINT('',#8870);
#6678=LINE('',#8871,#8872);
#6679=VERTEX_POINT('',#8873);
#6680=LINE('',#8874,#8875);
#6681=VERTEX_POINT('',#8876);
#6682=LINE('',#8877,#8878);
#6683=VERTEX_POINT('',#8879);
#6684=LINE('',#8880,#8881);
#6685=VERTEX_POINT('',#8882);
#6686=LINE('',#8883,#8884);
#6687=VERTEX_POINT('',#8885);
#6688=LINE('',#8886,#8887);
#6689=VERTEX_POINT('',#8888);
#6690=LINE('',#8889,#8890);
#6691=LINE('',#8891,#8892);
#6692=VERTEX_POINT('',#8893);
#6693=VERTEX_POINT('',#8894);
#6694=LINE('',#8895,#8896);
#6695=VERTEX_POINT('',#8897);
#6696=LINE('',#8898,#8899);
#6697=VERTEX_POINT('',#8900);
#6698=LINE('',#8901,#8902);
#6699=VERTEX_POINT('',#8903);
#6700=LINE('',#8904,#8905);
#6701=VERTEX_POINT('',#8906);
#6702=LINE('',#8907,#8908);
#6703=VERTEX_POINT('',#8909);
#6704=LINE('',#8910,#8911);
#6705=VERTEX_POINT('',#8912);
#6706=LINE('',#8913,#8914);
#6707=LINE('',#8915,#8916);
#6708=VERTEX_POINT('',#8917);
#6709=VERTEX_POINT('',#8918);
#6710=LINE('',#8919,#8920);
#6711=VERTEX_POINT('',#8921);
#6712=LINE('',#8922,#8923);
#6713=VERTEX_POINT('',#8924);
#6714=LINE('',#8925,#8926);
#6715=VERTEX_POINT('',#8927);
#6716=LINE('',#8928,#8929);
#6717=VERTEX_POINT('',#8930);
#6718=LINE('',#8931,#8932);
#6719=VERTEX_POINT('',#8933);
#6720=LINE('',#8934,#8935);
#6721=VERTEX_POINT('',#8936);
#6722=LINE('',#8937,#8938);
#6723=LINE('',#8939,#8940);
#6724=VERTEX_POINT('',#8941);
#6725=VERTEX_POINT('',#8942);
#6726=LINE('',#8943,#8944);
#6727=VERTEX_POINT('',#8945);
#6728=LINE('',#8946,#8947);
#6729=VERTEX_POINT('',#8948);
#6730=LINE('',#8949,#8950);
#6731=VERTEX_POINT('',#8951);
#6732=LINE('',#8952,#8953);
#6733=VERTEX_POINT('',#8954);
#6734=LINE('',#8955,#8956);
#6735=VERTEX_POINT('',#8957);
#6736=LINE('',#8958,#8959);
#6737=VERTEX_POINT('',#8960);
#6738=LINE('',#8961,#8962);
#6739=LINE('',#8963,#8964);
#6740=LINE('',#8965,#8966);
#6741=VERTEX_POINT('',#8967);
#6742=LINE('',#8968,#8969);
#6743=VERTEX_POINT('',#8970);
#6744=LINE('',#8971,#8972);
#6745=LINE('',#8973,#8974);
#6746=VERTEX_POINT('',#8975);
#6747=LINE('',#8976,#8977);
#6748=LINE('',#8978,#8979);
#6749=VERTEX_POINT('',#8980);
#6750=LINE('',#8981,#8982);
#6751=LINE('',#8983,#8984);
#6752=VERTEX_POINT('',#8985);
#6753=LINE('',#8986,#8987);
#6754=LINE('',#8988,#8989);
#6755=VERTEX_POINT('',#8990);
#6756=LINE('',#8991,#8992);
#6757=LINE('',#8993,#8994);
#6758=VERTEX_POINT('',#8995);
#6759=LINE('',#8996,#8997);
#6760=LINE('',#8998,#8999);
#6761=VERTEX_POINT('',#9000);
#6762=LINE('',#9001,#9002);
#6763=LINE('',#9003,#9004);
#6764=LINE('',#9005,#9006);
#6765=VERTEX_POINT('',#9007);
#6766=LINE('',#9008,#9009);
#6767=VERTEX_POINT('',#9010);
#6768=LINE('',#9011,#9012);
#6769=LINE('',#9013,#9014);
#6770=VERTEX_POINT('',#9015);
#6771=LINE('',#9016,#9017);
#6772=LINE('',#9018,#9019);
#6773=VERTEX_POINT('',#9020);
#6774=LINE('',#9021,#9022);
#6775=LINE('',#9023,#9024);
#6776=VERTEX_POINT('',#9025);
#6777=LINE('',#9026,#9027);
#6778=LINE('',#9028,#9029);
#6779=VERTEX_POINT('',#9030);
#6780=LINE('',#9031,#9032);
#6781=LINE('',#9033,#9034);
#6782=VERTEX_POINT('',#9035);
#6783=LINE('',#9036,#9037);
#6784=LINE('',#9038,#9039);
#6785=VERTEX_POINT('',#9040);
#6786=LINE('',#9041,#9042);
#6787=LINE('',#9043,#9044);
#6788=LINE('',#9045,#9046);
#6789=VERTEX_POINT('',#9047);
#6790=LINE('',#9048,#9049);
#6791=VERTEX_POINT('',#9050);
#6792=LINE('',#9051,#9052);
#6793=LINE('',#9053,#9054);
#6794=VERTEX_POINT('',#9055);
#6795=LINE('',#9056,#9057);
#6796=LINE('',#9058,#9059);
#6797=VERTEX_POINT('',#9060);
#6798=LINE('',#9061,#9062);
#6799=LINE('',#9063,#9064);
#6800=VERTEX_POINT('',#9065);
#6801=LINE('',#9066,#9067);
#6802=LINE('',#9068,#9069);
#6803=VERTEX_POINT('',#9070);
#6804=LINE('',#9071,#9072);
#6805=LINE('',#9073,#9074);
#6806=VERTEX_POINT('',#9075);
#6807=LINE('',#9076,#9077);
#6808=LINE('',#9078,#9079);
#6809=VERTEX_POINT('',#9080);
#6810=LINE('',#9081,#9082);
#6811=LINE('',#9083,#9084);
#6812=LINE('',#9085,#9086);
#6813=VERTEX_POINT('',#9087);
#6814=LINE('',#9088,#9089);
#6815=VERTEX_POINT('',#9090);
#6816=LINE('',#9091,#9092);
#6817=LINE('',#9093,#9094);
#6818=VERTEX_POINT('',#9095);
#6819=LINE('',#9096,#9097);
#6820=LINE('',#9098,#9099);
#6821=VERTEX_POINT('',#9100);
#6822=LINE('',#9101,#9102);
#6823=LINE('',#9103,#9104);
#6824=VERTEX_POINT('',#9105);
#6825=LINE('',#9106,#9107);
#6826=LINE('',#9108,#9109);
#6827=VERTEX_POINT('',#9110);
#6828=LINE('',#9111,#9112);
#6829=LINE('',#9113,#9114);
#6830=VERTEX_POINT('',#9115);
#6831=LINE('',#9116,#9117);
#6832=LINE('',#9118,#9119);
#6833=VERTEX_POINT('',#9120);
#6834=LINE('',#9121,#9122);
#6835=LINE('',#9123,#9124);
#6836=LINE('',#9125,#9126);
#6837=VERTEX_POINT('',#9127);
#6838=LINE('',#9128,#9129);
#6839=VERTEX_POINT('',#9130);
#6840=LINE('',#9131,#9132);
#6841=LINE('',#9133,#9134);
#6842=VERTEX_POINT('',#9135);
#6843=LINE('',#9136,#9137);
#6844=LINE('',#9138,#9139);
#6845=VERTEX_POINT('',#9140);
#6846=LINE('',#9141,#9142);
#6847=LINE('',#9143,#9144);
#6848=VERTEX_POINT('',#9145);
#6849=LINE('',#9146,#9147);
#6850=LINE('',#9148,#9149);
#6851=VERTEX_POINT('',#9150);
#6852=LINE('',#9151,#9152);
#6853=LINE('',#9153,#9154);
#6854=VERTEX_POINT('',#9155);
#6855=LINE('',#9156,#9157);
#6856=LINE('',#9158,#9159);
#6857=VERTEX_POINT('',#9160);
#6858=LINE('',#9161,#9162);
#6859=LINE('',#9163,#9164);
#6860=LINE('',#9165,#9166);
#6861=VERTEX_POINT('',#9167);
#6862=LINE('',#9168,#9169);
#6863=VERTEX_POINT('',#9170);
#6864=LINE('',#9171,#9172);
#6865=LINE('',#9173,#9174);
#6866=VERTEX_POINT('',#9175);
#6867=LINE('',#9176,#9177);
#6868=LINE('',#9178,#9179);
#6869=VERTEX_POINT('',#9180);
#6870=LINE('',#9181,#9182);
#6871=LINE('',#9183,#9184);
#6872=VERTEX_POINT('',#9185);
#6873=LINE('',#9186,#9187);
#6874=LINE('',#9188,#9189);
#6875=VERTEX_POINT('',#9190);
#6876=LINE('',#9191,#9192);
#6877=LINE('',#9193,#9194);
#6878=VERTEX_POINT('',#9195);
#6879=LINE('',#9196,#9197);
#6880=LINE('',#9198,#9199);
#6881=VERTEX_POINT('',#9200);
#6882=LINE('',#9201,#9202);
#6883=LINE('',#9203,#9204);
#6884=LINE('',#9205,#9206);
#6885=VERTEX_POINT('',#9207);
#6886=LINE('',#9208,#9209);
#6887=VERTEX_POINT('',#9210);
#6888=LINE('',#9211,#9212);
#6889=LINE('',#9213,#9214);
#6890=VERTEX_POINT('',#9215);
#6891=LINE('',#9216,#9217);
#6892=LINE('',#9218,#9219);
#6893=VERTEX_POINT('',#9220);
#6894=LINE('',#9221,#9222);
#6895=LINE('',#9223,#9224);
#6896=VERTEX_POINT('',#9225);
#6897=LINE('',#9226,#9227);
#6898=LINE('',#9228,#9229);
#6899=VERTEX_POINT('',#9230);
#6900=LINE('',#9231,#9232);
#6901=LINE('',#9233,#9234);
#6902=VERTEX_POINT('',#9235);
#6903=LINE('',#9236,#9237);
#6904=LINE('',#9238,#9239);
#6905=VERTEX_POINT('',#9240);
#6906=LINE('',#9241,#9242);
#6907=LINE('',#9243,#9244);
#6908=LINE('',#9245,#9246);
#6909=VERTEX_POINT('',#9247);
#6910=LINE('',#9248,#9249);
#6911=VERTEX_POINT('',#9250);
#6912=LINE('',#9251,#9252);
#6913=LINE('',#9253,#9254);
#6914=VERTEX_POINT('',#9255);
#6915=LINE('',#9256,#9257);
#6916=LINE('',#9258,#9259);
#6917=VERTEX_POINT('',#9260);
#6918=LINE('',#9261,#9262);
#6919=LINE('',#9263,#9264);
#6920=VERTEX_POINT('',#9265);
#6921=LINE('',#9266,#9267);
#6922=LINE('',#9268,#9269);
#6923=VERTEX_POINT('',#9270);
#6924=LINE('',#9271,#9272);
#6925=LINE('',#9273,#9274);
#6926=VERTEX_POINT('',#9275);
#6927=LINE('',#9276,#9277);
#6928=LINE('',#9278,#9279);
#6929=VERTEX_POINT('',#9280);
#6930=LINE('',#9281,#9282);
#6931=LINE('',#9283,#9284);
#6932=LINE('',#9285,#9286);
#6933=LINE('',#9287,#9288);
#6934=VERTEX_POINT('',#9289);
#6935=LINE('',#9290,#9291);
#6936=VERTEX_POINT('',#9292);
#6937=LINE('',#9293,#9294);
#6938=VERTEX_POINT('',#9295);
#6939=LINE('',#9296,#9297);
#6940=VERTEX_POINT('',#9298);
#6941=LINE('',#9299,#9300);
#6942=LINE('',#9301,#9302);
#6943=VERTEX_POINT('',#9303);
#6944=LINE('',#9304,#9305);
#6945=VERTEX_POINT('',#9306);
#6946=LINE('',#9307,#9308);
#6947=LINE('',#9309,#9310);
#6948=VERTEX_POINT('',#9311);
#6949=LINE('',#9312,#9313);
#6950=VERTEX_POINT('',#9314);
#6951=LINE('',#9315,#9316);
#6952=LINE('',#9317,#9318);
#6953=LINE('',#9319,#9320);
#6954=VERTEX_POINT('',#9321);
#6955=LINE('',#9322,#9323);
#6956=LINE('',#9324,#9325);
#6957=LINE('',#9326,#9327);
#6958=VERTEX_POINT('',#9328);
#6959=LINE('',#9329,#9330);
#6960=VERTEX_POINT('',#9331);
#6961=LINE('',#9332,#9333);
#6962=VERTEX_POINT('',#9334);
#6963=LINE('',#9335,#9336);
#6964=VERTEX_POINT('',#9337);
#6965=LINE('',#9338,#9339);
#6966=VERTEX_POINT('',#9340);
#6967=LINE('',#9341,#9342);
#6968=VERTEX_POINT('',#9343);
#6969=LINE('',#9344,#9345);
#6970=VERTEX_POINT('',#9346);
#6971=LINE('',#9347,#9348);
#6972=LINE('',#9349,#9350);
#6973=VERTEX_POINT('',#9351);
#6974=LINE('',#9352,#9353);
#6975=LINE('',#9354,#9355);
#6976=VERTEX_POINT('',#9356);
#6977=LINE('',#9357,#9358);
#6978=LINE('',#9359,#9360);
#6979=LINE('',#9361,#9362);
#6980=LINE('',#9363,#9364);
#6981=LINE('',#9365,#9366);
#6982=LINE('',#9367,#9368);
#6983=LINE('',#9369,#9370);
#6984=LINE('',#9371,#9372);
#6985=VERTEX_POINT('',#9373);
#6986=LINE('',#9374,#9375);
#6987=LINE('',#9376,#9377);
#6988=LINE('',#9378,#9379);
#6989=LINE('',#9380,#9381);
#6990=LINE('',#9382,#9383);
#6991=LINE('',#9384,#9385);
#6992=VERTEX_POINT('',#9386);
#6993=LINE('',#9387,#9388);
#6994=LINE('',#9389,#9390);
#6995=LINE('',#9391,#9392);
#6996=LINE('',#9393,#9394);
#6997=VERTEX_POINT('',#9395);
#6998=LINE('',#9396,#9397);
#6999=LINE('',#9398,#9399);
#7000=VERTEX_POINT('',#9400);
#7001=CIRCLE('',#9401,1.3);
#7002=VERTEX_POINT('',#9402);
#7003=LINE('',#9403,#9404);
#7004=CIRCLE('',#9405,0.6);
#7005=VERTEX_POINT('',#9406);
#7006=LINE('',#9407,#9408);
#7007=VERTEX_POINT('',#9409);
#7008=LINE('',#9410,#9411);
#7009=VERTEX_POINT('',#9412);
#7010=LINE('',#9413,#9414);
#7011=LINE('',#9415,#9416);
#7012=CIRCLE('',#9417,0.166);
#7013=LINE('',#9418,#9419);
#7014=LINE('',#9420,#9421);
#7015=LINE('',#9422,#9423);
#7016=LINE('',#9424,#9425);
#7017=VERTEX_POINT('',#9426);
#7018=LINE('',#9427,#9428);
#7019=VERTEX_POINT('',#9429);
#7020=B_SPLINE_CURVE_WITH_KNOTS('',3,(#9430,#9431,#9432,#9433,#9434,#9435,#9436),.UNSPECIFIED.,.F.,.F.,(4,1,1,1,4),(0.0,0.25,0.5,0.75,1.0),.UNSPECIFIED.);
#7021=VERTEX_POINT('',#9437);
#7022=LINE('',#9438,#9439);
#7023=VERTEX_POINT('',#9440);
#7024=LINE('',#9441,#9442);
#7025=VERTEX_POINT('',#9443);
#7026=LINE('',#9444,#9445);
#7027=VERTEX_POINT('',#9446);
#7028=LINE('',#9447,#9448);
#7029=LINE('',#9449,#9450);
#7030=VERTEX_POINT('',#9451);
#7031=LINE('',#9452,#9453);
#7032=LINE('',#9454,#9455);
#7033=VERTEX_POINT('',#9456);
#7034=LINE('',#9457,#9458);
#7035=VERTEX_POINT('',#9459);
#7036=LINE('',#9460,#9461);
#7037=VERTEX_POINT('',#9462);
#7038=LINE('',#9463,#9464);
#7039=VERTEX_POINT('',#9465);
#7040=LINE('',#9466,#9467);
#7041=VERTEX_POINT('',#9468);
#7042=B_SPLINE_CURVE_WITH_KNOTS('',3,(#9469,#9470,#9471,#9472,#9473,#9474,#9475),.UNSPECIFIED.,.F.,.F.,(4,1,1,1,4),(0.0,0.25,0.5,0.75,1.0),.UNSPECIFIED.);
#7043=LINE('',#9476,#9477);
#7044=LINE('',#9478,#9479);
#7045=LINE('',#9480,#9481);
#7046=LINE('',#9482,#9483);
#7047=LINE('',#9484,#9485);
#7048=LINE('',#9486,#9487);
#7049=LINE('',#9488,#9489);
#7050=LINE('',#9490,#9491);
#7051=LINE('',#9492,#9493);
#7052=LINE('',#9494,#9495);
#7053=LINE('',#9496,#9497);
#7054=LINE('',#9498,#9499);
#7055=LINE('',#9500,#9501);
#7056=VERTEX_POINT('',#9502);
#7057=LINE('',#9503,#9504);
#7058=LINE('',#9505,#9506);
#7059=VERTEX_POINT('',#9507);
#7060=LINE('',#9508,#9509);
#7061=VERTEX_POINT('',#9510);
#7062=LINE('',#9511,#9512);
#7063=LINE('',#9513,#9514);
#7064=VERTEX_POINT('',#9515);
#7065=LINE('',#9516,#9517);
#7066=LINE('',#9518,#9519);
#7067=LINE('',#9520,#9521);
#7068=LINE('',#9522,#9523);
#7069=LINE('',#9524,#9525);
#7070=LINE('',#9526,#9527);
#7071=LINE('',#9528,#9529);
#7072=LINE('',#9530,#9531);
#7073=CARTESIAN_POINT('',(-1.25,-3.2,10.4));
#7074=CARTESIAN_POINT('',(-1.25,-3.2,-4.6));
#7075=CARTESIAN_POINT('',(-1.25,-3.2,10.4));
#7076=VECTOR('',#9532,15.0);
#7077=CARTESIAN_POINT('',(-4.4,-3.2,10.4));
#7078=CARTESIAN_POINT('',(-4.4,-3.2,10.4));
#7079=VECTOR('',#9533,3.15);
#7080=CARTESIAN_POINT('',(-4.4,-3.2,-1.1));
#7081=CARTESIAN_POINT('',(-4.4,-3.2,10.4));
#7082=VECTOR('',#9534,11.5);
#7083=CARTESIAN_POINT('',(-9.0,-3.2,-1.1));
#7084=CARTESIAN_POINT('',(-9.0,-3.2,-1.1));
#7085=VECTOR('',#9535,4.6);
#7086=CARTESIAN_POINT('',(-9.0,-3.2,10.4));
#7087=CARTESIAN_POINT('',(-9.0,-3.2,10.4));
#7088=VECTOR('',#9536,11.5);
#7089=CARTESIAN_POINT('',(-13.35,-3.2,10.4));
#7090=CARTESIAN_POINT('',(-13.35,-3.2,10.4));
#7091=VECTOR('',#9537,4.35);
#7092=CARTESIAN_POINT('',(-13.35,-3.2,-10.4));
#7093=CARTESIAN_POINT('',(-13.35,-3.2,-10.4));
#7094=VECTOR('',#9538,20.8);
#7095=CARTESIAN_POINT('',(-0.8,-3.2,-10.4));
#7096=CARTESIAN_POINT('',(-0.8,-3.2,-10.4));
#7097=VECTOR('',#9539,12.55);
#7098=CARTESIAN_POINT('',(-0.8,-3.2,-7.35));
#7099=CARTESIAN_POINT('',(-0.8,-3.2,-7.35));
#7100=VECTOR('',#9540,3.05);
#7101=CARTESIAN_POINT('',(1.7,-3.2,-7.35));
#7102=CARTESIAN_POINT('',(-0.8,-3.2,-7.35));
#7103=VECTOR('',#9541,2.5);
#7104=CARTESIAN_POINT('',(1.7,-3.2,-10.4));
#7105=CARTESIAN_POINT('',(1.7,-3.2,-7.35));
#7106=VECTOR('',#9542,3.05);
#7107=CARTESIAN_POINT('',(13.35,-3.2,-10.4));
#7108=CARTESIAN_POINT('',(13.35,-3.2,-10.4));
#7109=VECTOR('',#9543,11.65);
#7110=CARTESIAN_POINT('',(13.35,-3.2,10.4));
#7111=CARTESIAN_POINT('',(13.35,-3.2,10.4));
#7112=VECTOR('',#9544,20.8);
#7113=CARTESIAN_POINT('',(9.9,-3.2,10.4));
#7114=CARTESIAN_POINT('',(9.9,-3.2,10.4));
#7115=VECTOR('',#9545,3.45);
#7116=CARTESIAN_POINT('',(9.9,-3.2,-1.1));
#7117=CARTESIAN_POINT('',(9.9,-3.2,10.4));
#7118=VECTOR('',#9546,11.5);
#7119=CARTESIAN_POINT('',(5.3,-3.2,-1.1));
#7120=CARTESIAN_POINT('',(5.3,-3.2,-1.1));
#7121=VECTOR('',#9547,4.6);
#7122=CARTESIAN_POINT('',(5.3,-3.2,10.4));
#7123=CARTESIAN_POINT('',(5.3,-3.2,10.4));
#7124=VECTOR('',#9548,11.5);
#7125=CARTESIAN_POINT('',(2.15,-3.2,10.4));
#7126=CARTESIAN_POINT('',(2.15,-3.2,10.4));
#7127=VECTOR('',#9549,3.15);
#7128=CARTESIAN_POINT('',(2.15,-3.2,-4.6));
#7129=CARTESIAN_POINT('',(2.15,-3.2,10.4));
#7130=VECTOR('',#9550,15.0);
#7131=CARTESIAN_POINT('',(0.95,-3.2,-4.6));
#7132=CARTESIAN_POINT('',(0.95,-3.2,-4.6));
#7133=VECTOR('',#9551,1.2);
#7134=CARTESIAN_POINT('',(0.95,-3.2,10.4));
#7135=CARTESIAN_POINT('',(0.95,-3.2,10.4));
#7136=VECTOR('',#9552,15.0);
#7137=CARTESIAN_POINT('',(-0.05,-3.2,10.4));
#7138=CARTESIAN_POINT('',(-0.05,-3.2,10.4));
#7139=VECTOR('',#9553,1.0);
#7140=CARTESIAN_POINT('',(-0.05,-3.2,-4.6));
#7141=CARTESIAN_POINT('',(-0.05,-3.2,10.4));
#7142=VECTOR('',#9554,15.0);
#7143=CARTESIAN_POINT('',(-1.25,-3.2,-4.6));
#7144=VECTOR('',#9555,1.2);
#7145=CARTESIAN_POINT('',(-0.05,-3.1,-4.6));
#7146=CARTESIAN_POINT('',(-0.05,-3.2,-4.6));
#7147=VECTOR('',#9556,0.1);
#7148=CARTESIAN_POINT('',(-1.25,-3.1,-4.6));
#7149=CARTESIAN_POINT('',(-0.05,-3.1,-4.6));
#7150=VECTOR('',#9557,1.2);
#7151=CARTESIAN_POINT('',(-1.25,-3.1,-4.6));
#7152=VECTOR('',#9558,0.1);
#7153=CARTESIAN_POINT('',(2.15,-3.1,-4.6));
#7154=CARTESIAN_POINT('',(2.15,-3.2,-4.6));
#7155=VECTOR('',#9559,0.1);
#7156=CARTESIAN_POINT('',(0.95,-3.1,-4.6));
#7157=CARTESIAN_POINT('',(2.15,-3.1,-4.6));
#7158=VECTOR('',#9560,1.2);
#7159=CARTESIAN_POINT('',(0.95,-3.1,-4.6));
#7160=VECTOR('',#9561,0.1);
#7161=CARTESIAN_POINT('',(-1.25,-3.1,10.4));
#7162=CARTESIAN_POINT('',(-1.25,-3.1,10.4));
#7163=VECTOR('',#9562,15.0);
#7164=CARTESIAN_POINT('',(-1.25,-3.2,10.4));
#7165=VECTOR('',#9563,0.1);
#7166=CARTESIAN_POINT('',(1.2,-2.2,10.4));
#7167=CARTESIAN_POINT('',(-0.3,-2.2,10.4));
#7168=CARTESIAN_POINT('',(1.2,-2.2,10.4));
#7169=VECTOR('',#9564,1.5);
#7170=CARTESIAN_POINT('',(-0.3,-1.3,10.4));
#7171=CARTESIAN_POINT('',(-0.3,-2.2,10.4));
#7172=VECTOR('',#9565,0.9);
#7173=CARTESIAN_POINT('',(-1.8,-1.3,10.4));
#7174=CARTESIAN_POINT('',(-1.8,-1.3,10.4));
#7175=VECTOR('',#9566,1.5);
#7176=CARTESIAN_POINT('',(-1.8,-0.8,10.4));
#7177=CARTESIAN_POINT('',(-1.8,-0.8,10.4));
#7178=VECTOR('',#9567,0.5);
#7179=CARTESIAN_POINT('',(-2.45,-0.8,10.4));
#7180=CARTESIAN_POINT('',(-2.45,-0.8,10.4));
#7181=VECTOR('',#9568,0.65);
#7182=CARTESIAN_POINT('',(-2.45,1.49,10.4));
#7183=CARTESIAN_POINT('',(-2.45,1.49,10.4));
#7184=VECTOR('',#9569,2.29);
#7185=CARTESIAN_POINT('',(-3.35,1.49,10.4));
#7186=CARTESIAN_POINT('',(-3.35,1.49,10.4));
#7187=VECTOR('',#9570,0.9);
#7188=CARTESIAN_POINT('',(-3.35,-1.8,10.4));
#7189=CARTESIAN_POINT('',(-3.35,1.49,10.4));
#7190=VECTOR('',#9571,3.29);
#7191=CARTESIAN_POINT('',(-13.35,-1.8,10.4));
#7192=CARTESIAN_POINT('',(-13.35,-1.8,10.4));
#7193=VECTOR('',#9572,10.0);
#7194=CARTESIAN_POINT('',(-13.35,-3.2,10.4));
#7195=VECTOR('',#9573,1.4);
#7196=CARTESIAN_POINT('',(-8.6,-2.8,10.4));
#7197=CARTESIAN_POINT('',(-8.6,-2.8,10.4));
#7198=VECTOR('',#9574,0.5656854249492);
#7199=CARTESIAN_POINT('',(-4.8,-2.8,10.4));
#7200=CARTESIAN_POINT('',(-4.8,-2.8,10.4));
#7201=VECTOR('',#9575,3.8);
#7202=CARTESIAN_POINT('',(-4.4,-3.2,10.4));
#7203=VECTOR('',#9576,0.5656854249492);
#7204=CARTESIAN_POINT('',(-0.05,-3.1,10.4));
#7205=CARTESIAN_POINT('',(-0.05,-3.1,10.4));
#7206=VECTOR('',#9577,1.2);
#7207=CARTESIAN_POINT('',(-0.05,-3.2,10.4));
#7208=VECTOR('',#9578,0.1);
#7209=CARTESIAN_POINT('',(0.95,-3.1,10.4));
#7210=CARTESIAN_POINT('',(0.95,-3.2,10.4));
#7211=VECTOR('',#9579,0.1);
#7212=CARTESIAN_POINT('',(2.15,-3.1,10.4));
#7213=CARTESIAN_POINT('',(2.15,-3.1,10.4));
#7214=VECTOR('',#9580,1.2);
#7215=CARTESIAN_POINT('',(2.15,-3.2,10.4));
#7216=VECTOR('',#9581,0.1);
#7217=CARTESIAN_POINT('',(3.9,-2.8,10.4));
#7218=CARTESIAN_POINT('',(3.9,-2.8,10.4));
#7219=VECTOR('',#9582,1.456021977856);
#7220=CARTESIAN_POINT('',(9.5,-2.8,10.4));
#7221=CARTESIAN_POINT('',(9.5,-2.8,10.4));
#7222=VECTOR('',#9583,5.6);
#7223=CARTESIAN_POINT('',(9.9,-3.2,10.4));
#7224=VECTOR('',#9584,0.5656854249492);
#7225=CARTESIAN_POINT('',(13.35,-1.8,10.4));
#7226=CARTESIAN_POINT('',(13.35,-3.2,10.4));
#7227=VECTOR('',#9585,1.4);
#7228=CARTESIAN_POINT('',(4.25,-1.8,10.4));
#7229=CARTESIAN_POINT('',(4.25,-1.8,10.4));
#7230=VECTOR('',#9586,9.1);
#7231=CARTESIAN_POINT('',(4.25,1.49,10.4));
#7232=CARTESIAN_POINT('',(4.25,1.49,10.4));
#7233=VECTOR('',#9587,3.29);
#7234=CARTESIAN_POINT('',(3.35,1.49,10.4));
#7235=CARTESIAN_POINT('',(3.35,1.49,10.4));
#7236=VECTOR('',#9588,0.9);
#7237=CARTESIAN_POINT('',(3.35,-0.8,10.4));
#7238=CARTESIAN_POINT('',(3.35,1.49,10.4));
#7239=VECTOR('',#9589,2.29);
#7240=CARTESIAN_POINT('',(2.7,-0.8,10.4));
#7241=CARTESIAN_POINT('',(3.35,-0.8,10.4));
#7242=VECTOR('',#9590,0.65);
#7243=CARTESIAN_POINT('',(2.7,-1.3,10.4));
#7244=CARTESIAN_POINT('',(2.7,-0.8,10.4));
#7245=VECTOR('',#9591,0.5);
#7246=CARTESIAN_POINT('',(1.2,-1.3,10.4));
#7247=CARTESIAN_POINT('',(2.7,-1.3,10.4));
#7248=VECTOR('',#9592,1.5);
#7249=CARTESIAN_POINT('',(1.2,-1.3,10.4));
#7250=VECTOR('',#9593,0.9);
#7251=CARTESIAN_POINT('',(1.2,-1.8,-0.53));
#7252=CARTESIAN_POINT('',(1.2,-1.3,-0.3959837585833));
#7253=CARTESIAN_POINT('',(1.2,-1.8,-0.53));
#7254=VECTOR('',#9594,0.5176488703392);
#7255=CARTESIAN_POINT('',(1.2,-1.8,-1.8));
#7256=CARTESIAN_POINT('',(1.2,-1.8,-1.8));
#7257=VECTOR('',#9595,1.27);
#7258=CARTESIAN_POINT('',(1.2,-2.2,-1.8));
#7259=CARTESIAN_POINT('',(1.2,-2.2,-1.8));
#7260=VECTOR('',#9596,0.4);
#7261=CARTESIAN_POINT('',(1.2,-2.2,10.4));
#7262=VECTOR('',#9597,12.2);
#7263=CARTESIAN_POINT('',(1.2,-1.3,10.4));
#7264=VECTOR('',#9598,10.79598375858);
#7265=CARTESIAN_POINT('',(1.2,0.7,2.574));
#7266=CARTESIAN_POINT('',(1.2,0.7,5.6));
#7267=CARTESIAN_POINT('',(1.2,0.7,2.574));
#7268=VECTOR('',#9599,3.026);
#7269=CARTESIAN_POINT('',(1.2,1.5,5.6));
#7270=CARTESIAN_POINT('',(1.2,0.7,5.6));
#7271=VECTOR('',#9600,0.8);
#7272=CARTESIAN_POINT('',(1.2,1.5,2.574));
#7273=CARTESIAN_POINT('',(1.2,1.5,5.6));
#7274=VECTOR('',#9601,3.026);
#7275=CARTESIAN_POINT('',(1.2,0.7,2.574));
#7276=VECTOR('',#9602,0.8);
#7277=CARTESIAN_POINT('',(2.665092528837,-1.3,1.6));
#7278=CARTESIAN_POINT('',(1.532,-1.3,1.6));
#7279=CARTESIAN_POINT('',(2.665092528837,-1.3,1.6));
#7280=VECTOR('',#9603,1.133092528837);
#7281=CARTESIAN_POINT('',(1.532,-1.299969192882,-0.3955172825948));
#7282=CARTESIAN_POINT('',(1.532,-1.3,1.6));
#7283=VECTOR('',#9604,1.995517282833);
#7284=CARTESIAN_POINT('',(1.2,-1.3,-0.3959837585833));
#7285=VECTOR('',#9605,0.3320003291398);
#7286=CARTESIAN_POINT('',(2.7,-1.3,7.1));
#7287=CARTESIAN_POINT('',(2.7,-1.3,10.4));
#7288=VECTOR('',#9606,3.3);
#7289=CARTESIAN_POINT('',(2.7,-1.3,5.6));
#7290=CARTESIAN_POINT('',(2.7,-1.3,5.6));
#7291=VECTOR('',#9607,1.5);
#7292=CARTESIAN_POINT('',(2.665092528837,-1.3,1.6));
#7293=VECTOR('',#9608,4.000152313543);
#7294=CARTESIAN_POINT('',(-1.8,-1.3,5.6));
#7295=CARTESIAN_POINT('',(-1.8,-1.3,7.1));
#7296=CARTESIAN_POINT('',(-1.8,-1.3,5.6));
#7297=VECTOR('',#9609,1.5);
#7298=CARTESIAN_POINT('',(-1.8,-1.3,10.4));
#7299=VECTOR('',#9610,3.3);
#7300=CARTESIAN_POINT('',(-0.3,-1.3,-0.3959837481748));
#7301=CARTESIAN_POINT('',(-0.3,-1.3,-0.3959837481748));
#7302=VECTOR('',#9611,10.79598374817);
#7303=CARTESIAN_POINT('',(-0.632,-1.300062886569,-0.3955425126133));
#7304=CARTESIAN_POINT('',(-0.3,-1.3,-0.3959837481748));
#7305=VECTOR('',#9612,0.3320002991618);
#7306=CARTESIAN_POINT('',(-0.632,-1.3,1.6));
#7307=CARTESIAN_POINT('',(-0.632,-1.300062886569,-0.3955425126133));
#7308=VECTOR('',#9613,1.995542513604);
#7309=CARTESIAN_POINT('',(-1.765092528837,-1.3,1.6));
#7310=CARTESIAN_POINT('',(-1.765092528837,-1.3,1.6));
#7311=VECTOR('',#9614,1.133092528837);
#7312=CARTESIAN_POINT('',(-1.765092528837,-1.3,1.6));
#7313=VECTOR('',#9615,4.000152313543);
#7314=CARTESIAN_POINT('',(2.7,-1.8,5.6));
#7315=CARTESIAN_POINT('',(2.7,-1.8,5.6));
#7316=VECTOR('',#9616,0.5);
#7317=CARTESIAN_POINT('',(2.646504300443,-1.8,-0.53));
#7318=CARTESIAN_POINT('',(2.646504300443,-1.8,-0.53));
#7319=VECTOR('',#9617,6.130233420505);
#7320=CARTESIAN_POINT('',(2.647678130507,-1.29987632103,-0.3954923974453));
#7321=CARTESIAN_POINT('',(2.646504300443,-1.8,-0.53));
#7322=VECTOR('',#9618,0.517897062444);
#7323=CARTESIAN_POINT('',(2.650518659626,-0.09597228928638,-0.07));
#7324=CARTESIAN_POINT('',(2.650518659626,-0.09597228928638,-0.07));
#7325=VECTOR('',#9619,1.247132024707);
#7326=CARTESIAN_POINT('',(2.656976541792,1.22,0.67));
#7327=CARTESIAN_POINT('',(2.656976541792,1.22,0.67));
#7328=VECTOR('',#9620,1.509776397488);
#7329=CARTESIAN_POINT('',(2.666290697401,1.5,1.737296518422));
#7330=CARTESIAN_POINT('',(2.666290697401,1.5,1.737296518422));
#7331=VECTOR('',#9621,1.103453040111);
#7332=CARTESIAN_POINT('',(2.7,1.5,5.6));
#7333=CARTESIAN_POINT('',(2.666290697401,1.5,1.737296518422));
#7334=VECTOR('',#9622,3.862850567091);
#7335=CARTESIAN_POINT('',(2.7,0.7,5.6));
#7336=CARTESIAN_POINT('',(2.7,0.7,5.6));
#7337=VECTOR('',#9623,0.8);
#7338=CARTESIAN_POINT('',(2.67120133629,0.7,2.3));
#7339=CARTESIAN_POINT('',(2.67120133629,0.7,2.3));
#7340=VECTOR('',#9624,3.300125658673);
#7341=CARTESIAN_POINT('',(2.659856408163,-0.6,1.0));
#7342=CARTESIAN_POINT('',(2.67120133629,0.7,2.3));
#7343=CARTESIAN_POINT('',(2.669310550934,0.7,2.083337458335));
#7344=CARTESIAN_POINT('',(2.666349667516,0.6059549697699,1.744053824288));
#7345=CARTESIAN_POINT('',(2.663012247817,0.3383875748789,1.361623406036));
#7346=CARTESIAN_POINT('',(2.660677173694,-0.04404162016322,1.094050414351));
#7347=CARTESIAN_POINT('',(2.659856408163,-0.3833292081749,1.0));
#7348=CARTESIAN_POINT('',(2.659856408163,-0.6,1.0));
#7349=CARTESIAN_POINT('',(2.659856408163,-0.7,1.0));
#7350=CARTESIAN_POINT('',(2.659856408163,-0.7,1.0));
#7351=VECTOR('',#9625,0.1);
#7352=CARTESIAN_POINT('',(2.659856408163,-0.7,1.0));
#7353=CARTESIAN_POINT('',(2.659856408163,-0.8000019039193,1.0));
#7354=CARTESIAN_POINT('',(2.660235223023,-0.9565961753093,1.043407883546));
#7355=CARTESIAN_POINT('',(2.661312949542,-1.133101957636,1.166903110478));
#7356=CARTESIAN_POINT('',(2.662853297095,-1.256594601432,1.343409457364));
#7357=CARTESIAN_POINT('',(2.664219858673,-1.3,1.500001903847));
#7358=CARTESIAN_POINT('',(2.665092528837,-1.3,1.6));
#7359=CARTESIAN_POINT('',(1.532,-0.7,1.0));
#7360=CARTESIAN_POINT('',(2.659856408163,-0.7,1.0));
#7361=VECTOR('',#9626,1.127856408163);
#7362=AXIS2_PLACEMENT_3D('',#9627,#9628,#9629);
#7363=CARTESIAN_POINT('',(1.532,1.5,2.574));
#7364=CARTESIAN_POINT('',(1.532,0.7,2.574));
#7365=CARTESIAN_POINT('',(1.532,1.5,2.574));
#7366=VECTOR('',#9630,0.8);
#7367=CARTESIAN_POINT('',(1.532,1.5,1.737296518422));
#7368=CARTESIAN_POINT('',(1.532,1.5,1.737296518422));
#7369=VECTOR('',#9631,0.8367034815782);
#7370=CARTESIAN_POINT('',(1.532,1.22,0.67));
#7371=CARTESIAN_POINT('',(1.532,1.5,1.737296518422));
#7372=VECTOR('',#9632,1.103413729403);
#7373=CARTESIAN_POINT('',(1.532,-0.09597228928638,-0.07));
#7374=CARTESIAN_POINT('',(1.532,1.22,0.67));
#7375=VECTOR('',#9633,1.509762586028);
#7376=CARTESIAN_POINT('',(1.532,-0.09597228928638,-0.07));
#7377=VECTOR('',#9634,1.247224937666);
#7378=CARTESIAN_POINT('',(1.532,-0.6,1.0));
#7379=CARTESIAN_POINT('',(1.532,-0.7,1.0));
#7380=VECTOR('',#9635,0.1);
#7381=CARTESIAN_POINT('',(1.532,0.7,2.3));
#7382=AXIS2_PLACEMENT_3D('',#9636,#9637,#9638);
#7383=CARTESIAN_POINT('',(1.532,0.7,2.3));
#7384=VECTOR('',#9639,0.274);
#7385=CARTESIAN_POINT('',(3.1,0.7,5.6));
#7386=CARTESIAN_POINT('',(3.1,0.7,5.6));
#7387=VECTOR('',#9640,0.4);
#7388=CARTESIAN_POINT('',(3.1,0.7,10.4));
#7389=CARTESIAN_POINT('',(3.1,0.7,5.6));
#7390=VECTOR('',#9641,4.8);
#7391=CARTESIAN_POINT('',(1.325,0.7,10.4));
#7392=CARTESIAN_POINT('',(3.1,0.7,10.4));
#7393=VECTOR('',#9642,1.775);
#7394=CARTESIAN_POINT('',(1.325,0.7,5.9));
#7395=CARTESIAN_POINT('',(1.325,0.7,10.4));
#7396=VECTOR('',#9643,4.5);
#7397=CARTESIAN_POINT('',(-0.425,0.7,5.9));
#7398=CARTESIAN_POINT('',(-0.425,0.7,5.9));
#7399=VECTOR('',#9644,1.75);
#7400=CARTESIAN_POINT('',(-0.425,0.7,10.4));
#7401=CARTESIAN_POINT('',(-0.425,0.7,10.4));
#7402=VECTOR('',#9645,4.5);
#7403=CARTESIAN_POINT('',(-2.2,0.7,10.4));
#7404=CARTESIAN_POINT('',(-0.425,0.7,10.4));
#7405=VECTOR('',#9646,1.775);
#7406=CARTESIAN_POINT('',(-2.2,0.7,5.6));
#7407=CARTESIAN_POINT('',(-2.2,0.7,5.6));
#7408=VECTOR('',#9647,4.8);
#7409=CARTESIAN_POINT('',(-1.8,0.7,5.6));
#7410=CARTESIAN_POINT('',(-2.2,0.7,5.6));
#7411=VECTOR('',#9648,0.4);
#7412=CARTESIAN_POINT('',(-1.771201336291,0.7,2.3));
#7413=CARTESIAN_POINT('',(-1.771201336291,0.7,2.3));
#7414=VECTOR('',#9649,3.300125658673);
#7415=CARTESIAN_POINT('',(-0.632,0.7,2.3));
#7416=CARTESIAN_POINT('',(-1.771201336291,0.7,2.3));
#7417=VECTOR('',#9650,1.13920133629);
#7418=CARTESIAN_POINT('',(-0.632,0.7,2.574));
#7419=CARTESIAN_POINT('',(-0.632,0.7,2.3));
#7420=VECTOR('',#9651,0.274);
#7421=CARTESIAN_POINT('',(-0.3,0.7,2.574));
#7422=AXIS2_PLACEMENT_3D('',#9652,#9653,#9654);
#7423=CARTESIAN_POINT('',(-0.3,0.7,5.6));
#7424=CARTESIAN_POINT('',(-0.3,0.7,2.574));
#7425=VECTOR('',#9655,3.026);
#7426=CARTESIAN_POINT('',(-0.2495174514356,0.7,0.7794479322876));
#7427=CARTESIAN_POINT('',(-0.2495174514356,0.7,0.7794479322876));
#7428=VECTOR('',#9656,4.820816396134);
#7429=CARTESIAN_POINT('',(1.149517451436,0.7,0.7794479322876));
#7430=CARTESIAN_POINT('',(1.149517451436,0.7,0.7794479322876));
#7431=VECTOR('',#9657,1.399034902871);
#7432=CARTESIAN_POINT('',(1.149517451436,0.7,0.7794479322876));
#7433=VECTOR('',#9658,4.820816396134);
#7434=AXIS2_PLACEMENT_3D('',#9659,#9660,#9661);
#7435=CARTESIAN_POINT('',(2.67120133629,0.7,2.3));
#7436=VECTOR('',#9662,1.13920133629);
#7437=CARTESIAN_POINT('',(2.659856408163,-0.6,1.0));
#7438=VECTOR('',#9663,1.127856408163);
#7439=AXIS2_PLACEMENT_3D('',#9664,#9665,#9666);
#7440=CARTESIAN_POINT('',(2.666290697401,1.5,1.737296518422));
#7441=VECTOR('',#9667,1.134290697401);
#7442=CARTESIAN_POINT('',(1.2,1.5,5.6));
#7443=VECTOR('',#9668,1.5);
#7444=CARTESIAN_POINT('',(1.2,2.8,5.6));
#7445=CARTESIAN_POINT('',(1.2,2.8,5.6));
#7446=VECTOR('',#9669,1.3);
#7447=CARTESIAN_POINT('',(3.1,2.8,5.6));
#7448=CARTESIAN_POINT('',(3.1,2.8,5.6));
#7449=VECTOR('',#9670,1.9);
#7450=CARTESIAN_POINT('',(3.1,0.7,5.6));
#7451=VECTOR('',#9671,2.1);
#7452=CARTESIAN_POINT('',(3.1,2.8,6.7));
#7453=CARTESIAN_POINT('',(3.1,2.8,6.7));
#7454=VECTOR('',#9672,1.1);
#7455=CARTESIAN_POINT('',(3.1,3.05,6.7));
#7456=CARTESIAN_POINT('',(3.1,3.05,6.7));
#7457=VECTOR('',#9673,0.25);
#7458=CARTESIAN_POINT('',(3.1,3.05,7.8));
#7459=CARTESIAN_POINT('',(3.1,3.05,7.8));
#7460=VECTOR('',#9674,1.1);
#7461=CARTESIAN_POINT('',(3.1,3.3,7.8));
#7462=CARTESIAN_POINT('',(3.1,3.3,7.8));
#7463=VECTOR('',#9675,0.25);
#7464=CARTESIAN_POINT('',(3.1,3.3,8.9));
#7465=CARTESIAN_POINT('',(3.1,3.3,8.9));
#7466=VECTOR('',#9676,1.1);
#7467=CARTESIAN_POINT('',(3.1,3.55,8.9));
#7468=CARTESIAN_POINT('',(3.1,3.55,8.9));
#7469=VECTOR('',#9677,0.25);
#7470=CARTESIAN_POINT('',(3.1,3.55,10.4));
#7471=CARTESIAN_POINT('',(3.1,3.55,10.4));
#7472=VECTOR('',#9678,1.5);
#7473=CARTESIAN_POINT('',(3.1,0.7,10.4));
#7474=VECTOR('',#9679,2.85);
#7475=CARTESIAN_POINT('',(1.325,1.9,10.4));
#7476=CARTESIAN_POINT('',(-0.425,1.9,10.4));
#7477=CARTESIAN_POINT('',(1.325,1.9,10.4));
#7478=VECTOR('',#9680,1.75);
#7479=CARTESIAN_POINT('',(1.325,0.7,10.4));
#7480=VECTOR('',#9681,1.2);
#7481=CARTESIAN_POINT('',(-2.2,3.55,10.4));
#7482=CARTESIAN_POINT('',(3.1,3.55,10.4));
#7483=VECTOR('',#9682,5.3);
#7484=CARTESIAN_POINT('',(-2.2,0.7,10.4));
#7485=VECTOR('',#9683,2.85);
#7486=CARTESIAN_POINT('',(-0.425,0.7,10.4));
#7487=VECTOR('',#9684,1.2);
#7488=CARTESIAN_POINT('',(-0.425,1.9,5.9));
#7489=CARTESIAN_POINT('',(-0.425,1.9,5.9));
#7490=VECTOR('',#9685,1.2);
#7491=CARTESIAN_POINT('',(-0.425,1.9,10.4));
#7492=VECTOR('',#9686,4.5);
#7493=CARTESIAN_POINT('',(1.325,1.9,5.9));
#7494=CARTESIAN_POINT('',(1.325,1.9,5.9));
#7495=VECTOR('',#9687,1.75);
#7496=CARTESIAN_POINT('',(1.325,1.9,10.4));
#7497=VECTOR('',#9688,4.5);
#7498=CARTESIAN_POINT('',(1.325,0.7,5.9));
#7499=VECTOR('',#9689,1.2);
#7500=CARTESIAN_POINT('',(-2.2,3.55,8.9));
#7501=CARTESIAN_POINT('',(-2.2,3.55,10.4));
#7502=VECTOR('',#9690,1.5);
#7503=CARTESIAN_POINT('',(-2.2,3.3,8.9));
#7504=CARTESIAN_POINT('',(-2.2,3.55,8.9));
#7505=VECTOR('',#9691,0.25);
#7506=CARTESIAN_POINT('',(-2.2,3.3,7.8));
#7507=CARTESIAN_POINT('',(-2.2,3.3,8.9));
#7508=VECTOR('',#9692,1.1);
#7509=CARTESIAN_POINT('',(-2.2,3.05,7.8));
#7510=CARTESIAN_POINT('',(-2.2,3.3,7.8));
#7511=VECTOR('',#9693,0.25);
#7512=CARTESIAN_POINT('',(-2.2,3.05,6.7));
#7513=CARTESIAN_POINT('',(-2.2,3.05,7.8));
#7514=VECTOR('',#9694,1.1);
#7515=CARTESIAN_POINT('',(-2.2,2.8,6.7));
#7516=CARTESIAN_POINT('',(-2.2,3.05,6.7));
#7517=VECTOR('',#9695,0.25);
#7518=CARTESIAN_POINT('',(-2.2,2.8,5.6));
#7519=CARTESIAN_POINT('',(-2.2,2.8,6.7));
#7520=VECTOR('',#9696,1.1);
#7521=CARTESIAN_POINT('',(-2.2,0.7,5.6));
#7522=VECTOR('',#9697,2.1);
#7523=CARTESIAN_POINT('',(-0.3,2.8,5.6));
#7524=CARTESIAN_POINT('',(-2.2,2.8,5.6));
#7525=VECTOR('',#9698,1.9);
#7526=CARTESIAN_POINT('',(-0.3,1.5,5.6));
#7527=CARTESIAN_POINT('',(-0.3,2.8,5.6));
#7528=VECTOR('',#9699,1.3);
#7529=CARTESIAN_POINT('',(-1.8,1.5,5.6));
#7530=CARTESIAN_POINT('',(-0.3,1.5,5.6));
#7531=VECTOR('',#9700,1.5);
#7532=CARTESIAN_POINT('',(-1.8,0.7,5.6));
#7533=VECTOR('',#9701,0.8);
#7534=CARTESIAN_POINT('',(-1.759856408163,-0.7,1.0));
#7535=CARTESIAN_POINT('',(-1.759856408163,-0.7,1.0));
#7536=CARTESIAN_POINT('',(-1.759856408163,-0.8000019039193,1.0));
#7537=CARTESIAN_POINT('',(-1.760235223023,-0.9565961753093,1.043407883546));
#7538=CARTESIAN_POINT('',(-1.761312949542,-1.133101957636,1.166903110478));
#7539=CARTESIAN_POINT('',(-1.762853297095,-1.256594601432,1.343409457364));
#7540=CARTESIAN_POINT('',(-1.764219858673,-1.3,1.500001903847));
#7541=CARTESIAN_POINT('',(-1.765092528837,-1.3,1.6));
#7542=CARTESIAN_POINT('',(-1.759856408163,-0.6,1.0));
#7543=CARTESIAN_POINT('',(-1.759856408163,-0.7,1.0));
#7544=VECTOR('',#9702,0.1);
#7545=CARTESIAN_POINT('',(-1.771201336291,0.7,2.3));
#7546=CARTESIAN_POINT('',(-1.769310550934,0.7,2.083337458335));
#7547=CARTESIAN_POINT('',(-1.766349667516,0.6059549697699,1.744053824288));
#7548=CARTESIAN_POINT('',(-1.763012247817,0.3383875748789,1.361623406036));
#7549=CARTESIAN_POINT('',(-1.760677173694,-0.04404162016322,1.094050414351));
#7550=CARTESIAN_POINT('',(-1.759856408163,-0.3833292081749,1.0));
#7551=CARTESIAN_POINT('',(-1.759856408163,-0.6,1.0));
#7552=CARTESIAN_POINT('',(-1.766290697401,1.5,1.737296518422));
#7553=CARTESIAN_POINT('',(-1.766290697401,1.5,1.737296518422));
#7554=VECTOR('',#9703,3.862850567091);
#7555=CARTESIAN_POINT('',(-1.756976541792,1.22,0.67));
#7556=CARTESIAN_POINT('',(-1.766290697401,1.5,1.737296518422));
#7557=VECTOR('',#9704,1.103453040111);
#7558=CARTESIAN_POINT('',(-1.750518659626,-0.09597228928638,-0.07));
#7559=CARTESIAN_POINT('',(-1.756976541792,1.22,0.67));
#7560=VECTOR('',#9705,1.509776397488);
#7561=CARTESIAN_POINT('',(-1.747678106418,-1.299886581029,-0.3954951577903));
#7562=CARTESIAN_POINT('',(-1.750518659626,-0.09597228928638,-0.07));
#7563=VECTOR('',#9706,1.247142649559);
#7564=CARTESIAN_POINT('',(-1.746504300443,-1.8,-0.53));
#7565=CARTESIAN_POINT('',(-1.746504300443,-1.8,-0.53));
#7566=VECTOR('',#9707,0.5178864375837);
#7567=CARTESIAN_POINT('',(-1.8,-1.8,5.6));
#7568=CARTESIAN_POINT('',(-1.8,-1.8,5.6));
#7569=VECTOR('',#9708,6.130233420505);
#7570=CARTESIAN_POINT('',(-1.8,-1.8,5.6));
#7571=VECTOR('',#9709,0.5);
#7572=CARTESIAN_POINT('',(-1.8,-1.8,7.1));
#7573=CARTESIAN_POINT('',(-1.8,-1.8,7.1));
#7574=VECTOR('',#9710,1.5);
#7575=CARTESIAN_POINT('',(-1.8,-1.8,7.1));
#7576=VECTOR('',#9711,0.5);
#7577=CARTESIAN_POINT('',(-2.45,-1.8,7.1));
#7578=CARTESIAN_POINT('',(-2.45,-1.8,7.1));
#7579=VECTOR('',#9712,0.65);
#7580=CARTESIAN_POINT('',(-2.45,-0.8,7.1));
#7581=CARTESIAN_POINT('',(-2.45,-1.8,7.1));
#7582=VECTOR('',#9713,1.0);
#7583=CARTESIAN_POINT('',(-1.8,-0.8,7.1));
#7584=CARTESIAN_POINT('',(-2.45,-0.8,7.1));
#7585=VECTOR('',#9714,0.65);
#7586=CARTESIAN_POINT('',(-1.8,-1.3,7.1));
#7587=VECTOR('',#9715,0.5);
#7588=CARTESIAN_POINT('',(-1.8,-0.8,7.1));
#7589=VECTOR('',#9716,3.3);
#7590=CARTESIAN_POINT('',(-2.45,-0.8,10.4));
#7591=VECTOR('',#9717,3.3);
#7592=CARTESIAN_POINT('',(-2.45,-2.2,-1.8));
#7593=CARTESIAN_POINT('',(-2.45,-1.8,-1.8));
#7594=CARTESIAN_POINT('',(-2.45,-2.2,-1.8));
#7595=VECTOR('',#9718,0.4);
#7596=CARTESIAN_POINT('',(-2.45,-2.2,-6.3));
#7597=CARTESIAN_POINT('',(-2.45,-2.2,-6.3));
#7598=VECTOR('',#9719,4.5);
#7599=CARTESIAN_POINT('',(-2.45,-0.35,-6.3));
#7600=CARTESIAN_POINT('',(-2.45,-2.2,-6.3));
#7601=VECTOR('',#9720,1.85);
#7602=CARTESIAN_POINT('',(-2.45,-0.35,-10.4));
#7603=CARTESIAN_POINT('',(-2.45,-0.35,-10.4));
#7604=VECTOR('',#9721,4.1);
#7605=CARTESIAN_POINT('',(-2.45,3.2,-10.4));
#7606=CARTESIAN_POINT('',(-2.45,3.2,-10.4));
#7607=VECTOR('',#9722,3.55);
#7608=CARTESIAN_POINT('',(-2.45,3.2,3.8));
#7609=CARTESIAN_POINT('',(-2.45,3.2,3.8));
#7610=VECTOR('',#9723,14.2);
#7611=CARTESIAN_POINT('',(-2.45,1.49,3.8));
#7612=CARTESIAN_POINT('',(-2.45,3.2,3.8));
#7613=VECTOR('',#9724,1.71);
#7614=CARTESIAN_POINT('',(-2.45,1.49,10.4));
#7615=VECTOR('',#9725,6.6);
#7616=CARTESIAN_POINT('',(-2.45,-1.8,-1.8));
#7617=VECTOR('',#9726,8.9);
#7618=CARTESIAN_POINT('',(2.7,-1.8,7.1));
#7619=CARTESIAN_POINT('',(2.7,-1.8,5.6));
#7620=VECTOR('',#9727,1.5);
#7621=CARTESIAN_POINT('',(3.35,-1.8,7.1));
#7622=CARTESIAN_POINT('',(3.35,-1.8,7.1));
#7623=VECTOR('',#9728,0.65);
#7624=CARTESIAN_POINT('',(3.35,-1.8,-1.8));
#7625=CARTESIAN_POINT('',(3.35,-1.8,7.1));
#7626=VECTOR('',#9729,8.9);
#7627=CARTESIAN_POINT('',(3.35,-1.8,-1.8));
#7628=VECTOR('',#9730,2.15);
#7629=CARTESIAN_POINT('',(2.646504300443,-1.8,-0.53));
#7630=VECTOR('',#9731,1.446504300443);
#7631=CARTESIAN_POINT('',(-0.3,-1.8,-1.8));
#7632=CARTESIAN_POINT('',(-0.3,-1.8,-0.53));
#7633=CARTESIAN_POINT('',(-0.3,-1.8,-1.8));
#7634=VECTOR('',#9732,1.27);
#7635=CARTESIAN_POINT('',(-2.45,-1.8,-1.8));
#7636=VECTOR('',#9733,2.15);
#7637=CARTESIAN_POINT('',(-0.3,-1.8,-0.53));
#7638=VECTOR('',#9734,1.446504300443);
#7639=CARTESIAN_POINT('',(2.647678130507,-1.29987632103,-0.3954923974453));
#7640=VECTOR('',#9735,1.11567813465);
#7641=CARTESIAN_POINT('',(2.650518659626,-0.09597228928638,-0.07));
#7642=VECTOR('',#9736,1.118518659626);
#7643=CARTESIAN_POINT('',(2.656976541792,1.22,0.67));
#7644=VECTOR('',#9737,1.124976541792);
#7645=CARTESIAN_POINT('',(3.35,-2.2,-1.8));
#7646=CARTESIAN_POINT('',(3.35,-2.2,-1.8));
#7647=VECTOR('',#9738,0.4);
#7648=CARTESIAN_POINT('',(3.35,-2.2,-1.8));
#7649=VECTOR('',#9739,2.15);
#7650=CARTESIAN_POINT('',(1.7,-2.2,-7.35));
#7651=CARTESIAN_POINT('',(1.7,-2.2,-9.8));
#7652=CARTESIAN_POINT('',(1.7,-2.2,-7.35));
#7653=VECTOR('',#9740,2.45);
#7654=CARTESIAN_POINT('',(-0.8,-2.2,-7.35));
#7655=CARTESIAN_POINT('',(-0.8,-2.2,-7.35));
#7656=VECTOR('',#9741,2.5);
#7657=CARTESIAN_POINT('',(-0.8,-2.2,-9.8));
#7658=CARTESIAN_POINT('',(-0.8,-2.2,-7.35));
#7659=VECTOR('',#9742,2.45);
#7660=CARTESIAN_POINT('',(-13.35,-2.2,-9.8));
#7661=CARTESIAN_POINT('',(-0.8,-2.2,-9.8));
#7662=VECTOR('',#9743,12.55);
#7663=CARTESIAN_POINT('',(-13.35,-2.2,-9.4));
#7664=CARTESIAN_POINT('',(-13.35,-2.2,-9.8));
#7665=VECTOR('',#9744,0.4);
#7666=CARTESIAN_POINT('',(-11.45,-2.2,-9.4));
#7667=CARTESIAN_POINT('',(-11.45,-2.2,-9.4));
#7668=VECTOR('',#9745,1.9);
#7669=CARTESIAN_POINT('',(-11.45,-2.2,-1.8));
#7670=CARTESIAN_POINT('',(-11.45,-2.2,-9.4));
#7671=VECTOR('',#9746,7.6);
#7672=CARTESIAN_POINT('',(-2.9,-2.2,-1.8));
#7673=CARTESIAN_POINT('',(-2.9,-2.2,-1.8));
#7674=VECTOR('',#9747,8.55);
#7675=CARTESIAN_POINT('',(-2.9,-2.2,-6.3));
#7676=CARTESIAN_POINT('',(-2.9,-2.2,-6.3));
#7677=VECTOR('',#9748,4.5);
#7678=CARTESIAN_POINT('',(-2.45,-2.2,-6.3));
#7679=VECTOR('',#9749,0.45);
#7680=CARTESIAN_POINT('',(-0.3,-2.2,-1.8));
#7681=CARTESIAN_POINT('',(-2.45,-2.2,-1.8));
#7682=VECTOR('',#9750,2.15);
#7683=CARTESIAN_POINT('',(-0.3,-2.2,10.4));
#7684=VECTOR('',#9751,12.2);
#7685=CARTESIAN_POINT('',(3.35,-2.2,-6.3));
#7686=CARTESIAN_POINT('',(3.35,-2.2,-6.3));
#7687=VECTOR('',#9752,4.5);
#7688=CARTESIAN_POINT('',(3.8,-2.2,-6.3));
#7689=CARTESIAN_POINT('',(3.8,-2.2,-6.3));
#7690=VECTOR('',#9753,0.45);
#7691=CARTESIAN_POINT('',(3.8,-2.2,-1.8));
#7692=CARTESIAN_POINT('',(3.8,-2.2,-6.3));
#7693=VECTOR('',#9754,4.5);
#7694=CARTESIAN_POINT('',(12.35,-2.2,-1.8));
#7695=CARTESIAN_POINT('',(12.35,-2.2,-1.8));
#7696=VECTOR('',#9755,8.55);
#7697=CARTESIAN_POINT('',(12.35,-2.2,-9.4));
#7698=CARTESIAN_POINT('',(12.35,-2.2,-9.4));
#7699=VECTOR('',#9756,7.6);
#7700=CARTESIAN_POINT('',(13.35,-2.2,-9.4));
#7701=CARTESIAN_POINT('',(13.35,-2.2,-9.4));
#7702=VECTOR('',#9757,1.0);
#7703=CARTESIAN_POINT('',(13.35,-2.2,-9.8));
#7704=CARTESIAN_POINT('',(13.35,-2.2,-9.8));
#7705=VECTOR('',#9758,0.4);
#7706=CARTESIAN_POINT('',(13.35,-2.2,-9.8));
#7707=VECTOR('',#9759,11.65);
#7708=CARTESIAN_POINT('',(13.35,-2.8,-10.4));
#7709=CARTESIAN_POINT('',(13.35,-2.8,-10.4));
#7710=VECTOR('',#9760,0.8485281374239);
#7711=CARTESIAN_POINT('',(1.7,-2.8,-10.4));
#7712=CARTESIAN_POINT('',(13.35,-2.8,-10.4));
#7713=VECTOR('',#9761,11.65);
#7714=CARTESIAN_POINT('',(1.7,-2.2,-9.8));
#7715=VECTOR('',#9762,0.8485281374239);
#7716=CARTESIAN_POINT('',(1.7,-3.2,-10.4));
#7717=VECTOR('',#9763,0.4);
#7718=CARTESIAN_POINT('',(1.7,-2.2,-7.35));
#7719=VECTOR('',#9764,1.0);
#7720=CARTESIAN_POINT('',(-0.8,-2.2,-7.35));
#7721=VECTOR('',#9765,1.0);
#7722=CARTESIAN_POINT('',(-0.8,-2.8,-10.4));
#7723=CARTESIAN_POINT('',(-0.8,-3.2,-10.4));
#7724=VECTOR('',#9766,0.4);
#7725=CARTESIAN_POINT('',(-0.8,-2.8,-10.4));
#7726=VECTOR('',#9767,0.8485281374239);
#7727=CARTESIAN_POINT('',(-13.35,-2.8,-10.4));
#7728=CARTESIAN_POINT('',(-0.8,-2.8,-10.4));
#7729=VECTOR('',#9768,12.55);
#7730=CARTESIAN_POINT('',(-13.35,-2.2,-9.8));
#7731=VECTOR('',#9769,0.8485281374239);
#7732=CARTESIAN_POINT('',(-13.35,-3.2,-10.4));
#7733=VECTOR('',#9770,0.4);
#7734=CARTESIAN_POINT('',(-13.35,-1.8,3.8));
#7735=CARTESIAN_POINT('',(-13.35,-1.8,10.4));
#7736=VECTOR('',#9771,6.6);
#7737=CARTESIAN_POINT('',(-13.35,0.45,3.8));
#7738=CARTESIAN_POINT('',(-13.35,0.45,3.8));
#7739=VECTOR('',#9772,2.25);
#7740=CARTESIAN_POINT('',(-13.35,0.45,-10.4));
#7741=CARTESIAN_POINT('',(-13.35,0.45,-10.4));
#7742=VECTOR('',#9773,14.2);
#7743=CARTESIAN_POINT('',(-13.35,-0.35,-10.4));
#7744=CARTESIAN_POINT('',(-13.35,-0.35,-10.4));
#7745=VECTOR('',#9774,0.8);
#7746=CARTESIAN_POINT('',(-13.35,-0.35,-9.4));
#7747=CARTESIAN_POINT('',(-13.35,-0.35,-10.4));
#7748=VECTOR('',#9775,1.0);
#7749=CARTESIAN_POINT('',(-13.35,-2.2,-9.4));
#7750=VECTOR('',#9776,1.85);
#7751=CARTESIAN_POINT('',(-11.45,-0.35,-9.4));
#7752=CARTESIAN_POINT('',(-13.35,-0.35,-9.4));
#7753=VECTOR('',#9777,1.9);
#7754=CARTESIAN_POINT('',(-11.45,-2.2,-9.4));
#7755=VECTOR('',#9778,1.85);
#7756=CARTESIAN_POINT('',(12.35,-0.35,-9.4));
#7757=CARTESIAN_POINT('',(12.35,-0.35,-9.4));
#7758=VECTOR('',#9779,1.85);
#7759=CARTESIAN_POINT('',(13.35,-0.35,-9.4));
#7760=CARTESIAN_POINT('',(12.35,-0.35,-9.4));
#7761=VECTOR('',#9780,1.0);
#7762=CARTESIAN_POINT('',(13.35,-2.2,-9.4));
#7763=VECTOR('',#9781,1.85);
#7764=CARTESIAN_POINT('',(-11.45,-0.35,-1.8));
#7765=CARTESIAN_POINT('',(-11.45,-0.35,-9.4));
#7766=VECTOR('',#9782,7.6);
#7767=CARTESIAN_POINT('',(-11.45,-2.2,-1.8));
#7768=VECTOR('',#9783,1.85);
#7769=CARTESIAN_POINT('',(-2.9,-0.35,-1.8));
#7770=CARTESIAN_POINT('',(-2.9,-0.35,-1.8));
#7771=VECTOR('',#9784,1.85);
#7772=CARTESIAN_POINT('',(-10.65,-0.35,-1.8));
#7773=CARTESIAN_POINT('',(-10.65,-0.35,-1.8));
#7774=VECTOR('',#9785,0.8);
#7775=CARTESIAN_POINT('',(-10.65,-1.4,-1.8));
#7776=CARTESIAN_POINT('',(-10.65,-1.4,-1.8));
#7777=VECTOR('',#9786,1.05);
#7778=CARTESIAN_POINT('',(-9.75,-1.4,-1.8));
#7779=CARTESIAN_POINT('',(-10.65,-1.4,-1.8));
#7780=VECTOR('',#9787,0.9);
#7781=CARTESIAN_POINT('',(-9.75,-0.35,-1.8));
#7782=CARTESIAN_POINT('',(-9.75,-0.35,-1.8));
#7783=VECTOR('',#9788,1.05);
#7784=CARTESIAN_POINT('',(-8.65,-0.35,-1.8));
#7785=CARTESIAN_POINT('',(-8.65,-0.35,-1.8));
#7786=VECTOR('',#9789,1.1);
#7787=CARTESIAN_POINT('',(-8.65,-1.4,-1.8));
#7788=CARTESIAN_POINT('',(-8.65,-1.4,-1.8));
#7789=VECTOR('',#9790,1.05);
#7790=CARTESIAN_POINT('',(-7.75,-1.4,-1.8));
#7791=CARTESIAN_POINT('',(-8.65,-1.4,-1.8));
#7792=VECTOR('',#9791,0.9);
#7793=CARTESIAN_POINT('',(-7.75,-0.35,-1.8));
#7794=CARTESIAN_POINT('',(-7.75,-0.35,-1.8));
#7795=VECTOR('',#9792,1.05);
#7796=CARTESIAN_POINT('',(-6.65,-0.35,-1.8));
#7797=CARTESIAN_POINT('',(-6.65,-0.35,-1.8));
#7798=VECTOR('',#9793,1.1);
#7799=CARTESIAN_POINT('',(-6.65,-1.4,-1.8));
#7800=CARTESIAN_POINT('',(-6.65,-1.4,-1.8));
#7801=VECTOR('',#9794,1.05);
#7802=CARTESIAN_POINT('',(-5.75,-1.4,-1.8));
#7803=CARTESIAN_POINT('',(-6.65,-1.4,-1.8));
#7804=VECTOR('',#9795,0.9);
#7805=CARTESIAN_POINT('',(-5.75,-0.35,-1.8));
#7806=CARTESIAN_POINT('',(-5.75,-0.35,-1.8));
#7807=VECTOR('',#9796,1.05);
#7808=CARTESIAN_POINT('',(-4.65,-0.35,-1.8));
#7809=CARTESIAN_POINT('',(-4.65,-0.35,-1.8));
#7810=VECTOR('',#9797,1.1);
#7811=CARTESIAN_POINT('',(-4.65,-1.4,-1.8));
#7812=CARTESIAN_POINT('',(-4.65,-1.4,-1.8));
#7813=VECTOR('',#9798,1.05);
#7814=CARTESIAN_POINT('',(-3.75,-1.4,-1.8));
#7815=CARTESIAN_POINT('',(-4.65,-1.4,-1.8));
#7816=VECTOR('',#9799,0.9);
#7817=CARTESIAN_POINT('',(-3.75,-0.35,-1.8));
#7818=CARTESIAN_POINT('',(-3.75,-0.35,-1.8));
#7819=VECTOR('',#9800,1.05);
#7820=CARTESIAN_POINT('',(-2.9,-0.35,-1.8));
#7821=VECTOR('',#9801,0.85);
#7822=CARTESIAN_POINT('',(5.55,-0.35,-1.8));
#7823=CARTESIAN_POINT('',(5.55,-1.4,-1.8));
#7824=CARTESIAN_POINT('',(5.55,-0.35,-1.8));
#7825=VECTOR('',#9802,1.05);
#7826=CARTESIAN_POINT('',(6.65,-0.35,-1.8));
#7827=CARTESIAN_POINT('',(6.65,-0.35,-1.8));
#7828=VECTOR('',#9803,1.1);
#7829=CARTESIAN_POINT('',(6.65,-1.4,-1.8));
#7830=CARTESIAN_POINT('',(6.65,-1.4,-1.8));
#7831=VECTOR('',#9804,1.05);
#7832=CARTESIAN_POINT('',(7.55,-1.4,-1.8));
#7833=CARTESIAN_POINT('',(6.65,-1.4,-1.8));
#7834=VECTOR('',#9805,0.9);
#7835=CARTESIAN_POINT('',(7.55,-0.35,-1.8));
#7836=CARTESIAN_POINT('',(7.55,-0.35,-1.8));
#7837=VECTOR('',#9806,1.05);
#7838=CARTESIAN_POINT('',(8.65,-0.35,-1.8));
#7839=CARTESIAN_POINT('',(8.65,-0.35,-1.8));
#7840=VECTOR('',#9807,1.1);
#7841=CARTESIAN_POINT('',(8.65,-1.4,-1.8));
#7842=CARTESIAN_POINT('',(8.65,-1.4,-1.8));
#7843=VECTOR('',#9808,1.05);
#7844=CARTESIAN_POINT('',(9.55,-1.4,-1.8));
#7845=CARTESIAN_POINT('',(8.65,-1.4,-1.8));
#7846=VECTOR('',#9809,0.9);
#7847=CARTESIAN_POINT('',(9.55,-0.35,-1.8));
#7848=CARTESIAN_POINT('',(9.55,-0.35,-1.8));
#7849=VECTOR('',#9810,1.05);
#7850=CARTESIAN_POINT('',(10.65,-0.35,-1.8));
#7851=CARTESIAN_POINT('',(10.65,-0.35,-1.8));
#7852=VECTOR('',#9811,1.1);
#7853=CARTESIAN_POINT('',(10.65,-1.4,-1.8));
#7854=CARTESIAN_POINT('',(10.65,-1.4,-1.8));
#7855=VECTOR('',#9812,1.05);
#7856=CARTESIAN_POINT('',(11.55,-1.4,-1.8));
#7857=CARTESIAN_POINT('',(10.65,-1.4,-1.8));
#7858=VECTOR('',#9813,0.9);
#7859=CARTESIAN_POINT('',(11.55,-0.35,-1.8));
#7860=CARTESIAN_POINT('',(11.55,-0.35,-1.8));
#7861=VECTOR('',#9814,1.05);
#7862=CARTESIAN_POINT('',(12.35,-0.35,-1.8));
#7863=CARTESIAN_POINT('',(12.35,-0.35,-1.8));
#7864=VECTOR('',#9815,0.8);
#7865=CARTESIAN_POINT('',(12.35,-0.35,-1.8));
#7866=VECTOR('',#9816,1.85);
#7867=CARTESIAN_POINT('',(3.8,-0.35,-1.8));
#7868=CARTESIAN_POINT('',(3.8,-2.2,-1.8));
#7869=VECTOR('',#9817,1.85);
#7870=CARTESIAN_POINT('',(4.65,-0.35,-1.8));
#7871=CARTESIAN_POINT('',(4.65,-0.35,-1.8));
#7872=VECTOR('',#9818,0.85);
#7873=CARTESIAN_POINT('',(4.65,-1.4,-1.8));
#7874=CARTESIAN_POINT('',(4.65,-1.4,-1.8));
#7875=VECTOR('',#9819,1.05);
#7876=CARTESIAN_POINT('',(4.65,-1.4,-1.8));
#7877=VECTOR('',#9820,0.9);
#7878=CARTESIAN_POINT('',(-4.65,-0.35,-1.8));
#7879=VECTOR('',#9821,0.9);
#7880=CARTESIAN_POINT('',(-6.65,-0.35,-1.8));
#7881=VECTOR('',#9822,0.9);
#7882=CARTESIAN_POINT('',(-8.65,-0.35,-1.8));
#7883=VECTOR('',#9823,0.9);
#7884=CARTESIAN_POINT('',(-10.65,-0.35,-1.8));
#7885=VECTOR('',#9824,0.9);
#7886=CARTESIAN_POINT('',(-2.45,-0.35,-10.4));
#7887=VECTOR('',#9825,10.9);
#7888=CARTESIAN_POINT('',(-2.9,-0.35,-6.3));
#7889=CARTESIAN_POINT('',(-2.9,-0.35,-6.3));
#7890=VECTOR('',#9826,0.45);
#7891=CARTESIAN_POINT('',(-2.9,-0.35,-6.3));
#7892=VECTOR('',#9827,4.5);
#7893=CARTESIAN_POINT('',(-2.9,-0.35,-6.3));
#7894=VECTOR('',#9828,1.85);
#7895=CARTESIAN_POINT('',(3.35,-0.35,-6.3));
#7896=CARTESIAN_POINT('',(3.8,-0.35,-6.3));
#7897=CARTESIAN_POINT('',(3.35,-0.35,-6.3));
#7898=VECTOR('',#9829,0.45);
#7899=CARTESIAN_POINT('',(3.8,-2.2,-6.3));
#7900=VECTOR('',#9830,1.85);
#7901=CARTESIAN_POINT('',(3.35,-2.2,-6.3));
#7902=VECTOR('',#9831,1.85);
#7903=CARTESIAN_POINT('',(3.35,-0.8,7.1));
#7904=CARTESIAN_POINT('',(3.35,-1.8,7.1));
#7905=VECTOR('',#9832,1.0);
#7906=CARTESIAN_POINT('',(3.35,-0.8,10.4));
#7907=VECTOR('',#9833,3.3);
#7908=CARTESIAN_POINT('',(3.35,1.49,3.8));
#7909=CARTESIAN_POINT('',(3.35,1.49,10.4));
#7910=VECTOR('',#9834,6.6);
#7911=CARTESIAN_POINT('',(3.35,3.2,3.8));
#7912=CARTESIAN_POINT('',(3.35,3.2,3.8));
#7913=VECTOR('',#9835,1.71);
#7914=CARTESIAN_POINT('',(3.35,3.2,-10.4));
#7915=CARTESIAN_POINT('',(3.35,3.2,3.8));
#7916=VECTOR('',#9836,14.2);
#7917=CARTESIAN_POINT('',(3.35,-0.35,-10.4));
#7918=CARTESIAN_POINT('',(3.35,3.2,-10.4));
#7919=VECTOR('',#9837,3.55);
#7920=CARTESIAN_POINT('',(3.35,-0.35,-10.4));
#7921=VECTOR('',#9838,4.1);
#7922=CARTESIAN_POINT('',(3.8,-0.35,-6.3));
#7923=VECTOR('',#9839,4.5);
#7924=CARTESIAN_POINT('',(13.35,-0.35,-10.4));
#7925=CARTESIAN_POINT('',(13.35,-0.35,-10.4));
#7926=VECTOR('',#9840,10.0);
#7927=CARTESIAN_POINT('',(13.35,-0.35,-10.4));
#7928=VECTOR('',#9841,1.0);
#7929=CARTESIAN_POINT('',(12.35,-0.35,-9.4));
#7930=VECTOR('',#9842,7.6);
#7931=CARTESIAN_POINT('',(10.65,-0.35,-1.8));
#7932=VECTOR('',#9843,0.9);
#7933=CARTESIAN_POINT('',(8.65,-0.35,-1.8));
#7934=VECTOR('',#9844,0.9);
#7935=CARTESIAN_POINT('',(6.65,-0.35,-1.8));
#7936=VECTOR('',#9845,0.9);
#7937=CARTESIAN_POINT('',(4.65,-0.35,-1.8));
#7938=VECTOR('',#9846,0.9);
#7939=CARTESIAN_POINT('',(5.55,1.14,-1.8));
#7940=CARTESIAN_POINT('',(5.55,-0.35,-1.8));
#7941=VECTOR('',#9847,1.49);
#7942=CARTESIAN_POINT('',(5.95,1.14,-1.8));
#7943=CARTESIAN_POINT('',(5.95,1.14,-1.8));
#7944=VECTOR('',#9848,0.4);
#7945=CARTESIAN_POINT('',(5.95,1.89,-1.8));
#7946=CARTESIAN_POINT('',(5.95,1.14,-1.8));
#7947=VECTOR('',#9849,0.75);
#7948=CARTESIAN_POINT('',(5.55,1.89,-1.8));
#7949=CARTESIAN_POINT('',(5.95,1.89,-1.8));
#7950=VECTOR('',#9850,0.4);
#7951=CARTESIAN_POINT('',(5.55,2.35,-1.8));
#7952=CARTESIAN_POINT('',(5.55,1.89,-1.8));
#7953=VECTOR('',#9851,0.46);
#7954=CARTESIAN_POINT('',(4.65,2.35,-1.8));
#7955=CARTESIAN_POINT('',(5.55,2.35,-1.8));
#7956=VECTOR('',#9852,0.9);
#7957=CARTESIAN_POINT('',(4.65,1.89,-1.8));
#7958=CARTESIAN_POINT('',(4.65,2.35,-1.8));
#7959=VECTOR('',#9853,0.46);
#7960=CARTESIAN_POINT('',(4.25,1.89,-1.8));
#7961=CARTESIAN_POINT('',(4.65,1.89,-1.8));
#7962=VECTOR('',#9854,0.4);
#7963=CARTESIAN_POINT('',(4.25,1.14,-1.8));
#7964=CARTESIAN_POINT('',(4.25,1.89,-1.8));
#7965=VECTOR('',#9855,0.75);
#7966=CARTESIAN_POINT('',(4.65,1.14,-1.8));
#7967=CARTESIAN_POINT('',(4.25,1.14,-1.8));
#7968=VECTOR('',#9856,0.4);
#7969=CARTESIAN_POINT('',(4.65,-0.35,-1.8));
#7970=VECTOR('',#9857,1.49);
#7971=CARTESIAN_POINT('',(4.65,1.14,-0.8));
#7972=CARTESIAN_POINT('',(4.65,1.14,-1.8));
#7973=VECTOR('',#9858,1.0);
#7974=CARTESIAN_POINT('',(4.65,-1.4,-0.8));
#7975=CARTESIAN_POINT('',(4.65,1.14,-0.8));
#7976=VECTOR('',#9859,2.54);
#7977=CARTESIAN_POINT('',(4.65,-1.4,-1.8));
#7978=VECTOR('',#9860,1.0);
#7979=CARTESIAN_POINT('',(4.25,-1.4,-0.8));
#7980=CARTESIAN_POINT('',(4.25,-1.4,-0.8));
#7981=VECTOR('',#9861,0.4);
#7982=CARTESIAN_POINT('',(4.25,-1.4,3.8));
#7983=CARTESIAN_POINT('',(4.25,-1.4,3.8));
#7984=VECTOR('',#9862,4.6);
#7985=CARTESIAN_POINT('',(5.95,-1.4,3.8));
#7986=CARTESIAN_POINT('',(4.25,-1.4,3.8));
#7987=VECTOR('',#9863,1.7);
#7988=CARTESIAN_POINT('',(5.95,-1.4,-0.8));
#7989=CARTESIAN_POINT('',(5.95,-1.4,3.8));
#7990=VECTOR('',#9864,4.6);
#7991=CARTESIAN_POINT('',(5.55,-1.4,-0.8));
#7992=CARTESIAN_POINT('',(5.95,-1.4,-0.8));
#7993=VECTOR('',#9865,0.4);
#7994=CARTESIAN_POINT('',(5.55,-1.4,-1.8));
#7995=VECTOR('',#9866,1.0);
#7996=CARTESIAN_POINT('',(5.55,1.14,-0.8));
#7997=CARTESIAN_POINT('',(5.55,-1.4,-0.8));
#7998=VECTOR('',#9867,2.54);
#7999=CARTESIAN_POINT('',(5.55,1.14,-0.8));
#8000=VECTOR('',#9868,1.0);
#8001=CARTESIAN_POINT('',(5.95,1.14,-0.8));
#8002=CARTESIAN_POINT('',(5.95,1.14,-0.8));
#8003=VECTOR('',#9869,0.4);
#8004=CARTESIAN_POINT('',(5.95,1.14,-1.8));
#8005=VECTOR('',#9870,1.0);
#8006=CARTESIAN_POINT('',(5.95,1.89,3.8));
#8007=CARTESIAN_POINT('',(5.95,-1.4,3.8));
#8008=VECTOR('',#9871,3.29);
#8009=CARTESIAN_POINT('',(5.95,1.89,3.8));
#8010=VECTOR('',#9872,5.6);
#8011=CARTESIAN_POINT('',(5.95,-1.4,-0.8));
#8012=VECTOR('',#9873,2.54);
#8013=CARTESIAN_POINT('',(5.55,1.89,3.8));
#8014=CARTESIAN_POINT('',(5.55,1.89,3.8));
#8015=VECTOR('',#9874,5.6);
#8016=CARTESIAN_POINT('',(5.95,1.89,3.8));
#8017=VECTOR('',#9875,0.4);
#8018=CARTESIAN_POINT('',(4.65,2.35,3.8));
#8019=CARTESIAN_POINT('',(4.65,1.89,3.8));
#8020=CARTESIAN_POINT('',(4.65,2.35,3.8));
#8021=VECTOR('',#9876,0.46);
#8022=CARTESIAN_POINT('',(5.55,2.35,3.8));
#8023=CARTESIAN_POINT('',(5.55,2.35,3.8));
#8024=VECTOR('',#9877,0.9);
#8025=CARTESIAN_POINT('',(5.55,1.89,3.8));
#8026=VECTOR('',#9878,0.46);
#8027=CARTESIAN_POINT('',(4.25,-1.8,3.8));
#8028=CARTESIAN_POINT('',(4.25,-1.4,3.8));
#8029=VECTOR('',#9879,0.4);
#8030=CARTESIAN_POINT('',(13.35,-1.8,3.8));
#8031=CARTESIAN_POINT('',(13.35,-1.8,3.8));
#8032=VECTOR('',#9880,9.1);
#8033=CARTESIAN_POINT('',(13.35,3.2,3.8));
#8034=CARTESIAN_POINT('',(13.35,3.2,3.8));
#8035=VECTOR('',#9881,5.0);
#8036=CARTESIAN_POINT('',(3.35,3.2,3.8));
#8037=VECTOR('',#9882,10.0);
#8038=CARTESIAN_POINT('',(4.25,1.49,3.8));
#8039=CARTESIAN_POINT('',(4.25,1.49,3.8));
#8040=VECTOR('',#9883,0.9);
#8041=CARTESIAN_POINT('',(4.25,1.89,3.8));
#8042=CARTESIAN_POINT('',(4.25,1.89,3.8));
#8043=VECTOR('',#9884,0.4);
#8044=CARTESIAN_POINT('',(4.25,1.89,3.8));
#8045=VECTOR('',#9885,0.4);
#8046=CARTESIAN_POINT('',(8.65,1.89,3.8));
#8047=CARTESIAN_POINT('',(8.25,1.89,3.8));
#8048=CARTESIAN_POINT('',(8.65,1.89,3.8));
#8049=VECTOR('',#9886,0.4);
#8050=CARTESIAN_POINT('',(8.65,2.35,3.8));
#8051=CARTESIAN_POINT('',(8.65,2.35,3.8));
#8052=VECTOR('',#9887,0.46);
#8053=CARTESIAN_POINT('',(9.55,2.35,3.8));
#8054=CARTESIAN_POINT('',(9.55,2.35,3.8));
#8055=VECTOR('',#9888,0.9);
#8056=CARTESIAN_POINT('',(9.55,1.89,3.8));
#8057=CARTESIAN_POINT('',(9.55,1.89,3.8));
#8058=VECTOR('',#9889,0.46);
#8059=CARTESIAN_POINT('',(9.95,1.89,3.8));
#8060=CARTESIAN_POINT('',(9.95,1.89,3.8));
#8061=VECTOR('',#9890,0.4);
#8062=CARTESIAN_POINT('',(9.95,-1.4,3.8));
#8063=CARTESIAN_POINT('',(9.95,-1.4,3.8));
#8064=VECTOR('',#9891,3.29);
#8065=CARTESIAN_POINT('',(8.25,-1.4,3.8));
#8066=CARTESIAN_POINT('',(8.25,-1.4,3.8));
#8067=VECTOR('',#9892,1.7);
#8068=CARTESIAN_POINT('',(8.25,-1.4,3.8));
#8069=VECTOR('',#9893,3.29);
#8070=CARTESIAN_POINT('',(6.25,-1.4,3.8));
#8071=CARTESIAN_POINT('',(7.95,-1.4,3.8));
#8072=CARTESIAN_POINT('',(6.25,-1.4,3.8));
#8073=VECTOR('',#9894,1.7);
#8074=CARTESIAN_POINT('',(6.25,1.89,3.8));
#8075=CARTESIAN_POINT('',(6.25,-1.4,3.8));
#8076=VECTOR('',#9895,3.29);
#8077=CARTESIAN_POINT('',(6.65,1.89,3.8));
#8078=CARTESIAN_POINT('',(6.25,1.89,3.8));
#8079=VECTOR('',#9896,0.4);
#8080=CARTESIAN_POINT('',(6.65,2.35,3.8));
#8081=CARTESIAN_POINT('',(6.65,2.35,3.8));
#8082=VECTOR('',#9897,0.46);
#8083=CARTESIAN_POINT('',(7.55,2.35,3.8));
#8084=CARTESIAN_POINT('',(7.55,2.35,3.8));
#8085=VECTOR('',#9898,0.9);
#8086=CARTESIAN_POINT('',(7.55,1.89,3.8));
#8087=CARTESIAN_POINT('',(7.55,1.89,3.8));
#8088=VECTOR('',#9899,0.46);
#8089=CARTESIAN_POINT('',(7.95,1.89,3.8));
#8090=CARTESIAN_POINT('',(7.95,1.89,3.8));
#8091=VECTOR('',#9900,0.4);
#8092=CARTESIAN_POINT('',(7.95,-1.4,3.8));
#8093=VECTOR('',#9901,3.29);
#8094=CARTESIAN_POINT('',(10.65,1.89,3.8));
#8095=CARTESIAN_POINT('',(10.25,1.89,3.8));
#8096=CARTESIAN_POINT('',(10.65,1.89,3.8));
#8097=VECTOR('',#9902,0.4);
#8098=CARTESIAN_POINT('',(10.65,2.35,3.8));
#8099=CARTESIAN_POINT('',(10.65,2.35,3.8));
#8100=VECTOR('',#9903,0.46);
#8101=CARTESIAN_POINT('',(11.55,2.35,3.8));
#8102=CARTESIAN_POINT('',(11.55,2.35,3.8));
#8103=VECTOR('',#9904,0.9);
#8104=CARTESIAN_POINT('',(11.55,1.89,3.8));
#8105=CARTESIAN_POINT('',(11.55,1.89,3.8));
#8106=VECTOR('',#9905,0.46);
#8107=CARTESIAN_POINT('',(11.95,1.89,3.8));
#8108=CARTESIAN_POINT('',(11.95,1.89,3.8));
#8109=VECTOR('',#9906,0.4);
#8110=CARTESIAN_POINT('',(11.95,-1.4,3.8));
#8111=CARTESIAN_POINT('',(11.95,-1.4,3.8));
#8112=VECTOR('',#9907,3.29);
#8113=CARTESIAN_POINT('',(10.25,-1.4,3.8));
#8114=CARTESIAN_POINT('',(10.25,-1.4,3.8));
#8115=VECTOR('',#9908,1.7);
#8116=CARTESIAN_POINT('',(10.25,-1.4,3.8));
#8117=VECTOR('',#9909,3.29);
#8118=CARTESIAN_POINT('',(10.25,1.14,-1.8));
#8119=CARTESIAN_POINT('',(10.25,1.14,-0.8));
#8120=CARTESIAN_POINT('',(10.25,1.14,-1.8));
#8121=VECTOR('',#9910,1.0);
#8122=CARTESIAN_POINT('',(10.25,1.89,-1.8));
#8123=CARTESIAN_POINT('',(10.25,1.89,-1.8));
#8124=VECTOR('',#9911,0.75);
#8125=CARTESIAN_POINT('',(10.25,1.89,3.8));
#8126=VECTOR('',#9912,5.6);
#8127=CARTESIAN_POINT('',(10.25,-1.4,-0.8));
#8128=CARTESIAN_POINT('',(10.25,-1.4,3.8));
#8129=VECTOR('',#9913,4.6);
#8130=CARTESIAN_POINT('',(10.25,-1.4,-0.8));
#8131=VECTOR('',#9914,2.54);
#8132=CARTESIAN_POINT('',(10.65,-1.4,-0.8));
#8133=CARTESIAN_POINT('',(10.25,-1.4,-0.8));
#8134=VECTOR('',#9915,0.4);
#8135=CARTESIAN_POINT('',(10.65,1.14,-0.8));
#8136=CARTESIAN_POINT('',(10.65,1.14,-0.8));
#8137=VECTOR('',#9916,2.54);
#8138=CARTESIAN_POINT('',(10.25,1.14,-0.8));
#8139=VECTOR('',#9917,0.4);
#8140=CARTESIAN_POINT('',(10.65,1.14,-1.8));
#8141=CARTESIAN_POINT('',(10.65,1.14,-1.8));
#8142=VECTOR('',#9918,1.0);
#8143=CARTESIAN_POINT('',(10.25,1.14,-1.8));
#8144=VECTOR('',#9919,0.4);
#8145=CARTESIAN_POINT('',(11.55,1.14,-1.8));
#8146=CARTESIAN_POINT('',(11.55,-0.35,-1.8));
#8147=VECTOR('',#9920,1.49);
#8148=CARTESIAN_POINT('',(11.95,1.14,-1.8));
#8149=CARTESIAN_POINT('',(11.95,1.14,-1.8));
#8150=VECTOR('',#9921,0.4);
#8151=CARTESIAN_POINT('',(11.95,1.89,-1.8));
#8152=CARTESIAN_POINT('',(11.95,1.14,-1.8));
#8153=VECTOR('',#9922,0.75);
#8154=CARTESIAN_POINT('',(11.55,1.89,-1.8));
#8155=CARTESIAN_POINT('',(11.95,1.89,-1.8));
#8156=VECTOR('',#9923,0.4);
#8157=CARTESIAN_POINT('',(11.55,2.35,-1.8));
#8158=CARTESIAN_POINT('',(11.55,1.89,-1.8));
#8159=VECTOR('',#9924,0.46);
#8160=CARTESIAN_POINT('',(10.65,2.35,-1.8));
#8161=CARTESIAN_POINT('',(11.55,2.35,-1.8));
#8162=VECTOR('',#9925,0.9);
#8163=CARTESIAN_POINT('',(10.65,1.89,-1.8));
#8164=CARTESIAN_POINT('',(10.65,2.35,-1.8));
#8165=VECTOR('',#9926,0.46);
#8166=CARTESIAN_POINT('',(10.65,1.89,-1.8));
#8167=VECTOR('',#9927,0.4);
#8168=CARTESIAN_POINT('',(10.65,-0.35,-1.8));
#8169=VECTOR('',#9928,1.49);
#8170=CARTESIAN_POINT('',(10.65,-1.4,-1.8));
#8171=VECTOR('',#9929,1.0);
#8172=CARTESIAN_POINT('',(11.95,-1.4,-0.8));
#8173=CARTESIAN_POINT('',(11.95,-1.4,3.8));
#8174=VECTOR('',#9930,4.6);
#8175=CARTESIAN_POINT('',(11.55,-1.4,-0.8));
#8176=CARTESIAN_POINT('',(11.95,-1.4,-0.8));
#8177=VECTOR('',#9931,0.4);
#8178=CARTESIAN_POINT('',(11.55,-1.4,-1.8));
#8179=VECTOR('',#9932,1.0);
#8180=CARTESIAN_POINT('',(11.55,1.14,-0.8));
#8181=CARTESIAN_POINT('',(11.55,-1.4,-0.8));
#8182=VECTOR('',#9933,2.54);
#8183=CARTESIAN_POINT('',(11.55,1.14,-0.8));
#8184=VECTOR('',#9934,1.0);
#8185=CARTESIAN_POINT('',(11.95,1.14,-0.8));
#8186=CARTESIAN_POINT('',(11.95,1.14,-0.8));
#8187=VECTOR('',#9935,0.4);
#8188=CARTESIAN_POINT('',(11.95,1.14,-1.8));
#8189=VECTOR('',#9936,1.0);
#8190=CARTESIAN_POINT('',(11.95,1.89,3.8));
#8191=VECTOR('',#9937,5.6);
#8192=CARTESIAN_POINT('',(11.95,-1.4,-0.8));
#8193=VECTOR('',#9938,2.54);
#8194=CARTESIAN_POINT('',(11.55,1.89,3.8));
#8195=VECTOR('',#9939,5.6);
#8196=CARTESIAN_POINT('',(11.55,2.35,3.8));
#8197=VECTOR('',#9940,5.6);
#8198=CARTESIAN_POINT('',(10.65,2.35,3.8));
#8199=VECTOR('',#9941,5.6);
#8200=CARTESIAN_POINT('',(10.65,1.89,3.8));
#8201=VECTOR('',#9942,5.6);
#8202=CARTESIAN_POINT('',(8.25,1.14,-1.8));
#8203=CARTESIAN_POINT('',(8.25,1.14,-0.8));
#8204=CARTESIAN_POINT('',(8.25,1.14,-1.8));
#8205=VECTOR('',#9943,1.0);
#8206=CARTESIAN_POINT('',(8.25,1.89,-1.8));
#8207=CARTESIAN_POINT('',(8.25,1.89,-1.8));
#8208=VECTOR('',#9944,0.75);
#8209=CARTESIAN_POINT('',(8.25,1.89,3.8));
#8210=VECTOR('',#9945,5.6);
#8211=CARTESIAN_POINT('',(8.25,-1.4,-0.8));
#8212=CARTESIAN_POINT('',(8.25,-1.4,3.8));
#8213=VECTOR('',#9946,4.6);
#8214=CARTESIAN_POINT('',(8.25,-1.4,-0.8));
#8215=VECTOR('',#9947,2.54);
#8216=CARTESIAN_POINT('',(8.65,-1.4,-0.8));
#8217=CARTESIAN_POINT('',(8.25,-1.4,-0.8));
#8218=VECTOR('',#9948,0.4);
#8219=CARTESIAN_POINT('',(8.65,1.14,-0.8));
#8220=CARTESIAN_POINT('',(8.65,1.14,-0.8));
#8221=VECTOR('',#9949,2.54);
#8222=CARTESIAN_POINT('',(8.25,1.14,-0.8));
#8223=VECTOR('',#9950,0.4);
#8224=CARTESIAN_POINT('',(8.65,1.14,-1.8));
#8225=CARTESIAN_POINT('',(8.65,1.14,-1.8));
#8226=VECTOR('',#9951,1.0);
#8227=CARTESIAN_POINT('',(8.25,1.14,-1.8));
#8228=VECTOR('',#9952,0.4);
#8229=CARTESIAN_POINT('',(9.55,1.14,-1.8));
#8230=CARTESIAN_POINT('',(9.55,-0.35,-1.8));
#8231=VECTOR('',#9953,1.49);
#8232=CARTESIAN_POINT('',(9.95,1.14,-1.8));
#8233=CARTESIAN_POINT('',(9.95,1.14,-1.8));
#8234=VECTOR('',#9954,0.4);
#8235=CARTESIAN_POINT('',(9.95,1.89,-1.8));
#8236=CARTESIAN_POINT('',(9.95,1.14,-1.8));
#8237=VECTOR('',#9955,0.75);
#8238=CARTESIAN_POINT('',(9.55,1.89,-1.8));
#8239=CARTESIAN_POINT('',(9.95,1.89,-1.8));
#8240=VECTOR('',#9956,0.4);
#8241=CARTESIAN_POINT('',(9.55,2.35,-1.8));
#8242=CARTESIAN_POINT('',(9.55,1.89,-1.8));
#8243=VECTOR('',#9957,0.46);
#8244=CARTESIAN_POINT('',(8.65,2.35,-1.8));
#8245=CARTESIAN_POINT('',(9.55,2.35,-1.8));
#8246=VECTOR('',#9958,0.9);
#8247=CARTESIAN_POINT('',(8.65,1.89,-1.8));
#8248=CARTESIAN_POINT('',(8.65,2.35,-1.8));
#8249=VECTOR('',#9959,0.46);
#8250=CARTESIAN_POINT('',(8.65,1.89,-1.8));
#8251=VECTOR('',#9960,0.4);
#8252=CARTESIAN_POINT('',(8.65,-0.35,-1.8));
#8253=VECTOR('',#9961,1.49);
#8254=CARTESIAN_POINT('',(8.65,-1.4,-1.8));
#8255=VECTOR('',#9962,1.0);
#8256=CARTESIAN_POINT('',(9.95,-1.4,-0.8));
#8257=CARTESIAN_POINT('',(9.95,-1.4,3.8));
#8258=VECTOR('',#9963,4.6);
#8259=CARTESIAN_POINT('',(9.55,-1.4,-0.8));
#8260=CARTESIAN_POINT('',(9.95,-1.4,-0.8));
#8261=VECTOR('',#9964,0.4);
#8262=CARTESIAN_POINT('',(9.55,-1.4,-1.8));
#8263=VECTOR('',#9965,1.0);
#8264=CARTESIAN_POINT('',(9.55,1.14,-0.8));
#8265=CARTESIAN_POINT('',(9.55,-1.4,-0.8));
#8266=VECTOR('',#9966,2.54);
#8267=CARTESIAN_POINT('',(9.55,1.14,-0.8));
#8268=VECTOR('',#9967,1.0);
#8269=CARTESIAN_POINT('',(9.95,1.14,-0.8));
#8270=CARTESIAN_POINT('',(9.95,1.14,-0.8));
#8271=VECTOR('',#9968,0.4);
#8272=CARTESIAN_POINT('',(9.95,1.14,-1.8));
#8273=VECTOR('',#9969,1.0);
#8274=CARTESIAN_POINT('',(9.95,1.89,3.8));
#8275=VECTOR('',#9970,5.6);
#8276=CARTESIAN_POINT('',(9.95,-1.4,-0.8));
#8277=VECTOR('',#9971,2.54);
#8278=CARTESIAN_POINT('',(9.55,1.89,3.8));
#8279=VECTOR('',#9972,5.6);
#8280=CARTESIAN_POINT('',(9.55,2.35,3.8));
#8281=VECTOR('',#9973,5.6);
#8282=CARTESIAN_POINT('',(8.65,2.35,3.8));
#8283=VECTOR('',#9974,5.6);
#8284=CARTESIAN_POINT('',(8.65,1.89,3.8));
#8285=VECTOR('',#9975,5.6);
#8286=CARTESIAN_POINT('',(7.95,-1.4,-0.8));
#8287=CARTESIAN_POINT('',(7.95,-1.4,3.8));
#8288=VECTOR('',#9976,4.6);
#8289=CARTESIAN_POINT('',(7.95,1.89,-1.8));
#8290=CARTESIAN_POINT('',(7.95,1.89,3.8));
#8291=VECTOR('',#9977,5.6);
#8292=CARTESIAN_POINT('',(7.95,1.14,-1.8));
#8293=CARTESIAN_POINT('',(7.95,1.14,-1.8));
#8294=VECTOR('',#9978,0.75);
#8295=CARTESIAN_POINT('',(7.95,1.14,-0.8));
#8296=CARTESIAN_POINT('',(7.95,1.14,-1.8));
#8297=VECTOR('',#9979,1.0);
#8298=CARTESIAN_POINT('',(7.95,-1.4,-0.8));
#8299=VECTOR('',#9980,2.54);
#8300=CARTESIAN_POINT('',(7.55,1.14,-0.8));
#8301=CARTESIAN_POINT('',(7.95,1.14,-0.8));
#8302=VECTOR('',#9981,0.4);
#8303=CARTESIAN_POINT('',(7.55,-1.4,-0.8));
#8304=CARTESIAN_POINT('',(7.55,-1.4,-0.8));
#8305=VECTOR('',#9982,2.54);
#8306=CARTESIAN_POINT('',(7.95,-1.4,-0.8));
#8307=VECTOR('',#9983,0.4);
#8308=CARTESIAN_POINT('',(6.25,-1.4,-0.8));
#8309=CARTESIAN_POINT('',(6.65,-1.4,-0.8));
#8310=CARTESIAN_POINT('',(6.25,-1.4,-0.8));
#8311=VECTOR('',#9984,0.4);
#8312=CARTESIAN_POINT('',(6.25,-1.4,3.8));
#8313=VECTOR('',#9985,4.6);
#8314=CARTESIAN_POINT('',(7.55,-1.4,-1.8));
#8315=VECTOR('',#9986,1.0);
#8316=CARTESIAN_POINT('',(6.65,-1.4,-1.8));
#8317=VECTOR('',#9987,1.0);
#8318=CARTESIAN_POINT('',(6.65,1.14,-1.8));
#8319=CARTESIAN_POINT('',(6.65,1.14,-0.8));
#8320=CARTESIAN_POINT('',(6.65,1.14,-1.8));
#8321=VECTOR('',#9988,1.0);
#8322=CARTESIAN_POINT('',(6.65,1.14,-0.8));
#8323=VECTOR('',#9989,2.54);
#8324=CARTESIAN_POINT('',(6.65,-0.35,-1.8));
#8325=VECTOR('',#9990,1.49);
#8326=CARTESIAN_POINT('',(7.55,1.14,-1.8));
#8327=CARTESIAN_POINT('',(7.55,-0.35,-1.8));
#8328=VECTOR('',#9991,1.49);
#8329=CARTESIAN_POINT('',(7.95,1.14,-1.8));
#8330=VECTOR('',#9992,0.4);
#8331=CARTESIAN_POINT('',(7.55,1.89,-1.8));
#8332=CARTESIAN_POINT('',(7.95,1.89,-1.8));
#8333=VECTOR('',#9993,0.4);
#8334=CARTESIAN_POINT('',(7.55,2.35,-1.8));
#8335=CARTESIAN_POINT('',(7.55,1.89,-1.8));
#8336=VECTOR('',#9994,0.46);
#8337=CARTESIAN_POINT('',(6.65,2.35,-1.8));
#8338=CARTESIAN_POINT('',(7.55,2.35,-1.8));
#8339=VECTOR('',#9995,0.9);
#8340=CARTESIAN_POINT('',(6.65,1.89,-1.8));
#8341=CARTESIAN_POINT('',(6.65,2.35,-1.8));
#8342=VECTOR('',#9996,0.46);
#8343=CARTESIAN_POINT('',(6.25,1.89,-1.8));
#8344=CARTESIAN_POINT('',(6.65,1.89,-1.8));
#8345=VECTOR('',#9997,0.4);
#8346=CARTESIAN_POINT('',(6.25,1.14,-1.8));
#8347=CARTESIAN_POINT('',(6.25,1.89,-1.8));
#8348=VECTOR('',#9998,0.75);
#8349=CARTESIAN_POINT('',(6.25,1.14,-1.8));
#8350=VECTOR('',#9999,0.4);
#8351=CARTESIAN_POINT('',(6.25,1.14,-0.8));
#8352=CARTESIAN_POINT('',(6.25,1.14,-1.8));
#8353=VECTOR('',#10000,1.0);
#8354=CARTESIAN_POINT('',(6.25,1.14,-0.8));
#8355=VECTOR('',#10001,0.4);
#8356=CARTESIAN_POINT('',(6.25,-1.4,-0.8));
#8357=VECTOR('',#10002,2.54);
#8358=CARTESIAN_POINT('',(6.25,1.89,3.8));
#8359=VECTOR('',#10003,5.6);
#8360=CARTESIAN_POINT('',(6.65,1.89,3.8));
#8361=VECTOR('',#10004,5.6);
#8362=CARTESIAN_POINT('',(6.65,2.35,3.8));
#8363=VECTOR('',#10005,5.6);
#8364=CARTESIAN_POINT('',(7.55,2.35,3.8));
#8365=VECTOR('',#10006,5.6);
#8366=CARTESIAN_POINT('',(7.55,1.89,3.8));
#8367=VECTOR('',#10007,5.6);
#8368=CARTESIAN_POINT('',(7.55,1.14,-0.8));
#8369=VECTOR('',#10008,1.0);
#8370=CARTESIAN_POINT('',(4.25,1.89,3.8));
#8371=VECTOR('',#10009,5.6);
#8372=CARTESIAN_POINT('',(4.65,1.89,3.8));
#8373=VECTOR('',#10010,5.6);
#8374=CARTESIAN_POINT('',(4.65,2.35,3.8));
#8375=VECTOR('',#10011,5.6);
#8376=CARTESIAN_POINT('',(5.55,2.35,3.8));
#8377=VECTOR('',#10012,5.6);
#8378=CARTESIAN_POINT('',(4.25,1.14,-0.8));
#8379=CARTESIAN_POINT('',(4.25,1.14,-1.8));
#8380=VECTOR('',#10013,1.0);
#8381=CARTESIAN_POINT('',(4.25,1.49,10.4));
#8382=VECTOR('',#10014,6.6);
#8383=CARTESIAN_POINT('',(4.25,-1.8,3.8));
#8384=VECTOR('',#10015,6.6);
#8385=CARTESIAN_POINT('',(4.25,-1.4,-0.8));
#8386=VECTOR('',#10016,2.54);
#8387=CARTESIAN_POINT('',(4.25,1.14,-0.8));
#8388=VECTOR('',#10017,0.4);
#8389=CARTESIAN_POINT('',(-3.35,-1.8,3.8));
#8390=CARTESIAN_POINT('',(-3.35,-1.8,10.4));
#8391=VECTOR('',#10018,6.6);
#8392=CARTESIAN_POINT('',(-3.35,-1.8,3.8));
#8393=VECTOR('',#10019,10.0);
#8394=CARTESIAN_POINT('',(13.35,-1.8,10.4));
#8395=VECTOR('',#10020,6.6);
#8396=CARTESIAN_POINT('',(-12.25,3.2,3.8));
#8397=CARTESIAN_POINT('',(-12.25,0.45,3.8));
#8398=CARTESIAN_POINT('',(-12.25,3.2,3.8));
#8399=VECTOR('',#10021,2.75);
#8400=CARTESIAN_POINT('',(-13.35,0.45,3.8));
#8401=VECTOR('',#10022,1.1);
#8402=CARTESIAN_POINT('',(-3.35,-1.4,3.8));
#8403=CARTESIAN_POINT('',(-3.35,-1.4,3.8));
#8404=VECTOR('',#10023,0.4);
#8405=CARTESIAN_POINT('',(-5.05,-1.4,3.8));
#8406=CARTESIAN_POINT('',(-3.35,-1.4,3.8));
#8407=VECTOR('',#10024,1.7);
#8408=CARTESIAN_POINT('',(-5.05,1.49,3.8));
#8409=CARTESIAN_POINT('',(-5.05,-1.4,3.8));
#8410=VECTOR('',#10025,2.89);
#8411=CARTESIAN_POINT('',(-4.65,1.49,3.8));
#8412=CARTESIAN_POINT('',(-4.65,1.49,3.8));
#8413=VECTOR('',#10026,0.4);
#8414=CARTESIAN_POINT('',(-4.65,2.35,3.8));
#8415=CARTESIAN_POINT('',(-4.65,2.35,3.8));
#8416=VECTOR('',#10027,0.86);
#8417=CARTESIAN_POINT('',(-3.75,2.35,3.8));
#8418=CARTESIAN_POINT('',(-3.75,2.35,3.8));
#8419=VECTOR('',#10028,0.9);
#8420=CARTESIAN_POINT('',(-3.75,1.49,3.8));
#8421=CARTESIAN_POINT('',(-3.75,1.49,3.8));
#8422=VECTOR('',#10029,0.86);
#8423=CARTESIAN_POINT('',(-3.35,1.49,3.8));
#8424=CARTESIAN_POINT('',(-3.35,1.49,3.8));
#8425=VECTOR('',#10030,0.4);
#8426=CARTESIAN_POINT('',(-2.45,1.49,3.8));
#8427=VECTOR('',#10031,0.9);
#8428=CARTESIAN_POINT('',(-12.25,3.2,3.8));
#8429=VECTOR('',#10032,9.8);
#8430=CARTESIAN_POINT('',(-7.75,2.35,3.8));
#8431=CARTESIAN_POINT('',(-8.65,2.35,3.8));
#8432=CARTESIAN_POINT('',(-7.75,2.35,3.8));
#8433=VECTOR('',#10033,0.9);
#8434=CARTESIAN_POINT('',(-7.75,1.49,3.8));
#8435=CARTESIAN_POINT('',(-7.75,1.49,3.8));
#8436=VECTOR('',#10034,0.86);
#8437=CARTESIAN_POINT('',(-7.35,1.49,3.8));
#8438=CARTESIAN_POINT('',(-7.35,1.49,3.8));
#8439=VECTOR('',#10035,0.4);
#8440=CARTESIAN_POINT('',(-7.35,-1.4,3.8));
#8441=CARTESIAN_POINT('',(-7.35,-1.4,3.8));
#8442=VECTOR('',#10036,2.89);
#8443=CARTESIAN_POINT('',(-9.05,-1.4,3.8));
#8444=CARTESIAN_POINT('',(-9.05,-1.4,3.8));
#8445=VECTOR('',#10037,1.7);
#8446=CARTESIAN_POINT('',(-9.05,1.49,3.8));
#8447=CARTESIAN_POINT('',(-9.05,-1.4,3.8));
#8448=VECTOR('',#10038,2.89);
#8449=CARTESIAN_POINT('',(-8.65,1.49,3.8));
#8450=CARTESIAN_POINT('',(-8.65,1.49,3.8));
#8451=VECTOR('',#10039,0.4);
#8452=CARTESIAN_POINT('',(-8.65,2.35,3.8));
#8453=VECTOR('',#10040,0.86);
#8454=CARTESIAN_POINT('',(-5.75,2.35,3.8));
#8455=CARTESIAN_POINT('',(-6.65,2.35,3.8));
#8456=CARTESIAN_POINT('',(-5.75,2.35,3.8));
#8457=VECTOR('',#10041,0.9);
#8458=CARTESIAN_POINT('',(-5.75,1.49,3.8));
#8459=CARTESIAN_POINT('',(-5.75,1.49,3.8));
#8460=VECTOR('',#10042,0.86);
#8461=CARTESIAN_POINT('',(-5.35,1.49,3.8));
#8462=CARTESIAN_POINT('',(-5.35,1.49,3.8));
#8463=VECTOR('',#10043,0.4);
#8464=CARTESIAN_POINT('',(-5.35,-1.4,3.8));
#8465=CARTESIAN_POINT('',(-5.35,-1.4,3.8));
#8466=VECTOR('',#10044,2.89);
#8467=CARTESIAN_POINT('',(-7.05,-1.4,3.8));
#8468=CARTESIAN_POINT('',(-5.35,-1.4,3.8));
#8469=VECTOR('',#10045,1.7);
#8470=CARTESIAN_POINT('',(-7.05,1.49,3.8));
#8471=CARTESIAN_POINT('',(-7.05,-1.4,3.8));
#8472=VECTOR('',#10046,2.89);
#8473=CARTESIAN_POINT('',(-6.65,1.49,3.8));
#8474=CARTESIAN_POINT('',(-6.65,1.49,3.8));
#8475=VECTOR('',#10047,0.4);
#8476=CARTESIAN_POINT('',(-6.65,2.35,3.8));
#8477=VECTOR('',#10048,0.86);
#8478=CARTESIAN_POINT('',(-9.75,2.35,3.8));
#8479=CARTESIAN_POINT('',(-10.65,2.35,3.8));
#8480=CARTESIAN_POINT('',(-9.75,2.35,3.8));
#8481=VECTOR('',#10049,0.9);
#8482=CARTESIAN_POINT('',(-9.75,1.49,3.8));
#8483=CARTESIAN_POINT('',(-9.75,1.49,3.8));
#8484=VECTOR('',#10050,0.86);
#8485=CARTESIAN_POINT('',(-9.35,1.49,3.8));
#8486=CARTESIAN_POINT('',(-9.35,1.49,3.8));
#8487=VECTOR('',#10051,0.4);
#8488=CARTESIAN_POINT('',(-9.35,-1.4,3.8));
#8489=CARTESIAN_POINT('',(-9.35,-1.4,3.8));
#8490=VECTOR('',#10052,2.89);
#8491=CARTESIAN_POINT('',(-11.05,-1.4,3.8));
#8492=CARTESIAN_POINT('',(-11.05,-1.4,3.8));
#8493=VECTOR('',#10053,1.7);
#8494=CARTESIAN_POINT('',(-11.05,1.49,3.8));
#8495=CARTESIAN_POINT('',(-11.05,-1.4,3.8));
#8496=VECTOR('',#10054,2.89);
#8497=CARTESIAN_POINT('',(-10.65,1.49,3.8));
#8498=CARTESIAN_POINT('',(-10.65,1.49,3.8));
#8499=VECTOR('',#10055,0.4);
#8500=CARTESIAN_POINT('',(-10.65,2.35,3.8));
#8501=VECTOR('',#10056,0.86);
#8502=CARTESIAN_POINT('',(-10.65,1.49,-1.8));
#8503=CARTESIAN_POINT('',(-10.65,1.49,3.8));
#8504=VECTOR('',#10057,5.6);
#8505=CARTESIAN_POINT('',(-10.65,2.35,-1.8));
#8506=CARTESIAN_POINT('',(-10.65,2.35,-1.8));
#8507=VECTOR('',#10058,0.86);
#8508=CARTESIAN_POINT('',(-10.65,2.35,3.8));
#8509=VECTOR('',#10059,5.6);
#8510=CARTESIAN_POINT('',(-9.75,2.35,-1.8));
#8511=CARTESIAN_POINT('',(-9.75,2.35,-1.8));
#8512=VECTOR('',#10060,0.9);
#8513=CARTESIAN_POINT('',(-9.75,2.35,3.8));
#8514=VECTOR('',#10061,5.6);
#8515=CARTESIAN_POINT('',(-9.75,1.49,-1.8));
#8516=CARTESIAN_POINT('',(-9.75,1.49,-1.8));
#8517=VECTOR('',#10062,0.86);
#8518=CARTESIAN_POINT('',(-9.75,1.49,3.8));
#8519=VECTOR('',#10063,5.6);
#8520=CARTESIAN_POINT('',(-9.35,1.49,-1.8));
#8521=CARTESIAN_POINT('',(-9.35,1.49,-1.8));
#8522=VECTOR('',#10064,0.4);
#8523=CARTESIAN_POINT('',(-9.35,1.49,3.8));
#8524=VECTOR('',#10065,5.6);
#8525=CARTESIAN_POINT('',(-9.35,-1.4,-0.8));
#8526=CARTESIAN_POINT('',(-9.35,-1.4,3.8));
#8527=VECTOR('',#10066,4.6);
#8528=CARTESIAN_POINT('',(-9.35,1.14,-1.8));
#8529=CARTESIAN_POINT('',(-9.35,1.14,-1.8));
#8530=VECTOR('',#10067,0.35);
#8531=CARTESIAN_POINT('',(-9.35,1.14,-0.8));
#8532=CARTESIAN_POINT('',(-9.35,1.14,-1.8));
#8533=VECTOR('',#10068,1.0);
#8534=CARTESIAN_POINT('',(-9.35,-1.4,-0.8));
#8535=VECTOR('',#10069,2.54);
#8536=CARTESIAN_POINT('',(-9.75,1.14,-0.8));
#8537=CARTESIAN_POINT('',(-9.35,1.14,-0.8));
#8538=VECTOR('',#10070,0.4);
#8539=CARTESIAN_POINT('',(-9.75,-1.4,-0.8));
#8540=CARTESIAN_POINT('',(-9.75,-1.4,-0.8));
#8541=VECTOR('',#10071,2.54);
#8542=CARTESIAN_POINT('',(-9.35,-1.4,-0.8));
#8543=VECTOR('',#10072,0.4);
#8544=CARTESIAN_POINT('',(-10.65,-1.4,-0.8));
#8545=CARTESIAN_POINT('',(-10.65,-1.4,-1.8));
#8546=VECTOR('',#10073,1.0);
#8547=CARTESIAN_POINT('',(-11.05,-1.4,-0.8));
#8548=CARTESIAN_POINT('',(-11.05,-1.4,-0.8));
#8549=VECTOR('',#10074,0.4);
#8550=CARTESIAN_POINT('',(-11.05,-1.4,3.8));
#8551=VECTOR('',#10075,4.6);
#8552=CARTESIAN_POINT('',(-9.75,-1.4,-1.8));
#8553=VECTOR('',#10076,1.0);
#8554=CARTESIAN_POINT('',(-9.75,1.14,-1.8));
#8555=CARTESIAN_POINT('',(-9.75,1.14,-0.8));
#8556=VECTOR('',#10077,1.0);
#8557=CARTESIAN_POINT('',(-9.75,-0.35,-1.8));
#8558=VECTOR('',#10078,1.49);
#8559=CARTESIAN_POINT('',(-9.35,1.14,-1.8));
#8560=VECTOR('',#10079,0.4);
#8561=CARTESIAN_POINT('',(-11.05,1.49,-1.8));
#8562=CARTESIAN_POINT('',(-10.65,1.49,-1.8));
#8563=VECTOR('',#10080,0.4);
#8564=CARTESIAN_POINT('',(-11.05,1.14,-1.8));
#8565=CARTESIAN_POINT('',(-11.05,1.49,-1.8));
#8566=VECTOR('',#10081,0.35);
#8567=CARTESIAN_POINT('',(-10.65,1.14,-1.8));
#8568=CARTESIAN_POINT('',(-11.05,1.14,-1.8));
#8569=VECTOR('',#10082,0.4);
#8570=CARTESIAN_POINT('',(-10.65,-0.35,-1.8));
#8571=VECTOR('',#10083,1.49);
#8572=CARTESIAN_POINT('',(-10.65,1.14,-0.8));
#8573=CARTESIAN_POINT('',(-10.65,1.14,-1.8));
#8574=VECTOR('',#10084,1.0);
#8575=CARTESIAN_POINT('',(-10.65,1.14,-0.8));
#8576=VECTOR('',#10085,2.54);
#8577=CARTESIAN_POINT('',(-11.05,1.14,-0.8));
#8578=CARTESIAN_POINT('',(-11.05,1.14,-0.8));
#8579=VECTOR('',#10086,0.4);
#8580=CARTESIAN_POINT('',(-11.05,-1.4,-0.8));
#8581=VECTOR('',#10087,2.54);
#8582=CARTESIAN_POINT('',(-11.05,1.14,-1.8));
#8583=VECTOR('',#10088,1.0);
#8584=CARTESIAN_POINT('',(-11.05,1.49,3.8));
#8585=VECTOR('',#10089,5.6);
#8586=CARTESIAN_POINT('',(-8.65,1.49,-1.8));
#8587=CARTESIAN_POINT('',(-8.65,1.49,3.8));
#8588=VECTOR('',#10090,5.6);
#8589=CARTESIAN_POINT('',(-8.65,2.35,-1.8));
#8590=CARTESIAN_POINT('',(-8.65,2.35,-1.8));
#8591=VECTOR('',#10091,0.86);
#8592=CARTESIAN_POINT('',(-8.65,2.35,3.8));
#8593=VECTOR('',#10092,5.6);
#8594=CARTESIAN_POINT('',(-7.75,2.35,-1.8));
#8595=CARTESIAN_POINT('',(-7.75,2.35,-1.8));
#8596=VECTOR('',#10093,0.9);
#8597=CARTESIAN_POINT('',(-7.75,2.35,3.8));
#8598=VECTOR('',#10094,5.6);
#8599=CARTESIAN_POINT('',(-7.75,1.49,-1.8));
#8600=CARTESIAN_POINT('',(-7.75,1.49,-1.8));
#8601=VECTOR('',#10095,0.86);
#8602=CARTESIAN_POINT('',(-7.75,1.49,3.8));
#8603=VECTOR('',#10096,5.6);
#8604=CARTESIAN_POINT('',(-7.35,1.49,-1.8));
#8605=CARTESIAN_POINT('',(-7.35,1.49,-1.8));
#8606=VECTOR('',#10097,0.4);
#8607=CARTESIAN_POINT('',(-7.35,1.49,3.8));
#8608=VECTOR('',#10098,5.6);
#8609=CARTESIAN_POINT('',(-7.35,-1.4,-0.8));
#8610=CARTESIAN_POINT('',(-7.35,-1.4,3.8));
#8611=VECTOR('',#10099,4.6);
#8612=CARTESIAN_POINT('',(-7.35,1.14,-1.8));
#8613=CARTESIAN_POINT('',(-7.35,1.14,-1.8));
#8614=VECTOR('',#10100,0.35);
#8615=CARTESIAN_POINT('',(-7.35,1.14,-0.8));
#8616=CARTESIAN_POINT('',(-7.35,1.14,-1.8));
#8617=VECTOR('',#10101,1.0);
#8618=CARTESIAN_POINT('',(-7.35,-1.4,-0.8));
#8619=VECTOR('',#10102,2.54);
#8620=CARTESIAN_POINT('',(-7.75,1.14,-0.8));
#8621=CARTESIAN_POINT('',(-7.35,1.14,-0.8));
#8622=VECTOR('',#10103,0.4);
#8623=CARTESIAN_POINT('',(-7.75,-1.4,-0.8));
#8624=CARTESIAN_POINT('',(-7.75,-1.4,-0.8));
#8625=VECTOR('',#10104,2.54);
#8626=CARTESIAN_POINT('',(-7.35,-1.4,-0.8));
#8627=VECTOR('',#10105,0.4);
#8628=CARTESIAN_POINT('',(-8.65,-1.4,-0.8));
#8629=CARTESIAN_POINT('',(-8.65,-1.4,-1.8));
#8630=VECTOR('',#10106,1.0);
#8631=CARTESIAN_POINT('',(-9.05,-1.4,-0.8));
#8632=CARTESIAN_POINT('',(-9.05,-1.4,-0.8));
#8633=VECTOR('',#10107,0.4);
#8634=CARTESIAN_POINT('',(-9.05,-1.4,3.8));
#8635=VECTOR('',#10108,4.6);
#8636=CARTESIAN_POINT('',(-7.75,-1.4,-1.8));
#8637=VECTOR('',#10109,1.0);
#8638=CARTESIAN_POINT('',(-7.75,1.14,-1.8));
#8639=CARTESIAN_POINT('',(-7.75,1.14,-0.8));
#8640=VECTOR('',#10110,1.0);
#8641=CARTESIAN_POINT('',(-7.75,-0.35,-1.8));
#8642=VECTOR('',#10111,1.49);
#8643=CARTESIAN_POINT('',(-7.35,1.14,-1.8));
#8644=VECTOR('',#10112,0.4);
#8645=CARTESIAN_POINT('',(-9.05,1.49,-1.8));
#8646=CARTESIAN_POINT('',(-8.65,1.49,-1.8));
#8647=VECTOR('',#10113,0.4);
#8648=CARTESIAN_POINT('',(-9.05,1.14,-1.8));
#8649=CARTESIAN_POINT('',(-9.05,1.49,-1.8));
#8650=VECTOR('',#10114,0.35);
#8651=CARTESIAN_POINT('',(-8.65,1.14,-1.8));
#8652=CARTESIAN_POINT('',(-9.05,1.14,-1.8));
#8653=VECTOR('',#10115,0.4);
#8654=CARTESIAN_POINT('',(-8.65,-0.35,-1.8));
#8655=VECTOR('',#10116,1.49);
#8656=CARTESIAN_POINT('',(-8.65,1.14,-0.8));
#8657=CARTESIAN_POINT('',(-8.65,1.14,-1.8));
#8658=VECTOR('',#10117,1.0);
#8659=CARTESIAN_POINT('',(-8.65,1.14,-0.8));
#8660=VECTOR('',#10118,2.54);
#8661=CARTESIAN_POINT('',(-9.05,1.14,-0.8));
#8662=CARTESIAN_POINT('',(-9.05,1.14,-0.8));
#8663=VECTOR('',#10119,0.4);
#8664=CARTESIAN_POINT('',(-9.05,-1.4,-0.8));
#8665=VECTOR('',#10120,2.54);
#8666=CARTESIAN_POINT('',(-9.05,1.14,-1.8));
#8667=VECTOR('',#10121,1.0);
#8668=CARTESIAN_POINT('',(-9.05,1.49,3.8));
#8669=VECTOR('',#10122,5.6);
#8670=CARTESIAN_POINT('',(-6.65,1.49,-1.8));
#8671=CARTESIAN_POINT('',(-6.65,1.49,3.8));
#8672=VECTOR('',#10123,5.6);
#8673=CARTESIAN_POINT('',(-6.65,2.35,-1.8));
#8674=CARTESIAN_POINT('',(-6.65,2.35,-1.8));
#8675=VECTOR('',#10124,0.86);
#8676=CARTESIAN_POINT('',(-6.65,2.35,3.8));
#8677=VECTOR('',#10125,5.6);
#8678=CARTESIAN_POINT('',(-5.75,2.35,-1.8));
#8679=CARTESIAN_POINT('',(-5.75,2.35,-1.8));
#8680=VECTOR('',#10126,0.9);
#8681=CARTESIAN_POINT('',(-5.75,2.35,3.8));
#8682=VECTOR('',#10127,5.6);
#8683=CARTESIAN_POINT('',(-5.75,1.49,-1.8));
#8684=CARTESIAN_POINT('',(-5.75,1.49,-1.8));
#8685=VECTOR('',#10128,0.86);
#8686=CARTESIAN_POINT('',(-5.75,1.49,3.8));
#8687=VECTOR('',#10129,5.6);
#8688=CARTESIAN_POINT('',(-5.35,1.49,-1.8));
#8689=CARTESIAN_POINT('',(-5.35,1.49,-1.8));
#8690=VECTOR('',#10130,0.4);
#8691=CARTESIAN_POINT('',(-5.35,1.49,3.8));
#8692=VECTOR('',#10131,5.6);
#8693=CARTESIAN_POINT('',(-5.35,1.14,-1.8));
#8694=CARTESIAN_POINT('',(-5.35,1.14,-1.8));
#8695=VECTOR('',#10132,0.35);
#8696=CARTESIAN_POINT('',(-5.35,1.14,-0.8));
#8697=CARTESIAN_POINT('',(-5.35,1.14,-1.8));
#8698=VECTOR('',#10133,1.0);
#8699=CARTESIAN_POINT('',(-5.35,-1.4,-0.8));
#8700=CARTESIAN_POINT('',(-5.35,-1.4,-0.8));
#8701=VECTOR('',#10134,2.54);
#8702=CARTESIAN_POINT('',(-5.35,-1.4,3.8));
#8703=VECTOR('',#10135,4.6);
#8704=CARTESIAN_POINT('',(-6.65,-1.4,-0.8));
#8705=CARTESIAN_POINT('',(-6.65,-1.4,-1.8));
#8706=VECTOR('',#10136,1.0);
#8707=CARTESIAN_POINT('',(-7.05,-1.4,-0.8));
#8708=CARTESIAN_POINT('',(-7.05,-1.4,-0.8));
#8709=VECTOR('',#10137,0.4);
#8710=CARTESIAN_POINT('',(-7.05,-1.4,3.8));
#8711=VECTOR('',#10138,4.6);
#8712=CARTESIAN_POINT('',(-5.75,-1.4,-0.8));
#8713=CARTESIAN_POINT('',(-5.35,-1.4,-0.8));
#8714=VECTOR('',#10139,0.4);
#8715=CARTESIAN_POINT('',(-5.75,-1.4,-1.8));
#8716=VECTOR('',#10140,1.0);
#8717=CARTESIAN_POINT('',(-5.75,1.14,-0.8));
#8718=CARTESIAN_POINT('',(-5.75,-1.4,-0.8));
#8719=VECTOR('',#10141,2.54);
#8720=CARTESIAN_POINT('',(-5.75,1.14,-1.8));
#8721=CARTESIAN_POINT('',(-5.75,1.14,-0.8));
#8722=VECTOR('',#10142,1.0);
#8723=CARTESIAN_POINT('',(-5.75,-0.35,-1.8));
#8724=VECTOR('',#10143,1.49);
#8725=CARTESIAN_POINT('',(-5.35,1.14,-1.8));
#8726=VECTOR('',#10144,0.4);
#8727=CARTESIAN_POINT('',(-7.05,1.49,-1.8));
#8728=CARTESIAN_POINT('',(-6.65,1.49,-1.8));
#8729=VECTOR('',#10145,0.4);
#8730=CARTESIAN_POINT('',(-7.05,1.14,-1.8));
#8731=CARTESIAN_POINT('',(-7.05,1.49,-1.8));
#8732=VECTOR('',#10146,0.35);
#8733=CARTESIAN_POINT('',(-6.65,1.14,-1.8));
#8734=CARTESIAN_POINT('',(-7.05,1.14,-1.8));
#8735=VECTOR('',#10147,0.4);
#8736=CARTESIAN_POINT('',(-6.65,-0.35,-1.8));
#8737=VECTOR('',#10148,1.49);
#8738=CARTESIAN_POINT('',(-6.65,1.14,-0.8));
#8739=CARTESIAN_POINT('',(-6.65,1.14,-1.8));
#8740=VECTOR('',#10149,1.0);
#8741=CARTESIAN_POINT('',(-6.65,1.14,-0.8));
#8742=VECTOR('',#10150,2.54);
#8743=CARTESIAN_POINT('',(-7.05,1.14,-0.8));
#8744=CARTESIAN_POINT('',(-7.05,1.14,-0.8));
#8745=VECTOR('',#10151,0.4);
#8746=CARTESIAN_POINT('',(-7.05,-1.4,-0.8));
#8747=VECTOR('',#10152,2.54);
#8748=CARTESIAN_POINT('',(-7.05,1.14,-1.8));
#8749=VECTOR('',#10153,1.0);
#8750=CARTESIAN_POINT('',(-7.05,1.49,3.8));
#8751=VECTOR('',#10154,5.6);
#8752=CARTESIAN_POINT('',(-5.35,1.14,-0.8));
#8753=VECTOR('',#10155,0.4);
#8754=CARTESIAN_POINT('',(-12.25,3.2,-10.4));
#8755=CARTESIAN_POINT('',(-2.45,3.2,-10.4));
#8756=VECTOR('',#10156,9.8);
#8757=CARTESIAN_POINT('',(-12.25,3.2,-10.4));
#8758=VECTOR('',#10157,14.2);
#8759=CARTESIAN_POINT('',(13.35,3.2,-10.4));
#8760=CARTESIAN_POINT('',(13.35,3.2,3.8));
#8761=VECTOR('',#10158,14.2);
#8762=CARTESIAN_POINT('',(13.35,3.2,-10.4));
#8763=VECTOR('',#10159,10.0);
#8764=CARTESIAN_POINT('',(-12.25,0.45,-10.4));
#8765=CARTESIAN_POINT('',(-12.25,3.2,-10.4));
#8766=VECTOR('',#10160,2.75);
#8767=CARTESIAN_POINT('',(-12.25,0.45,3.8));
#8768=VECTOR('',#10161,14.2);
#8769=CARTESIAN_POINT('',(-13.35,0.45,-10.4));
#8770=VECTOR('',#10162,1.1);
#8771=CARTESIAN_POINT('',(13.35,-0.35,-10.4));
#8772=VECTOR('',#10163,3.55);
#8773=CARTESIAN_POINT('',(4.45,2.75,-10.4));
#8774=CARTESIAN_POINT('',(5.75,2.75,-10.4));
#8775=CARTESIAN_POINT('',(4.45,2.75,-10.4));
#8776=VECTOR('',#10164,1.3);
#8777=CARTESIAN_POINT('',(4.45,2.29,-10.4));
#8778=CARTESIAN_POINT('',(4.45,2.29,-10.4));
#8779=VECTOR('',#10165,0.46);
#8780=CARTESIAN_POINT('',(4.65,2.29,-10.4));
#8781=CARTESIAN_POINT('',(4.65,2.29,-10.4));
#8782=VECTOR('',#10166,0.2);
#8783=CARTESIAN_POINT('',(4.65,1.19,-10.4));
#8784=CARTESIAN_POINT('',(4.65,1.19,-10.4));
#8785=VECTOR('',#10167,1.1);
#8786=CARTESIAN_POINT('',(5.55,1.19,-10.4));
#8787=CARTESIAN_POINT('',(5.55,1.19,-10.4));
#8788=VECTOR('',#10168,0.9);
#8789=CARTESIAN_POINT('',(5.55,2.29,-10.4));
#8790=CARTESIAN_POINT('',(5.55,2.29,-10.4));
#8791=VECTOR('',#10169,1.1);
#8792=CARTESIAN_POINT('',(5.75,2.29,-10.4));
#8793=CARTESIAN_POINT('',(5.75,2.29,-10.4));
#8794=VECTOR('',#10170,0.2);
#8795=CARTESIAN_POINT('',(5.75,2.75,-10.4));
#8796=VECTOR('',#10171,0.46);
#8797=CARTESIAN_POINT('',(6.45,2.75,-10.4));
#8798=CARTESIAN_POINT('',(7.75,2.75,-10.4));
#8799=CARTESIAN_POINT('',(6.45,2.75,-10.4));
#8800=VECTOR('',#10172,1.3);
#8801=CARTESIAN_POINT('',(6.45,2.29,-10.4));
#8802=CARTESIAN_POINT('',(6.45,2.29,-10.4));
#8803=VECTOR('',#10173,0.46);
#8804=CARTESIAN_POINT('',(6.65,2.29,-10.4));
#8805=CARTESIAN_POINT('',(6.65,2.29,-10.4));
#8806=VECTOR('',#10174,0.2);
#8807=CARTESIAN_POINT('',(6.65,1.19,-10.4));
#8808=CARTESIAN_POINT('',(6.65,1.19,-10.4));
#8809=VECTOR('',#10175,1.1);
#8810=CARTESIAN_POINT('',(7.55,1.19,-10.4));
#8811=CARTESIAN_POINT('',(7.55,1.19,-10.4));
#8812=VECTOR('',#10176,0.9);
#8813=CARTESIAN_POINT('',(7.55,2.29,-10.4));
#8814=CARTESIAN_POINT('',(7.55,2.29,-10.4));
#8815=VECTOR('',#10177,1.1);
#8816=CARTESIAN_POINT('',(7.75,2.29,-10.4));
#8817=CARTESIAN_POINT('',(7.75,2.29,-10.4));
#8818=VECTOR('',#10178,0.2);
#8819=CARTESIAN_POINT('',(7.75,2.75,-10.4));
#8820=VECTOR('',#10179,0.46);
#8821=CARTESIAN_POINT('',(8.45,2.75,-10.4));
#8822=CARTESIAN_POINT('',(9.75,2.75,-10.4));
#8823=CARTESIAN_POINT('',(8.45,2.75,-10.4));
#8824=VECTOR('',#10180,1.3);
#8825=CARTESIAN_POINT('',(8.45,2.29,-10.4));
#8826=CARTESIAN_POINT('',(8.45,2.29,-10.4));
#8827=VECTOR('',#10181,0.46);
#8828=CARTESIAN_POINT('',(8.65,2.29,-10.4));
#8829=CARTESIAN_POINT('',(8.65,2.29,-10.4));
#8830=VECTOR('',#10182,0.2);
#8831=CARTESIAN_POINT('',(8.65,1.19,-10.4));
#8832=CARTESIAN_POINT('',(8.65,1.19,-10.4));
#8833=VECTOR('',#10183,1.1);
#8834=CARTESIAN_POINT('',(9.55,1.19,-10.4));
#8835=CARTESIAN_POINT('',(9.55,1.19,-10.4));
#8836=VECTOR('',#10184,0.9);
#8837=CARTESIAN_POINT('',(9.55,2.29,-10.4));
#8838=CARTESIAN_POINT('',(9.55,2.29,-10.4));
#8839=VECTOR('',#10185,1.1);
#8840=CARTESIAN_POINT('',(9.75,2.29,-10.4));
#8841=CARTESIAN_POINT('',(9.75,2.29,-10.4));
#8842=VECTOR('',#10186,0.2);
#8843=CARTESIAN_POINT('',(9.75,2.75,-10.4));
#8844=VECTOR('',#10187,0.46);
#8845=CARTESIAN_POINT('',(10.45,2.75,-10.4));
#8846=CARTESIAN_POINT('',(11.75,2.75,-10.4));
#8847=CARTESIAN_POINT('',(10.45,2.75,-10.4));
#8848=VECTOR('',#10188,1.3);
#8849=CARTESIAN_POINT('',(10.45,2.29,-10.4));
#8850=CARTESIAN_POINT('',(10.45,2.29,-10.4));
#8851=VECTOR('',#10189,0.46);
#8852=CARTESIAN_POINT('',(10.65,2.29,-10.4));
#8853=CARTESIAN_POINT('',(10.65,2.29,-10.4));
#8854=VECTOR('',#10190,0.2);
#8855=CARTESIAN_POINT('',(10.65,1.19,-10.4));
#8856=CARTESIAN_POINT('',(10.65,1.19,-10.4));
#8857=VECTOR('',#10191,1.1);
#8858=CARTESIAN_POINT('',(11.55,1.19,-10.4));
#8859=CARTESIAN_POINT('',(11.55,1.19,-10.4));
#8860=VECTOR('',#10192,0.9);
#8861=CARTESIAN_POINT('',(11.55,2.29,-10.4));
#8862=CARTESIAN_POINT('',(11.55,2.29,-10.4));
#8863=VECTOR('',#10193,1.1);
#8864=CARTESIAN_POINT('',(11.75,2.29,-10.4));
#8865=CARTESIAN_POINT('',(11.75,2.29,-10.4));
#8866=VECTOR('',#10194,0.2);
#8867=CARTESIAN_POINT('',(11.75,2.75,-10.4));
#8868=VECTOR('',#10195,0.46);
#8869=CARTESIAN_POINT('',(-4.85,2.75,-10.4));
#8870=CARTESIAN_POINT('',(-3.55,2.75,-10.4));
#8871=CARTESIAN_POINT('',(-4.85,2.75,-10.4));
#8872=VECTOR('',#10196,1.3);
#8873=CARTESIAN_POINT('',(-4.85,2.29,-10.4));
#8874=CARTESIAN_POINT('',(-4.85,2.29,-10.4));
#8875=VECTOR('',#10197,0.46);
#8876=CARTESIAN_POINT('',(-4.65,2.29,-10.4));
#8877=CARTESIAN_POINT('',(-4.65,2.29,-10.4));
#8878=VECTOR('',#10198,0.2);
#8879=CARTESIAN_POINT('',(-4.65,1.19,-10.4));
#8880=CARTESIAN_POINT('',(-4.65,1.19,-10.4));
#8881=VECTOR('',#10199,1.1);
#8882=CARTESIAN_POINT('',(-3.75,1.19,-10.4));
#8883=CARTESIAN_POINT('',(-3.75,1.19,-10.4));
#8884=VECTOR('',#10200,0.9);
#8885=CARTESIAN_POINT('',(-3.75,2.29,-10.4));
#8886=CARTESIAN_POINT('',(-3.75,2.29,-10.4));
#8887=VECTOR('',#10201,1.1);
#8888=CARTESIAN_POINT('',(-3.55,2.29,-10.4));
#8889=CARTESIAN_POINT('',(-3.55,2.29,-10.4));
#8890=VECTOR('',#10202,0.2);
#8891=CARTESIAN_POINT('',(-3.55,2.75,-10.4));
#8892=VECTOR('',#10203,0.46);
#8893=CARTESIAN_POINT('',(-6.85,2.75,-10.4));
#8894=CARTESIAN_POINT('',(-5.55,2.75,-10.4));
#8895=CARTESIAN_POINT('',(-6.85,2.75,-10.4));
#8896=VECTOR('',#10204,1.3);
#8897=CARTESIAN_POINT('',(-6.85,2.29,-10.4));
#8898=CARTESIAN_POINT('',(-6.85,2.29,-10.4));
#8899=VECTOR('',#10205,0.46);
#8900=CARTESIAN_POINT('',(-6.65,2.29,-10.4));
#8901=CARTESIAN_POINT('',(-6.65,2.29,-10.4));
#8902=VECTOR('',#10206,0.2);
#8903=CARTESIAN_POINT('',(-6.65,1.19,-10.4));
#8904=CARTESIAN_POINT('',(-6.65,1.19,-10.4));
#8905=VECTOR('',#10207,1.1);
#8906=CARTESIAN_POINT('',(-5.75,1.19,-10.4));
#8907=CARTESIAN_POINT('',(-5.75,1.19,-10.4));
#8908=VECTOR('',#10208,0.9);
#8909=CARTESIAN_POINT('',(-5.75,2.29,-10.4));
#8910=CARTESIAN_POINT('',(-5.75,2.29,-10.4));
#8911=VECTOR('',#10209,1.1);
#8912=CARTESIAN_POINT('',(-5.55,2.29,-10.4));
#8913=CARTESIAN_POINT('',(-5.55,2.29,-10.4));
#8914=VECTOR('',#10210,0.2);
#8915=CARTESIAN_POINT('',(-5.55,2.75,-10.4));
#8916=VECTOR('',#10211,0.46);
#8917=CARTESIAN_POINT('',(-8.85,2.75,-10.4));
#8918=CARTESIAN_POINT('',(-7.55,2.75,-10.4));
#8919=CARTESIAN_POINT('',(-8.85,2.75,-10.4));
#8920=VECTOR('',#10212,1.3);
#8921=CARTESIAN_POINT('',(-8.85,2.29,-10.4));
#8922=CARTESIAN_POINT('',(-8.85,2.29,-10.4));
#8923=VECTOR('',#10213,0.46);
#8924=CARTESIAN_POINT('',(-8.65,2.29,-10.4));
#8925=CARTESIAN_POINT('',(-8.65,2.29,-10.4));
#8926=VECTOR('',#10214,0.2);
#8927=CARTESIAN_POINT('',(-8.65,1.19,-10.4));
#8928=CARTESIAN_POINT('',(-8.65,1.19,-10.4));
#8929=VECTOR('',#10215,1.1);
#8930=CARTESIAN_POINT('',(-7.75,1.19,-10.4));
#8931=CARTESIAN_POINT('',(-7.75,1.19,-10.4));
#8932=VECTOR('',#10216,0.9);
#8933=CARTESIAN_POINT('',(-7.75,2.29,-10.4));
#8934=CARTESIAN_POINT('',(-7.75,2.29,-10.4));
#8935=VECTOR('',#10217,1.1);
#8936=CARTESIAN_POINT('',(-7.55,2.29,-10.4));
#8937=CARTESIAN_POINT('',(-7.55,2.29,-10.4));
#8938=VECTOR('',#10218,0.2);
#8939=CARTESIAN_POINT('',(-7.55,2.75,-10.4));
#8940=VECTOR('',#10219,0.46);
#8941=CARTESIAN_POINT('',(-10.85,2.75,-10.4));
#8942=CARTESIAN_POINT('',(-9.55,2.75,-10.4));
#8943=CARTESIAN_POINT('',(-10.85,2.75,-10.4));
#8944=VECTOR('',#10220,1.3);
#8945=CARTESIAN_POINT('',(-10.85,2.29,-10.4));
#8946=CARTESIAN_POINT('',(-10.85,2.29,-10.4));
#8947=VECTOR('',#10221,0.46);
#8948=CARTESIAN_POINT('',(-10.65,2.29,-10.4));
#8949=CARTESIAN_POINT('',(-10.65,2.29,-10.4));
#8950=VECTOR('',#10222,0.2);
#8951=CARTESIAN_POINT('',(-10.65,1.19,-10.4));
#8952=CARTESIAN_POINT('',(-10.65,1.19,-10.4));
#8953=VECTOR('',#10223,1.1);
#8954=CARTESIAN_POINT('',(-9.75,1.19,-10.4));
#8955=CARTESIAN_POINT('',(-9.75,1.19,-10.4));
#8956=VECTOR('',#10224,0.9);
#8957=CARTESIAN_POINT('',(-9.75,2.29,-10.4));
#8958=CARTESIAN_POINT('',(-9.75,2.29,-10.4));
#8959=VECTOR('',#10225,1.1);
#8960=CARTESIAN_POINT('',(-9.55,2.29,-10.4));
#8961=CARTESIAN_POINT('',(-9.55,2.29,-10.4));
#8962=VECTOR('',#10226,0.2);
#8963=CARTESIAN_POINT('',(-9.55,2.75,-10.4));
#8964=VECTOR('',#10227,0.46);
#8965=CARTESIAN_POINT('',(13.35,-3.2,-10.4));
#8966=VECTOR('',#10228,0.4);
#8967=CARTESIAN_POINT('',(-3.55,2.29,-9.6));
#8968=CARTESIAN_POINT('',(-3.55,2.29,-10.4));
#8969=VECTOR('',#10229,0.8);
#8970=CARTESIAN_POINT('',(-3.55,2.75,-9.6));
#8971=CARTESIAN_POINT('',(-3.55,2.75,-9.6));
#8972=VECTOR('',#10230,0.46);
#8973=CARTESIAN_POINT('',(-3.55,2.75,-10.4));
#8974=VECTOR('',#10231,0.8);
#8975=CARTESIAN_POINT('',(-4.85,2.75,-9.6));
#8976=CARTESIAN_POINT('',(-4.85,2.75,-9.6));
#8977=VECTOR('',#10232,1.3);
#8978=CARTESIAN_POINT('',(-4.85,2.75,-10.4));
#8979=VECTOR('',#10233,0.8);
#8980=CARTESIAN_POINT('',(-4.85,2.29,-9.6));
#8981=CARTESIAN_POINT('',(-4.85,2.29,-9.6));
#8982=VECTOR('',#10234,0.46);
#8983=CARTESIAN_POINT('',(-4.85,2.29,-10.4));
#8984=VECTOR('',#10235,0.8);
#8985=CARTESIAN_POINT('',(-4.65,2.29,-9.6));
#8986=CARTESIAN_POINT('',(-4.65,2.29,-9.6));
#8987=VECTOR('',#10236,0.2);
#8988=CARTESIAN_POINT('',(-4.65,2.29,-10.4));
#8989=VECTOR('',#10237,0.8);
#8990=CARTESIAN_POINT('',(-4.65,1.19,-9.6));
#8991=CARTESIAN_POINT('',(-4.65,1.19,-9.6));
#8992=VECTOR('',#10238,1.1);
#8993=CARTESIAN_POINT('',(-4.65,1.19,-10.4));
#8994=VECTOR('',#10239,0.8);
#8995=CARTESIAN_POINT('',(-3.75,1.19,-9.6));
#8996=CARTESIAN_POINT('',(-3.75,1.19,-9.6));
#8997=VECTOR('',#10240,0.9);
#8998=CARTESIAN_POINT('',(-3.75,1.19,-10.4));
#8999=VECTOR('',#10241,0.8);
#9000=CARTESIAN_POINT('',(-3.75,2.29,-9.6));
#9001=CARTESIAN_POINT('',(-3.75,2.29,-9.6));
#9002=VECTOR('',#10242,1.1);
#9003=CARTESIAN_POINT('',(-3.75,2.29,-10.4));
#9004=VECTOR('',#10243,0.8);
#9005=CARTESIAN_POINT('',(-3.55,2.29,-9.6));
#9006=VECTOR('',#10244,0.2);
#9007=CARTESIAN_POINT('',(-5.55,2.29,-9.6));
#9008=CARTESIAN_POINT('',(-5.55,2.29,-10.4));
#9009=VECTOR('',#10245,0.8);
#9010=CARTESIAN_POINT('',(-5.55,2.75,-9.6));
#9011=CARTESIAN_POINT('',(-5.55,2.75,-9.6));
#9012=VECTOR('',#10246,0.46);
#9013=CARTESIAN_POINT('',(-5.55,2.75,-10.4));
#9014=VECTOR('',#10247,0.8);
#9015=CARTESIAN_POINT('',(-6.85,2.75,-9.6));
#9016=CARTESIAN_POINT('',(-6.85,2.75,-9.6));
#9017=VECTOR('',#10248,1.3);
#9018=CARTESIAN_POINT('',(-6.85,2.75,-10.4));
#9019=VECTOR('',#10249,0.8);
#9020=CARTESIAN_POINT('',(-6.85,2.29,-9.6));
#9021=CARTESIAN_POINT('',(-6.85,2.29,-9.6));
#9022=VECTOR('',#10250,0.46);
#9023=CARTESIAN_POINT('',(-6.85,2.29,-10.4));
#9024=VECTOR('',#10251,0.8);
#9025=CARTESIAN_POINT('',(-6.65,2.29,-9.6));
#9026=CARTESIAN_POINT('',(-6.65,2.29,-9.6));
#9027=VECTOR('',#10252,0.2);
#9028=CARTESIAN_POINT('',(-6.65,2.29,-10.4));
#9029=VECTOR('',#10253,0.8);
#9030=CARTESIAN_POINT('',(-6.65,1.19,-9.6));
#9031=CARTESIAN_POINT('',(-6.65,1.19,-9.6));
#9032=VECTOR('',#10254,1.1);
#9033=CARTESIAN_POINT('',(-6.65,1.19,-10.4));
#9034=VECTOR('',#10255,0.8);
#9035=CARTESIAN_POINT('',(-5.75,1.19,-9.6));
#9036=CARTESIAN_POINT('',(-5.75,1.19,-9.6));
#9037=VECTOR('',#10256,0.9);
#9038=CARTESIAN_POINT('',(-5.75,1.19,-10.4));
#9039=VECTOR('',#10257,0.8);
#9040=CARTESIAN_POINT('',(-5.75,2.29,-9.6));
#9041=CARTESIAN_POINT('',(-5.75,2.29,-9.6));
#9042=VECTOR('',#10258,1.1);
#9043=CARTESIAN_POINT('',(-5.75,2.29,-10.4));
#9044=VECTOR('',#10259,0.8);
#9045=CARTESIAN_POINT('',(-5.55,2.29,-9.6));
#9046=VECTOR('',#10260,0.2);
#9047=CARTESIAN_POINT('',(-7.55,2.29,-9.6));
#9048=CARTESIAN_POINT('',(-7.55,2.29,-10.4));
#9049=VECTOR('',#10261,0.8);
#9050=CARTESIAN_POINT('',(-7.55,2.75,-9.6));
#9051=CARTESIAN_POINT('',(-7.55,2.75,-9.6));
#9052=VECTOR('',#10262,0.46);
#9053=CARTESIAN_POINT('',(-7.55,2.75,-10.4));
#9054=VECTOR('',#10263,0.8);
#9055=CARTESIAN_POINT('',(-8.85,2.75,-9.6));
#9056=CARTESIAN_POINT('',(-8.85,2.75,-9.6));
#9057=VECTOR('',#10264,1.3);
#9058=CARTESIAN_POINT('',(-8.85,2.75,-10.4));
#9059=VECTOR('',#10265,0.8);
#9060=CARTESIAN_POINT('',(-8.85,2.29,-9.6));
#9061=CARTESIAN_POINT('',(-8.85,2.29,-9.6));
#9062=VECTOR('',#10266,0.46);
#9063=CARTESIAN_POINT('',(-8.85,2.29,-10.4));
#9064=VECTOR('',#10267,0.8);
#9065=CARTESIAN_POINT('',(-8.65,2.29,-9.6));
#9066=CARTESIAN_POINT('',(-8.65,2.29,-9.6));
#9067=VECTOR('',#10268,0.2);
#9068=CARTESIAN_POINT('',(-8.65,2.29,-10.4));
#9069=VECTOR('',#10269,0.8);
#9070=CARTESIAN_POINT('',(-8.65,1.19,-9.6));
#9071=CARTESIAN_POINT('',(-8.65,1.19,-9.6));
#9072=VECTOR('',#10270,1.1);
#9073=CARTESIAN_POINT('',(-8.65,1.19,-10.4));
#9074=VECTOR('',#10271,0.8);
#9075=CARTESIAN_POINT('',(-7.75,1.19,-9.6));
#9076=CARTESIAN_POINT('',(-7.75,1.19,-9.6));
#9077=VECTOR('',#10272,0.9);
#9078=CARTESIAN_POINT('',(-7.75,1.19,-10.4));
#9079=VECTOR('',#10273,0.8);
#9080=CARTESIAN_POINT('',(-7.75,2.29,-9.6));
#9081=CARTESIAN_POINT('',(-7.75,2.29,-9.6));
#9082=VECTOR('',#10274,1.1);
#9083=CARTESIAN_POINT('',(-7.75,2.29,-10.4));
#9084=VECTOR('',#10275,0.8);
#9085=CARTESIAN_POINT('',(-7.55,2.29,-9.6));
#9086=VECTOR('',#10276,0.2);
#9087=CARTESIAN_POINT('',(-9.55,2.29,-9.6));
#9088=CARTESIAN_POINT('',(-9.55,2.29,-10.4));
#9089=VECTOR('',#10277,0.8);
#9090=CARTESIAN_POINT('',(-9.55,2.75,-9.6));
#9091=CARTESIAN_POINT('',(-9.55,2.75,-9.6));
#9092=VECTOR('',#10278,0.46);
#9093=CARTESIAN_POINT('',(-9.55,2.75,-10.4));
#9094=VECTOR('',#10279,0.8);
#9095=CARTESIAN_POINT('',(-10.85,2.75,-9.6));
#9096=CARTESIAN_POINT('',(-10.85,2.75,-9.6));
#9097=VECTOR('',#10280,1.3);
#9098=CARTESIAN_POINT('',(-10.85,2.75,-10.4));
#9099=VECTOR('',#10281,0.8);
#9100=CARTESIAN_POINT('',(-10.85,2.29,-9.6));
#9101=CARTESIAN_POINT('',(-10.85,2.29,-9.6));
#9102=VECTOR('',#10282,0.46);
#9103=CARTESIAN_POINT('',(-10.85,2.29,-10.4));
#9104=VECTOR('',#10283,0.8);
#9105=CARTESIAN_POINT('',(-10.65,2.29,-9.6));
#9106=CARTESIAN_POINT('',(-10.65,2.29,-9.6));
#9107=VECTOR('',#10284,0.2);
#9108=CARTESIAN_POINT('',(-10.65,2.29,-10.4));
#9109=VECTOR('',#10285,0.8);
#9110=CARTESIAN_POINT('',(-10.65,1.19,-9.6));
#9111=CARTESIAN_POINT('',(-10.65,1.19,-9.6));
#9112=VECTOR('',#10286,1.1);
#9113=CARTESIAN_POINT('',(-10.65,1.19,-10.4));
#9114=VECTOR('',#10287,0.8);
#9115=CARTESIAN_POINT('',(-9.75,1.19,-9.6));
#9116=CARTESIAN_POINT('',(-9.75,1.19,-9.6));
#9117=VECTOR('',#10288,0.9);
#9118=CARTESIAN_POINT('',(-9.75,1.19,-10.4));
#9119=VECTOR('',#10289,0.8);
#9120=CARTESIAN_POINT('',(-9.75,2.29,-9.6));
#9121=CARTESIAN_POINT('',(-9.75,2.29,-9.6));
#9122=VECTOR('',#10290,1.1);
#9123=CARTESIAN_POINT('',(-9.75,2.29,-10.4));
#9124=VECTOR('',#10291,0.8);
#9125=CARTESIAN_POINT('',(-9.55,2.29,-9.6));
#9126=VECTOR('',#10292,0.2);
#9127=CARTESIAN_POINT('',(5.75,2.29,-9.6));
#9128=CARTESIAN_POINT('',(5.75,2.29,-10.4));
#9129=VECTOR('',#10293,0.8);
#9130=CARTESIAN_POINT('',(5.75,2.75,-9.6));
#9131=CARTESIAN_POINT('',(5.75,2.75,-9.6));
#9132=VECTOR('',#10294,0.46);
#9133=CARTESIAN_POINT('',(5.75,2.75,-10.4));
#9134=VECTOR('',#10295,0.8);
#9135=CARTESIAN_POINT('',(4.45,2.75,-9.6));
#9136=CARTESIAN_POINT('',(4.45,2.75,-9.6));
#9137=VECTOR('',#10296,1.3);
#9138=CARTESIAN_POINT('',(4.45,2.75,-10.4));
#9139=VECTOR('',#10297,0.8);
#9140=CARTESIAN_POINT('',(4.45,2.29,-9.6));
#9141=CARTESIAN_POINT('',(4.45,2.29,-9.6));
#9142=VECTOR('',#10298,0.46);
#9143=CARTESIAN_POINT('',(4.45,2.29,-10.4));
#9144=VECTOR('',#10299,0.8);
#9145=CARTESIAN_POINT('',(4.65,2.29,-9.6));
#9146=CARTESIAN_POINT('',(4.65,2.29,-9.6));
#9147=VECTOR('',#10300,0.2);
#9148=CARTESIAN_POINT('',(4.65,2.29,-10.4));
#9149=VECTOR('',#10301,0.8);
#9150=CARTESIAN_POINT('',(4.65,1.19,-9.6));
#9151=CARTESIAN_POINT('',(4.65,1.19,-9.6));
#9152=VECTOR('',#10302,1.1);
#9153=CARTESIAN_POINT('',(4.65,1.19,-10.4));
#9154=VECTOR('',#10303,0.8);
#9155=CARTESIAN_POINT('',(5.55,1.19,-9.6));
#9156=CARTESIAN_POINT('',(5.55,1.19,-9.6));
#9157=VECTOR('',#10304,0.9);
#9158=CARTESIAN_POINT('',(5.55,1.19,-10.4));
#9159=VECTOR('',#10305,0.8);
#9160=CARTESIAN_POINT('',(5.55,2.29,-9.6));
#9161=CARTESIAN_POINT('',(5.55,2.29,-9.6));
#9162=VECTOR('',#10306,1.1);
#9163=CARTESIAN_POINT('',(5.55,2.29,-10.4));
#9164=VECTOR('',#10307,0.8);
#9165=CARTESIAN_POINT('',(5.75,2.29,-9.6));
#9166=VECTOR('',#10308,0.2);
#9167=CARTESIAN_POINT('',(7.75,2.29,-9.6));
#9168=CARTESIAN_POINT('',(7.75,2.29,-10.4));
#9169=VECTOR('',#10309,0.8);
#9170=CARTESIAN_POINT('',(7.75,2.75,-9.6));
#9171=CARTESIAN_POINT('',(7.75,2.75,-9.6));
#9172=VECTOR('',#10310,0.46);
#9173=CARTESIAN_POINT('',(7.75,2.75,-10.4));
#9174=VECTOR('',#10311,0.8);
#9175=CARTESIAN_POINT('',(6.45,2.75,-9.6));
#9176=CARTESIAN_POINT('',(6.45,2.75,-9.6));
#9177=VECTOR('',#10312,1.3);
#9178=CARTESIAN_POINT('',(6.45,2.75,-10.4));
#9179=VECTOR('',#10313,0.8);
#9180=CARTESIAN_POINT('',(6.45,2.29,-9.6));
#9181=CARTESIAN_POINT('',(6.45,2.29,-9.6));
#9182=VECTOR('',#10314,0.46);
#9183=CARTESIAN_POINT('',(6.45,2.29,-10.4));
#9184=VECTOR('',#10315,0.8);
#9185=CARTESIAN_POINT('',(6.65,2.29,-9.6));
#9186=CARTESIAN_POINT('',(6.65,2.29,-9.6));
#9187=VECTOR('',#10316,0.2);
#9188=CARTESIAN_POINT('',(6.65,2.29,-10.4));
#9189=VECTOR('',#10317,0.8);
#9190=CARTESIAN_POINT('',(6.65,1.19,-9.6));
#9191=CARTESIAN_POINT('',(6.65,1.19,-9.6));
#9192=VECTOR('',#10318,1.1);
#9193=CARTESIAN_POINT('',(6.65,1.19,-10.4));
#9194=VECTOR('',#10319,0.8);
#9195=CARTESIAN_POINT('',(7.55,1.19,-9.6));
#9196=CARTESIAN_POINT('',(7.55,1.19,-9.6));
#9197=VECTOR('',#10320,0.9);
#9198=CARTESIAN_POINT('',(7.55,1.19,-10.4));
#9199=VECTOR('',#10321,0.8);
#9200=CARTESIAN_POINT('',(7.55,2.29,-9.6));
#9201=CARTESIAN_POINT('',(7.55,2.29,-9.6));
#9202=VECTOR('',#10322,1.1);
#9203=CARTESIAN_POINT('',(7.55,2.29,-10.4));
#9204=VECTOR('',#10323,0.8);
#9205=CARTESIAN_POINT('',(7.75,2.29,-9.6));
#9206=VECTOR('',#10324,0.2);
#9207=CARTESIAN_POINT('',(9.75,2.29,-9.6));
#9208=CARTESIAN_POINT('',(9.75,2.29,-10.4));
#9209=VECTOR('',#10325,0.8);
#9210=CARTESIAN_POINT('',(9.75,2.75,-9.6));
#9211=CARTESIAN_POINT('',(9.75,2.75,-9.6));
#9212=VECTOR('',#10326,0.46);
#9213=CARTESIAN_POINT('',(9.75,2.75,-10.4));
#9214=VECTOR('',#10327,0.8);
#9215=CARTESIAN_POINT('',(8.45,2.75,-9.6));
#9216=CARTESIAN_POINT('',(8.45,2.75,-9.6));
#9217=VECTOR('',#10328,1.3);
#9218=CARTESIAN_POINT('',(8.45,2.75,-10.4));
#9219=VECTOR('',#10329,0.8);
#9220=CARTESIAN_POINT('',(8.45,2.29,-9.6));
#9221=CARTESIAN_POINT('',(8.45,2.29,-9.6));
#9222=VECTOR('',#10330,0.46);
#9223=CARTESIAN_POINT('',(8.45,2.29,-10.4));
#9224=VECTOR('',#10331,0.8);
#9225=CARTESIAN_POINT('',(8.65,2.29,-9.6));
#9226=CARTESIAN_POINT('',(8.65,2.29,-9.6));
#9227=VECTOR('',#10332,0.2);
#9228=CARTESIAN_POINT('',(8.65,2.29,-10.4));
#9229=VECTOR('',#10333,0.8);
#9230=CARTESIAN_POINT('',(8.65,1.19,-9.6));
#9231=CARTESIAN_POINT('',(8.65,1.19,-9.6));
#9232=VECTOR('',#10334,1.1);
#9233=CARTESIAN_POINT('',(8.65,1.19,-10.4));
#9234=VECTOR('',#10335,0.8);
#9235=CARTESIAN_POINT('',(9.55,1.19,-9.6));
#9236=CARTESIAN_POINT('',(9.55,1.19,-9.6));
#9237=VECTOR('',#10336,0.9);
#9238=CARTESIAN_POINT('',(9.55,1.19,-10.4));
#9239=VECTOR('',#10337,0.8);
#9240=CARTESIAN_POINT('',(9.55,2.29,-9.6));
#9241=CARTESIAN_POINT('',(9.55,2.29,-9.6));
#9242=VECTOR('',#10338,1.1);
#9243=CARTESIAN_POINT('',(9.55,2.29,-10.4));
#9244=VECTOR('',#10339,0.8);
#9245=CARTESIAN_POINT('',(9.75,2.29,-9.6));
#9246=VECTOR('',#10340,0.2);
#9247=CARTESIAN_POINT('',(11.75,2.29,-9.6));
#9248=CARTESIAN_POINT('',(11.75,2.29,-10.4));
#9249=VECTOR('',#10341,0.8);
#9250=CARTESIAN_POINT('',(11.75,2.75,-9.6));
#9251=CARTESIAN_POINT('',(11.75,2.75,-9.6));
#9252=VECTOR('',#10342,0.46);
#9253=CARTESIAN_POINT('',(11.75,2.75,-10.4));
#9254=VECTOR('',#10343,0.8);
#9255=CARTESIAN_POINT('',(10.45,2.75,-9.6));
#9256=CARTESIAN_POINT('',(10.45,2.75,-9.6));
#9257=VECTOR('',#10344,1.3);
#9258=CARTESIAN_POINT('',(10.45,2.75,-10.4));
#9259=VECTOR('',#10345,0.8);
#9260=CARTESIAN_POINT('',(10.45,2.29,-9.6));
#9261=CARTESIAN_POINT('',(10.45,2.29,-9.6));
#9262=VECTOR('',#10346,0.46);
#9263=CARTESIAN_POINT('',(10.45,2.29,-10.4));
#9264=VECTOR('',#10347,0.8);
#9265=CARTESIAN_POINT('',(10.65,2.29,-9.6));
#9266=CARTESIAN_POINT('',(10.65,2.29,-9.6));
#9267=VECTOR('',#10348,0.2);
#9268=CARTESIAN_POINT('',(10.65,2.29,-10.4));
#9269=VECTOR('',#10349,0.8);
#9270=CARTESIAN_POINT('',(10.65,1.19,-9.6));
#9271=CARTESIAN_POINT('',(10.65,1.19,-9.6));
#9272=VECTOR('',#10350,1.1);
#9273=CARTESIAN_POINT('',(10.65,1.19,-10.4));
#9274=VECTOR('',#10351,0.8);
#9275=CARTESIAN_POINT('',(11.55,1.19,-9.6));
#9276=CARTESIAN_POINT('',(11.55,1.19,-9.6));
#9277=VECTOR('',#10352,0.9);
#9278=CARTESIAN_POINT('',(11.55,1.19,-10.4));
#9279=VECTOR('',#10353,0.8);
#9280=CARTESIAN_POINT('',(11.55,2.29,-9.6));
#9281=CARTESIAN_POINT('',(11.55,2.29,-9.6));
#9282=VECTOR('',#10354,1.1);
#9283=CARTESIAN_POINT('',(11.55,2.29,-10.4));
#9284=VECTOR('',#10355,0.8);
#9285=CARTESIAN_POINT('',(11.75,2.29,-9.6));
#9286=VECTOR('',#10356,0.2);
#9287=CARTESIAN_POINT('',(-3.35,1.49,10.4));
#9288=VECTOR('',#10357,6.6);
#9289=CARTESIAN_POINT('',(-3.35,-1.4,-0.8));
#9290=CARTESIAN_POINT('',(-3.35,-1.4,3.8));
#9291=VECTOR('',#10358,4.6);
#9292=CARTESIAN_POINT('',(-3.35,1.49,-1.8));
#9293=CARTESIAN_POINT('',(-3.35,1.49,3.8));
#9294=VECTOR('',#10359,5.6);
#9295=CARTESIAN_POINT('',(-3.35,1.14,-1.8));
#9296=CARTESIAN_POINT('',(-3.35,1.14,-1.8));
#9297=VECTOR('',#10360,0.35);
#9298=CARTESIAN_POINT('',(-3.35,1.14,-0.8));
#9299=CARTESIAN_POINT('',(-3.35,1.14,-1.8));
#9300=VECTOR('',#10361,1.0);
#9301=CARTESIAN_POINT('',(-3.35,-1.4,-0.8));
#9302=VECTOR('',#10362,2.54);
#9303=CARTESIAN_POINT('',(-3.75,1.14,-0.8));
#9304=CARTESIAN_POINT('',(-3.35,1.14,-0.8));
#9305=VECTOR('',#10363,0.4);
#9306=CARTESIAN_POINT('',(-3.75,-1.4,-0.8));
#9307=CARTESIAN_POINT('',(-3.75,-1.4,-0.8));
#9308=VECTOR('',#10364,2.54);
#9309=CARTESIAN_POINT('',(-3.35,-1.4,-0.8));
#9310=VECTOR('',#10365,0.4);
#9311=CARTESIAN_POINT('',(-4.65,-1.4,-0.8));
#9312=CARTESIAN_POINT('',(-4.65,-1.4,-1.8));
#9313=VECTOR('',#10366,1.0);
#9314=CARTESIAN_POINT('',(-5.05,-1.4,-0.8));
#9315=CARTESIAN_POINT('',(-5.05,-1.4,-0.8));
#9316=VECTOR('',#10367,0.4);
#9317=CARTESIAN_POINT('',(-5.05,-1.4,3.8));
#9318=VECTOR('',#10368,4.6);
#9319=CARTESIAN_POINT('',(-3.75,-1.4,-1.8));
#9320=VECTOR('',#10369,1.0);
#9321=CARTESIAN_POINT('',(-3.75,1.14,-1.8));
#9322=CARTESIAN_POINT('',(-3.75,1.14,-0.8));
#9323=VECTOR('',#10370,1.0);
#9324=CARTESIAN_POINT('',(-3.75,-0.35,-1.8));
#9325=VECTOR('',#10371,1.49);
#9326=CARTESIAN_POINT('',(-3.35,1.14,-1.8));
#9327=VECTOR('',#10372,0.4);
#9328=CARTESIAN_POINT('',(-3.75,1.49,-1.8));
#9329=CARTESIAN_POINT('',(-3.35,1.49,-1.8));
#9330=VECTOR('',#10373,0.4);
#9331=CARTESIAN_POINT('',(-3.75,2.35,-1.8));
#9332=CARTESIAN_POINT('',(-3.75,1.49,-1.8));
#9333=VECTOR('',#10374,0.86);
#9334=CARTESIAN_POINT('',(-4.65,2.35,-1.8));
#9335=CARTESIAN_POINT('',(-3.75,2.35,-1.8));
#9336=VECTOR('',#10375,0.9);
#9337=CARTESIAN_POINT('',(-4.65,1.49,-1.8));
#9338=CARTESIAN_POINT('',(-4.65,2.35,-1.8));
#9339=VECTOR('',#10376,0.86);
#9340=CARTESIAN_POINT('',(-5.05,1.49,-1.8));
#9341=CARTESIAN_POINT('',(-4.65,1.49,-1.8));
#9342=VECTOR('',#10377,0.4);
#9343=CARTESIAN_POINT('',(-5.05,1.14,-1.8));
#9344=CARTESIAN_POINT('',(-5.05,1.49,-1.8));
#9345=VECTOR('',#10378,0.35);
#9346=CARTESIAN_POINT('',(-4.65,1.14,-1.8));
#9347=CARTESIAN_POINT('',(-5.05,1.14,-1.8));
#9348=VECTOR('',#10379,0.4);
#9349=CARTESIAN_POINT('',(-4.65,-0.35,-1.8));
#9350=VECTOR('',#10380,1.49);
#9351=CARTESIAN_POINT('',(-4.65,1.14,-0.8));
#9352=CARTESIAN_POINT('',(-4.65,1.14,-1.8));
#9353=VECTOR('',#10381,1.0);
#9354=CARTESIAN_POINT('',(-4.65,1.14,-0.8));
#9355=VECTOR('',#10382,2.54);
#9356=CARTESIAN_POINT('',(-5.05,1.14,-0.8));
#9357=CARTESIAN_POINT('',(-5.05,1.14,-0.8));
#9358=VECTOR('',#10383,0.4);
#9359=CARTESIAN_POINT('',(-5.05,-1.4,-0.8));
#9360=VECTOR('',#10384,2.54);
#9361=CARTESIAN_POINT('',(-5.05,1.14,-1.8));
#9362=VECTOR('',#10385,1.0);
#9363=CARTESIAN_POINT('',(-5.05,1.49,3.8));
#9364=VECTOR('',#10386,5.6);
#9365=CARTESIAN_POINT('',(-4.65,1.49,3.8));
#9366=VECTOR('',#10387,5.6);
#9367=CARTESIAN_POINT('',(-4.65,2.35,3.8));
#9368=VECTOR('',#10388,5.6);
#9369=CARTESIAN_POINT('',(-3.75,2.35,3.8));
#9370=VECTOR('',#10389,5.6);
#9371=CARTESIAN_POINT('',(-3.75,1.49,3.8));
#9372=VECTOR('',#10390,5.6);
#9373=CARTESIAN_POINT('',(2.7,-0.8,7.1));
#9374=CARTESIAN_POINT('',(3.35,-0.8,7.1));
#9375=VECTOR('',#10391,0.65);
#9376=CARTESIAN_POINT('',(2.7,-0.8,7.1));
#9377=VECTOR('',#10392,3.3);
#9378=CARTESIAN_POINT('',(2.7,-1.3,7.1));
#9379=VECTOR('',#10393,0.5);
#9380=CARTESIAN_POINT('',(2.7,-1.8,7.1));
#9381=VECTOR('',#10394,0.5);
#9382=CARTESIAN_POINT('',(-0.3,-2.2,-1.8));
#9383=VECTOR('',#10395,0.4);
#9384=CARTESIAN_POINT('',(-0.3,-1.8,-0.53));
#9385=VECTOR('',#10396,0.5176488730339);
#9386=CARTESIAN_POINT('',(-0.3,1.5,2.574));
#9387=CARTESIAN_POINT('',(-0.3,1.5,5.6));
#9388=VECTOR('',#10397,3.026);
#9389=CARTESIAN_POINT('',(-0.3,0.7,5.6));
#9390=VECTOR('',#10398,0.8);
#9391=CARTESIAN_POINT('',(-0.3,0.7,2.574));
#9392=VECTOR('',#10399,0.8);
#9393=CARTESIAN_POINT('',(-1.747678106418,-1.299886581029,-0.3954951577903));
#9394=VECTOR('',#10400,1.115678121353);
#9395=CARTESIAN_POINT('',(-0.632,-0.09597228928638,-0.07));
#9396=CARTESIAN_POINT('',(-1.750518659626,-0.09597228928638,-0.07));
#9397=VECTOR('',#10401,1.118518659626);
#9398=CARTESIAN_POINT('',(-0.632,-0.09597228928638,-0.07));
#9399=VECTOR('',#10402,1.247321968853);
#9400=CARTESIAN_POINT('',(-0.632,-0.6,1.0));
#9401=AXIS2_PLACEMENT_3D('',#10403,#10404,#10405);
#9402=CARTESIAN_POINT('',(-0.632,-0.7,1.0));
#9403=CARTESIAN_POINT('',(-0.632,-0.7,1.0));
#9404=VECTOR('',#10406,0.1);
#9405=AXIS2_PLACEMENT_3D('',#10407,#10408,#10409);
#9406=CARTESIAN_POINT('',(-0.632,1.22,0.67));
#9407=CARTESIAN_POINT('',(-0.632,1.22,0.67));
#9408=VECTOR('',#10410,1.509762586028);
#9409=CARTESIAN_POINT('',(-0.632,1.5,1.737296518422));
#9410=CARTESIAN_POINT('',(-0.632,1.5,1.737296518422));
#9411=VECTOR('',#10411,1.103413729403);
#9412=CARTESIAN_POINT('',(-0.632,1.5,2.574));
#9413=CARTESIAN_POINT('',(-0.632,1.5,1.737296518422));
#9414=VECTOR('',#10412,0.8367034815782);
#9415=CARTESIAN_POINT('',(-0.632,1.5,2.574));
#9416=VECTOR('',#10413,0.8);
#9417=AXIS2_PLACEMENT_3D('',#10414,#10415,#10416);
#9418=CARTESIAN_POINT('',(-1.766290697401,1.5,1.737296518422));
#9419=VECTOR('',#10417,1.134290697401);
#9420=CARTESIAN_POINT('',(-1.756976541792,1.22,0.67));
#9421=VECTOR('',#10418,1.124976541792);
#9422=CARTESIAN_POINT('',(-1.759856408163,-0.7,1.0));
#9423=VECTOR('',#10419,1.127856408163);
#9424=CARTESIAN_POINT('',(-1.759856408163,-0.6,1.0));
#9425=VECTOR('',#10420,1.127856408163);
#9426=CARTESIAN_POINT('',(-0.1399046414254,2.036272267085,-9.687421767621));
#9427=CARTESIAN_POINT('',(-0.3,2.8,5.6));
#9428=VECTOR('',#10421,15.30732422323);
#9429=CARTESIAN_POINT('',(-0.1324422668432,1.287206441334,-10.4));
#9430=CARTESIAN_POINT('',(-0.1399046414254,2.036272267085,-9.687421767621));
#9431=CARTESIAN_POINT('',(-0.1386609463407,2.030339275424,-9.806181558529));
#9432=CARTESIAN_POINT('',(-0.1366958364865,1.971027605815,-9.993828867158));
#9433=CARTESIAN_POINT('',(-0.134493740117,1.814330179481,-10.20410589376));
#9434=CARTESIAN_POINT('',(-0.1329646196651,1.596497375573,-10.35012080318));
#9435=CARTESIAN_POINT('',(-0.1324422668432,1.406120843759,-10.4));
#9436=CARTESIAN_POINT('',(-0.1324422668432,1.287206441334,-10.4));
#9437=CARTESIAN_POINT('',(-0.1324422668432,0.192187633765,-10.4));
#9438=CARTESIAN_POINT('',(-0.1324422668432,1.287206441334,-10.4));
#9439=VECTOR('',#10422,1.095018807569);
#9440=CARTESIAN_POINT('',(-0.1476271864106,-1.663727732915,-8.95));
#9441=CARTESIAN_POINT('',(-0.1324422668432,0.192187633765,-10.4));
#9442=VECTOR('',#10423,2.355239357276);
#9443=CARTESIAN_POINT('',(-0.1580995447329,-1.663727732915,-7.95));
#9444=CARTESIAN_POINT('',(-0.1476271864106,-1.663727732915,-8.95));
#9445=VECTOR('',#10424,1.000054833641);
#9446=CARTESIAN_POINT('',(-0.1580995447329,-0.06372773291499,-7.95));
#9447=CARTESIAN_POINT('',(-0.1580995447329,-1.663727732915,-7.95));
#9448=VECTOR('',#10425,1.6);
#9449=CARTESIAN_POINT('',(-0.1580995447329,-0.06372773291499,-7.95));
#9450=VECTOR('',#10426,8.763269851272);
#9451=CARTESIAN_POINT('',(1.058099544733,-0.06372773291499,-7.95));
#9452=CARTESIAN_POINT('',(1.058099544733,-0.06372773291499,-7.95));
#9453=VECTOR('',#10427,1.216199089466);
#9454=CARTESIAN_POINT('',(1.058099544733,-0.06372773291499,-7.95));
#9455=VECTOR('',#10428,8.763269851272);
#9456=CARTESIAN_POINT('',(1.058099544733,-1.663727732915,-7.95));
#9457=CARTESIAN_POINT('',(1.058099544733,-1.663727732915,-7.95));
#9458=VECTOR('',#10429,1.6);
#9459=CARTESIAN_POINT('',(1.047627186411,-1.663727732915,-8.95));
#9460=CARTESIAN_POINT('',(1.047627186411,-1.663727732915,-8.95));
#9461=VECTOR('',#10430,1.000054833641);
#9462=CARTESIAN_POINT('',(1.032442266843,0.192187633765,-10.4));
#9463=CARTESIAN_POINT('',(1.032442266843,0.192187633765,-10.4));
#9464=VECTOR('',#10431,2.355239357276);
#9465=CARTESIAN_POINT('',(1.032442266843,1.287206441334,-10.4));
#9466=CARTESIAN_POINT('',(1.032442266843,1.287206441334,-10.4));
#9467=VECTOR('',#10432,1.095018807569);
#9468=CARTESIAN_POINT('',(1.039904641425,2.036272267085,-9.687421767621));
#9469=CARTESIAN_POINT('',(1.039904641425,2.036272267085,-9.687421767621));
#9470=CARTESIAN_POINT('',(1.038660946341,2.030339275424,-9.806181558529));
#9471=CARTESIAN_POINT('',(1.036695836487,1.971027605815,-9.993828867158));
#9472=CARTESIAN_POINT('',(1.034493740117,1.814330179481,-10.20410589376));
#9473=CARTESIAN_POINT('',(1.032964619665,1.596497375573,-10.35012080318));
#9474=CARTESIAN_POINT('',(1.032442266843,1.406120843759,-10.4));
#9475=CARTESIAN_POINT('',(1.032442266843,1.287206441334,-10.4));
#9476=CARTESIAN_POINT('',(1.2,2.8,5.6));
#9477=VECTOR('',#10433,15.30732422323);
#9478=CARTESIAN_POINT('',(1.039904641425,2.036272267085,-9.687421767621));
#9479=VECTOR('',#10434,1.179809282851);
#9480=CARTESIAN_POINT('',(1.2,2.8,5.6));
#9481=VECTOR('',#10435,1.5);
#9482=CARTESIAN_POINT('',(3.1,2.8,6.7));
#9483=VECTOR('',#10436,5.3);
#9484=CARTESIAN_POINT('',(3.1,3.05,6.7));
#9485=VECTOR('',#10437,5.3);
#9486=CARTESIAN_POINT('',(3.1,3.05,7.8));
#9487=VECTOR('',#10438,5.3);
#9488=CARTESIAN_POINT('',(3.1,3.3,7.8));
#9489=VECTOR('',#10439,5.3);
#9490=CARTESIAN_POINT('',(3.1,3.3,8.9));
#9491=VECTOR('',#10440,5.3);
#9492=CARTESIAN_POINT('',(3.1,3.55,8.9));
#9493=VECTOR('',#10441,5.3);
#9494=CARTESIAN_POINT('',(1.032442266843,1.287206441334,-10.4));
#9495=VECTOR('',#10442,1.164884533686);
#9496=CARTESIAN_POINT('',(1.032442266843,0.192187633765,-10.4));
#9497=VECTOR('',#10443,1.164884533686);
#9498=CARTESIAN_POINT('',(1.047627186411,-1.663727732915,-8.95));
#9499=VECTOR('',#10444,1.195254372821);
#9500=CARTESIAN_POINT('',(1.058099544733,-1.663727732915,-7.95));
#9501=VECTOR('',#10445,1.216199089466);
#9502=CARTESIAN_POINT('',(9.5,-2.8,-1.1));
#9503=CARTESIAN_POINT('',(9.5,-2.8,10.4));
#9504=VECTOR('',#10446,11.5);
#9505=CARTESIAN_POINT('',(9.9,-3.2,-1.1));
#9506=VECTOR('',#10447,0.5656854249492);
#9507=CARTESIAN_POINT('',(-4.8,-2.8,-1.1));
#9508=CARTESIAN_POINT('',(-4.4,-3.2,-1.1));
#9509=VECTOR('',#10448,0.5656854249492);
#9510=CARTESIAN_POINT('',(-8.6,-2.8,-1.1));
#9511=CARTESIAN_POINT('',(-4.8,-2.8,-1.1));
#9512=VECTOR('',#10449,3.8);
#9513=CARTESIAN_POINT('',(-8.6,-2.8,-1.1));
#9514=VECTOR('',#10450,0.5656854249492);
#9515=CARTESIAN_POINT('',(3.9,-2.8,-1.1));
#9516=CARTESIAN_POINT('',(9.5,-2.8,-1.1));
#9517=VECTOR('',#10451,5.6);
#9518=CARTESIAN_POINT('',(3.9,-2.8,-1.1));
#9519=VECTOR('',#10452,1.456021977856);
#9520=CARTESIAN_POINT('',(-8.6,-2.8,10.4));
#9521=VECTOR('',#10453,11.5);
#9522=CARTESIAN_POINT('',(-4.8,-2.8,10.4));
#9523=VECTOR('',#10454,11.5);
#9524=CARTESIAN_POINT('',(3.9,-2.8,10.4));
#9525=VECTOR('',#10455,11.5);
#9526=CARTESIAN_POINT('',(2.15,-3.1,10.4));
#9527=VECTOR('',#10456,15.0);
#9528=CARTESIAN_POINT('',(0.95,-3.1,10.4));
#9529=VECTOR('',#10457,15.0);
#9530=CARTESIAN_POINT('',(-0.05,-3.1,10.4));
#9531=VECTOR('',#10458,15.0);
#9532=DIRECTION('',(0.0,0.0,-1.0));
#9533=DIRECTION('',(1.0,0.0,0.0));
#9534=DIRECTION('',(0.0,0.0,-1.0));
#9535=DIRECTION('',(1.0,0.0,0.0));
#9536=DIRECTION('',(0.0,0.0,-1.0));
#9537=DIRECTION('',(1.0,0.0,0.0));
#9538=DIRECTION('',(0.0,0.0,1.0));
#9539=DIRECTION('',(-1.0,0.0,0.0));
#9540=DIRECTION('',(0.0,0.0,-1.0));
#9541=DIRECTION('',(1.0,0.0,0.0));
#9542=DIRECTION('',(0.0,0.0,-1.0));
#9543=DIRECTION('',(-1.0,0.0,0.0));
#9544=DIRECTION('',(0.0,0.0,-1.0));
#9545=DIRECTION('',(1.0,0.0,0.0));
#9546=DIRECTION('',(0.0,0.0,-1.0));
#9547=DIRECTION('',(1.0,0.0,0.0));
#9548=DIRECTION('',(0.0,0.0,-1.0));
#9549=DIRECTION('',(1.0,0.0,0.0));
#9550=DIRECTION('',(0.0,0.0,-1.0));
#9551=DIRECTION('',(1.0,0.0,0.0));
#9552=DIRECTION('',(0.0,0.0,-1.0));
#9553=DIRECTION('',(1.0,0.0,0.0));
#9554=DIRECTION('',(0.0,0.0,-1.0));
#9555=DIRECTION('',(1.0,0.0,0.0));
#9556=DIRECTION('',(0.0,1.0,0.0));
#9557=DIRECTION('',(-1.0,0.0,0.0));
#9558=DIRECTION('',(0.0,-1.0,0.0));
#9559=DIRECTION('',(0.0,1.0,0.0));
#9560=DIRECTION('',(-1.0,0.0,0.0));
#9561=DIRECTION('',(0.0,-1.0,0.0));
#9562=DIRECTION('',(0.0,0.0,-1.0));
#9563=DIRECTION('',(0.0,1.0,0.0));
#9564=DIRECTION('',(-1.0,0.0,0.0));
#9565=DIRECTION('',(0.0,1.0,0.0));
#9566=DIRECTION('',(1.0,0.0,0.0));
#9567=DIRECTION('',(0.0,-1.0,0.0));
#9568=DIRECTION('',(1.0,0.0,0.0));
#9569=DIRECTION('',(0.0,-1.0,0.0));
#9570=DIRECTION('',(1.0,0.0,0.0));
#9571=DIRECTION('',(0.0,-1.0,0.0));
#9572=DIRECTION('',(1.0,0.0,0.0));
#9573=DIRECTION('',(0.0,1.0,0.0));
#9574=DIRECTION('',(-0.707106781186548,-0.707106781186548,0.0));
#9575=DIRECTION('',(-1.0,0.0,0.0));
#9576=DIRECTION('',(-0.707106781186548,0.707106781186548,0.0));
#9577=DIRECTION('',(-1.0,0.0,0.0));
#9578=DIRECTION('',(0.0,1.0,0.0));
#9579=DIRECTION('',(0.0,1.0,0.0));
#9580=DIRECTION('',(-1.0,0.0,0.0));
#9581=DIRECTION('',(0.0,1.0,0.0));
#9582=DIRECTION('',(0.961523947640816,-0.274721127897404,0.0));
#9583=DIRECTION('',(-1.0,0.0,0.0));
#9584=DIRECTION('',(-0.707106781186498,0.707106781186597,0.0));
#9585=DIRECTION('',(0.0,1.0,0.0));
#9586=DIRECTION('',(1.0,0.0,0.0));
#9587=DIRECTION('',(0.0,-1.0,0.0));
#9588=DIRECTION('',(1.0,0.0,0.0));
#9589=DIRECTION('',(0.0,-1.0,0.0));
#9590=DIRECTION('',(-1.0,0.0,0.0));
#9591=DIRECTION('',(0.0,-1.0,0.0));
#9592=DIRECTION('',(-1.0,0.0,0.0));
#9593=DIRECTION('',(0.0,-1.0,0.0));
#9594=DIRECTION('',(0.0,0.965905710703775,0.258894105822893));
#9595=DIRECTION('',(0.0,0.0,1.0));
#9596=DIRECTION('',(0.0,1.0,0.0));
#9597=DIRECTION('',(0.0,0.0,-1.0));
#9598=DIRECTION('',(0.0,0.0,-1.0));
#9599=DIRECTION('',(0.0,0.0,1.0));
#9600=DIRECTION('',(0.0,1.0,0.0));
#9601=DIRECTION('',(0.0,0.0,-1.0));
#9602=DIRECTION('',(0.0,1.0,0.0));
#9603=DIRECTION('',(-1.0,0.0,0.0));
#9604=DIRECTION('',(0.0,1.54381614468905E-05,-0.999999999880832));
#9605=DIRECTION('',(0.999999008616085,9.27924320504286E-05,0.00140504676519998));
#9606=DIRECTION('',(0.0,0.0,-1.0));
#9607=DIRECTION('',(0.0,0.0,1.0));
#9608=DIRECTION('',(0.00872653549837275,0.0,0.999961923064171));
#9609=DIRECTION('',(0.0,0.0,1.0));
#9610=DIRECTION('',(0.0,0.0,-1.0));
#9611=DIRECTION('',(0.0,0.0,1.0));
#9612=DIRECTION('',(-0.999999098910978,-0.000189417205424196,0.00132902157780797));
#9613=DIRECTION('',(0.0,3.15135199770115E-05,0.999999999503449));
#9614=DIRECTION('',(1.0,0.0,0.0));
#9615=DIRECTION('',(-0.00872653549837275,0.0,0.999961923064171));
#9616=DIRECTION('',(0.0,1.0,0.0));
#9617=DIRECTION('',(0.00872653549837275,0.0,0.999961923064171));
#9618=DIRECTION('',(0.00226653161307101,0.965681629105004,0.259718798017301));
#9619=DIRECTION('',(-0.0022776490885719,-0.965338078000857,-0.260992734527688));
#9620=DIRECTION('',(-0.00427737655450612,-0.871633899878125,-0.490138805475614));
#9621=DIRECTION('',(-0.0084409170768769,-0.253748904413597,-0.967233293692789));
#9622=DIRECTION('',(0.00872653549837275,0.0,0.999961923064171));
#9623=DIRECTION('',(0.0,1.0,0.0));
#9624=DIRECTION('',(0.00872653549837375,0.0,0.999961923064171));
#9625=DIRECTION('',(0.0,1.0,0.0));
#9626=DIRECTION('',(-1.0,0.0,0.0));
#9627=CARTESIAN_POINT('',(1.532,-0.7,1.6));
#9628=DIRECTION('',(-1.0,0.0,0.0));
#9629=DIRECTION('',(0.0,0.0,-1.0));
#9630=DIRECTION('',(0.0,-1.0,0.0));
#9631=DIRECTION('',(0.0,0.0,1.0));
#9632=DIRECTION('',(0.0,-0.253757944584795,-0.96726775277588));
#9633=DIRECTION('',(0.0,-0.871641873672772,-0.490143289314685));
#9634=DIRECTION('',(0.0,-0.96534062720781,-0.260993244092703));
#9635=DIRECTION('',(0.0,1.0,0.0));
#9636=CARTESIAN_POINT('',(1.532,-0.6,2.3));
#9637=DIRECTION('',(-1.0,0.0,0.0));
#9638=DIRECTION('',(0.0,1.0,0.0));
#9639=DIRECTION('',(0.0,0.0,1.0));
#9640=DIRECTION('',(-1.0,0.0,0.0));
#9641=DIRECTION('',(0.0,0.0,1.0));
#9642=DIRECTION('',(-1.0,0.0,0.0));
#9643=DIRECTION('',(0.0,0.0,-1.0));
#9644=DIRECTION('',(1.0,0.0,0.0));
#9645=DIRECTION('',(0.0,0.0,-1.0));
#9646=DIRECTION('',(-1.0,0.0,0.0));
#9647=DIRECTION('',(0.0,0.0,1.0));
#9648=DIRECTION('',(1.0,0.0,0.0));
#9649=DIRECTION('',(-0.00872653549837275,0.0,0.999961923064171));
#9650=DIRECTION('',(1.0,0.0,0.0));
#9651=DIRECTION('',(0.0,0.0,1.0));
#9652=CARTESIAN_POINT('',(-0.466,0.7,2.574));
#9653=DIRECTION('',(0.0,1.0,0.0));
#9654=DIRECTION('',(-1.0,0.0,0.0));
#9655=DIRECTION('',(0.0,0.0,1.0));
#9656=DIRECTION('',(-0.0104717841162501,0.0,0.999945169365512));
#9657=DIRECTION('',(-1.0,0.0,0.0));
#9658=DIRECTION('',(0.0104717841162501,0.0,0.999945169365512));
#9659=CARTESIAN_POINT('',(1.366,0.7,2.574));
#9660=DIRECTION('',(0.0,1.0,0.0));
#9661=DIRECTION('',(-1.0,0.0,0.0));
#9662=DIRECTION('',(-1.0,0.0,0.0));
#9663=DIRECTION('',(-1.0,0.0,0.0));
#9664=CARTESIAN_POINT('',(1.366,1.5,2.574));
#9665=DIRECTION('',(0.0,1.0,0.0));
#9666=DIRECTION('',(-1.0,0.0,0.0));
#9667=DIRECTION('',(-1.0,0.0,0.0));
#9668=DIRECTION('',(1.0,0.0,0.0));
#9669=DIRECTION('',(0.0,-1.0,0.0));
#9670=DIRECTION('',(-1.0,0.0,0.0));
#9671=DIRECTION('',(0.0,1.0,0.0));
#9672=DIRECTION('',(0.0,0.0,-1.0));
#9673=DIRECTION('',(0.0,-1.0,0.0));
#9674=DIRECTION('',(0.0,0.0,-1.0));
#9675=DIRECTION('',(0.0,-1.0,0.0));
#9676=DIRECTION('',(0.0,0.0,-1.0));
#9677=DIRECTION('',(0.0,-1.0,0.0));
#9678=DIRECTION('',(0.0,0.0,-1.0));
#9679=DIRECTION('',(0.0,1.0,0.0));
#9680=DIRECTION('',(-1.0,0.0,0.0));
#9681=DIRECTION('',(0.0,1.0,0.0));
#9682=DIRECTION('',(-1.0,0.0,0.0));
#9683=DIRECTION('',(0.0,1.0,0.0));
#9684=DIRECTION('',(0.0,1.0,0.0));
#9685=DIRECTION('',(0.0,-1.0,0.0));
#9686=DIRECTION('',(0.0,0.0,-1.0));
#9687=DIRECTION('',(-1.0,0.0,0.0));
#9688=DIRECTION('',(0.0,0.0,-1.0));
#9689=DIRECTION('',(0.0,1.0,0.0));
#9690=DIRECTION('',(0.0,0.0,-1.0));
#9691=DIRECTION('',(0.0,-1.0,0.0));
#9692=DIRECTION('',(0.0,0.0,-1.0));
#9693=DIRECTION('',(0.0,-1.0,0.0));
#9694=DIRECTION('',(0.0,0.0,-1.0));
#9695=DIRECTION('',(0.0,-1.0,0.0));
#9696=DIRECTION('',(0.0,0.0,-1.0));
#9697=DIRECTION('',(0.0,1.0,0.0));
#9698=DIRECTION('',(1.0,0.0,0.0));
#9699=DIRECTION('',(0.0,-1.0,0.0));
#9700=DIRECTION('',(-1.0,0.0,0.0));
#9701=DIRECTION('',(0.0,1.0,0.0));
#9702=DIRECTION('',(0.0,1.0,0.0));
#9703=DIRECTION('',(-0.00872653549837275,0.0,0.999961923064171));
#9704=DIRECTION('',(0.0084409170768759,-0.253748904413597,-0.967233293692789));
#9705=DIRECTION('',(0.00427737655450512,-0.871633899878125,-0.490138805475614));
#9706=DIRECTION('',(0.00227764899995306,-0.965338080746527,-0.260992724373007));
#9707=DIRECTION('',(-0.00226653159842902,0.965681629556308,0.259718796339402));
#9708=DIRECTION('',(0.00872653549837275,0.0,-0.999961923064171));
#9709=DIRECTION('',(0.0,1.0,-3.19744231092E-14));
#9710=DIRECTION('',(0.0,0.0,-1.0));
#9711=DIRECTION('',(0.0,1.0,0.0));
#9712=DIRECTION('',(1.0,0.0,0.0));
#9713=DIRECTION('',(0.0,1.0,0.0));
#9714=DIRECTION('',(1.0,0.0,0.0));
#9715=DIRECTION('',(0.0,1.0,0.0));
#9716=DIRECTION('',(0.0,0.0,1.0));
#9717=DIRECTION('',(0.0,0.0,-1.0));
#9718=DIRECTION('',(0.0,1.0,0.0));
#9719=DIRECTION('',(0.0,0.0,1.0));
#9720=DIRECTION('',(0.0,1.0,0.0));
#9721=DIRECTION('',(0.0,0.0,1.0));
#9722=DIRECTION('',(0.0,-1.0,0.0));
#9723=DIRECTION('',(0.0,0.0,-1.0));
#9724=DIRECTION('',(0.0,-1.0,0.0));
#9725=DIRECTION('',(0.0,0.0,-1.0));
#9726=DIRECTION('',(0.0,0.0,1.0));
#9727=DIRECTION('',(0.0,0.0,1.0));
#9728=DIRECTION('',(-1.0,0.0,0.0));
#9729=DIRECTION('',(0.0,0.0,-1.0));
#9730=DIRECTION('',(-1.0,0.0,0.0));
#9731=DIRECTION('',(-1.0,0.0,0.0));
#9732=DIRECTION('',(0.0,0.0,1.0));
#9733=DIRECTION('',(1.0,0.0,0.0));
#9734=DIRECTION('',(-1.0,0.0,0.0));
#9735=DIRECTION('',(-0.999999996286587,-8.32425129975189E-05,-2.23049539754297E-05));
#9736=DIRECTION('',(-1.0,0.0,0.0));
#9737=DIRECTION('',(-1.0,0.0,0.0));
#9738=DIRECTION('',(0.0,1.0,0.0));
#9739=DIRECTION('',(-1.0,0.0,0.0));
#9740=DIRECTION('',(0.0,0.0,-1.0));
#9741=DIRECTION('',(1.0,0.0,0.0));
#9742=DIRECTION('',(0.0,0.0,-1.0));
#9743=DIRECTION('',(-1.0,0.0,0.0));
#9744=DIRECTION('',(0.0,0.0,1.0));
#9745=DIRECTION('',(-1.0,0.0,0.0));
#9746=DIRECTION('',(0.0,0.0,1.0));
#9747=DIRECTION('',(-1.0,0.0,0.0));
#9748=DIRECTION('',(0.0,0.0,1.0));
#9749=DIRECTION('',(-1.0,0.0,0.0));
#9750=DIRECTION('',(1.0,0.0,0.0));
#9751=DIRECTION('',(0.0,0.0,-1.0));
#9752=DIRECTION('',(0.0,0.0,1.0));
#9753=DIRECTION('',(-1.0,0.0,0.0));
#9754=DIRECTION('',(0.0,0.0,1.0));
#9755=DIRECTION('',(-1.0,0.0,0.0));
#9756=DIRECTION('',(0.0,0.0,1.0));
#9757=DIRECTION('',(-1.0,0.0,0.0));
#9758=DIRECTION('',(0.0,0.0,1.0));
#9759=DIRECTION('',(-1.0,0.0,0.0));
#9760=DIRECTION('',(0.0,0.707106781186548,0.707106781186548));
#9761=DIRECTION('',(-1.0,0.0,0.0));
#9762=DIRECTION('',(0.0,-0.707106781186548,-0.707106781186548));
#9763=DIRECTION('',(0.0,1.0,0.0));
#9764=DIRECTION('',(0.0,-1.0,0.0));
#9765=DIRECTION('',(0.0,-1.0,0.0));
#9766=DIRECTION('',(0.0,1.0,0.0));
#9767=DIRECTION('',(0.0,0.707106781186548,0.707106781186548));
#9768=DIRECTION('',(-1.0,0.0,0.0));
#9769=DIRECTION('',(0.0,-0.707106781186548,-0.707106781186548));
#9770=DIRECTION('',(0.0,1.0,0.0));
#9771=DIRECTION('',(0.0,0.0,-1.0));
#9772=DIRECTION('',(0.0,-1.0,0.0));
#9773=DIRECTION('',(0.0,0.0,1.0));
#9774=DIRECTION('',(0.0,1.0,0.0));
#9775=DIRECTION('',(0.0,0.0,1.0));
#9776=DIRECTION('',(0.0,1.0,0.0));
#9777=DIRECTION('',(1.0,0.0,0.0));
#9778=DIRECTION('',(0.0,1.0,0.0));
#9779=DIRECTION('',(0.0,-1.0,0.0));
#9780=DIRECTION('',(1.0,0.0,0.0));
#9781=DIRECTION('',(0.0,1.0,0.0));
#9782=DIRECTION('',(0.0,0.0,1.0));
#9783=DIRECTION('',(0.0,1.0,0.0));
#9784=DIRECTION('',(0.0,-1.0,0.0));
#9785=DIRECTION('',(-1.0,0.0,0.0));
#9786=DIRECTION('',(0.0,1.0,0.0));
#9787=DIRECTION('',(1.0,0.0,0.0));
#9788=DIRECTION('',(0.0,-1.0,0.0));
#9789=DIRECTION('',(-1.0,0.0,0.0));
#9790=DIRECTION('',(0.0,1.0,0.0));
#9791=DIRECTION('',(1.0,0.0,0.0));
#9792=DIRECTION('',(0.0,-1.0,0.0));
#9793=DIRECTION('',(-1.0,0.0,0.0));
#9794=DIRECTION('',(0.0,1.0,0.0));
#9795=DIRECTION('',(1.0,0.0,0.0));
#9796=DIRECTION('',(0.0,-1.0,0.0));
#9797=DIRECTION('',(-1.0,0.0,0.0));
#9798=DIRECTION('',(0.0,1.0,0.0));
#9799=DIRECTION('',(1.0,0.0,0.0));
#9800=DIRECTION('',(0.0,-1.0,0.0));
#9801=DIRECTION('',(-1.0,0.0,0.0));
#9802=DIRECTION('',(0.0,-1.0,0.0));
#9803=DIRECTION('',(-1.0,0.0,0.0));
#9804=DIRECTION('',(0.0,1.0,0.0));
#9805=DIRECTION('',(1.0,0.0,0.0));
#9806=DIRECTION('',(0.0,-1.0,0.0));
#9807=DIRECTION('',(-1.0,0.0,0.0));
#9808=DIRECTION('',(0.0,1.0,0.0));
#9809=DIRECTION('',(1.0,0.0,0.0));
#9810=DIRECTION('',(0.0,-1.0,0.0));
#9811=DIRECTION('',(-1.0,0.0,0.0));
#9812=DIRECTION('',(0.0,1.0,0.0));
#9813=DIRECTION('',(1.0,0.0,0.0));
#9814=DIRECTION('',(0.0,-1.0,0.0));
#9815=DIRECTION('',(-1.0,0.0,0.0));
#9816=DIRECTION('',(0.0,-1.0,0.0));
#9817=DIRECTION('',(0.0,1.0,0.0));
#9818=DIRECTION('',(-1.0,0.0,0.0));
#9819=DIRECTION('',(0.0,1.0,0.0));
#9820=DIRECTION('',(1.0,0.0,0.0));
#9821=DIRECTION('',(1.0,0.0,0.0));
#9822=DIRECTION('',(1.0,0.0,0.0));
#9823=DIRECTION('',(1.0,0.0,0.0));
#9824=DIRECTION('',(1.0,0.0,0.0));
#9825=DIRECTION('',(-1.0,0.0,0.0));
#9826=DIRECTION('',(1.0,0.0,0.0));
#9827=DIRECTION('',(0.0,0.0,1.0));
#9828=DIRECTION('',(0.0,-1.0,0.0));
#9829=DIRECTION('',(1.0,0.0,0.0));
#9830=DIRECTION('',(0.0,1.0,0.0));
#9831=DIRECTION('',(0.0,1.0,0.0));
#9832=DIRECTION('',(0.0,1.0,0.0));
#9833=DIRECTION('',(0.0,0.0,-1.0));
#9834=DIRECTION('',(0.0,0.0,-1.0));
#9835=DIRECTION('',(0.0,-1.0,0.0));
#9836=DIRECTION('',(0.0,0.0,-1.0));
#9837=DIRECTION('',(0.0,-1.0,0.0));
#9838=DIRECTION('',(0.0,0.0,1.0));
#9839=DIRECTION('',(0.0,0.0,1.0));
#9840=DIRECTION('',(-1.0,0.0,0.0));
#9841=DIRECTION('',(0.0,0.0,1.0));
#9842=DIRECTION('',(0.0,0.0,1.0));
#9843=DIRECTION('',(1.0,0.0,0.0));
#9844=DIRECTION('',(1.0,0.0,0.0));
#9845=DIRECTION('',(1.0,0.0,0.0));
#9846=DIRECTION('',(1.0,0.0,0.0));
#9847=DIRECTION('',(0.0,1.0,0.0));
#9848=DIRECTION('',(-1.0,0.0,0.0));
#9849=DIRECTION('',(0.0,1.0,0.0));
#9850=DIRECTION('',(-1.0,0.0,0.0));
#9851=DIRECTION('',(0.0,1.0,0.0));
#9852=DIRECTION('',(-1.0,0.0,0.0));
#9853=DIRECTION('',(0.0,-1.0,0.0));
#9854=DIRECTION('',(-1.0,0.0,0.0));
#9855=DIRECTION('',(0.0,-1.0,0.0));
#9856=DIRECTION('',(1.0,0.0,0.0));
#9857=DIRECTION('',(0.0,1.0,0.0));
#9858=DIRECTION('',(0.0,0.0,1.0));
#9859=DIRECTION('',(0.0,-1.0,0.0));
#9860=DIRECTION('',(0.0,0.0,1.0));
#9861=DIRECTION('',(1.0,0.0,0.0));
#9862=DIRECTION('',(0.0,0.0,-1.0));
#9863=DIRECTION('',(1.0,0.0,0.0));
#9864=DIRECTION('',(0.0,0.0,-1.0));
#9865=DIRECTION('',(-1.0,0.0,0.0));
#9866=DIRECTION('',(0.0,0.0,1.0));
#9867=DIRECTION('',(0.0,1.0,0.0));
#9868=DIRECTION('',(0.0,0.0,-1.0));
#9869=DIRECTION('',(-1.0,0.0,0.0));
#9870=DIRECTION('',(0.0,0.0,1.0));
#9871=DIRECTION('',(0.0,1.0,0.0));
#9872=DIRECTION('',(0.0,0.0,-1.0));
#9873=DIRECTION('',(0.0,1.0,0.0));
#9874=DIRECTION('',(0.0,0.0,-1.0));
#9875=DIRECTION('',(-1.0,0.0,0.0));
#9876=DIRECTION('',(0.0,-1.0,0.0));
#9877=DIRECTION('',(-1.0,0.0,0.0));
#9878=DIRECTION('',(0.0,1.0,0.0));
#9879=DIRECTION('',(0.0,-1.0,0.0));
#9880=DIRECTION('',(-1.0,0.0,0.0));
#9881=DIRECTION('',(0.0,-1.0,0.0));
#9882=DIRECTION('',(1.0,0.0,0.0));
#9883=DIRECTION('',(-1.0,0.0,0.0));
#9884=DIRECTION('',(0.0,-1.0,0.0));
#9885=DIRECTION('',(1.0,0.0,0.0));
#9886=DIRECTION('',(-1.0,0.0,0.0));
#9887=DIRECTION('',(0.0,-1.0,0.0));
#9888=DIRECTION('',(-1.0,0.0,0.0));
#9889=DIRECTION('',(0.0,1.0,0.0));
#9890=DIRECTION('',(-1.0,0.0,0.0));
#9891=DIRECTION('',(0.0,1.0,0.0));
#9892=DIRECTION('',(1.0,0.0,0.0));
#9893=DIRECTION('',(0.0,1.0,0.0));
#9894=DIRECTION('',(1.0,0.0,0.0));
#9895=DIRECTION('',(0.0,1.0,0.0));
#9896=DIRECTION('',(1.0,0.0,0.0));
#9897=DIRECTION('',(0.0,-1.0,0.0));
#9898=DIRECTION('',(-1.0,0.0,0.0));
#9899=DIRECTION('',(0.0,1.0,0.0));
#9900=DIRECTION('',(-1.0,0.0,0.0));
#9901=DIRECTION('',(0.0,1.0,0.0));
#9902=DIRECTION('',(-1.0,0.0,0.0));
#9903=DIRECTION('',(0.0,-1.0,0.0));
#9904=DIRECTION('',(-1.0,0.0,0.0));
#9905=DIRECTION('',(0.0,1.0,0.0));
#9906=DIRECTION('',(-1.0,0.0,0.0));
#9907=DIRECTION('',(0.0,1.0,0.0));
#9908=DIRECTION('',(1.0,0.0,0.0));
#9909=DIRECTION('',(0.0,1.0,0.0));
#9910=DIRECTION('',(0.0,0.0,1.0));
#9911=DIRECTION('',(0.0,-1.0,0.0));
#9912=DIRECTION('',(0.0,0.0,-1.0));
#9913=DIRECTION('',(0.0,0.0,-1.0));
#9914=DIRECTION('',(0.0,1.0,0.0));
#9915=DIRECTION('',(1.0,0.0,0.0));
#9916=DIRECTION('',(0.0,-1.0,0.0));
#9917=DIRECTION('',(1.0,0.0,0.0));
#9918=DIRECTION('',(0.0,0.0,1.0));
#9919=DIRECTION('',(1.0,0.0,0.0));
#9920=DIRECTION('',(0.0,1.0,0.0));
#9921=DIRECTION('',(-1.0,0.0,0.0));
#9922=DIRECTION('',(0.0,1.0,0.0));
#9923=DIRECTION('',(-1.0,0.0,0.0));
#9924=DIRECTION('',(0.0,1.0,0.0));
#9925=DIRECTION('',(-1.0,0.0,0.0));
#9926=DIRECTION('',(0.0,-1.0,0.0));
#9927=DIRECTION('',(-1.0,0.0,0.0));
#9928=DIRECTION('',(0.0,1.0,0.0));
#9929=DIRECTION('',(0.0,0.0,1.0));
#9930=DIRECTION('',(0.0,0.0,-1.0));
#9931=DIRECTION('',(-1.0,0.0,0.0));
#9932=DIRECTION('',(0.0,0.0,1.0));
#9933=DIRECTION('',(0.0,1.0,0.0));
#9934=DIRECTION('',(0.0,0.0,-1.0));
#9935=DIRECTION('',(-1.0,0.0,0.0));
#9936=DIRECTION('',(0.0,0.0,1.0));
#9937=DIRECTION('',(0.0,0.0,-1.0));
#9938=DIRECTION('',(0.0,1.0,0.0));
#9939=DIRECTION('',(0.0,0.0,-1.0));
#9940=DIRECTION('',(0.0,0.0,-1.0));
#9941=DIRECTION('',(0.0,0.0,-1.0));
#9942=DIRECTION('',(0.0,0.0,-1.0));
#9943=DIRECTION('',(0.0,0.0,1.0));
#9944=DIRECTION('',(0.0,-1.0,0.0));
#9945=DIRECTION('',(0.0,0.0,-1.0));
#9946=DIRECTION('',(0.0,0.0,-1.0));
#9947=DIRECTION('',(0.0,1.0,0.0));
#9948=DIRECTION('',(1.0,0.0,0.0));
#9949=DIRECTION('',(0.0,-1.0,0.0));
#9950=DIRECTION('',(1.0,0.0,0.0));
#9951=DIRECTION('',(0.0,0.0,1.0));
#9952=DIRECTION('',(1.0,0.0,0.0));
#9953=DIRECTION('',(0.0,1.0,0.0));
#9954=DIRECTION('',(-1.0,0.0,0.0));
#9955=DIRECTION('',(0.0,1.0,0.0));
#9956=DIRECTION('',(-1.0,0.0,0.0));
#9957=DIRECTION('',(0.0,1.0,0.0));
#9958=DIRECTION('',(-1.0,0.0,0.0));
#9959=DIRECTION('',(0.0,-1.0,0.0));
#9960=DIRECTION('',(-1.0,0.0,0.0));
#9961=DIRECTION('',(0.0,1.0,0.0));
#9962=DIRECTION('',(0.0,0.0,1.0));
#9963=DIRECTION('',(0.0,0.0,-1.0));
#9964=DIRECTION('',(-1.0,0.0,0.0));
#9965=DIRECTION('',(0.0,0.0,1.0));
#9966=DIRECTION('',(0.0,1.0,0.0));
#9967=DIRECTION('',(0.0,0.0,-1.0));
#9968=DIRECTION('',(-1.0,0.0,0.0));
#9969=DIRECTION('',(0.0,0.0,1.0));
#9970=DIRECTION('',(0.0,0.0,-1.0));
#9971=DIRECTION('',(0.0,1.0,0.0));
#9972=DIRECTION('',(0.0,0.0,-1.0));
#9973=DIRECTION('',(0.0,0.0,-1.0));
#9974=DIRECTION('',(0.0,0.0,-1.0));
#9975=DIRECTION('',(0.0,0.0,-1.0));
#9976=DIRECTION('',(0.0,0.0,-1.0));
#9977=DIRECTION('',(0.0,0.0,-1.0));
#9978=DIRECTION('',(0.0,1.0,0.0));
#9979=DIRECTION('',(0.0,0.0,1.0));
#9980=DIRECTION('',(0.0,1.0,0.0));
#9981=DIRECTION('',(-1.0,0.0,0.0));
#9982=DIRECTION('',(0.0,1.0,0.0));
#9983=DIRECTION('',(-1.0,0.0,0.0));
#9984=DIRECTION('',(1.0,0.0,0.0));
#9985=DIRECTION('',(0.0,0.0,-1.0));
#9986=DIRECTION('',(0.0,0.0,1.0));
#9987=DIRECTION('',(0.0,0.0,1.0));
#9988=DIRECTION('',(0.0,0.0,1.0));
#9989=DIRECTION('',(0.0,-1.0,0.0));
#9990=DIRECTION('',(0.0,1.0,0.0));
#9991=DIRECTION('',(0.0,1.0,0.0));
#9992=DIRECTION('',(-1.0,0.0,0.0));
#9993=DIRECTION('',(-1.0,0.0,0.0));
#9994=DIRECTION('',(0.0,1.0,0.0));
#9995=DIRECTION('',(-1.0,0.0,0.0));
#9996=DIRECTION('',(0.0,-1.0,0.0));
#9997=DIRECTION('',(-1.0,0.0,0.0));
#9998=DIRECTION('',(0.0,-1.0,0.0));
#9999=DIRECTION('',(1.0,0.0,0.0));
#10000=DIRECTION('',(0.0,0.0,1.0));
#10001=DIRECTION('',(1.0,0.0,0.0));
#10002=DIRECTION('',(0.0,1.0,0.0));
#10003=DIRECTION('',(0.0,0.0,-1.0));
#10004=DIRECTION('',(0.0,0.0,-1.0));
#10005=DIRECTION('',(0.0,0.0,-1.0));
#10006=DIRECTION('',(0.0,0.0,-1.0));
#10007=DIRECTION('',(0.0,0.0,-1.0));
#10008=DIRECTION('',(0.0,0.0,-1.0));
#10009=DIRECTION('',(0.0,0.0,-1.0));
#10010=DIRECTION('',(0.0,0.0,-1.0));
#10011=DIRECTION('',(0.0,0.0,-1.0));
#10012=DIRECTION('',(0.0,0.0,-1.0));
#10013=DIRECTION('',(0.0,0.0,1.0));
#10014=DIRECTION('',(0.0,0.0,-1.0));
#10015=DIRECTION('',(0.0,0.0,1.0));
#10016=DIRECTION('',(0.0,1.0,0.0));
#10017=DIRECTION('',(1.0,0.0,0.0));
#10018=DIRECTION('',(0.0,0.0,-1.0));
#10019=DIRECTION('',(-1.0,0.0,0.0));
#10020=DIRECTION('',(0.0,0.0,-1.0));
#10021=DIRECTION('',(0.0,-1.0,0.0));
#10022=DIRECTION('',(1.0,0.0,0.0));
#10023=DIRECTION('',(0.0,-1.0,0.0));
#10024=DIRECTION('',(-1.0,0.0,0.0));
#10025=DIRECTION('',(0.0,1.0,0.0));
#10026=DIRECTION('',(-1.0,0.0,0.0));
#10027=DIRECTION('',(0.0,-1.0,0.0));
#10028=DIRECTION('',(-1.0,0.0,0.0));
#10029=DIRECTION('',(0.0,1.0,0.0));
#10030=DIRECTION('',(-1.0,0.0,0.0));
#10031=DIRECTION('',(-1.0,0.0,0.0));
#10032=DIRECTION('',(1.0,0.0,0.0));
#10033=DIRECTION('',(-1.0,0.0,0.0));
#10034=DIRECTION('',(0.0,1.0,0.0));
#10035=DIRECTION('',(-1.0,0.0,0.0));
#10036=DIRECTION('',(0.0,1.0,0.0));
#10037=DIRECTION('',(1.0,0.0,0.0));
#10038=DIRECTION('',(0.0,1.0,0.0));
#10039=DIRECTION('',(-1.0,0.0,0.0));
#10040=DIRECTION('',(0.0,-1.0,0.0));
#10041=DIRECTION('',(-1.0,0.0,0.0));
#10042=DIRECTION('',(0.0,1.0,0.0));
#10043=DIRECTION('',(-1.0,0.0,0.0));
#10044=DIRECTION('',(0.0,1.0,0.0));
#10045=DIRECTION('',(-1.0,0.0,0.0));
#10046=DIRECTION('',(0.0,1.0,0.0));
#10047=DIRECTION('',(-1.0,0.0,0.0));
#10048=DIRECTION('',(0.0,-1.0,0.0));
#10049=DIRECTION('',(-1.0,0.0,0.0));
#10050=DIRECTION('',(0.0,1.0,0.0));
#10051=DIRECTION('',(-1.0,0.0,0.0));
#10052=DIRECTION('',(0.0,1.0,0.0));
#10053=DIRECTION('',(1.0,0.0,0.0));
#10054=DIRECTION('',(0.0,1.0,0.0));
#10055=DIRECTION('',(-1.0,0.0,0.0));
#10056=DIRECTION('',(0.0,-1.0,0.0));
#10057=DIRECTION('',(0.0,0.0,-1.0));
#10058=DIRECTION('',(0.0,-1.0,0.0));
#10059=DIRECTION('',(0.0,0.0,-1.0));
#10060=DIRECTION('',(-1.0,0.0,0.0));
#10061=DIRECTION('',(0.0,0.0,-1.0));
#10062=DIRECTION('',(0.0,1.0,0.0));
#10063=DIRECTION('',(0.0,0.0,-1.0));
#10064=DIRECTION('',(-1.0,0.0,0.0));
#10065=DIRECTION('',(0.0,0.0,-1.0));
#10066=DIRECTION('',(0.0,0.0,-1.0));
#10067=DIRECTION('',(0.0,1.0,0.0));
#10068=DIRECTION('',(0.0,0.0,1.0));
#10069=DIRECTION('',(0.0,1.0,0.0));
#10070=DIRECTION('',(-1.0,0.0,0.0));
#10071=DIRECTION('',(0.0,1.0,0.0));
#10072=DIRECTION('',(-1.0,0.0,0.0));
#10073=DIRECTION('',(0.0,0.0,1.0));
#10074=DIRECTION('',(1.0,0.0,0.0));
#10075=DIRECTION('',(0.0,0.0,-1.0));
#10076=DIRECTION('',(0.0,0.0,1.0));
#10077=DIRECTION('',(0.0,0.0,-1.0));
#10078=DIRECTION('',(0.0,1.0,0.0));
#10079=DIRECTION('',(-1.0,0.0,0.0));
#10080=DIRECTION('',(-1.0,0.0,0.0));
#10081=DIRECTION('',(0.0,-1.0,0.0));
#10082=DIRECTION('',(1.0,0.0,0.0));
#10083=DIRECTION('',(0.0,1.0,0.0));
#10084=DIRECTION('',(0.0,0.0,1.0));
#10085=DIRECTION('',(0.0,-1.0,0.0));
#10086=DIRECTION('',(1.0,0.0,0.0));
#10087=DIRECTION('',(0.0,1.0,0.0));
#10088=DIRECTION('',(0.0,0.0,1.0));
#10089=DIRECTION('',(0.0,0.0,-1.0));
#10090=DIRECTION('',(0.0,0.0,-1.0));
#10091=DIRECTION('',(0.0,-1.0,0.0));
#10092=DIRECTION('',(0.0,0.0,-1.0));
#10093=DIRECTION('',(-1.0,0.0,0.0));
#10094=DIRECTION('',(0.0,0.0,-1.0));
#10095=DIRECTION('',(0.0,1.0,0.0));
#10096=DIRECTION('',(0.0,0.0,-1.0));
#10097=DIRECTION('',(-1.0,0.0,0.0));
#10098=DIRECTION('',(0.0,0.0,-1.0));
#10099=DIRECTION('',(0.0,0.0,-1.0));
#10100=DIRECTION('',(0.0,1.0,0.0));
#10101=DIRECTION('',(0.0,0.0,1.0));
#10102=DIRECTION('',(0.0,1.0,0.0));
#10103=DIRECTION('',(-1.0,0.0,0.0));
#10104=DIRECTION('',(0.0,1.0,0.0));
#10105=DIRECTION('',(-1.0,0.0,0.0));
#10106=DIRECTION('',(0.0,0.0,1.0));
#10107=DIRECTION('',(1.0,0.0,0.0));
#10108=DIRECTION('',(0.0,0.0,-1.0));
#10109=DIRECTION('',(0.0,0.0,1.0));
#10110=DIRECTION('',(0.0,0.0,-1.0));
#10111=DIRECTION('',(0.0,1.0,0.0));
#10112=DIRECTION('',(-1.0,0.0,0.0));
#10113=DIRECTION('',(-1.0,0.0,0.0));
#10114=DIRECTION('',(0.0,-1.0,0.0));
#10115=DIRECTION('',(1.0,0.0,0.0));
#10116=DIRECTION('',(0.0,1.0,0.0));
#10117=DIRECTION('',(0.0,0.0,1.0));
#10118=DIRECTION('',(0.0,-1.0,0.0));
#10119=DIRECTION('',(1.0,0.0,0.0));
#10120=DIRECTION('',(0.0,1.0,0.0));
#10121=DIRECTION('',(0.0,0.0,1.0));
#10122=DIRECTION('',(0.0,0.0,-1.0));
#10123=DIRECTION('',(0.0,0.0,-1.0));
#10124=DIRECTION('',(0.0,-1.0,0.0));
#10125=DIRECTION('',(0.0,0.0,-1.0));
#10126=DIRECTION('',(-1.0,0.0,0.0));
#10127=DIRECTION('',(0.0,0.0,-1.0));
#10128=DIRECTION('',(0.0,1.0,0.0));
#10129=DIRECTION('',(0.0,0.0,-1.0));
#10130=DIRECTION('',(-1.0,0.0,0.0));
#10131=DIRECTION('',(0.0,0.0,-1.0));
#10132=DIRECTION('',(0.0,1.0,0.0));
#10133=DIRECTION('',(0.0,0.0,1.0));
#10134=DIRECTION('',(0.0,1.0,0.0));
#10135=DIRECTION('',(0.0,0.0,-1.0));
#10136=DIRECTION('',(0.0,0.0,1.0));
#10137=DIRECTION('',(1.0,0.0,0.0));
#10138=DIRECTION('',(0.0,0.0,-1.0));
#10139=DIRECTION('',(-1.0,0.0,0.0));
#10140=DIRECTION('',(0.0,0.0,1.0));
#10141=DIRECTION('',(0.0,1.0,0.0));
#10142=DIRECTION('',(0.0,0.0,-1.0));
#10143=DIRECTION('',(0.0,1.0,0.0));
#10144=DIRECTION('',(-1.0,0.0,0.0));
#10145=DIRECTION('',(-1.0,0.0,0.0));
#10146=DIRECTION('',(0.0,-1.0,0.0));
#10147=DIRECTION('',(1.0,0.0,0.0));
#10148=DIRECTION('',(0.0,1.0,0.0));
#10149=DIRECTION('',(0.0,0.0,1.0));
#10150=DIRECTION('',(0.0,-1.0,0.0));
#10151=DIRECTION('',(1.0,0.0,0.0));
#10152=DIRECTION('',(0.0,1.0,0.0));
#10153=DIRECTION('',(0.0,0.0,1.0));
#10154=DIRECTION('',(0.0,0.0,-1.0));
#10155=DIRECTION('',(-1.0,0.0,0.0));
#10156=DIRECTION('',(-1.0,0.0,0.0));
#10157=DIRECTION('',(0.0,0.0,1.0));
#10158=DIRECTION('',(0.0,0.0,-1.0));
#10159=DIRECTION('',(-1.0,0.0,0.0));
#10160=DIRECTION('',(0.0,-1.0,0.0));
#10161=DIRECTION('',(0.0,0.0,-1.0));
#10162=DIRECTION('',(1.0,0.0,0.0));
#10163=DIRECTION('',(0.0,1.0,0.0));
#10164=DIRECTION('',(1.0,0.0,0.0));
#10165=DIRECTION('',(0.0,1.0,0.0));
#10166=DIRECTION('',(-1.0,0.0,0.0));
#10167=DIRECTION('',(0.0,1.0,0.0));
#10168=DIRECTION('',(-1.0,0.0,0.0));
#10169=DIRECTION('',(0.0,-1.0,0.0));
#10170=DIRECTION('',(-1.0,0.0,0.0));
#10171=DIRECTION('',(0.0,-1.0,0.0));
#10172=DIRECTION('',(1.0,0.0,0.0));
#10173=DIRECTION('',(0.0,1.0,0.0));
#10174=DIRECTION('',(-1.0,0.0,0.0));
#10175=DIRECTION('',(0.0,1.0,0.0));
#10176=DIRECTION('',(-1.0,0.0,0.0));
#10177=DIRECTION('',(0.0,-1.0,0.0));
#10178=DIRECTION('',(-1.0,0.0,0.0));
#10179=DIRECTION('',(0.0,-1.0,0.0));
#10180=DIRECTION('',(1.0,0.0,0.0));
#10181=DIRECTION('',(0.0,1.0,0.0));
#10182=DIRECTION('',(-1.0,0.0,0.0));
#10183=DIRECTION('',(0.0,1.0,0.0));
#10184=DIRECTION('',(-1.0,0.0,0.0));
#10185=DIRECTION('',(0.0,-1.0,0.0));
#10186=DIRECTION('',(-1.0,0.0,0.0));
#10187=DIRECTION('',(0.0,-1.0,0.0));
#10188=DIRECTION('',(1.0,0.0,0.0));
#10189=DIRECTION('',(0.0,1.0,0.0));
#10190=DIRECTION('',(-1.0,0.0,0.0));
#10191=DIRECTION('',(0.0,1.0,0.0));
#10192=DIRECTION('',(-1.0,0.0,0.0));
#10193=DIRECTION('',(0.0,-1.0,0.0));
#10194=DIRECTION('',(-1.0,0.0,0.0));
#10195=DIRECTION('',(0.0,-1.0,0.0));
#10196=DIRECTION('',(1.0,0.0,0.0));
#10197=DIRECTION('',(0.0,1.0,0.0));
#10198=DIRECTION('',(-1.0,0.0,0.0));
#10199=DIRECTION('',(0.0,1.0,0.0));
#10200=DIRECTION('',(-1.0,0.0,0.0));
#10201=DIRECTION('',(0.0,-1.0,0.0));
#10202=DIRECTION('',(-1.0,0.0,0.0));
#10203=DIRECTION('',(0.0,-1.0,0.0));
#10204=DIRECTION('',(1.0,0.0,0.0));
#10205=DIRECTION('',(0.0,1.0,0.0));
#10206=DIRECTION('',(-1.0,0.0,0.0));
#10207=DIRECTION('',(0.0,1.0,0.0));
#10208=DIRECTION('',(-1.0,0.0,0.0));
#10209=DIRECTION('',(0.0,-1.0,0.0));
#10210=DIRECTION('',(-1.0,0.0,0.0));
#10211=DIRECTION('',(0.0,-1.0,0.0));
#10212=DIRECTION('',(1.0,0.0,0.0));
#10213=DIRECTION('',(0.0,1.0,0.0));
#10214=DIRECTION('',(-1.0,0.0,0.0));
#10215=DIRECTION('',(0.0,1.0,0.0));
#10216=DIRECTION('',(-1.0,0.0,0.0));
#10217=DIRECTION('',(0.0,-1.0,0.0));
#10218=DIRECTION('',(-1.0,0.0,0.0));
#10219=DIRECTION('',(0.0,-1.0,0.0));
#10220=DIRECTION('',(1.0,0.0,0.0));
#10221=DIRECTION('',(0.0,1.0,0.0));
#10222=DIRECTION('',(-1.0,0.0,0.0));
#10223=DIRECTION('',(0.0,1.0,0.0));
#10224=DIRECTION('',(-1.0,0.0,0.0));
#10225=DIRECTION('',(0.0,-1.0,0.0));
#10226=DIRECTION('',(-1.0,0.0,0.0));
#10227=DIRECTION('',(0.0,-1.0,0.0));
#10228=DIRECTION('',(0.0,1.0,0.0));
#10229=DIRECTION('',(0.0,0.0,1.0));
#10230=DIRECTION('',(0.0,-1.0,0.0));
#10231=DIRECTION('',(0.0,0.0,1.0));
#10232=DIRECTION('',(1.0,0.0,0.0));
#10233=DIRECTION('',(0.0,0.0,1.0));
#10234=DIRECTION('',(0.0,1.0,0.0));
#10235=DIRECTION('',(0.0,0.0,1.0));
#10236=DIRECTION('',(-1.0,0.0,0.0));
#10237=DIRECTION('',(0.0,0.0,1.0));
#10238=DIRECTION('',(0.0,1.0,0.0));
#10239=DIRECTION('',(0.0,0.0,1.0));
#10240=DIRECTION('',(-1.0,0.0,0.0));
#10241=DIRECTION('',(0.0,0.0,1.0));
#10242=DIRECTION('',(0.0,-1.0,0.0));
#10243=DIRECTION('',(0.0,0.0,1.0));
#10244=DIRECTION('',(-1.0,0.0,0.0));
#10245=DIRECTION('',(0.0,0.0,1.0));
#10246=DIRECTION('',(0.0,-1.0,0.0));
#10247=DIRECTION('',(0.0,0.0,1.0));
#10248=DIRECTION('',(1.0,0.0,0.0));
#10249=DIRECTION('',(0.0,0.0,1.0));
#10250=DIRECTION('',(0.0,1.0,0.0));
#10251=DIRECTION('',(0.0,0.0,1.0));
#10252=DIRECTION('',(-1.0,0.0,0.0));
#10253=DIRECTION('',(0.0,0.0,1.0));
#10254=DIRECTION('',(0.0,1.0,0.0));
#10255=DIRECTION('',(0.0,0.0,1.0));
#10256=DIRECTION('',(-1.0,0.0,0.0));
#10257=DIRECTION('',(0.0,0.0,1.0));
#10258=DIRECTION('',(0.0,-1.0,0.0));
#10259=DIRECTION('',(0.0,0.0,1.0));
#10260=DIRECTION('',(-1.0,0.0,0.0));
#10261=DIRECTION('',(0.0,0.0,1.0));
#10262=DIRECTION('',(0.0,-1.0,0.0));
#10263=DIRECTION('',(0.0,0.0,1.0));
#10264=DIRECTION('',(1.0,0.0,0.0));
#10265=DIRECTION('',(0.0,0.0,1.0));
#10266=DIRECTION('',(0.0,1.0,0.0));
#10267=DIRECTION('',(0.0,0.0,1.0));
#10268=DIRECTION('',(-1.0,0.0,0.0));
#10269=DIRECTION('',(0.0,0.0,1.0));
#10270=DIRECTION('',(0.0,1.0,0.0));
#10271=DIRECTION('',(0.0,0.0,1.0));
#10272=DIRECTION('',(-1.0,0.0,0.0));
#10273=DIRECTION('',(0.0,0.0,1.0));
#10274=DIRECTION('',(0.0,-1.0,0.0));
#10275=DIRECTION('',(0.0,0.0,1.0));
#10276=DIRECTION('',(-1.0,0.0,0.0));
#10277=DIRECTION('',(0.0,0.0,1.0));
#10278=DIRECTION('',(0.0,-1.0,0.0));
#10279=DIRECTION('',(0.0,0.0,1.0));
#10280=DIRECTION('',(1.0,0.0,0.0));
#10281=DIRECTION('',(0.0,0.0,1.0));
#10282=DIRECTION('',(0.0,1.0,0.0));
#10283=DIRECTION('',(0.0,0.0,1.0));
#10284=DIRECTION('',(-1.0,0.0,0.0));
#10285=DIRECTION('',(0.0,0.0,1.0));
#10286=DIRECTION('',(0.0,1.0,0.0));
#10287=DIRECTION('',(0.0,0.0,1.0));
#10288=DIRECTION('',(-1.0,0.0,0.0));
#10289=DIRECTION('',(0.0,0.0,1.0));
#10290=DIRECTION('',(0.0,-1.0,0.0));
#10291=DIRECTION('',(0.0,0.0,1.0));
#10292=DIRECTION('',(-1.0,0.0,0.0));
#10293=DIRECTION('',(0.0,0.0,1.0));
#10294=DIRECTION('',(0.0,-1.0,0.0));
#10295=DIRECTION('',(0.0,0.0,1.0));
#10296=DIRECTION('',(1.0,0.0,0.0));
#10297=DIRECTION('',(0.0,0.0,1.0));
#10298=DIRECTION('',(0.0,1.0,0.0));
#10299=DIRECTION('',(0.0,0.0,1.0));
#10300=DIRECTION('',(-1.0,0.0,0.0));
#10301=DIRECTION('',(0.0,0.0,1.0));
#10302=DIRECTION('',(0.0,1.0,0.0));
#10303=DIRECTION('',(0.0,0.0,1.0));
#10304=DIRECTION('',(-1.0,0.0,0.0));
#10305=DIRECTION('',(0.0,0.0,1.0));
#10306=DIRECTION('',(0.0,-1.0,0.0));
#10307=DIRECTION('',(0.0,0.0,1.0));
#10308=DIRECTION('',(-1.0,0.0,0.0));
#10309=DIRECTION('',(0.0,0.0,1.0));
#10310=DIRECTION('',(0.0,-1.0,0.0));
#10311=DIRECTION('',(0.0,0.0,1.0));
#10312=DIRECTION('',(1.0,0.0,0.0));
#10313=DIRECTION('',(0.0,0.0,1.0));
#10314=DIRECTION('',(0.0,1.0,0.0));
#10315=DIRECTION('',(0.0,0.0,1.0));
#10316=DIRECTION('',(-1.0,0.0,0.0));
#10317=DIRECTION('',(0.0,0.0,1.0));
#10318=DIRECTION('',(0.0,1.0,0.0));
#10319=DIRECTION('',(0.0,0.0,1.0));
#10320=DIRECTION('',(-1.0,0.0,0.0));
#10321=DIRECTION('',(0.0,0.0,1.0));
#10322=DIRECTION('',(0.0,-1.0,0.0));
#10323=DIRECTION('',(0.0,0.0,1.0));
#10324=DIRECTION('',(-1.0,0.0,0.0));
#10325=DIRECTION('',(0.0,0.0,1.0));
#10326=DIRECTION('',(0.0,-1.0,0.0));
#10327=DIRECTION('',(0.0,0.0,1.0));
#10328=DIRECTION('',(1.0,0.0,0.0));
#10329=DIRECTION('',(0.0,0.0,1.0));
#10330=DIRECTION('',(0.0,1.0,0.0));
#10331=DIRECTION('',(0.0,0.0,1.0));
#10332=DIRECTION('',(-1.0,0.0,0.0));
#10333=DIRECTION('',(0.0,0.0,1.0));
#10334=DIRECTION('',(0.0,1.0,0.0));
#10335=DIRECTION('',(0.0,0.0,1.0));
#10336=DIRECTION('',(-1.0,0.0,0.0));
#10337=DIRECTION('',(0.0,0.0,1.0));
#10338=DIRECTION('',(0.0,-1.0,0.0));
#10339=DIRECTION('',(0.0,0.0,1.0));
#10340=DIRECTION('',(-1.0,0.0,0.0));
#10341=DIRECTION('',(0.0,0.0,1.0));
#10342=DIRECTION('',(0.0,-1.0,0.0));
#10343=DIRECTION('',(0.0,0.0,1.0));
#10344=DIRECTION('',(1.0,0.0,0.0));
#10345=DIRECTION('',(0.0,0.0,1.0));
#10346=DIRECTION('',(0.0,1.0,0.0));
#10347=DIRECTION('',(0.0,0.0,1.0));
#10348=DIRECTION('',(-1.0,0.0,0.0));
#10349=DIRECTION('',(0.0,0.0,1.0));
#10350=DIRECTION('',(0.0,1.0,0.0));
#10351=DIRECTION('',(0.0,0.0,1.0));
#10352=DIRECTION('',(-1.0,0.0,0.0));
#10353=DIRECTION('',(0.0,0.0,1.0));
#10354=DIRECTION('',(0.0,-1.0,0.0));
#10355=DIRECTION('',(0.0,0.0,1.0));
#10356=DIRECTION('',(-1.0,0.0,0.0));
#10357=DIRECTION('',(0.0,0.0,-1.0));
#10358=DIRECTION('',(0.0,0.0,-1.0));
#10359=DIRECTION('',(0.0,0.0,-1.0));
#10360=DIRECTION('',(0.0,1.0,0.0));
#10361=DIRECTION('',(0.0,0.0,1.0));
#10362=DIRECTION('',(0.0,1.0,0.0));
#10363=DIRECTION('',(-1.0,0.0,0.0));
#10364=DIRECTION('',(0.0,1.0,0.0));
#10365=DIRECTION('',(-1.0,0.0,0.0));
#10366=DIRECTION('',(0.0,0.0,1.0));
#10367=DIRECTION('',(1.0,0.0,0.0));
#10368=DIRECTION('',(0.0,0.0,-1.0));
#10369=DIRECTION('',(0.0,0.0,1.0));
#10370=DIRECTION('',(0.0,0.0,-1.0));
#10371=DIRECTION('',(0.0,1.0,0.0));
#10372=DIRECTION('',(-1.0,0.0,0.0));
#10373=DIRECTION('',(-1.0,0.0,0.0));
#10374=DIRECTION('',(0.0,1.0,0.0));
#10375=DIRECTION('',(-1.0,0.0,0.0));
#10376=DIRECTION('',(0.0,-1.0,0.0));
#10377=DIRECTION('',(-1.0,0.0,0.0));
#10378=DIRECTION('',(0.0,-1.0,0.0));
#10379=DIRECTION('',(1.0,0.0,0.0));
#10380=DIRECTION('',(0.0,1.0,0.0));
#10381=DIRECTION('',(0.0,0.0,1.0));
#10382=DIRECTION('',(0.0,-1.0,0.0));
#10383=DIRECTION('',(1.0,0.0,0.0));
#10384=DIRECTION('',(0.0,1.0,0.0));
#10385=DIRECTION('',(0.0,0.0,1.0));
#10386=DIRECTION('',(0.0,0.0,-1.0));
#10387=DIRECTION('',(0.0,0.0,-1.0));
#10388=DIRECTION('',(0.0,0.0,-1.0));
#10389=DIRECTION('',(0.0,0.0,-1.0));
#10390=DIRECTION('',(0.0,0.0,-1.0));
#10391=DIRECTION('',(-1.0,0.0,0.0));
#10392=DIRECTION('',(0.0,0.0,1.0));
#10393=DIRECTION('',(0.0,1.0,0.0));
#10394=DIRECTION('',(0.0,1.0,0.0));
#10395=DIRECTION('',(0.0,1.0,0.0));
#10396=DIRECTION('',(0.0,0.965905705675591,0.258894124582498));
#10397=DIRECTION('',(0.0,0.0,-1.0));
#10398=DIRECTION('',(0.0,1.0,-1.7763568394E-14));
#10399=DIRECTION('',(0.0,1.0,0.0));
#10400=DIRECTION('',(0.999999986613194,-0.000158025452330499,-4.24448791609998E-05));
#10401=DIRECTION('',(1.0,0.0,0.0));
#10402=DIRECTION('',(0.0,-0.965340647683765,-0.26099316835789));
#10403=CARTESIAN_POINT('',(-0.632,-0.6,2.3));
#10404=DIRECTION('',(-1.0,0.0,0.0));
#10405=DIRECTION('',(0.0,1.0,0.0));
#10406=DIRECTION('',(0.0,1.0,0.0));
#10407=CARTESIAN_POINT('',(-0.632,-0.7,1.6));
#10408=DIRECTION('',(-1.0,0.0,0.0));
#10409=DIRECTION('',(0.0,0.0,-1.0));
#10410=DIRECTION('',(0.0,-0.871641873672772,-0.490143289314685));
#10411=DIRECTION('',(0.0,-0.253757944584795,-0.96726775277588));
#10412=DIRECTION('',(0.0,0.0,1.0));
#10413=DIRECTION('',(0.0,-1.0,0.0));
#10414=CARTESIAN_POINT('',(-0.466,1.5,2.574));
#10415=DIRECTION('',(0.0,1.0,0.0));
#10416=DIRECTION('',(-1.0,0.0,0.0));
#10417=DIRECTION('',(1.0,0.0,0.0));
#10418=DIRECTION('',(1.0,0.0,0.0));
#10419=DIRECTION('',(1.0,0.0,0.0));
#10420=DIRECTION('',(1.0,0.0,0.0));
#10421=DIRECTION('',(0.0104587422491298,-0.0498929611588291,-0.998699808319482));
#10422=DIRECTION('',(0.0,-1.0,0.0));
#10423=DIRECTION('',(-0.00644729357142529,-0.787994375580836,0.615648679409428));
#10424=DIRECTION('',(-0.0104717841162501,0.0,0.999945169365512));
#10425=DIRECTION('',(0.0,1.0,0.0));
#10426=DIRECTION('',(-0.0104319401609497,0.0871510002404076,0.996140490985872));
#10427=DIRECTION('',(-1.0,0.0,0.0));
#10428=DIRECTION('',(0.0104319401609497,0.0871510002404076,0.996140490985872));
#10429=DIRECTION('',(0.0,1.0,0.0));
#10430=DIRECTION('',(0.0104717841162501,0.0,0.999945169365512));
#10431=DIRECTION('',(0.00644729357142529,-0.787994375580836,0.615648679409428));
#10432=DIRECTION('',(0.0,-1.0,0.0));
#10433=DIRECTION('',(-0.0104587422491298,-0.0498929611588291,-0.998699808319482));
#10434=DIRECTION('',(-1.0,0.0,0.0));
#10435=DIRECTION('',(-1.0,0.0,0.0));
#10436=DIRECTION('',(-1.0,0.0,0.0));
#10437=DIRECTION('',(-1.0,0.0,0.0));
#10438=DIRECTION('',(-1.0,0.0,0.0));
#10439=DIRECTION('',(-1.0,0.0,0.0));
#10440=DIRECTION('',(-1.0,0.0,0.0));
#10441=DIRECTION('',(-1.0,0.0,0.0));
#10442=DIRECTION('',(-1.0,0.0,0.0));
#10443=DIRECTION('',(-1.0,0.0,0.0));
#10444=DIRECTION('',(-1.0,0.0,0.0));
#10445=DIRECTION('',(-1.0,0.0,0.0));
#10446=DIRECTION('',(0.0,0.0,-1.0));
#10447=DIRECTION('',(-0.707106781186498,0.707106781186597,0.0));
#10448=DIRECTION('',(-0.707106781186548,0.707106781186548,0.0));
#10449=DIRECTION('',(-1.0,0.0,0.0));
#10450=DIRECTION('',(-0.707106781186548,-0.707106781186548,0.0));
#10451=DIRECTION('',(-1.0,0.0,0.0));
#10452=DIRECTION('',(0.961523947640816,-0.274721127897404,0.0));
#10453=DIRECTION('',(0.0,0.0,-1.0));
#10454=DIRECTION('',(0.0,0.0,-1.0));
#10455=DIRECTION('',(0.0,0.0,-1.0));
#10456=DIRECTION('',(0.0,0.0,-1.0));
#10457=DIRECTION('',(0.0,0.0,-1.0));
#10458=DIRECTION('',(0.0,0.0,-1.0));
ENDSEC;
END-ISO-10303-21;
