ISO-10303-21;
HEADER;
FILE_DESCRIPTION(('STEP AP242'),'1');
FILE_NAME('2008900106.stp','2025-02-01T20:49:26',('TraceParts'),('TraceParts S.A.'),'Spatial InterOp 3D',' ',' ');
FILE_SCHEMA(('AP242_MANAGED_MODEL_BASED_3D_ENGINEERING_MIM_LF  {1 0 10303 442 1 1 4}'));
ENDSEC;
DATA;
#1=PRODUCT_DEFINITION_CONTEXT('',#10,'design');
#2=APPLICATION_PROTOCOL_DEFINITION('INTERNATIONAL STANDARD','ap242_managed_model_based_3d_engineering',2014,#10);
#3=PRODUCT_CATEGORY_RELATIONSHIP('NONE','NONE',#11,#12);
#4=SHAPE_DEFINITION_REPRESENTATION(#13,#14);
#5=SHAPE_DEFINITION_REPRESENTATION(#13,#15);
#6= (GEOMETRIC_REPRESENTATION_CONTEXT(3)GLOBAL_UNCERTAINTY_ASSIGNED_CONTEXT((#18))GLOBAL_UNIT_ASSIGNED_CONTEXT((#20,#21,#22))REPRESENTATION_CONTEXT('NONE','WORKSPACE'));
#10=APPLICATION_CONTEXT('managed model based 3d engineering');
#11=PRODUCT_CATEGORY('part','NONE');
#12=PRODUCT_RELATED_PRODUCT_CATEGORY('detail',' ',(#24));
#13=PRODUCT_DEFINITION_SHAPE('NONE','NONE',#25);
#14=ADVANCED_BREP_SHAPE_REPRESENTATION('2008900106_1',(#26,#27),#6);
#15=GEOMETRICALLY_BOUNDED_SURFACE_SHAPE_REPRESENTATION('1',(#28,#29),#6);
#18=UNCERTAINTY_MEASURE_WITH_UNIT(LENGTH_MEASURE(1.0E-06),#20,'','');
#20= (CONVERSION_BASED_UNIT('MILLIMETRE',#32)LENGTH_UNIT()NAMED_UNIT(#35));
#21= (NAMED_UNIT(#37)PLANE_ANGLE_UNIT()SI_UNIT($,.RADIAN.));
#22= (NAMED_UNIT(#37)SOLID_ANGLE_UNIT()SI_UNIT($,.STERADIAN.));
#24=PRODUCT('2008900106_1','2008900106_1','PART-2008900106_1-DESC',(#43));
#25=PRODUCT_DEFINITION('','NONE',#44,#1);
#26=MANIFOLD_SOLID_BREP('2008900106_1',#45);
#27=AXIS2_PLACEMENT_3D('',#46,#47,#48);
#28=GEOMETRIC_SET('1',(#49,#50,#51,#52,#53,#54,#55,#56,#57,#58,#59,#60,#61,#62,#63,#64,#65,#66,#67,#68,#69,#70,#71,#72));
#29=AXIS2_PLACEMENT_3D('',#73,#74,#75);
#32=LENGTH_MEASURE_WITH_UNIT(LENGTH_MEASURE(1.0),#76);
#35=DIMENSIONAL_EXPONENTS(1.0,0.0,0.0,0.0,0.0,0.0,0.0);
#37=DIMENSIONAL_EXPONENTS(0.0,0.0,0.0,0.0,0.0,0.0,0.0);
#43=PRODUCT_CONTEXT('',#10,'mechanical');
#44=PRODUCT_DEFINITION_FORMATION_WITH_SPECIFIED_SOURCE(' ','NONE',#24,.NOT_KNOWN.);
#45=CLOSED_SHELL('',(#77,#78,#79,#80,#81,#82,#83,#84,#85,#86,#87,#88,#89,#90,#91,#92,#93,#94,#95,#96,#97,#98,#99,#100,#101,#102,#103,#104,#105,#106,#107,#108,#109,#110,#111,#112,#113,#114,#115,#116,#117,#118,#119,#120,#121,#122,#123,#124,#125,#126,#127,#128,#129,#130,#131,#132,#133,#134,#135,#136,#137,#138,#139,#140,#141,#142,#143,#144,#145,#146,#147,#148,#149,#150,#151,#152,#153,#154,#155,#156,#157,#158,#159,#160,#161,#162,#163,#164,#165,#166,#167,#168,#169,#170,#171,#172,#173,#174,#175,#176,#177,#178,#179,#180,#181,#182,#183,#184,#185,#186,#187,#188,#189,#190,#191,#192,#193,#194,#195,#196,#197,#198,#199,#200,#201,#202,#203,#204,#205,#206,#207,#208,#209,#210,#211,#212,#213,#214,#215,#216,#217,#218,#219,#220,#221,#222,#223,#224,#225,#226,#227,#228,#229,#230,#231,#232,#233,#234,#235,#236,#237,#238,#239,#240,#241,#242,#243,#244,#245,#246,#247,#248,#249,#250,#251,#252,#253,#254,#255,#256,#257,#258,#259,#260,#261,#262,#263,#264,#265,#266,#267,#268,#269,#270,#271,#272,#273,#274,#275,#276,#277,#278,#279,#280,#281,#282,#283,#284,#285,#286,#287,#288,#289,#290,#291,#292,#293,#294,#295,#296,#297,#298,#299,#300,#301,#302,#303,#304,#305,#306,#307,#308,#309,#310,#311,#312,#313,#314,#315,#316,#317,#318,#319,#320,#321,#322,#323,#324,#325,#326,#327,#328,#329,#330,#331,#332,#333,#334,#335,#336,#337,#338,#339,#340));
#46=CARTESIAN_POINT('',(0.0,0.0,0.0));
#47=DIRECTION('',(0.0,0.0,1.0));
#48=DIRECTION('',(1.0,0.0,0.0));
#49=COMPOSITE_CURVE('2008900106_2',(#341),.U.);
#50=COMPOSITE_CURVE('2008900106_3',(#342),.U.);
#51=COMPOSITE_CURVE('2008900106_4',(#343),.U.);
#52=COMPOSITE_CURVE('2008900106_5',(#344),.U.);
#53=COMPOSITE_CURVE('2008900106_6',(#345),.U.);
#54=COMPOSITE_CURVE('2008900106_7',(#346),.U.);
#55=COMPOSITE_CURVE('2008900106_8',(#347),.U.);
#56=COMPOSITE_CURVE('2008900106_9',(#348),.U.);
#57=COMPOSITE_CURVE('2008900106_10',(#349),.U.);
#58=COMPOSITE_CURVE('2008900106_11',(#350),.U.);
#59=COMPOSITE_CURVE('2008900106_12',(#351),.U.);
#60=COMPOSITE_CURVE('2008900106_13',(#352),.U.);
#61=COMPOSITE_CURVE('2008900106_14',(#353),.U.);
#62=COMPOSITE_CURVE('2008900106_15',(#354),.U.);
#63=COMPOSITE_CURVE('2008900106_16',(#355),.U.);
#64=COMPOSITE_CURVE('2008900106_17',(#356),.U.);
#65=COMPOSITE_CURVE('2008900106_18',(#357),.U.);
#66=COMPOSITE_CURVE('2008900106_19',(#358),.U.);
#67=COMPOSITE_CURVE('2008900106_20',(#359),.U.);
#68=COMPOSITE_CURVE('2008900106_21',(#360),.U.);
#69=COMPOSITE_CURVE('2008900106_22',(#361),.U.);
#70=COMPOSITE_CURVE('2008900106_23',(#362),.U.);
#71=COMPOSITE_CURVE('2008900106_24',(#363),.U.);
#72=COMPOSITE_CURVE('2008900106_25',(#364),.U.);
#73=CARTESIAN_POINT('',(0.0,0.0,0.0));
#74=DIRECTION('',(0.0,0.0,1.0));
#75=DIRECTION('',(1.0,0.0,0.0));
#76= (NAMED_UNIT(#35)LENGTH_UNIT()SI_UNIT(.MILLI.,.METRE.));
#77=ADVANCED_FACE('',(#366),#367,.F.);
#78=ADVANCED_FACE('',(#368),#369,.T.);
#79=ADVANCED_FACE('',(#370),#371,.T.);
#80=ADVANCED_FACE('',(#372),#373,.F.);
#81=ADVANCED_FACE('',(#374),#375,.T.);
#82=ADVANCED_FACE('',(#376),#377,.T.);
#83=ADVANCED_FACE('',(#378),#379,.T.);
#84=ADVANCED_FACE('',(#380),#381,.T.);
#85=ADVANCED_FACE('',(#382),#383,.T.);
#86=ADVANCED_FACE('',(#384),#385,.F.);
#87=ADVANCED_FACE('',(#386),#387,.F.);
#88=ADVANCED_FACE('',(#388),#389,.F.);
#89=ADVANCED_FACE('',(#390),#391,.T.);
#90=ADVANCED_FACE('',(#392),#393,.F.);
#91=ADVANCED_FACE('',(#394),#395,.T.);
#92=ADVANCED_FACE('',(#396),#397,.F.);
#93=ADVANCED_FACE('',(#398),#399,.T.);
#94=ADVANCED_FACE('',(#400),#401,.F.);
#95=ADVANCED_FACE('',(#402),#403,.F.);
#96=ADVANCED_FACE('',(#404),#405,.T.);
#97=ADVANCED_FACE('',(#406),#407,.F.);
#98=ADVANCED_FACE('',(#408),#409,.F.);
#99=ADVANCED_FACE('',(#410),#411,.F.);
#100=ADVANCED_FACE('',(#412),#413,.T.);
#101=ADVANCED_FACE('',(#414),#415,.T.);
#102=ADVANCED_FACE('',(#416),#417,.F.);
#103=ADVANCED_FACE('',(#418),#419,.F.);
#104=ADVANCED_FACE('',(#420),#421,.F.);
#105=ADVANCED_FACE('',(#422),#423,.T.);
#106=ADVANCED_FACE('',(#424),#425,.T.);
#107=ADVANCED_FACE('',(#426),#427,.T.);
#108=ADVANCED_FACE('',(#428),#429,.F.);
#109=ADVANCED_FACE('',(#430),#431,.T.);
#110=ADVANCED_FACE('',(#432),#433,.T.);
#111=ADVANCED_FACE('',(#434),#435,.F.);
#112=ADVANCED_FACE('',(#436),#437,.T.);
#113=ADVANCED_FACE('',(#438),#439,.T.);
#114=ADVANCED_FACE('',(#440),#441,.T.);
#115=ADVANCED_FACE('',(#442),#443,.F.);
#116=ADVANCED_FACE('',(#444),#445,.F.);
#117=ADVANCED_FACE('',(#446),#447,.T.);
#118=ADVANCED_FACE('',(#448),#449,.F.);
#119=ADVANCED_FACE('',(#450),#451,.F.);
#120=ADVANCED_FACE('',(#452),#453,.F.);
#121=ADVANCED_FACE('',(#454),#455,.T.);
#122=ADVANCED_FACE('',(#456),#457,.T.);
#123=ADVANCED_FACE('',(#458),#459,.T.);
#124=ADVANCED_FACE('',(#460),#461,.T.);
#125=ADVANCED_FACE('',(#462),#463,.F.);
#126=ADVANCED_FACE('',(#464),#465,.T.);
#127=ADVANCED_FACE('',(#466),#467,.T.);
#128=ADVANCED_FACE('',(#468),#469,.F.);
#129=ADVANCED_FACE('',(#470),#471,.F.);
#130=ADVANCED_FACE('',(#472),#473,.T.);
#131=ADVANCED_FACE('',(#474),#475,.T.);
#132=ADVANCED_FACE('',(#476),#477,.F.);
#133=ADVANCED_FACE('',(#478),#479,.F.);
#134=ADVANCED_FACE('',(#480),#481,.T.);
#135=ADVANCED_FACE('',(#482),#483,.T.);
#136=ADVANCED_FACE('',(#484),#485,.F.);
#137=ADVANCED_FACE('',(#486),#487,.T.);
#138=ADVANCED_FACE('',(#488),#489,.T.);
#139=ADVANCED_FACE('',(#490),#491,.F.);
#140=ADVANCED_FACE('',(#492),#493,.T.);
#141=ADVANCED_FACE('',(#494),#495,.F.);
#142=ADVANCED_FACE('',(#496,#497,#498),#499,.F.);
#143=ADVANCED_FACE('',(#500),#501,.F.);
#144=ADVANCED_FACE('',(#502),#503,.T.);
#145=ADVANCED_FACE('',(#504),#505,.T.);
#146=ADVANCED_FACE('',(#506),#507,.T.);
#147=ADVANCED_FACE('',(#508),#509,.T.);
#148=ADVANCED_FACE('',(#510),#511,.F.);
#149=ADVANCED_FACE('',(#512),#513,.T.);
#150=ADVANCED_FACE('',(#514),#515,.T.);
#151=ADVANCED_FACE('',(#516),#517,.F.);
#152=ADVANCED_FACE('',(#518),#519,.T.);
#153=ADVANCED_FACE('',(#520),#521,.F.);
#154=ADVANCED_FACE('',(#522),#523,.F.);
#155=ADVANCED_FACE('',(#524),#525,.F.);
#156=ADVANCED_FACE('',(#526),#527,.F.);
#157=ADVANCED_FACE('',(#528),#529,.F.);
#158=ADVANCED_FACE('',(#530),#531,.F.);
#159=ADVANCED_FACE('',(#532),#533,.T.);
#160=ADVANCED_FACE('',(#534),#535,.T.);
#161=ADVANCED_FACE('',(#536),#537,.T.);
#162=ADVANCED_FACE('',(#538),#539,.T.);
#163=ADVANCED_FACE('',(#540),#541,.F.);
#164=ADVANCED_FACE('',(#542),#543,.T.);
#165=ADVANCED_FACE('',(#544),#545,.T.);
#166=ADVANCED_FACE('',(#546),#547,.F.);
#167=ADVANCED_FACE('',(#548),#549,.T.);
#168=ADVANCED_FACE('',(#550),#551,.F.);
#169=ADVANCED_FACE('',(#552),#553,.F.);
#170=ADVANCED_FACE('',(#554),#555,.F.);
#171=ADVANCED_FACE('',(#556),#557,.F.);
#172=ADVANCED_FACE('',(#558),#559,.F.);
#173=ADVANCED_FACE('',(#560),#561,.F.);
#174=ADVANCED_FACE('',(#562),#563,.F.);
#175=ADVANCED_FACE('',(#564),#565,.F.);
#176=ADVANCED_FACE('',(#566),#567,.F.);
#177=ADVANCED_FACE('',(#568),#569,.F.);
#178=ADVANCED_FACE('',(#570),#571,.T.);
#179=ADVANCED_FACE('',(#572),#573,.T.);
#180=ADVANCED_FACE('',(#574),#575,.T.);
#181=ADVANCED_FACE('',(#576),#577,.T.);
#182=ADVANCED_FACE('',(#578),#579,.T.);
#183=ADVANCED_FACE('',(#580,#581,#582,#583),#584,.T.);
#184=ADVANCED_FACE('',(#585,#586,#587,#588),#589,.T.);
#185=ADVANCED_FACE('',(#590),#591,.T.);
#186=ADVANCED_FACE('',(#592),#593,.T.);
#187=ADVANCED_FACE('',(#594),#595,.F.);
#188=ADVANCED_FACE('',(#596),#597,.F.);
#189=ADVANCED_FACE('',(#598),#599,.F.);
#190=ADVANCED_FACE('',(#600),#601,.F.);
#191=ADVANCED_FACE('',(#602),#603,.F.);
#192=ADVANCED_FACE('',(#604),#605,.F.);
#193=ADVANCED_FACE('',(#606),#607,.F.);
#194=ADVANCED_FACE('',(#608),#609,.F.);
#195=ADVANCED_FACE('',(#610),#611,.T.);
#196=ADVANCED_FACE('',(#612),#613,.F.);
#197=ADVANCED_FACE('',(#614),#615,.F.);
#198=ADVANCED_FACE('',(#616),#617,.F.);
#199=ADVANCED_FACE('',(#618),#619,.F.);
#200=ADVANCED_FACE('',(#620),#621,.F.);
#201=ADVANCED_FACE('',(#622),#623,.F.);
#202=ADVANCED_FACE('',(#624),#625,.F.);
#203=ADVANCED_FACE('',(#626),#627,.F.);
#204=ADVANCED_FACE('',(#628),#629,.T.);
#205=ADVANCED_FACE('',(#630),#631,.F.);
#206=ADVANCED_FACE('',(#632),#633,.F.);
#207=ADVANCED_FACE('',(#634),#635,.F.);
#208=ADVANCED_FACE('',(#636),#637,.F.);
#209=ADVANCED_FACE('',(#638),#639,.F.);
#210=ADVANCED_FACE('',(#640),#641,.F.);
#211=ADVANCED_FACE('',(#642),#643,.F.);
#212=ADVANCED_FACE('',(#644),#645,.F.);
#213=ADVANCED_FACE('',(#646),#647,.T.);
#214=ADVANCED_FACE('',(#648),#649,.F.);
#215=ADVANCED_FACE('',(#650),#651,.F.);
#216=ADVANCED_FACE('',(#652),#653,.F.);
#217=ADVANCED_FACE('',(#654),#655,.F.);
#218=ADVANCED_FACE('',(#656),#657,.F.);
#219=ADVANCED_FACE('',(#658),#659,.F.);
#220=ADVANCED_FACE('',(#660),#661,.F.);
#221=ADVANCED_FACE('',(#662),#663,.F.);
#222=ADVANCED_FACE('',(#664),#665,.T.);
#223=ADVANCED_FACE('',(#666),#667,.F.);
#224=ADVANCED_FACE('',(#668),#669,.F.);
#225=ADVANCED_FACE('',(#670),#671,.F.);
#226=ADVANCED_FACE('',(#672),#673,.F.);
#227=ADVANCED_FACE('',(#674),#675,.F.);
#228=ADVANCED_FACE('',(#676),#677,.F.);
#229=ADVANCED_FACE('',(#678),#679,.F.);
#230=ADVANCED_FACE('',(#680),#681,.F.);
#231=ADVANCED_FACE('',(#682),#683,.T.);
#232=ADVANCED_FACE('',(#684),#685,.F.);
#233=ADVANCED_FACE('',(#686),#687,.F.);
#234=ADVANCED_FACE('',(#688),#689,.F.);
#235=ADVANCED_FACE('',(#690),#691,.F.);
#236=ADVANCED_FACE('',(#692),#693,.F.);
#237=ADVANCED_FACE('',(#694),#695,.F.);
#238=ADVANCED_FACE('',(#696),#697,.F.);
#239=ADVANCED_FACE('',(#698),#699,.F.);
#240=ADVANCED_FACE('',(#700),#701,.T.);
#241=ADVANCED_FACE('',(#702),#703,.T.);
#242=ADVANCED_FACE('',(#704),#705,.T.);
#243=ADVANCED_FACE('',(#706,#707,#708),#709,.F.);
#244=ADVANCED_FACE('',(#710),#711,.F.);
#245=ADVANCED_FACE('',(#712),#713,.F.);
#246=ADVANCED_FACE('',(#714),#715,.F.);
#247=ADVANCED_FACE('',(#716),#717,.F.);
#248=ADVANCED_FACE('',(#718),#719,.F.);
#249=ADVANCED_FACE('',(#720),#721,.T.);
#250=ADVANCED_FACE('',(#722),#723,.F.);
#251=ADVANCED_FACE('',(#724),#725,.T.);
#252=ADVANCED_FACE('',(#726),#727,.T.);
#253=ADVANCED_FACE('',(#728),#729,.T.);
#254=ADVANCED_FACE('',(#730),#731,.T.);
#255=ADVANCED_FACE('',(#732),#733,.F.);
#256=ADVANCED_FACE('',(#734),#735,.F.);
#257=ADVANCED_FACE('',(#736),#737,.T.);
#258=ADVANCED_FACE('',(#738),#739,.T.);
#259=ADVANCED_FACE('',(#740),#741,.F.);
#260=ADVANCED_FACE('',(#742),#743,.F.);
#261=ADVANCED_FACE('',(#744),#745,.F.);
#262=ADVANCED_FACE('',(#746),#747,.F.);
#263=ADVANCED_FACE('',(#748),#749,.F.);
#264=ADVANCED_FACE('',(#750),#751,.T.);
#265=ADVANCED_FACE('',(#752),#753,.F.);
#266=ADVANCED_FACE('',(#754),#755,.T.);
#267=ADVANCED_FACE('',(#756),#757,.T.);
#268=ADVANCED_FACE('',(#758),#759,.T.);
#269=ADVANCED_FACE('',(#760),#761,.T.);
#270=ADVANCED_FACE('',(#762),#763,.F.);
#271=ADVANCED_FACE('',(#764),#765,.F.);
#272=ADVANCED_FACE('',(#766),#767,.T.);
#273=ADVANCED_FACE('',(#768),#769,.T.);
#274=ADVANCED_FACE('',(#770),#771,.T.);
#275=ADVANCED_FACE('',(#772),#773,.T.);
#276=ADVANCED_FACE('',(#774),#775,.F.);
#277=ADVANCED_FACE('',(#776),#777,.T.);
#278=ADVANCED_FACE('',(#778),#779,.F.);
#279=ADVANCED_FACE('',(#780),#781,.T.);
#280=ADVANCED_FACE('',(#782),#783,.T.);
#281=ADVANCED_FACE('',(#784),#785,.T.);
#282=ADVANCED_FACE('',(#786),#787,.T.);
#283=ADVANCED_FACE('',(#788),#789,.F.);
#284=ADVANCED_FACE('',(#790),#791,.F.);
#285=ADVANCED_FACE('',(#792),#793,.F.);
#286=ADVANCED_FACE('',(#794),#795,.F.);
#287=ADVANCED_FACE('',(#796),#797,.F.);
#288=ADVANCED_FACE('',(#798),#799,.F.);
#289=ADVANCED_FACE('',(#800),#801,.T.);
#290=ADVANCED_FACE('',(#802),#803,.T.);
#291=ADVANCED_FACE('',(#804),#805,.F.);
#292=ADVANCED_FACE('',(#806),#807,.F.);
#293=ADVANCED_FACE('',(#808),#809,.F.);
#294=ADVANCED_FACE('',(#810),#811,.F.);
#295=ADVANCED_FACE('',(#812),#813,.F.);
#296=ADVANCED_FACE('',(#814),#815,.F.);
#297=ADVANCED_FACE('',(#816),#817,.F.);
#298=ADVANCED_FACE('',(#818),#819,.F.);
#299=ADVANCED_FACE('',(#820),#821,.T.);
#300=ADVANCED_FACE('',(#822),#823,.T.);
#301=ADVANCED_FACE('',(#824),#825,.T.);
#302=ADVANCED_FACE('',(#826),#827,.F.);
#303=ADVANCED_FACE('',(#828),#829,.F.);
#304=ADVANCED_FACE('',(#830),#831,.F.);
#305=ADVANCED_FACE('',(#832),#833,.F.);
#306=ADVANCED_FACE('',(#834),#835,.F.);
#307=ADVANCED_FACE('',(#836),#837,.F.);
#308=ADVANCED_FACE('',(#838),#839,.F.);
#309=ADVANCED_FACE('',(#840),#841,.F.);
#310=ADVANCED_FACE('',(#842),#843,.F.);
#311=ADVANCED_FACE('',(#844),#845,.T.);
#312=ADVANCED_FACE('',(#846),#847,.F.);
#313=ADVANCED_FACE('',(#848),#849,.T.);
#314=ADVANCED_FACE('',(#850),#851,.F.);
#315=ADVANCED_FACE('',(#852),#853,.T.);
#316=ADVANCED_FACE('',(#854),#855,.T.);
#317=ADVANCED_FACE('',(#856),#857,.T.);
#318=ADVANCED_FACE('',(#858),#859,.T.);
#319=ADVANCED_FACE('',(#860),#861,.T.);
#320=ADVANCED_FACE('',(#862),#863,.T.);
#321=ADVANCED_FACE('',(#864),#865,.T.);
#322=ADVANCED_FACE('',(#866),#867,.T.);
#323=ADVANCED_FACE('',(#868),#869,.T.);
#324=ADVANCED_FACE('',(#870),#871,.T.);
#325=ADVANCED_FACE('',(#872),#873,.T.);
#326=ADVANCED_FACE('',(#874),#875,.T.);
#327=ADVANCED_FACE('',(#876),#877,.T.);
#328=ADVANCED_FACE('',(#878),#879,.F.);
#329=ADVANCED_FACE('',(#880),#881,.T.);
#330=ADVANCED_FACE('',(#882),#883,.T.);
#331=ADVANCED_FACE('',(#884),#885,.F.);
#332=ADVANCED_FACE('',(#886),#887,.F.);
#333=ADVANCED_FACE('',(#888),#889,.F.);
#334=ADVANCED_FACE('',(#890),#891,.F.);
#335=ADVANCED_FACE('',(#892),#893,.F.);
#336=ADVANCED_FACE('',(#894),#895,.F.);
#337=ADVANCED_FACE('',(#896),#897,.F.);
#338=ADVANCED_FACE('',(#898),#899,.F.);
#339=ADVANCED_FACE('',(#900),#901,.F.);
#340=ADVANCED_FACE('',(#902),#903,.F.);
#341=COMPOSITE_CURVE_SEGMENT(.CONTINUOUS.,.T.,#904);
#342=COMPOSITE_CURVE_SEGMENT(.CONTINUOUS.,.T.,#905);
#343=COMPOSITE_CURVE_SEGMENT(.CONTINUOUS.,.T.,#906);
#344=COMPOSITE_CURVE_SEGMENT(.CONTINUOUS.,.T.,#907);
#345=COMPOSITE_CURVE_SEGMENT(.CONTINUOUS.,.T.,#908);
#346=COMPOSITE_CURVE_SEGMENT(.CONTINUOUS.,.T.,#909);
#347=COMPOSITE_CURVE_SEGMENT(.CONTINUOUS.,.T.,#910);
#348=COMPOSITE_CURVE_SEGMENT(.CONTINUOUS.,.T.,#911);
#349=COMPOSITE_CURVE_SEGMENT(.CONTINUOUS.,.T.,#912);
#350=COMPOSITE_CURVE_SEGMENT(.CONTINUOUS.,.T.,#913);
#351=COMPOSITE_CURVE_SEGMENT(.CONTINUOUS.,.T.,#914);
#352=COMPOSITE_CURVE_SEGMENT(.CONTINUOUS.,.T.,#915);
#353=COMPOSITE_CURVE_SEGMENT(.CONTINUOUS.,.T.,#916);
#354=COMPOSITE_CURVE_SEGMENT(.CONTINUOUS.,.T.,#917);
#355=COMPOSITE_CURVE_SEGMENT(.CONTINUOUS.,.T.,#918);
#356=COMPOSITE_CURVE_SEGMENT(.CONTINUOUS.,.T.,#919);
#357=COMPOSITE_CURVE_SEGMENT(.CONTINUOUS.,.T.,#920);
#358=COMPOSITE_CURVE_SEGMENT(.CONTINUOUS.,.T.,#921);
#359=COMPOSITE_CURVE_SEGMENT(.CONTINUOUS.,.T.,#922);
#360=COMPOSITE_CURVE_SEGMENT(.CONTINUOUS.,.T.,#923);
#361=COMPOSITE_CURVE_SEGMENT(.CONTINUOUS.,.T.,#924);
#362=COMPOSITE_CURVE_SEGMENT(.CONTINUOUS.,.T.,#925);
#363=COMPOSITE_CURVE_SEGMENT(.CONTINUOUS.,.T.,#926);
#364=COMPOSITE_CURVE_SEGMENT(.CONTINUOUS.,.T.,#927);
#366=FACE_OUTER_BOUND('',#928,.T.);
#367=PLANE('',#929);
#368=FACE_OUTER_BOUND('',#930,.T.);
#369=PLANE('',#931);
#370=FACE_OUTER_BOUND('',#932,.T.);
#371=PLANE('',#933);
#372=FACE_OUTER_BOUND('',#934,.T.);
#373=PLANE('',#935);
#374=FACE_OUTER_BOUND('',#936,.T.);
#375=PLANE('',#937);
#376=FACE_OUTER_BOUND('',#938,.T.);
#377=PLANE('',#939);
#378=FACE_OUTER_BOUND('',#940,.T.);
#379=PLANE('',#941);
#380=FACE_OUTER_BOUND('',#942,.T.);
#381=PLANE('',#943);
#382=FACE_OUTER_BOUND('',#944,.T.);
#383=PLANE('',#945);
#384=FACE_OUTER_BOUND('',#946,.T.);
#385=PLANE('',#947);
#386=FACE_OUTER_BOUND('',#948,.T.);
#387=CYLINDRICAL_SURFACE('',#949,0.6);
#388=FACE_OUTER_BOUND('',#950,.T.);
#389=PLANE('',#951);
#390=FACE_OUTER_BOUND('',#952,.T.);
#391=PLANE('',#953);
#392=FACE_OUTER_BOUND('',#954,.T.);
#393=CYLINDRICAL_SURFACE('',#955,1.3);
#394=FACE_OUTER_BOUND('',#956,.T.);
#395=PLANE('',#957);
#396=FACE_OUTER_BOUND('',#958,.T.);
#397=CYLINDRICAL_SURFACE('',#959,0.166);
#398=FACE_OUTER_BOUND('',#960,.T.);
#399=PLANE('',#961);
#400=FACE_OUTER_BOUND('',#962,.T.);
#401=PLANE('',#963);
#402=FACE_OUTER_BOUND('',#964,.T.);
#403=PLANE('',#965);
#404=FACE_OUTER_BOUND('',#966,.T.);
#405=PLANE('',#967);
#406=FACE_OUTER_BOUND('',#968,.T.);
#407=PLANE('',#969);
#408=FACE_OUTER_BOUND('',#970,.T.);
#409=PLANE('',#971);
#410=FACE_OUTER_BOUND('',#972,.T.);
#411=PLANE('',#973);
#412=FACE_OUTER_BOUND('',#974,.T.);
#413=PLANE('',#975);
#414=FACE_OUTER_BOUND('',#976,.T.);
#415=PLANE('',#977);
#416=FACE_OUTER_BOUND('',#978,.T.);
#417=PLANE('',#979);
#418=FACE_OUTER_BOUND('',#980,.T.);
#419=PLANE('',#981);
#420=FACE_OUTER_BOUND('',#982,.T.);
#421=PLANE('',#983);
#422=FACE_OUTER_BOUND('',#984,.T.);
#423=PLANE('',#985);
#424=FACE_OUTER_BOUND('',#986,.T.);
#425=PLANE('',#987);
#426=FACE_OUTER_BOUND('',#988,.T.);
#427=PLANE('',#989);
#428=FACE_OUTER_BOUND('',#990,.T.);
#429=PLANE('',#991);
#430=FACE_OUTER_BOUND('',#992,.T.);
#431=PLANE('',#993);
#432=FACE_OUTER_BOUND('',#994,.T.);
#433=PLANE('',#995);
#434=FACE_OUTER_BOUND('',#996,.T.);
#435=PLANE('',#997);
#436=FACE_OUTER_BOUND('',#998,.T.);
#437=PLANE('',#999);
#438=FACE_OUTER_BOUND('',#1000,.T.);
#439=PLANE('',#1001);
#440=FACE_OUTER_BOUND('',#1002,.T.);
#441=PLANE('',#1003);
#442=FACE_OUTER_BOUND('',#1004,.T.);
#443=PLANE('',#1005);
#444=FACE_OUTER_BOUND('',#1006,.T.);
#445=PLANE('',#1007);
#446=FACE_OUTER_BOUND('',#1008,.T.);
#447=PLANE('',#1009);
#448=FACE_OUTER_BOUND('',#1010,.T.);
#449=PLANE('',#1011);
#450=FACE_OUTER_BOUND('',#1012,.T.);
#451=PLANE('',#1013);
#452=FACE_OUTER_BOUND('',#1014,.T.);
#453=PLANE('',#1015);
#454=FACE_OUTER_BOUND('',#1016,.T.);
#455=PLANE('',#1017);
#456=FACE_OUTER_BOUND('',#1018,.T.);
#457=PLANE('',#1019);
#458=FACE_OUTER_BOUND('',#1020,.T.);
#459=PLANE('',#1021);
#460=FACE_OUTER_BOUND('',#1022,.T.);
#461=PLANE('',#1023);
#462=FACE_OUTER_BOUND('',#1024,.T.);
#463=PLANE('',#1025);
#464=FACE_OUTER_BOUND('',#1026,.T.);
#465=PLANE('',#1027);
#466=FACE_OUTER_BOUND('',#1028,.T.);
#467=PLANE('',#1029);
#468=FACE_OUTER_BOUND('',#1030,.T.);
#469=PLANE('',#1031);
#470=FACE_OUTER_BOUND('',#1032,.T.);
#471=PLANE('',#1033);
#472=FACE_OUTER_BOUND('',#1034,.T.);
#473=PLANE('',#1035);
#474=FACE_OUTER_BOUND('',#1036,.T.);
#475=PLANE('',#1037);
#476=FACE_OUTER_BOUND('',#1038,.T.);
#477=PLANE('',#1039);
#478=FACE_OUTER_BOUND('',#1040,.T.);
#479=PLANE('',#1041);
#480=FACE_OUTER_BOUND('',#1042,.T.);
#481=PLANE('',#1043);
#482=FACE_OUTER_BOUND('',#1044,.T.);
#483=PLANE('',#1045);
#484=FACE_OUTER_BOUND('',#1046,.T.);
#485=PLANE('',#1047);
#486=FACE_OUTER_BOUND('',#1048,.T.);
#487=PLANE('',#1049);
#488=FACE_OUTER_BOUND('',#1050,.T.);
#489=PLANE('',#1051);
#490=FACE_OUTER_BOUND('',#1052,.T.);
#491=PLANE('',#1053);
#492=FACE_OUTER_BOUND('',#1054,.T.);
#493=PLANE('',#1055);
#494=FACE_OUTER_BOUND('',#1056,.T.);
#495=PLANE('',#1057);
#496=FACE_OUTER_BOUND('',#1058,.T.);
#497=FACE_BOUND('',#1059,.T.);
#498=FACE_BOUND('',#1060,.T.);
#499=PLANE('',#1061);
#500=FACE_OUTER_BOUND('',#1062,.T.);
#501=PLANE('',#1063);
#502=FACE_OUTER_BOUND('',#1064,.T.);
#503=PLANE('',#1065);
#504=FACE_OUTER_BOUND('',#1066,.T.);
#505=PLANE('',#1067);
#506=FACE_OUTER_BOUND('',#1068,.T.);
#507=PLANE('',#1069);
#508=FACE_OUTER_BOUND('',#1070,.T.);
#509=PLANE('',#1071);
#510=FACE_OUTER_BOUND('',#1072,.T.);
#511=PLANE('',#1073);
#512=FACE_OUTER_BOUND('',#1074,.T.);
#513=PLANE('',#1075);
#514=FACE_OUTER_BOUND('',#1076,.T.);
#515=PLANE('',#1077);
#516=FACE_OUTER_BOUND('',#1078,.T.);
#517=PLANE('',#1079);
#518=FACE_OUTER_BOUND('',#1080,.T.);
#519=PLANE('',#1081);
#520=FACE_OUTER_BOUND('',#1082,.T.);
#521=PLANE('',#1083);
#522=FACE_OUTER_BOUND('',#1084,.T.);
#523=PLANE('',#1085);
#524=FACE_OUTER_BOUND('',#1086,.T.);
#525=PLANE('',#1087);
#526=FACE_OUTER_BOUND('',#1088,.T.);
#527=PLANE('',#1089);
#528=FACE_OUTER_BOUND('',#1090,.T.);
#529=PLANE('',#1091);
#530=FACE_OUTER_BOUND('',#1092,.T.);
#531=PLANE('',#1093);
#532=FACE_OUTER_BOUND('',#1094,.T.);
#533=PLANE('',#1095);
#534=FACE_OUTER_BOUND('',#1096,.T.);
#535=PLANE('',#1097);
#536=FACE_OUTER_BOUND('',#1098,.T.);
#537=PLANE('',#1099);
#538=FACE_OUTER_BOUND('',#1100,.T.);
#539=PLANE('',#1101);
#540=FACE_OUTER_BOUND('',#1102,.T.);
#541=PLANE('',#1103);
#542=FACE_OUTER_BOUND('',#1104,.T.);
#543=PLANE('',#1105);
#544=FACE_OUTER_BOUND('',#1106,.T.);
#545=PLANE('',#1107);
#546=FACE_OUTER_BOUND('',#1108,.T.);
#547=PLANE('',#1109);
#548=FACE_OUTER_BOUND('',#1110,.T.);
#549=PLANE('',#1111);
#550=FACE_OUTER_BOUND('',#1112,.T.);
#551=PLANE('',#1113);
#552=FACE_OUTER_BOUND('',#1114,.T.);
#553=PLANE('',#1115);
#554=FACE_OUTER_BOUND('',#1116,.T.);
#555=PLANE('',#1117);
#556=FACE_OUTER_BOUND('',#1118,.T.);
#557=PLANE('',#1119);
#558=FACE_OUTER_BOUND('',#1120,.T.);
#559=PLANE('',#1121);
#560=FACE_OUTER_BOUND('',#1122,.T.);
#561=PLANE('',#1123);
#562=FACE_OUTER_BOUND('',#1124,.T.);
#563=PLANE('',#1125);
#564=FACE_OUTER_BOUND('',#1126,.T.);
#565=PLANE('',#1127);
#566=FACE_OUTER_BOUND('',#1128,.T.);
#567=PLANE('',#1129);
#568=FACE_OUTER_BOUND('',#1130,.T.);
#569=PLANE('',#1131);
#570=FACE_OUTER_BOUND('',#1132,.T.);
#571=PLANE('',#1133);
#572=FACE_OUTER_BOUND('',#1134,.T.);
#573=PLANE('',#1135);
#574=FACE_OUTER_BOUND('',#1136,.T.);
#575=PLANE('',#1137);
#576=FACE_OUTER_BOUND('',#1138,.T.);
#577=PLANE('',#1139);
#578=FACE_OUTER_BOUND('',#1140,.T.);
#579=PLANE('',#1141);
#580=FACE_OUTER_BOUND('',#1142,.T.);
#581=FACE_BOUND('',#1143,.T.);
#582=FACE_BOUND('',#1144,.T.);
#583=FACE_BOUND('',#1145,.T.);
#584=PLANE('',#1146);
#585=FACE_OUTER_BOUND('',#1147,.T.);
#586=FACE_BOUND('',#1148,.T.);
#587=FACE_BOUND('',#1149,.T.);
#588=FACE_BOUND('',#1150,.T.);
#589=PLANE('',#1151);
#590=FACE_OUTER_BOUND('',#1152,.T.);
#591=PLANE('',#1153);
#592=FACE_OUTER_BOUND('',#1154,.T.);
#593=PLANE('',#1155);
#594=FACE_OUTER_BOUND('',#1156,.T.);
#595=PLANE('',#1157);
#596=FACE_OUTER_BOUND('',#1158,.T.);
#597=PLANE('',#1159);
#598=FACE_OUTER_BOUND('',#1160,.T.);
#599=PLANE('',#1161);
#600=FACE_OUTER_BOUND('',#1162,.T.);
#601=PLANE('',#1163);
#602=FACE_OUTER_BOUND('',#1164,.T.);
#603=PLANE('',#1165);
#604=FACE_OUTER_BOUND('',#1166,.T.);
#605=PLANE('',#1167);
#606=FACE_OUTER_BOUND('',#1168,.T.);
#607=PLANE('',#1169);
#608=FACE_OUTER_BOUND('',#1170,.T.);
#609=PLANE('',#1171);
#610=FACE_OUTER_BOUND('',#1172,.T.);
#611=PLANE('',#1173);
#612=FACE_OUTER_BOUND('',#1174,.T.);
#613=PLANE('',#1175);
#614=FACE_OUTER_BOUND('',#1176,.T.);
#615=PLANE('',#1177);
#616=FACE_OUTER_BOUND('',#1178,.T.);
#617=PLANE('',#1179);
#618=FACE_OUTER_BOUND('',#1180,.T.);
#619=PLANE('',#1181);
#620=FACE_OUTER_BOUND('',#1182,.T.);
#621=PLANE('',#1183);
#622=FACE_OUTER_BOUND('',#1184,.T.);
#623=PLANE('',#1185);
#624=FACE_OUTER_BOUND('',#1186,.T.);
#625=PLANE('',#1187);
#626=FACE_OUTER_BOUND('',#1188,.T.);
#627=PLANE('',#1189);
#628=FACE_OUTER_BOUND('',#1190,.T.);
#629=PLANE('',#1191);
#630=FACE_OUTER_BOUND('',#1192,.T.);
#631=PLANE('',#1193);
#632=FACE_OUTER_BOUND('',#1194,.T.);
#633=PLANE('',#1195);
#634=FACE_OUTER_BOUND('',#1196,.T.);
#635=PLANE('',#1197);
#636=FACE_OUTER_BOUND('',#1198,.T.);
#637=PLANE('',#1199);
#638=FACE_OUTER_BOUND('',#1200,.T.);
#639=PLANE('',#1201);
#640=FACE_OUTER_BOUND('',#1202,.T.);
#641=PLANE('',#1203);
#642=FACE_OUTER_BOUND('',#1204,.T.);
#643=PLANE('',#1205);
#644=FACE_OUTER_BOUND('',#1206,.T.);
#645=PLANE('',#1207);
#646=FACE_OUTER_BOUND('',#1208,.T.);
#647=PLANE('',#1209);
#648=FACE_OUTER_BOUND('',#1210,.T.);
#649=PLANE('',#1211);
#650=FACE_OUTER_BOUND('',#1212,.T.);
#651=PLANE('',#1213);
#652=FACE_OUTER_BOUND('',#1214,.T.);
#653=PLANE('',#1215);
#654=FACE_OUTER_BOUND('',#1216,.T.);
#655=PLANE('',#1217);
#656=FACE_OUTER_BOUND('',#1218,.T.);
#657=PLANE('',#1219);
#658=FACE_OUTER_BOUND('',#1220,.T.);
#659=PLANE('',#1221);
#660=FACE_OUTER_BOUND('',#1222,.T.);
#661=PLANE('',#1223);
#662=FACE_OUTER_BOUND('',#1224,.T.);
#663=PLANE('',#1225);
#664=FACE_OUTER_BOUND('',#1226,.T.);
#665=PLANE('',#1227);
#666=FACE_OUTER_BOUND('',#1228,.T.);
#667=PLANE('',#1229);
#668=FACE_OUTER_BOUND('',#1230,.T.);
#669=PLANE('',#1231);
#670=FACE_OUTER_BOUND('',#1232,.T.);
#671=PLANE('',#1233);
#672=FACE_OUTER_BOUND('',#1234,.T.);
#673=PLANE('',#1235);
#674=FACE_OUTER_BOUND('',#1236,.T.);
#675=PLANE('',#1237);
#676=FACE_OUTER_BOUND('',#1238,.T.);
#677=PLANE('',#1239);
#678=FACE_OUTER_BOUND('',#1240,.T.);
#679=PLANE('',#1241);
#680=FACE_OUTER_BOUND('',#1242,.T.);
#681=PLANE('',#1243);
#682=FACE_OUTER_BOUND('',#1244,.T.);
#683=PLANE('',#1245);
#684=FACE_OUTER_BOUND('',#1246,.T.);
#685=PLANE('',#1247);
#686=FACE_OUTER_BOUND('',#1248,.T.);
#687=PLANE('',#1249);
#688=FACE_OUTER_BOUND('',#1250,.T.);
#689=PLANE('',#1251);
#690=FACE_OUTER_BOUND('',#1252,.T.);
#691=PLANE('',#1253);
#692=FACE_OUTER_BOUND('',#1254,.T.);
#693=PLANE('',#1255);
#694=FACE_OUTER_BOUND('',#1256,.T.);
#695=PLANE('',#1257);
#696=FACE_OUTER_BOUND('',#1258,.T.);
#697=PLANE('',#1259);
#698=FACE_OUTER_BOUND('',#1260,.T.);
#699=PLANE('',#1261);
#700=FACE_OUTER_BOUND('',#1262,.T.);
#701=PLANE('',#1263);
#702=FACE_OUTER_BOUND('',#1264,.T.);
#703=PLANE('',#1265);
#704=FACE_OUTER_BOUND('',#1266,.T.);
#705=PLANE('',#1267);
#706=FACE_OUTER_BOUND('',#1268,.T.);
#707=FACE_BOUND('',#1269,.T.);
#708=FACE_BOUND('',#1270,.T.);
#709=PLANE('',#1271);
#710=FACE_OUTER_BOUND('',#1272,.T.);
#711=PLANE('',#1273);
#712=FACE_OUTER_BOUND('',#1274,.T.);
#713=PLANE('',#1275);
#714=FACE_OUTER_BOUND('',#1276,.T.);
#715=PLANE('',#1277);
#716=FACE_OUTER_BOUND('',#1278,.T.);
#717=PLANE('',#1279);
#718=FACE_OUTER_BOUND('',#1280,.T.);
#719=PLANE('',#1281);
#720=FACE_OUTER_BOUND('',#1282,.T.);
#721=PLANE('',#1283);
#722=FACE_OUTER_BOUND('',#1284,.T.);
#723=PLANE('',#1285);
#724=FACE_OUTER_BOUND('',#1286,.T.);
#725=PLANE('',#1287);
#726=FACE_OUTER_BOUND('',#1288,.T.);
#727=PLANE('',#1289);
#728=FACE_OUTER_BOUND('',#1290,.T.);
#729=PLANE('',#1291);
#730=FACE_OUTER_BOUND('',#1292,.T.);
#731=PLANE('',#1293);
#732=FACE_OUTER_BOUND('',#1294,.T.);
#733=PLANE('',#1295);
#734=FACE_OUTER_BOUND('',#1296,.T.);
#735=PLANE('',#1297);
#736=FACE_OUTER_BOUND('',#1298,.T.);
#737=PLANE('',#1299);
#738=FACE_OUTER_BOUND('',#1300,.T.);
#739=PLANE('',#1301);
#740=FACE_OUTER_BOUND('',#1302,.T.);
#741=PLANE('',#1303);
#742=FACE_OUTER_BOUND('',#1304,.T.);
#743=PLANE('',#1305);
#744=FACE_OUTER_BOUND('',#1306,.T.);
#745=PLANE('',#1307);
#746=FACE_OUTER_BOUND('',#1308,.T.);
#747=PLANE('',#1309);
#748=FACE_OUTER_BOUND('',#1310,.T.);
#749=PLANE('',#1311);
#750=FACE_OUTER_BOUND('',#1312,.T.);
#751=PLANE('',#1313);
#752=FACE_OUTER_BOUND('',#1314,.T.);
#753=PLANE('',#1315);
#754=FACE_OUTER_BOUND('',#1316,.T.);
#755=PLANE('',#1317);
#756=FACE_OUTER_BOUND('',#1318,.T.);
#757=PLANE('',#1319);
#758=FACE_OUTER_BOUND('',#1320,.T.);
#759=PLANE('',#1321);
#760=FACE_OUTER_BOUND('',#1322,.T.);
#761=PLANE('',#1323);
#762=FACE_OUTER_BOUND('',#1324,.T.);
#763=PLANE('',#1325);
#764=FACE_OUTER_BOUND('',#1326,.T.);
#765=PLANE('',#1327);
#766=FACE_OUTER_BOUND('',#1328,.T.);
#767=PLANE('',#1329);
#768=FACE_OUTER_BOUND('',#1330,.T.);
#769=PLANE('',#1331);
#770=FACE_OUTER_BOUND('',#1332,.T.);
#771=PLANE('',#1333);
#772=FACE_OUTER_BOUND('',#1334,.T.);
#773=PLANE('',#1335);
#774=FACE_OUTER_BOUND('',#1336,.T.);
#775=PLANE('',#1337);
#776=FACE_OUTER_BOUND('',#1338,.T.);
#777=PLANE('',#1339);
#778=FACE_OUTER_BOUND('',#1340,.T.);
#779=PLANE('',#1341);
#780=FACE_OUTER_BOUND('',#1342,.T.);
#781=PLANE('',#1343);
#782=FACE_OUTER_BOUND('',#1344,.T.);
#783=PLANE('',#1345);
#784=FACE_OUTER_BOUND('',#1346,.T.);
#785=PLANE('',#1347);
#786=FACE_OUTER_BOUND('',#1348,.T.);
#787=PLANE('',#1349);
#788=FACE_OUTER_BOUND('',#1350,.T.);
#789=PLANE('',#1351);
#790=FACE_OUTER_BOUND('',#1352,.T.);
#791=PLANE('',#1353);
#792=FACE_OUTER_BOUND('',#1354,.T.);
#793=PLANE('',#1355);
#794=FACE_OUTER_BOUND('',#1356,.T.);
#795=PLANE('',#1357);
#796=FACE_OUTER_BOUND('',#1358,.T.);
#797=PLANE('',#1359);
#798=FACE_OUTER_BOUND('',#1360,.T.);
#799=PLANE('',#1361);
#800=FACE_OUTER_BOUND('',#1362,.T.);
#801=PLANE('',#1363);
#802=FACE_OUTER_BOUND('',#1364,.T.);
#803=PLANE('',#1365);
#804=FACE_OUTER_BOUND('',#1366,.T.);
#805=PLANE('',#1367);
#806=FACE_OUTER_BOUND('',#1368,.T.);
#807=PLANE('',#1369);
#808=FACE_OUTER_BOUND('',#1370,.T.);
#809=PLANE('',#1371);
#810=FACE_OUTER_BOUND('',#1372,.T.);
#811=PLANE('',#1373);
#812=FACE_OUTER_BOUND('',#1374,.T.);
#813=PLANE('',#1375);
#814=FACE_OUTER_BOUND('',#1376,.T.);
#815=PLANE('',#1377);
#816=FACE_OUTER_BOUND('',#1378,.T.);
#817=PLANE('',#1379);
#818=FACE_OUTER_BOUND('',#1380,.T.);
#819=PLANE('',#1381);
#820=FACE_OUTER_BOUND('',#1382,.T.);
#821=PLANE('',#1383);
#822=FACE_OUTER_BOUND('',#1384,.T.);
#823=PLANE('',#1385);
#824=FACE_OUTER_BOUND('',#1386,.T.);
#825=PLANE('',#1387);
#826=FACE_OUTER_BOUND('',#1388,.T.);
#827=PLANE('',#1389);
#828=FACE_OUTER_BOUND('',#1390,.T.);
#829=PLANE('',#1391);
#830=FACE_OUTER_BOUND('',#1392,.T.);
#831=CYLINDRICAL_SURFACE('',#1393,0.166);
#832=FACE_OUTER_BOUND('',#1394,.T.);
#833=PLANE('',#1395);
#834=FACE_OUTER_BOUND('',#1396,.T.);
#835=PLANE('',#1397);
#836=FACE_OUTER_BOUND('',#1398,.T.);
#837=PLANE('',#1399);
#838=FACE_OUTER_BOUND('',#1400,.T.);
#839=CYLINDRICAL_SURFACE('',#1401,0.6);
#840=FACE_OUTER_BOUND('',#1402,.T.);
#841=PLANE('',#1403);
#842=FACE_OUTER_BOUND('',#1404,.T.);
#843=CYLINDRICAL_SURFACE('',#1405,1.3);
#844=FACE_OUTER_BOUND('',#1406,.T.);
#845=PLANE('',#1407);
#846=FACE_OUTER_BOUND('',#1408,.T.);
#847=PLANE('',#1409);
#848=FACE_OUTER_BOUND('',#1410,.T.);
#849=PLANE('',#1411);
#850=FACE_OUTER_BOUND('',#1412,.T.);
#851=PLANE('',#1413);
#852=FACE_OUTER_BOUND('',#1414,.T.);
#853=PLANE('',#1415);
#854=FACE_OUTER_BOUND('',#1416,.T.);
#855=PLANE('',#1417);
#856=FACE_OUTER_BOUND('',#1418,.T.);
#857=PLANE('',#1419);
#858=FACE_OUTER_BOUND('',#1420,.T.);
#859=PLANE('',#1421);
#860=FACE_OUTER_BOUND('',#1422,.T.);
#861=PLANE('',#1423);
#862=FACE_OUTER_BOUND('',#1424,.T.);
#863=PLANE('',#1425);
#864=FACE_OUTER_BOUND('',#1426,.T.);
#865=PLANE('',#1427);
#866=FACE_OUTER_BOUND('',#1428,.T.);
#867=PLANE('',#1429);
#868=FACE_OUTER_BOUND('',#1430,.T.);
#869=CYLINDRICAL_SURFACE('',#1431,0.75);
#870=FACE_OUTER_BOUND('',#1432,.T.);
#871=PLANE('',#1433);
#872=FACE_OUTER_BOUND('',#1434,.T.);
#873=PLANE('',#1435);
#874=FACE_OUTER_BOUND('',#1436,.T.);
#875=PLANE('',#1437);
#876=FACE_OUTER_BOUND('',#1438,.T.);
#877=PLANE('',#1439);
#878=FACE_OUTER_BOUND('',#1440,.T.);
#879=PLANE('',#1441);
#880=FACE_OUTER_BOUND('',#1442,.T.);
#881=PLANE('',#1443);
#882=FACE_OUTER_BOUND('',#1444,.T.);
#883=PLANE('',#1445);
#884=FACE_OUTER_BOUND('',#1446,.T.);
#885=PLANE('',#1447);
#886=FACE_OUTER_BOUND('',#1448,.T.);
#887=PLANE('',#1449);
#888=FACE_OUTER_BOUND('',#1450,.T.);
#889=PLANE('',#1451);
#890=FACE_OUTER_BOUND('',#1452,.T.);
#891=PLANE('',#1453);
#892=FACE_OUTER_BOUND('',#1454,.T.);
#893=PLANE('',#1455);
#894=FACE_OUTER_BOUND('',#1456,.T.);
#895=PLANE('',#1457);
#896=FACE_OUTER_BOUND('',#1458,.T.);
#897=PLANE('',#1459);
#898=FACE_OUTER_BOUND('',#1460,.T.);
#899=PLANE('',#1461);
#900=FACE_OUTER_BOUND('',#1462,.T.);
#901=PLANE('',#1463);
#902=FACE_OUTER_BOUND('',#1464,.T.);
#903=PLANE('',#1465);
#904=TRIMMED_CURVE('',#1466,(PARAMETER_VALUE(0.0)),(PARAMETER_VALUE(1.0)),.T.,.UNSPECIFIED.);
#905=TRIMMED_CURVE('',#1467,(PARAMETER_VALUE(0.0)),(PARAMETER_VALUE(1.0)),.T.,.UNSPECIFIED.);
#906=TRIMMED_CURVE('',#1468,(PARAMETER_VALUE(0.0)),(PARAMETER_VALUE(1.0)),.T.,.UNSPECIFIED.);
#907=TRIMMED_CURVE('',#1469,(PARAMETER_VALUE(0.0)),(PARAMETER_VALUE(1.0)),.T.,.UNSPECIFIED.);
#908=TRIMMED_CURVE('',#1470,(PARAMETER_VALUE(0.0)),(PARAMETER_VALUE(1.0)),.T.,.UNSPECIFIED.);
#909=TRIMMED_CURVE('',#1471,(PARAMETER_VALUE(0.0)),(PARAMETER_VALUE(1.0)),.T.,.UNSPECIFIED.);
#910=TRIMMED_CURVE('',#1472,(PARAMETER_VALUE(0.0)),(PARAMETER_VALUE(1.0)),.T.,.UNSPECIFIED.);
#911=TRIMMED_CURVE('',#1473,(PARAMETER_VALUE(0.0)),(PARAMETER_VALUE(1.0)),.T.,.UNSPECIFIED.);
#912=TRIMMED_CURVE('',#1474,(PARAMETER_VALUE(0.0)),(PARAMETER_VALUE(1.0)),.T.,.UNSPECIFIED.);
#913=TRIMMED_CURVE('',#1475,(PARAMETER_VALUE(0.0)),(PARAMETER_VALUE(1.0)),.T.,.UNSPECIFIED.);
#914=TRIMMED_CURVE('',#1476,(PARAMETER_VALUE(0.0)),(PARAMETER_VALUE(1.0)),.T.,.UNSPECIFIED.);
#915=TRIMMED_CURVE('',#1477,(PARAMETER_VALUE(0.0)),(PARAMETER_VALUE(1.0)),.T.,.UNSPECIFIED.);
#916=TRIMMED_CURVE('',#1478,(PARAMETER_VALUE(0.0)),(PARAMETER_VALUE(1.0)),.T.,.UNSPECIFIED.);
#917=TRIMMED_CURVE('',#1479,(PARAMETER_VALUE(0.0)),(PARAMETER_VALUE(1.0)),.T.,.UNSPECIFIED.);
#918=TRIMMED_CURVE('',#1480,(PARAMETER_VALUE(0.0)),(PARAMETER_VALUE(1.0)),.T.,.UNSPECIFIED.);
#919=TRIMMED_CURVE('',#1481,(PARAMETER_VALUE(0.0)),(PARAMETER_VALUE(1.0)),.T.,.UNSPECIFIED.);
#920=TRIMMED_CURVE('',#1482,(PARAMETER_VALUE(0.0)),(PARAMETER_VALUE(1.0)),.T.,.UNSPECIFIED.);
#921=TRIMMED_CURVE('',#1483,(PARAMETER_VALUE(0.0)),(PARAMETER_VALUE(1.0)),.T.,.UNSPECIFIED.);
#922=TRIMMED_CURVE('',#1484,(PARAMETER_VALUE(0.0)),(PARAMETER_VALUE(1.0)),.T.,.UNSPECIFIED.);
#923=TRIMMED_CURVE('',#1485,(PARAMETER_VALUE(0.0)),(PARAMETER_VALUE(1.0)),.T.,.UNSPECIFIED.);
#924=TRIMMED_CURVE('',#1486,(PARAMETER_VALUE(0.0)),(PARAMETER_VALUE(1.0)),.T.,.UNSPECIFIED.);
#925=TRIMMED_CURVE('',#1487,(PARAMETER_VALUE(0.0)),(PARAMETER_VALUE(1.0)),.T.,.UNSPECIFIED.);
#926=TRIMMED_CURVE('',#1488,(PARAMETER_VALUE(0.0)),(PARAMETER_VALUE(1.0)),.T.,.UNSPECIFIED.);
#927=TRIMMED_CURVE('',#1489,(PARAMETER_VALUE(0.0)),(PARAMETER_VALUE(1.0)),.T.,.UNSPECIFIED.);
#928=EDGE_LOOP('',(#1490,#1491,#1492,#1493,#1494,#1495,#1496,#1497,#1498,#1499,#1500,#1501,#1502,#1503,#1504,#1505,#1506,#1507,#1508,#1509,#1510,#1511,#1512,#1513));
#929=AXIS2_PLACEMENT_3D('',#1514,#1515,#1516);
#930=EDGE_LOOP('',(#1517,#1518,#1519,#1520));
#931=AXIS2_PLACEMENT_3D('',#1521,#1522,#1523);
#932=EDGE_LOOP('',(#1524,#1525,#1526,#1527));
#933=AXIS2_PLACEMENT_3D('',#1528,#1529,#1530);
#934=EDGE_LOOP('',(#1531,#1532,#1533,#1534));
#935=AXIS2_PLACEMENT_3D('',#1535,#1536,#1537);
#936=EDGE_LOOP('',(#1538,#1539,#1540,#1541,#1542,#1543,#1544,#1545,#1546,#1547,#1548,#1549,#1550,#1551,#1552,#1553,#1554,#1555,#1556,#1557,#1558,#1559,#1560,#1561,#1562,#1563,#1564,#1565,#1566,#1567,#1568,#1569,#1570,#1571,#1572,#1573));
#937=AXIS2_PLACEMENT_3D('',#1574,#1575,#1576);
#938=EDGE_LOOP('',(#1577,#1578,#1579,#1580,#1581,#1582));
#939=AXIS2_PLACEMENT_3D('',#1583,#1584,#1585);
#940=EDGE_LOOP('',(#1586,#1587,#1588,#1589));
#941=AXIS2_PLACEMENT_3D('',#1590,#1591,#1592);
#942=EDGE_LOOP('',(#1593,#1594,#1595,#1596,#1597,#1598,#1599,#1600));
#943=AXIS2_PLACEMENT_3D('',#1601,#1602,#1603);
#944=EDGE_LOOP('',(#1604,#1605,#1606,#1607,#1608,#1609,#1610,#1611));
#945=AXIS2_PLACEMENT_3D('',#1612,#1613,#1614);
#946=EDGE_LOOP('',(#1615,#1616,#1617,#1618,#1619,#1620,#1621,#1622,#1623,#1624,#1625,#1626,#1627));
#947=AXIS2_PLACEMENT_3D('',#1628,#1629,#1630);
#948=EDGE_LOOP('',(#1631,#1632,#1633,#1634));
#949=AXIS2_PLACEMENT_3D('',#1635,#1636,#1637);
#950=EDGE_LOOP('',(#1638,#1639,#1640,#1641,#1642,#1643,#1644,#1645,#1646,#1647));
#951=AXIS2_PLACEMENT_3D('',#1648,#1649,#1650);
#952=EDGE_LOOP('',(#1651,#1652,#1653,#1654,#1655,#1656,#1657,#1658,#1659,#1660,#1661,#1662,#1663,#1664,#1665,#1666,#1667,#1668,#1669,#1670,#1671,#1672));
#953=AXIS2_PLACEMENT_3D('',#1673,#1674,#1675);
#954=EDGE_LOOP('',(#1676,#1677,#1678,#1679));
#955=AXIS2_PLACEMENT_3D('',#1680,#1681,#1682);
#956=EDGE_LOOP('',(#1683,#1684,#1685,#1686));
#957=AXIS2_PLACEMENT_3D('',#1687,#1688,#1689);
#958=EDGE_LOOP('',(#1690,#1691,#1692,#1693));
#959=AXIS2_PLACEMENT_3D('',#1694,#1695,#1696);
#960=EDGE_LOOP('',(#1697,#1698,#1699,#1700,#1701,#1702));
#961=AXIS2_PLACEMENT_3D('',#1703,#1704,#1705);
#962=EDGE_LOOP('',(#1706,#1707,#1708,#1709,#1710,#1711));
#963=AXIS2_PLACEMENT_3D('',#1712,#1713,#1714);
#964=EDGE_LOOP('',(#1715,#1716,#1717,#1718,#1719,#1720,#1721,#1722,#1723,#1724));
#965=AXIS2_PLACEMENT_3D('',#1725,#1726,#1727);
#966=EDGE_LOOP('',(#1728,#1729,#1730,#1731,#1732,#1733,#1734,#1735));
#967=AXIS2_PLACEMENT_3D('',#1736,#1737,#1738);
#968=EDGE_LOOP('',(#1739,#1740,#1741,#1742));
#969=AXIS2_PLACEMENT_3D('',#1743,#1744,#1745);
#970=EDGE_LOOP('',(#1746,#1747,#1748,#1749));
#971=AXIS2_PLACEMENT_3D('',#1750,#1751,#1752);
#972=EDGE_LOOP('',(#1753,#1754,#1755,#1756));
#973=AXIS2_PLACEMENT_3D('',#1757,#1758,#1759);
#974=EDGE_LOOP('',(#1760,#1761,#1762,#1763));
#975=AXIS2_PLACEMENT_3D('',#1764,#1765,#1766);
#976=EDGE_LOOP('',(#1767,#1768,#1769,#1770,#1771,#1772,#1773,#1774,#1775,#1776));
#977=AXIS2_PLACEMENT_3D('',#1777,#1778,#1779);
#978=EDGE_LOOP('',(#1780,#1781,#1782,#1783,#1784,#1785));
#979=AXIS2_PLACEMENT_3D('',#1786,#1787,#1788);
#980=EDGE_LOOP('',(#1789,#1790,#1791,#1792,#1793,#1794,#1795,#1796,#1797,#1798,#1799,#1800,#1801));
#981=AXIS2_PLACEMENT_3D('',#1802,#1803,#1804);
#982=EDGE_LOOP('',(#1805,#1806,#1807,#1808));
#983=AXIS2_PLACEMENT_3D('',#1809,#1810,#1811);
#984=EDGE_LOOP('',(#1812,#1813,#1814,#1815,#1816));
#985=AXIS2_PLACEMENT_3D('',#1817,#1818,#1819);
#986=EDGE_LOOP('',(#1820,#1821,#1822,#1823));
#987=AXIS2_PLACEMENT_3D('',#1824,#1825,#1826);
#988=EDGE_LOOP('',(#1827,#1828,#1829,#1830));
#989=AXIS2_PLACEMENT_3D('',#1831,#1832,#1833);
#990=EDGE_LOOP('',(#1834,#1835,#1836,#1837,#1838,#1839,#1840,#1841,#1842,#1843,#1844,#1845));
#991=AXIS2_PLACEMENT_3D('',#1846,#1847,#1848);
#992=EDGE_LOOP('',(#1849,#1850,#1851,#1852,#1853,#1854,#1855));
#993=AXIS2_PLACEMENT_3D('',#1856,#1857,#1858);
#994=EDGE_LOOP('',(#1859,#1860,#1861,#1862,#1863,#1864,#1865));
#995=AXIS2_PLACEMENT_3D('',#1866,#1867,#1868);
#996=EDGE_LOOP('',(#1869,#1870,#1871,#1872,#1873));
#997=AXIS2_PLACEMENT_3D('',#1874,#1875,#1876);
#998=EDGE_LOOP('',(#1877,#1878,#1879,#1880));
#999=AXIS2_PLACEMENT_3D('',#1881,#1882,#1883);
#1000=EDGE_LOOP('',(#1884,#1885,#1886,#1887));
#1001=AXIS2_PLACEMENT_3D('',#1888,#1889,#1890);
#1002=EDGE_LOOP('',(#1891,#1892,#1893,#1894));
#1003=AXIS2_PLACEMENT_3D('',#1895,#1896,#1897);
#1004=EDGE_LOOP('',(#1898,#1899,#1900,#1901));
#1005=AXIS2_PLACEMENT_3D('',#1902,#1903,#1904);
#1006=EDGE_LOOP('',(#1905,#1906,#1907,#1908,#1909,#1910,#1911,#1912,#1913,#1914,#1915,#1916,#1917,#1918,#1919,#1920,#1921,#1922,#1923,#1924,#1925,#1926,#1927,#1928));
#1007=AXIS2_PLACEMENT_3D('',#1929,#1930,#1931);
#1008=EDGE_LOOP('',(#1932,#1933,#1934,#1935));
#1009=AXIS2_PLACEMENT_3D('',#1936,#1937,#1938);
#1010=EDGE_LOOP('',(#1939,#1940,#1941,#1942,#1943));
#1011=AXIS2_PLACEMENT_3D('',#1944,#1945,#1946);
#1012=EDGE_LOOP('',(#1947,#1948,#1949,#1950));
#1013=AXIS2_PLACEMENT_3D('',#1951,#1952,#1953);
#1014=EDGE_LOOP('',(#1954,#1955,#1956,#1957,#1958));
#1015=AXIS2_PLACEMENT_3D('',#1959,#1960,#1961);
#1016=EDGE_LOOP('',(#1962,#1963,#1964,#1965));
#1017=AXIS2_PLACEMENT_3D('',#1966,#1967,#1968);
#1018=EDGE_LOOP('',(#1969,#1970,#1971,#1972,#1973,#1974,#1975,#1976,#1977,#1978,#1979));
#1019=AXIS2_PLACEMENT_3D('',#1980,#1981,#1982);
#1020=EDGE_LOOP('',(#1983,#1984,#1985,#1986));
#1021=AXIS2_PLACEMENT_3D('',#1987,#1988,#1989);
#1022=EDGE_LOOP('',(#1990,#1991,#1992,#1993));
#1023=AXIS2_PLACEMENT_3D('',#1994,#1995,#1996);
#1024=EDGE_LOOP('',(#1997,#1998,#1999,#2000));
#1025=AXIS2_PLACEMENT_3D('',#2001,#2002,#2003);
#1026=EDGE_LOOP('',(#2004,#2005,#2006,#2007,#2008,#2009,#2010,#2011,#2012,#2013,#2014,#2015,#2016,#2017,#2018,#2019));
#1027=AXIS2_PLACEMENT_3D('',#2020,#2021,#2022);
#1028=EDGE_LOOP('',(#2023,#2024,#2025,#2026,#2027,#2028,#2029,#2030,#2031,#2032,#2033,#2034,#2035,#2036,#2037,#2038));
#1029=AXIS2_PLACEMENT_3D('',#2039,#2040,#2041);
#1030=EDGE_LOOP('',(#2042,#2043,#2044,#2045,#2046,#2047,#2048,#2049,#2050,#2051,#2052,#2053,#2054,#2055));
#1031=AXIS2_PLACEMENT_3D('',#2056,#2057,#2058);
#1032=EDGE_LOOP('',(#2059,#2060,#2061,#2062));
#1033=AXIS2_PLACEMENT_3D('',#2063,#2064,#2065);
#1034=EDGE_LOOP('',(#2066,#2067,#2068,#2069));
#1035=AXIS2_PLACEMENT_3D('',#2070,#2071,#2072);
#1036=EDGE_LOOP('',(#2073,#2074,#2075,#2076));
#1037=AXIS2_PLACEMENT_3D('',#2077,#2078,#2079);
#1038=EDGE_LOOP('',(#2080,#2081,#2082,#2083,#2084,#2085,#2086,#2087,#2088,#2089,#2090,#2091));
#1039=AXIS2_PLACEMENT_3D('',#2092,#2093,#2094);
#1040=EDGE_LOOP('',(#2095,#2096,#2097,#2098,#2099,#2100,#2101,#2102,#2103,#2104,#2105,#2106,#2107,#2108));
#1041=AXIS2_PLACEMENT_3D('',#2109,#2110,#2111);
#1042=EDGE_LOOP('',(#2112,#2113,#2114,#2115,#2116,#2117,#2118,#2119,#2120,#2121,#2122,#2123));
#1043=AXIS2_PLACEMENT_3D('',#2124,#2125,#2126);
#1044=EDGE_LOOP('',(#2127,#2128,#2129,#2130,#2131));
#1045=AXIS2_PLACEMENT_3D('',#2132,#2133,#2134);
#1046=EDGE_LOOP('',(#2135,#2136,#2137,#2138,#2139,#2140,#2141,#2142));
#1047=AXIS2_PLACEMENT_3D('',#2143,#2144,#2145);
#1048=EDGE_LOOP('',(#2146,#2147,#2148,#2149,#2150));
#1049=AXIS2_PLACEMENT_3D('',#2151,#2152,#2153);
#1050=EDGE_LOOP('',(#2154,#2155,#2156,#2157));
#1051=AXIS2_PLACEMENT_3D('',#2158,#2159,#2160);
#1052=EDGE_LOOP('',(#2161,#2162,#2163,#2164,#2165,#2166));
#1053=AXIS2_PLACEMENT_3D('',#2167,#2168,#2169);
#1054=EDGE_LOOP('',(#2170,#2171,#2172,#2173));
#1055=AXIS2_PLACEMENT_3D('',#2174,#2175,#2176);
#1056=EDGE_LOOP('',(#2177,#2178,#2179,#2180));
#1057=AXIS2_PLACEMENT_3D('',#2181,#2182,#2183);
#1058=EDGE_LOOP('',(#2184,#2185,#2186,#2187,#2188,#2189,#2190,#2191,#2192,#2193,#2194,#2195,#2196,#2197));
#1059=EDGE_LOOP('',(#2198,#2199,#2200,#2201,#2202,#2203,#2204,#2205));
#1060=EDGE_LOOP('',(#2206,#2207,#2208,#2209,#2210,#2211,#2212,#2213));
#1061=AXIS2_PLACEMENT_3D('',#2214,#2215,#2216);
#1062=EDGE_LOOP('',(#2217,#2218,#2219,#2220,#2221,#2222));
#1063=AXIS2_PLACEMENT_3D('',#2223,#2224,#2225);
#1064=EDGE_LOOP('',(#2226,#2227,#2228,#2229));
#1065=AXIS2_PLACEMENT_3D('',#2230,#2231,#2232);
#1066=EDGE_LOOP('',(#2233,#2234,#2235,#2236));
#1067=AXIS2_PLACEMENT_3D('',#2237,#2238,#2239);
#1068=EDGE_LOOP('',(#2240,#2241,#2242,#2243,#2244,#2245,#2246,#2247,#2248,#2249,#2250,#2251));
#1069=AXIS2_PLACEMENT_3D('',#2252,#2253,#2254);
#1070=EDGE_LOOP('',(#2255,#2256,#2257,#2258,#2259));
#1071=AXIS2_PLACEMENT_3D('',#2260,#2261,#2262);
#1072=EDGE_LOOP('',(#2263,#2264,#2265,#2266,#2267,#2268,#2269,#2270));
#1073=AXIS2_PLACEMENT_3D('',#2271,#2272,#2273);
#1074=EDGE_LOOP('',(#2274,#2275,#2276,#2277,#2278));
#1075=AXIS2_PLACEMENT_3D('',#2279,#2280,#2281);
#1076=EDGE_LOOP('',(#2282,#2283,#2284,#2285));
#1077=AXIS2_PLACEMENT_3D('',#2286,#2287,#2288);
#1078=EDGE_LOOP('',(#2289,#2290,#2291,#2292,#2293,#2294));
#1079=AXIS2_PLACEMENT_3D('',#2295,#2296,#2297);
#1080=EDGE_LOOP('',(#2298,#2299,#2300,#2301));
#1081=AXIS2_PLACEMENT_3D('',#2302,#2303,#2304);
#1082=EDGE_LOOP('',(#2305,#2306,#2307,#2308));
#1083=AXIS2_PLACEMENT_3D('',#2309,#2310,#2311);
#1084=EDGE_LOOP('',(#2312,#2313,#2314,#2315));
#1085=AXIS2_PLACEMENT_3D('',#2316,#2317,#2318);
#1086=EDGE_LOOP('',(#2319,#2320,#2321,#2322));
#1087=AXIS2_PLACEMENT_3D('',#2323,#2324,#2325);
#1088=EDGE_LOOP('',(#2326,#2327,#2328,#2329));
#1089=AXIS2_PLACEMENT_3D('',#2330,#2331,#2332);
#1090=EDGE_LOOP('',(#2333,#2334,#2335,#2336));
#1091=AXIS2_PLACEMENT_3D('',#2337,#2338,#2339);
#1092=EDGE_LOOP('',(#2340,#2341,#2342,#2343,#2344,#2345));
#1093=AXIS2_PLACEMENT_3D('',#2346,#2347,#2348);
#1094=EDGE_LOOP('',(#2349,#2350,#2351,#2352));
#1095=AXIS2_PLACEMENT_3D('',#2353,#2354,#2355);
#1096=EDGE_LOOP('',(#2356,#2357,#2358,#2359));
#1097=AXIS2_PLACEMENT_3D('',#2360,#2361,#2362);
#1098=EDGE_LOOP('',(#2363,#2364,#2365,#2366,#2367,#2368,#2369,#2370,#2371,#2372,#2373,#2374));
#1099=AXIS2_PLACEMENT_3D('',#2375,#2376,#2377);
#1100=EDGE_LOOP('',(#2378,#2379,#2380,#2381,#2382));
#1101=AXIS2_PLACEMENT_3D('',#2383,#2384,#2385);
#1102=EDGE_LOOP('',(#2386,#2387,#2388,#2389,#2390,#2391,#2392,#2393));
#1103=AXIS2_PLACEMENT_3D('',#2394,#2395,#2396);
#1104=EDGE_LOOP('',(#2397,#2398,#2399,#2400,#2401));
#1105=AXIS2_PLACEMENT_3D('',#2402,#2403,#2404);
#1106=EDGE_LOOP('',(#2405,#2406,#2407,#2408));
#1107=AXIS2_PLACEMENT_3D('',#2409,#2410,#2411);
#1108=EDGE_LOOP('',(#2412,#2413,#2414,#2415,#2416,#2417));
#1109=AXIS2_PLACEMENT_3D('',#2418,#2419,#2420);
#1110=EDGE_LOOP('',(#2421,#2422,#2423,#2424));
#1111=AXIS2_PLACEMENT_3D('',#2425,#2426,#2427);
#1112=EDGE_LOOP('',(#2428,#2429,#2430,#2431));
#1113=AXIS2_PLACEMENT_3D('',#2432,#2433,#2434);
#1114=EDGE_LOOP('',(#2435,#2436,#2437,#2438));
#1115=AXIS2_PLACEMENT_3D('',#2439,#2440,#2441);
#1116=EDGE_LOOP('',(#2442,#2443,#2444,#2445));
#1117=AXIS2_PLACEMENT_3D('',#2446,#2447,#2448);
#1118=EDGE_LOOP('',(#2449,#2450,#2451,#2452));
#1119=AXIS2_PLACEMENT_3D('',#2453,#2454,#2455);
#1120=EDGE_LOOP('',(#2456,#2457,#2458,#2459));
#1121=AXIS2_PLACEMENT_3D('',#2460,#2461,#2462);
#1122=EDGE_LOOP('',(#2463,#2464,#2465,#2466));
#1123=AXIS2_PLACEMENT_3D('',#2467,#2468,#2469);
#1124=EDGE_LOOP('',(#2470,#2471,#2472,#2473));
#1125=AXIS2_PLACEMENT_3D('',#2474,#2475,#2476);
#1126=EDGE_LOOP('',(#2477,#2478,#2479,#2480));
#1127=AXIS2_PLACEMENT_3D('',#2481,#2482,#2483);
#1128=EDGE_LOOP('',(#2484,#2485,#2486,#2487));
#1129=AXIS2_PLACEMENT_3D('',#2488,#2489,#2490);
#1130=EDGE_LOOP('',(#2491,#2492,#2493,#2494,#2495,#2496,#2497,#2498,#2499,#2500));
#1131=AXIS2_PLACEMENT_3D('',#2501,#2502,#2503);
#1132=EDGE_LOOP('',(#2504,#2505,#2506,#2507));
#1133=AXIS2_PLACEMENT_3D('',#2508,#2509,#2510);
#1134=EDGE_LOOP('',(#2511,#2512,#2513,#2514));
#1135=AXIS2_PLACEMENT_3D('',#2515,#2516,#2517);
#1136=EDGE_LOOP('',(#2518,#2519,#2520,#2521));
#1137=AXIS2_PLACEMENT_3D('',#2522,#2523,#2524);
#1138=EDGE_LOOP('',(#2525,#2526,#2527,#2528));
#1139=AXIS2_PLACEMENT_3D('',#2529,#2530,#2531);
#1140=EDGE_LOOP('',(#2532,#2533,#2534,#2535,#2536,#2537,#2538,#2539,#2540,#2541,#2542));
#1141=AXIS2_PLACEMENT_3D('',#2543,#2544,#2545);
#1142=EDGE_LOOP('',(#2546,#2547,#2548,#2549));
#1143=EDGE_LOOP('',(#2550,#2551,#2552,#2553,#2554,#2555,#2556,#2557));
#1144=EDGE_LOOP('',(#2558,#2559,#2560,#2561,#2562,#2563,#2564,#2565));
#1145=EDGE_LOOP('',(#2566,#2567,#2568,#2569,#2570,#2571,#2572,#2573));
#1146=AXIS2_PLACEMENT_3D('',#2574,#2575,#2576);
#1147=EDGE_LOOP('',(#2577,#2578,#2579,#2580,#2581,#2582));
#1148=EDGE_LOOP('',(#2583,#2584,#2585,#2586,#2587,#2588,#2589,#2590));
#1149=EDGE_LOOP('',(#2591,#2592,#2593,#2594,#2595,#2596,#2597,#2598));
#1150=EDGE_LOOP('',(#2599,#2600,#2601,#2602,#2603,#2604,#2605,#2606));
#1151=AXIS2_PLACEMENT_3D('',#2607,#2608,#2609);
#1152=EDGE_LOOP('',(#2610,#2611,#2612,#2613));
#1153=AXIS2_PLACEMENT_3D('',#2614,#2615,#2616);
#1154=EDGE_LOOP('',(#2617,#2618,#2619,#2620));
#1155=AXIS2_PLACEMENT_3D('',#2621,#2622,#2623);
#1156=EDGE_LOOP('',(#2624,#2625,#2626,#2627));
#1157=AXIS2_PLACEMENT_3D('',#2628,#2629,#2630);
#1158=EDGE_LOOP('',(#2631,#2632,#2633,#2634));
#1159=AXIS2_PLACEMENT_3D('',#2635,#2636,#2637);
#1160=EDGE_LOOP('',(#2638,#2639,#2640,#2641));
#1161=AXIS2_PLACEMENT_3D('',#2642,#2643,#2644);
#1162=EDGE_LOOP('',(#2645,#2646,#2647,#2648));
#1163=AXIS2_PLACEMENT_3D('',#2649,#2650,#2651);
#1164=EDGE_LOOP('',(#2652,#2653,#2654,#2655));
#1165=AXIS2_PLACEMENT_3D('',#2656,#2657,#2658);
#1166=EDGE_LOOP('',(#2659,#2660,#2661,#2662));
#1167=AXIS2_PLACEMENT_3D('',#2663,#2664,#2665);
#1168=EDGE_LOOP('',(#2666,#2667,#2668,#2669));
#1169=AXIS2_PLACEMENT_3D('',#2670,#2671,#2672);
#1170=EDGE_LOOP('',(#2673,#2674,#2675,#2676));
#1171=AXIS2_PLACEMENT_3D('',#2677,#2678,#2679);
#1172=EDGE_LOOP('',(#2680,#2681,#2682,#2683,#2684,#2685,#2686,#2687));
#1173=AXIS2_PLACEMENT_3D('',#2688,#2689,#2690);
#1174=EDGE_LOOP('',(#2691,#2692,#2693,#2694));
#1175=AXIS2_PLACEMENT_3D('',#2695,#2696,#2697);
#1176=EDGE_LOOP('',(#2698,#2699,#2700,#2701));
#1177=AXIS2_PLACEMENT_3D('',#2702,#2703,#2704);
#1178=EDGE_LOOP('',(#2705,#2706,#2707,#2708));
#1179=AXIS2_PLACEMENT_3D('',#2709,#2710,#2711);
#1180=EDGE_LOOP('',(#2712,#2713,#2714,#2715));
#1181=AXIS2_PLACEMENT_3D('',#2716,#2717,#2718);
#1182=EDGE_LOOP('',(#2719,#2720,#2721,#2722));
#1183=AXIS2_PLACEMENT_3D('',#2723,#2724,#2725);
#1184=EDGE_LOOP('',(#2726,#2727,#2728,#2729));
#1185=AXIS2_PLACEMENT_3D('',#2730,#2731,#2732);
#1186=EDGE_LOOP('',(#2733,#2734,#2735,#2736));
#1187=AXIS2_PLACEMENT_3D('',#2737,#2738,#2739);
#1188=EDGE_LOOP('',(#2740,#2741,#2742,#2743));
#1189=AXIS2_PLACEMENT_3D('',#2744,#2745,#2746);
#1190=EDGE_LOOP('',(#2747,#2748,#2749,#2750,#2751,#2752,#2753,#2754));
#1191=AXIS2_PLACEMENT_3D('',#2755,#2756,#2757);
#1192=EDGE_LOOP('',(#2758,#2759,#2760,#2761));
#1193=AXIS2_PLACEMENT_3D('',#2762,#2763,#2764);
#1194=EDGE_LOOP('',(#2765,#2766,#2767,#2768));
#1195=AXIS2_PLACEMENT_3D('',#2769,#2770,#2771);
#1196=EDGE_LOOP('',(#2772,#2773,#2774,#2775));
#1197=AXIS2_PLACEMENT_3D('',#2776,#2777,#2778);
#1198=EDGE_LOOP('',(#2779,#2780,#2781,#2782));
#1199=AXIS2_PLACEMENT_3D('',#2783,#2784,#2785);
#1200=EDGE_LOOP('',(#2786,#2787,#2788,#2789));
#1201=AXIS2_PLACEMENT_3D('',#2790,#2791,#2792);
#1202=EDGE_LOOP('',(#2793,#2794,#2795,#2796));
#1203=AXIS2_PLACEMENT_3D('',#2797,#2798,#2799);
#1204=EDGE_LOOP('',(#2800,#2801,#2802,#2803));
#1205=AXIS2_PLACEMENT_3D('',#2804,#2805,#2806);
#1206=EDGE_LOOP('',(#2807,#2808,#2809,#2810));
#1207=AXIS2_PLACEMENT_3D('',#2811,#2812,#2813);
#1208=EDGE_LOOP('',(#2814,#2815,#2816,#2817,#2818,#2819,#2820,#2821));
#1209=AXIS2_PLACEMENT_3D('',#2822,#2823,#2824);
#1210=EDGE_LOOP('',(#2825,#2826,#2827,#2828));
#1211=AXIS2_PLACEMENT_3D('',#2829,#2830,#2831);
#1212=EDGE_LOOP('',(#2832,#2833,#2834,#2835));
#1213=AXIS2_PLACEMENT_3D('',#2836,#2837,#2838);
#1214=EDGE_LOOP('',(#2839,#2840,#2841,#2842));
#1215=AXIS2_PLACEMENT_3D('',#2843,#2844,#2845);
#1216=EDGE_LOOP('',(#2846,#2847,#2848,#2849));
#1217=AXIS2_PLACEMENT_3D('',#2850,#2851,#2852);
#1218=EDGE_LOOP('',(#2853,#2854,#2855,#2856));
#1219=AXIS2_PLACEMENT_3D('',#2857,#2858,#2859);
#1220=EDGE_LOOP('',(#2860,#2861,#2862,#2863));
#1221=AXIS2_PLACEMENT_3D('',#2864,#2865,#2866);
#1222=EDGE_LOOP('',(#2867,#2868,#2869,#2870));
#1223=AXIS2_PLACEMENT_3D('',#2871,#2872,#2873);
#1224=EDGE_LOOP('',(#2874,#2875,#2876,#2877));
#1225=AXIS2_PLACEMENT_3D('',#2878,#2879,#2880);
#1226=EDGE_LOOP('',(#2881,#2882,#2883,#2884,#2885,#2886,#2887,#2888));
#1227=AXIS2_PLACEMENT_3D('',#2889,#2890,#2891);
#1228=EDGE_LOOP('',(#2892,#2893,#2894,#2895));
#1229=AXIS2_PLACEMENT_3D('',#2896,#2897,#2898);
#1230=EDGE_LOOP('',(#2899,#2900,#2901,#2902));
#1231=AXIS2_PLACEMENT_3D('',#2903,#2904,#2905);
#1232=EDGE_LOOP('',(#2906,#2907,#2908,#2909));
#1233=AXIS2_PLACEMENT_3D('',#2910,#2911,#2912);
#1234=EDGE_LOOP('',(#2913,#2914,#2915,#2916));
#1235=AXIS2_PLACEMENT_3D('',#2917,#2918,#2919);
#1236=EDGE_LOOP('',(#2920,#2921,#2922,#2923));
#1237=AXIS2_PLACEMENT_3D('',#2924,#2925,#2926);
#1238=EDGE_LOOP('',(#2927,#2928,#2929,#2930));
#1239=AXIS2_PLACEMENT_3D('',#2931,#2932,#2933);
#1240=EDGE_LOOP('',(#2934,#2935,#2936,#2937));
#1241=AXIS2_PLACEMENT_3D('',#2938,#2939,#2940);
#1242=EDGE_LOOP('',(#2941,#2942,#2943,#2944));
#1243=AXIS2_PLACEMENT_3D('',#2945,#2946,#2947);
#1244=EDGE_LOOP('',(#2948,#2949,#2950,#2951,#2952,#2953,#2954,#2955));
#1245=AXIS2_PLACEMENT_3D('',#2956,#2957,#2958);
#1246=EDGE_LOOP('',(#2959,#2960,#2961,#2962));
#1247=AXIS2_PLACEMENT_3D('',#2963,#2964,#2965);
#1248=EDGE_LOOP('',(#2966,#2967,#2968,#2969));
#1249=AXIS2_PLACEMENT_3D('',#2970,#2971,#2972);
#1250=EDGE_LOOP('',(#2973,#2974,#2975,#2976));
#1251=AXIS2_PLACEMENT_3D('',#2977,#2978,#2979);
#1252=EDGE_LOOP('',(#2980,#2981,#2982,#2983));
#1253=AXIS2_PLACEMENT_3D('',#2984,#2985,#2986);
#1254=EDGE_LOOP('',(#2987,#2988,#2989,#2990));
#1255=AXIS2_PLACEMENT_3D('',#2991,#2992,#2993);
#1256=EDGE_LOOP('',(#2994,#2995,#2996,#2997));
#1257=AXIS2_PLACEMENT_3D('',#2998,#2999,#3000);
#1258=EDGE_LOOP('',(#3001,#3002,#3003,#3004));
#1259=AXIS2_PLACEMENT_3D('',#3005,#3006,#3007);
#1260=EDGE_LOOP('',(#3008,#3009,#3010,#3011));
#1261=AXIS2_PLACEMENT_3D('',#3012,#3013,#3014);
#1262=EDGE_LOOP('',(#3015,#3016,#3017,#3018,#3019,#3020,#3021,#3022));
#1263=AXIS2_PLACEMENT_3D('',#3023,#3024,#3025);
#1264=EDGE_LOOP('',(#3026,#3027,#3028,#3029));
#1265=AXIS2_PLACEMENT_3D('',#3030,#3031,#3032);
#1266=EDGE_LOOP('',(#3033,#3034,#3035,#3036));
#1267=AXIS2_PLACEMENT_3D('',#3037,#3038,#3039);
#1268=EDGE_LOOP('',(#3040,#3041,#3042,#3043,#3044,#3045,#3046,#3047,#3048,#3049,#3050,#3051,#3052,#3053,#3054));
#1269=EDGE_LOOP('',(#3055,#3056,#3057,#3058,#3059,#3060,#3061,#3062));
#1270=EDGE_LOOP('',(#3063,#3064,#3065,#3066,#3067,#3068,#3069,#3070));
#1271=AXIS2_PLACEMENT_3D('',#3071,#3072,#3073);
#1272=EDGE_LOOP('',(#3074,#3075,#3076,#3077));
#1273=AXIS2_PLACEMENT_3D('',#3078,#3079,#3080);
#1274=EDGE_LOOP('',(#3081,#3082,#3083,#3084));
#1275=AXIS2_PLACEMENT_3D('',#3085,#3086,#3087);
#1276=EDGE_LOOP('',(#3088,#3089,#3090,#3091));
#1277=AXIS2_PLACEMENT_3D('',#3092,#3093,#3094);
#1278=EDGE_LOOP('',(#3095,#3096,#3097,#3098));
#1279=AXIS2_PLACEMENT_3D('',#3099,#3100,#3101);
#1280=EDGE_LOOP('',(#3102,#3103,#3104,#3105,#3106,#3107));
#1281=AXIS2_PLACEMENT_3D('',#3108,#3109,#3110);
#1282=EDGE_LOOP('',(#3111,#3112,#3113,#3114));
#1283=AXIS2_PLACEMENT_3D('',#3115,#3116,#3117);
#1284=EDGE_LOOP('',(#3118,#3119,#3120,#3121,#3122,#3123,#3124,#3125));
#1285=AXIS2_PLACEMENT_3D('',#3126,#3127,#3128);
#1286=EDGE_LOOP('',(#3129,#3130,#3131,#3132,#3133));
#1287=AXIS2_PLACEMENT_3D('',#3134,#3135,#3136);
#1288=EDGE_LOOP('',(#3137,#3138,#3139,#3140,#3141,#3142,#3143,#3144,#3145,#3146,#3147,#3148));
#1289=AXIS2_PLACEMENT_3D('',#3149,#3150,#3151);
#1290=EDGE_LOOP('',(#3152,#3153,#3154,#3155,#3156));
#1291=AXIS2_PLACEMENT_3D('',#3157,#3158,#3159);
#1292=EDGE_LOOP('',(#3160,#3161,#3162,#3163));
#1293=AXIS2_PLACEMENT_3D('',#3164,#3165,#3166);
#1294=EDGE_LOOP('',(#3167,#3168,#3169,#3170,#3171,#3172));
#1295=AXIS2_PLACEMENT_3D('',#3173,#3174,#3175);
#1296=EDGE_LOOP('',(#3176,#3177,#3178,#3179));
#1297=AXIS2_PLACEMENT_3D('',#3180,#3181,#3182);
#1298=EDGE_LOOP('',(#3183,#3184,#3185,#3186));
#1299=AXIS2_PLACEMENT_3D('',#3187,#3188,#3189);
#1300=EDGE_LOOP('',(#3190,#3191,#3192,#3193));
#1301=AXIS2_PLACEMENT_3D('',#3194,#3195,#3196);
#1302=EDGE_LOOP('',(#3197,#3198,#3199,#3200));
#1303=AXIS2_PLACEMENT_3D('',#3201,#3202,#3203);
#1304=EDGE_LOOP('',(#3204,#3205,#3206,#3207));
#1305=AXIS2_PLACEMENT_3D('',#3208,#3209,#3210);
#1306=EDGE_LOOP('',(#3211,#3212,#3213,#3214));
#1307=AXIS2_PLACEMENT_3D('',#3215,#3216,#3217);
#1308=EDGE_LOOP('',(#3218,#3219,#3220,#3221));
#1309=AXIS2_PLACEMENT_3D('',#3222,#3223,#3224);
#1310=EDGE_LOOP('',(#3225,#3226,#3227,#3228,#3229,#3230));
#1311=AXIS2_PLACEMENT_3D('',#3231,#3232,#3233);
#1312=EDGE_LOOP('',(#3234,#3235,#3236,#3237));
#1313=AXIS2_PLACEMENT_3D('',#3238,#3239,#3240);
#1314=EDGE_LOOP('',(#3241,#3242,#3243,#3244,#3245,#3246,#3247,#3248));
#1315=AXIS2_PLACEMENT_3D('',#3249,#3250,#3251);
#1316=EDGE_LOOP('',(#3252,#3253,#3254,#3255,#3256));
#1317=AXIS2_PLACEMENT_3D('',#3257,#3258,#3259);
#1318=EDGE_LOOP('',(#3260,#3261,#3262,#3263,#3264,#3265,#3266,#3267,#3268,#3269,#3270,#3271));
#1319=AXIS2_PLACEMENT_3D('',#3272,#3273,#3274);
#1320=EDGE_LOOP('',(#3275,#3276,#3277,#3278,#3279));
#1321=AXIS2_PLACEMENT_3D('',#3280,#3281,#3282);
#1322=EDGE_LOOP('',(#3283,#3284,#3285,#3286));
#1323=AXIS2_PLACEMENT_3D('',#3287,#3288,#3289);
#1324=EDGE_LOOP('',(#3290,#3291,#3292,#3293,#3294,#3295));
#1325=AXIS2_PLACEMENT_3D('',#3296,#3297,#3298);
#1326=EDGE_LOOP('',(#3299,#3300,#3301,#3302));
#1327=AXIS2_PLACEMENT_3D('',#3303,#3304,#3305);
#1328=EDGE_LOOP('',(#3306,#3307,#3308,#3309));
#1329=AXIS2_PLACEMENT_3D('',#3310,#3311,#3312);
#1330=EDGE_LOOP('',(#3313,#3314,#3315,#3316));
#1331=AXIS2_PLACEMENT_3D('',#3317,#3318,#3319);
#1332=EDGE_LOOP('',(#3320,#3321,#3322,#3323));
#1333=AXIS2_PLACEMENT_3D('',#3324,#3325,#3326);
#1334=EDGE_LOOP('',(#3327,#3328,#3329,#3330));
#1335=AXIS2_PLACEMENT_3D('',#3331,#3332,#3333);
#1336=EDGE_LOOP('',(#3334,#3335,#3336,#3337,#3338,#3339,#3340,#3341,#3342));
#1337=AXIS2_PLACEMENT_3D('',#3343,#3344,#3345);
#1338=EDGE_LOOP('',(#3346,#3347,#3348,#3349));
#1339=AXIS2_PLACEMENT_3D('',#3350,#3351,#3352);
#1340=EDGE_LOOP('',(#3353,#3354,#3355,#3356,#3357,#3358,#3359,#3360));
#1341=AXIS2_PLACEMENT_3D('',#3361,#3362,#3363);
#1342=EDGE_LOOP('',(#3364,#3365,#3366,#3367,#3368));
#1343=AXIS2_PLACEMENT_3D('',#3369,#3370,#3371);
#1344=EDGE_LOOP('',(#3372,#3373,#3374,#3375,#3376,#3377,#3378,#3379,#3380,#3381,#3382,#3383));
#1345=AXIS2_PLACEMENT_3D('',#3384,#3385,#3386);
#1346=EDGE_LOOP('',(#3387,#3388,#3389,#3390,#3391));
#1347=AXIS2_PLACEMENT_3D('',#3392,#3393,#3394);
#1348=EDGE_LOOP('',(#3395,#3396,#3397,#3398));
#1349=AXIS2_PLACEMENT_3D('',#3399,#3400,#3401);
#1350=EDGE_LOOP('',(#3402,#3403,#3404,#3405,#3406,#3407));
#1351=AXIS2_PLACEMENT_3D('',#3408,#3409,#3410);
#1352=EDGE_LOOP('',(#3411,#3412,#3413,#3414));
#1353=AXIS2_PLACEMENT_3D('',#3415,#3416,#3417);
#1354=EDGE_LOOP('',(#3418,#3419,#3420,#3421));
#1355=AXIS2_PLACEMENT_3D('',#3422,#3423,#3424);
#1356=EDGE_LOOP('',(#3425,#3426,#3427,#3428));
#1357=AXIS2_PLACEMENT_3D('',#3429,#3430,#3431);
#1358=EDGE_LOOP('',(#3432,#3433,#3434,#3435));
#1359=AXIS2_PLACEMENT_3D('',#3436,#3437,#3438);
#1360=EDGE_LOOP('',(#3439,#3440,#3441,#3442));
#1361=AXIS2_PLACEMENT_3D('',#3443,#3444,#3445);
#1362=EDGE_LOOP('',(#3446,#3447,#3448,#3449));
#1363=AXIS2_PLACEMENT_3D('',#3450,#3451,#3452);
#1364=EDGE_LOOP('',(#3453,#3454,#3455,#3456));
#1365=AXIS2_PLACEMENT_3D('',#3457,#3458,#3459);
#1366=EDGE_LOOP('',(#3460,#3461,#3462,#3463));
#1367=AXIS2_PLACEMENT_3D('',#3464,#3465,#3466);
#1368=EDGE_LOOP('',(#3467,#3468,#3469,#3470));
#1369=AXIS2_PLACEMENT_3D('',#3471,#3472,#3473);
#1370=EDGE_LOOP('',(#3474,#3475,#3476,#3477));
#1371=AXIS2_PLACEMENT_3D('',#3478,#3479,#3480);
#1372=EDGE_LOOP('',(#3481,#3482,#3483,#3484));
#1373=AXIS2_PLACEMENT_3D('',#3485,#3486,#3487);
#1374=EDGE_LOOP('',(#3488,#3489,#3490,#3491));
#1375=AXIS2_PLACEMENT_3D('',#3492,#3493,#3494);
#1376=EDGE_LOOP('',(#3495,#3496,#3497,#3498));
#1377=AXIS2_PLACEMENT_3D('',#3499,#3500,#3501);
#1378=EDGE_LOOP('',(#3502,#3503,#3504,#3505,#3506));
#1379=AXIS2_PLACEMENT_3D('',#3507,#3508,#3509);
#1380=EDGE_LOOP('',(#3510,#3511,#3512,#3513));
#1381=AXIS2_PLACEMENT_3D('',#3514,#3515,#3516);
#1382=EDGE_LOOP('',(#3517,#3518,#3519,#3520,#3521,#3522));
#1383=AXIS2_PLACEMENT_3D('',#3523,#3524,#3525);
#1384=EDGE_LOOP('',(#3526,#3527,#3528,#3529));
#1385=AXIS2_PLACEMENT_3D('',#3530,#3531,#3532);
#1386=EDGE_LOOP('',(#3533,#3534,#3535,#3536,#3537));
#1387=AXIS2_PLACEMENT_3D('',#3538,#3539,#3540);
#1388=EDGE_LOOP('',(#3541,#3542,#3543,#3544));
#1389=AXIS2_PLACEMENT_3D('',#3545,#3546,#3547);
#1390=EDGE_LOOP('',(#3548,#3549,#3550,#3551,#3552,#3553,#3554,#3555,#3556,#3557));
#1391=AXIS2_PLACEMENT_3D('',#3558,#3559,#3560);
#1392=EDGE_LOOP('',(#3561,#3562,#3563,#3564));
#1393=AXIS2_PLACEMENT_3D('',#3565,#3566,#3567);
#1394=EDGE_LOOP('',(#3568,#3569,#3570,#3571,#3572,#3573));
#1395=AXIS2_PLACEMENT_3D('',#3574,#3575,#3576);
#1396=EDGE_LOOP('',(#3577,#3578,#3579,#3580));
#1397=AXIS2_PLACEMENT_3D('',#3581,#3582,#3583);
#1398=EDGE_LOOP('',(#3584,#3585,#3586,#3587));
#1399=AXIS2_PLACEMENT_3D('',#3588,#3589,#3590);
#1400=EDGE_LOOP('',(#3591,#3592,#3593,#3594));
#1401=AXIS2_PLACEMENT_3D('',#3595,#3596,#3597);
#1402=EDGE_LOOP('',(#3598,#3599,#3600,#3601));
#1403=AXIS2_PLACEMENT_3D('',#3602,#3603,#3604);
#1404=EDGE_LOOP('',(#3605,#3606,#3607,#3608));
#1405=AXIS2_PLACEMENT_3D('',#3609,#3610,#3611);
#1406=EDGE_LOOP('',(#3612,#3613,#3614,#3615));
#1407=AXIS2_PLACEMENT_3D('',#3616,#3617,#3618);
#1408=EDGE_LOOP('',(#3619,#3620,#3621,#3622,#3623,#3624,#3625,#3626,#3627,#3628));
#1409=AXIS2_PLACEMENT_3D('',#3629,#3630,#3631);
#1410=EDGE_LOOP('',(#3632,#3633,#3634,#3635));
#1411=AXIS2_PLACEMENT_3D('',#3636,#3637,#3638);
#1412=EDGE_LOOP('',(#3639,#3640,#3641,#3642,#3643,#3644,#3645,#3646,#3647,#3648));
#1413=AXIS2_PLACEMENT_3D('',#3649,#3650,#3651);
#1414=EDGE_LOOP('',(#3652,#3653,#3654,#3655));
#1415=AXIS2_PLACEMENT_3D('',#3656,#3657,#3658);
#1416=EDGE_LOOP('',(#3659,#3660,#3661,#3662,#3663,#3664));
#1417=AXIS2_PLACEMENT_3D('',#3665,#3666,#3667);
#1418=EDGE_LOOP('',(#3668,#3669,#3670,#3671));
#1419=AXIS2_PLACEMENT_3D('',#3672,#3673,#3674);
#1420=EDGE_LOOP('',(#3675,#3676,#3677,#3678));
#1421=AXIS2_PLACEMENT_3D('',#3679,#3680,#3681);
#1422=EDGE_LOOP('',(#3682,#3683,#3684,#3685));
#1423=AXIS2_PLACEMENT_3D('',#3686,#3687,#3688);
#1424=EDGE_LOOP('',(#3689,#3690,#3691,#3692));
#1425=AXIS2_PLACEMENT_3D('',#3693,#3694,#3695);
#1426=EDGE_LOOP('',(#3696,#3697,#3698,#3699));
#1427=AXIS2_PLACEMENT_3D('',#3700,#3701,#3702);
#1428=EDGE_LOOP('',(#3703,#3704,#3705,#3706));
#1429=AXIS2_PLACEMENT_3D('',#3707,#3708,#3709);
#1430=EDGE_LOOP('',(#3710,#3711,#3712,#3713));
#1431=AXIS2_PLACEMENT_3D('',#3714,#3715,#3716);
#1432=EDGE_LOOP('',(#3717,#3718,#3719,#3720));
#1433=AXIS2_PLACEMENT_3D('',#3721,#3722,#3723);
#1434=EDGE_LOOP('',(#3724,#3725,#3726,#3727));
#1435=AXIS2_PLACEMENT_3D('',#3728,#3729,#3730);
#1436=EDGE_LOOP('',(#3731,#3732,#3733,#3734));
#1437=AXIS2_PLACEMENT_3D('',#3735,#3736,#3737);
#1438=EDGE_LOOP('',(#3738,#3739,#3740,#3741));
#1439=AXIS2_PLACEMENT_3D('',#3742,#3743,#3744);
#1440=EDGE_LOOP('',(#3745,#3746,#3747,#3748));
#1441=AXIS2_PLACEMENT_3D('',#3749,#3750,#3751);
#1442=EDGE_LOOP('',(#3752,#3753,#3754,#3755));
#1443=AXIS2_PLACEMENT_3D('',#3756,#3757,#3758);
#1444=EDGE_LOOP('',(#3759,#3760,#3761,#3762));
#1445=AXIS2_PLACEMENT_3D('',#3763,#3764,#3765);
#1446=EDGE_LOOP('',(#3766,#3767,#3768,#3769));
#1447=AXIS2_PLACEMENT_3D('',#3770,#3771,#3772);
#1448=EDGE_LOOP('',(#3773,#3774,#3775,#3776));
#1449=AXIS2_PLACEMENT_3D('',#3777,#3778,#3779);
#1450=EDGE_LOOP('',(#3780,#3781,#3782,#3783));
#1451=AXIS2_PLACEMENT_3D('',#3784,#3785,#3786);
#1452=EDGE_LOOP('',(#3787,#3788,#3789,#3790));
#1453=AXIS2_PLACEMENT_3D('',#3791,#3792,#3793);
#1454=EDGE_LOOP('',(#3794,#3795,#3796,#3797));
#1455=AXIS2_PLACEMENT_3D('',#3798,#3799,#3800);
#1456=EDGE_LOOP('',(#3801,#3802,#3803,#3804));
#1457=AXIS2_PLACEMENT_3D('',#3805,#3806,#3807);
#1458=EDGE_LOOP('',(#3808,#3809,#3810,#3811));
#1459=AXIS2_PLACEMENT_3D('',#3812,#3813,#3814);
#1460=EDGE_LOOP('',(#3815,#3816,#3817,#3818));
#1461=AXIS2_PLACEMENT_3D('',#3819,#3820,#3821);
#1462=EDGE_LOOP('',(#3822,#3823,#3824,#3825));
#1463=AXIS2_PLACEMENT_3D('',#3826,#3827,#3828);
#1464=EDGE_LOOP('',(#3829,#3830,#3831,#3832));
#1465=AXIS2_PLACEMENT_3D('',#3833,#3834,#3835);
#1466=LINE('',#3836,#3837);
#1467=LINE('',#3838,#3839);
#1468=LINE('',#3840,#3841);
#1469=LINE('',#3842,#3843);
#1470=LINE('',#3844,#3845);
#1471=LINE('',#3846,#3847);
#1472=LINE('',#3848,#3849);
#1473=LINE('',#3850,#3851);
#1474=LINE('',#3852,#3853);
#1475=LINE('',#3854,#3855);
#1476=LINE('',#3856,#3857);
#1477=LINE('',#3858,#3859);
#1478=LINE('',#3860,#3861);
#1479=LINE('',#3862,#3863);
#1480=LINE('',#3864,#3865);
#1481=LINE('',#3866,#3867);
#1482=LINE('',#3868,#3869);
#1483=LINE('',#3870,#3871);
#1484=LINE('',#3872,#3873);
#1485=LINE('',#3874,#3875);
#1486=LINE('',#3876,#3877);
#1487=LINE('',#3878,#3879);
#1488=LINE('',#3880,#3881);
#1489=LINE('',#3882,#3883);
#1490=ORIENTED_EDGE('',*,*,#3884,.F.);
#1491=ORIENTED_EDGE('',*,*,#3885,.F.);
#1492=ORIENTED_EDGE('',*,*,#3886,.T.);
#1493=ORIENTED_EDGE('',*,*,#3887,.F.);
#1494=ORIENTED_EDGE('',*,*,#3888,.F.);
#1495=ORIENTED_EDGE('',*,*,#3889,.F.);
#1496=ORIENTED_EDGE('',*,*,#3890,.F.);
#1497=ORIENTED_EDGE('',*,*,#3891,.F.);
#1498=ORIENTED_EDGE('',*,*,#3892,.F.);
#1499=ORIENTED_EDGE('',*,*,#3893,.T.);
#1500=ORIENTED_EDGE('',*,*,#3894,.T.);
#1501=ORIENTED_EDGE('',*,*,#3895,.F.);
#1502=ORIENTED_EDGE('',*,*,#3896,.F.);
#1503=ORIENTED_EDGE('',*,*,#3897,.F.);
#1504=ORIENTED_EDGE('',*,*,#3898,.T.);
#1505=ORIENTED_EDGE('',*,*,#3899,.F.);
#1506=ORIENTED_EDGE('',*,*,#3900,.F.);
#1507=ORIENTED_EDGE('',*,*,#3901,.F.);
#1508=ORIENTED_EDGE('',*,*,#3902,.T.);
#1509=ORIENTED_EDGE('',*,*,#3903,.F.);
#1510=ORIENTED_EDGE('',*,*,#3904,.F.);
#1511=ORIENTED_EDGE('',*,*,#3905,.F.);
#1512=ORIENTED_EDGE('',*,*,#3906,.T.);
#1513=ORIENTED_EDGE('',*,*,#3907,.F.);
#1514=CARTESIAN_POINT('',(0.0,-3.2,0.0));
#1515=DIRECTION('',(-0.0,1.0,0.0));
#1516=DIRECTION('',(1.0,0.0,0.0));
#1517=ORIENTED_EDGE('',*,*,#3908,.T.);
#1518=ORIENTED_EDGE('',*,*,#3909,.T.);
#1519=ORIENTED_EDGE('',*,*,#3910,.T.);
#1520=ORIENTED_EDGE('',*,*,#3907,.T.);
#1521=CARTESIAN_POINT('',(0.0,-3.2,-4.6));
#1522=DIRECTION('',(0.0,0.0,1.0));
#1523=DIRECTION('',(1.0,0.0,0.0));
#1524=ORIENTED_EDGE('',*,*,#3911,.T.);
#1525=ORIENTED_EDGE('',*,*,#3912,.T.);
#1526=ORIENTED_EDGE('',*,*,#3913,.T.);
#1527=ORIENTED_EDGE('',*,*,#3903,.T.);
#1528=CARTESIAN_POINT('',(0.0,-3.2,-4.6));
#1529=DIRECTION('',(0.0,0.0,1.0));
#1530=DIRECTION('',(1.0,0.0,0.0));
#1531=ORIENTED_EDGE('',*,*,#3910,.F.);
#1532=ORIENTED_EDGE('',*,*,#3914,.F.);
#1533=ORIENTED_EDGE('',*,*,#3915,.F.);
#1534=ORIENTED_EDGE('',*,*,#3884,.T.);
#1535=CARTESIAN_POINT('',(-1.25,-3.1,10.4));
#1536=DIRECTION('',(-1.0,0.0,0.0));
#1537=DIRECTION('',(0.0,0.0,1.0));
#1538=ORIENTED_EDGE('',*,*,#3916,.T.);
#1539=ORIENTED_EDGE('',*,*,#3917,.T.);
#1540=ORIENTED_EDGE('',*,*,#3918,.F.);
#1541=ORIENTED_EDGE('',*,*,#3919,.F.);
#1542=ORIENTED_EDGE('',*,*,#3920,.F.);
#1543=ORIENTED_EDGE('',*,*,#3921,.F.);
#1544=ORIENTED_EDGE('',*,*,#3922,.F.);
#1545=ORIENTED_EDGE('',*,*,#3923,.T.);
#1546=ORIENTED_EDGE('',*,*,#3924,.F.);
#1547=ORIENTED_EDGE('',*,*,#3925,.F.);
#1548=ORIENTED_EDGE('',*,*,#3889,.T.);
#1549=ORIENTED_EDGE('',*,*,#3926,.F.);
#1550=ORIENTED_EDGE('',*,*,#3927,.F.);
#1551=ORIENTED_EDGE('',*,*,#3928,.F.);
#1552=ORIENTED_EDGE('',*,*,#3885,.T.);
#1553=ORIENTED_EDGE('',*,*,#3915,.T.);
#1554=ORIENTED_EDGE('',*,*,#3929,.F.);
#1555=ORIENTED_EDGE('',*,*,#3930,.F.);
#1556=ORIENTED_EDGE('',*,*,#3905,.T.);
#1557=ORIENTED_EDGE('',*,*,#3931,.T.);
#1558=ORIENTED_EDGE('',*,*,#3932,.F.);
#1559=ORIENTED_EDGE('',*,*,#3933,.F.);
#1560=ORIENTED_EDGE('',*,*,#3901,.T.);
#1561=ORIENTED_EDGE('',*,*,#3934,.F.);
#1562=ORIENTED_EDGE('',*,*,#3935,.F.);
#1563=ORIENTED_EDGE('',*,*,#3936,.F.);
#1564=ORIENTED_EDGE('',*,*,#3897,.T.);
#1565=ORIENTED_EDGE('',*,*,#3937,.T.);
#1566=ORIENTED_EDGE('',*,*,#3938,.F.);
#1567=ORIENTED_EDGE('',*,*,#3939,.F.);
#1568=ORIENTED_EDGE('',*,*,#3940,.F.);
#1569=ORIENTED_EDGE('',*,*,#3941,.T.);
#1570=ORIENTED_EDGE('',*,*,#3942,.T.);
#1571=ORIENTED_EDGE('',*,*,#3943,.T.);
#1572=ORIENTED_EDGE('',*,*,#3944,.T.);
#1573=ORIENTED_EDGE('',*,*,#3945,.T.);
#1574=CARTESIAN_POINT('',(-11.35,-3.2,10.4));
#1575=DIRECTION('',(0.0,0.0,1.0));
#1576=DIRECTION('',(1.0,0.0,0.0));
#1577=ORIENTED_EDGE('',*,*,#3946,.F.);
#1578=ORIENTED_EDGE('',*,*,#3947,.F.);
#1579=ORIENTED_EDGE('',*,*,#3948,.F.);
#1580=ORIENTED_EDGE('',*,*,#3949,.F.);
#1581=ORIENTED_EDGE('',*,*,#3945,.F.);
#1582=ORIENTED_EDGE('',*,*,#3950,.T.);
#1583=CARTESIAN_POINT('',(1.2,-3.2,-10.4));
#1584=DIRECTION('',(-1.0,0.0,0.0));
#1585=DIRECTION('',(0.0,0.0,1.0));
#1586=ORIENTED_EDGE('',*,*,#3951,.T.);
#1587=ORIENTED_EDGE('',*,*,#3952,.T.);
#1588=ORIENTED_EDGE('',*,*,#3953,.T.);
#1589=ORIENTED_EDGE('',*,*,#3954,.F.);
#1590=CARTESIAN_POINT('',(1.2,-3.2,-10.4));
#1591=DIRECTION('',(-1.0,0.0,0.0));
#1592=DIRECTION('',(0.0,0.0,1.0));
#1593=ORIENTED_EDGE('',*,*,#3955,.T.);
#1594=ORIENTED_EDGE('',*,*,#3956,.T.);
#1595=ORIENTED_EDGE('',*,*,#3957,.F.);
#1596=ORIENTED_EDGE('',*,*,#3950,.F.);
#1597=ORIENTED_EDGE('',*,*,#3944,.F.);
#1598=ORIENTED_EDGE('',*,*,#3958,.T.);
#1599=ORIENTED_EDGE('',*,*,#3959,.F.);
#1600=ORIENTED_EDGE('',*,*,#3960,.F.);
#1601=CARTESIAN_POINT('',(-1.8,-1.3,-0.3960254037844));
#1602=DIRECTION('',(-0.0,1.0,0.0));
#1603=DIRECTION('',(1.0,0.0,0.0));
#1604=ORIENTED_EDGE('',*,*,#3961,.T.);
#1605=ORIENTED_EDGE('',*,*,#3962,.F.);
#1606=ORIENTED_EDGE('',*,*,#3918,.T.);
#1607=ORIENTED_EDGE('',*,*,#3963,.F.);
#1608=ORIENTED_EDGE('',*,*,#3964,.T.);
#1609=ORIENTED_EDGE('',*,*,#3965,.T.);
#1610=ORIENTED_EDGE('',*,*,#3966,.F.);
#1611=ORIENTED_EDGE('',*,*,#3967,.T.);
#1612=CARTESIAN_POINT('',(-1.8,-1.3,-0.3960254037844));
#1613=DIRECTION('',(-0.0,1.0,0.0));
#1614=DIRECTION('',(1.0,0.0,0.0));
#1615=ORIENTED_EDGE('',*,*,#3968,.F.);
#1616=ORIENTED_EDGE('',*,*,#3969,.F.);
#1617=ORIENTED_EDGE('',*,*,#3970,.T.);
#1618=ORIENTED_EDGE('',*,*,#3971,.F.);
#1619=ORIENTED_EDGE('',*,*,#3972,.F.);
#1620=ORIENTED_EDGE('',*,*,#3973,.F.);
#1621=ORIENTED_EDGE('',*,*,#3974,.T.);
#1622=ORIENTED_EDGE('',*,*,#3975,.F.);
#1623=ORIENTED_EDGE('',*,*,#3976,.F.);
#1624=ORIENTED_EDGE('',*,*,#3977,.T.);
#1625=ORIENTED_EDGE('',*,*,#3978,.F.);
#1626=ORIENTED_EDGE('',*,*,#3979,.T.);
#1627=ORIENTED_EDGE('',*,*,#3960,.T.);
#1628=CARTESIAN_POINT('',(2.646504300443,1.5,-0.53));
#1629=DIRECTION('',(-0.999961923064171,0.0,0.00872653549837275));
#1630=DIRECTION('',(0.0,1.0,0.0));
#1631=ORIENTED_EDGE('',*,*,#3980,.T.);
#1632=ORIENTED_EDGE('',*,*,#3981,.T.);
#1633=ORIENTED_EDGE('',*,*,#3955,.F.);
#1634=ORIENTED_EDGE('',*,*,#3979,.F.);
#1635=CARTESIAN_POINT('',(2.7,-0.7,1.6));
#1636=DIRECTION('',(1.0,-0.0,0.0));
#1637=DIRECTION('',(0.0,0.0,1.0));
#1638=ORIENTED_EDGE('',*,*,#3982,.F.);
#1639=ORIENTED_EDGE('',*,*,#3983,.F.);
#1640=ORIENTED_EDGE('',*,*,#3984,.T.);
#1641=ORIENTED_EDGE('',*,*,#3985,.T.);
#1642=ORIENTED_EDGE('',*,*,#3986,.T.);
#1643=ORIENTED_EDGE('',*,*,#3956,.F.);
#1644=ORIENTED_EDGE('',*,*,#3981,.F.);
#1645=ORIENTED_EDGE('',*,*,#3987,.T.);
#1646=ORIENTED_EDGE('',*,*,#3988,.F.);
#1647=ORIENTED_EDGE('',*,*,#3989,.T.);
#1648=CARTESIAN_POINT('',(1.532,1.5,2.574));
#1649=DIRECTION('',(1.0,0.0,0.0));
#1650=DIRECTION('',(0.0,1.0,0.0));
#1651=ORIENTED_EDGE('',*,*,#3990,.F.);
#1652=ORIENTED_EDGE('',*,*,#3991,.T.);
#1653=ORIENTED_EDGE('',*,*,#3992,.T.);
#1654=ORIENTED_EDGE('',*,*,#3993,.T.);
#1655=ORIENTED_EDGE('',*,*,#3994,.F.);
#1656=ORIENTED_EDGE('',*,*,#3995,.F.);
#1657=ORIENTED_EDGE('',*,*,#3996,.T.);
#1658=ORIENTED_EDGE('',*,*,#3997,.F.);
#1659=ORIENTED_EDGE('',*,*,#3998,.T.);
#1660=ORIENTED_EDGE('',*,*,#3999,.F.);
#1661=ORIENTED_EDGE('',*,*,#4000,.T.);
#1662=ORIENTED_EDGE('',*,*,#4001,.T.);
#1663=ORIENTED_EDGE('',*,*,#4002,.T.);
#1664=ORIENTED_EDGE('',*,*,#4003,.T.);
#1665=ORIENTED_EDGE('',*,*,#4004,.F.);
#1666=ORIENTED_EDGE('',*,*,#4005,.F.);
#1667=ORIENTED_EDGE('',*,*,#4006,.T.);
#1668=ORIENTED_EDGE('',*,*,#3951,.F.);
#1669=ORIENTED_EDGE('',*,*,#4007,.T.);
#1670=ORIENTED_EDGE('',*,*,#3989,.F.);
#1671=ORIENTED_EDGE('',*,*,#4008,.F.);
#1672=ORIENTED_EDGE('',*,*,#3976,.T.);
#1673=CARTESIAN_POINT('',(3.1,0.7,0.7794479322876));
#1674=DIRECTION('',(0.0,-1.0,0.0));
#1675=DIRECTION('',(0.0,0.0,-1.0));
#1676=ORIENTED_EDGE('',*,*,#4008,.T.);
#1677=ORIENTED_EDGE('',*,*,#3988,.T.);
#1678=ORIENTED_EDGE('',*,*,#4009,.F.);
#1679=ORIENTED_EDGE('',*,*,#3977,.F.);
#1680=CARTESIAN_POINT('',(2.7,-0.6,2.3));
#1681=DIRECTION('',(1.0,-0.0,0.0));
#1682=DIRECTION('',(0.0,0.0,1.0));
#1683=ORIENTED_EDGE('',*,*,#4009,.T.);
#1684=ORIENTED_EDGE('',*,*,#3987,.F.);
#1685=ORIENTED_EDGE('',*,*,#3980,.F.);
#1686=ORIENTED_EDGE('',*,*,#3978,.T.);
#1687=CARTESIAN_POINT('',(2.7,-0.7,1.0));
#1688=DIRECTION('',(0.0,0.0,1.0));
#1689=DIRECTION('',(1.0,0.0,0.0));
#1690=ORIENTED_EDGE('',*,*,#3954,.T.);
#1691=ORIENTED_EDGE('',*,*,#4010,.T.);
#1692=ORIENTED_EDGE('',*,*,#3982,.T.);
#1693=ORIENTED_EDGE('',*,*,#4007,.F.);
#1694=CARTESIAN_POINT('',(1.366,1.5,2.574));
#1695=DIRECTION('',(-0.0,-1.0,0.0));
#1696=DIRECTION('',(-1.0,0.0,0.0));
#1697=ORIENTED_EDGE('',*,*,#4011,.T.);
#1698=ORIENTED_EDGE('',*,*,#3983,.T.);
#1699=ORIENTED_EDGE('',*,*,#4010,.F.);
#1700=ORIENTED_EDGE('',*,*,#3953,.F.);
#1701=ORIENTED_EDGE('',*,*,#4012,.T.);
#1702=ORIENTED_EDGE('',*,*,#3974,.F.);
#1703=CARTESIAN_POINT('',(2.7,1.5,5.6));
#1704=DIRECTION('',(-0.0,1.0,0.0));
#1705=DIRECTION('',(1.0,0.0,0.0));
#1706=ORIENTED_EDGE('',*,*,#4012,.F.);
#1707=ORIENTED_EDGE('',*,*,#4013,.F.);
#1708=ORIENTED_EDGE('',*,*,#4014,.F.);
#1709=ORIENTED_EDGE('',*,*,#4015,.F.);
#1710=ORIENTED_EDGE('',*,*,#3990,.T.);
#1711=ORIENTED_EDGE('',*,*,#3975,.T.);
#1712=CARTESIAN_POINT('',(1.2,3.2,5.6));
#1713=DIRECTION('',(0.0,0.0,1.0));
#1714=DIRECTION('',(1.0,0.0,0.0));
#1715=ORIENTED_EDGE('',*,*,#4016,.F.);
#1716=ORIENTED_EDGE('',*,*,#4017,.F.);
#1717=ORIENTED_EDGE('',*,*,#4018,.F.);
#1718=ORIENTED_EDGE('',*,*,#4019,.F.);
#1719=ORIENTED_EDGE('',*,*,#4020,.F.);
#1720=ORIENTED_EDGE('',*,*,#4021,.F.);
#1721=ORIENTED_EDGE('',*,*,#4022,.F.);
#1722=ORIENTED_EDGE('',*,*,#4023,.F.);
#1723=ORIENTED_EDGE('',*,*,#3991,.F.);
#1724=ORIENTED_EDGE('',*,*,#4015,.T.);
#1725=CARTESIAN_POINT('',(3.1,-3.2,-10.4));
#1726=DIRECTION('',(-1.0,0.0,0.0));
#1727=DIRECTION('',(0.0,0.0,1.0));
#1728=ORIENTED_EDGE('',*,*,#4024,.F.);
#1729=ORIENTED_EDGE('',*,*,#4025,.F.);
#1730=ORIENTED_EDGE('',*,*,#3992,.F.);
#1731=ORIENTED_EDGE('',*,*,#4023,.T.);
#1732=ORIENTED_EDGE('',*,*,#4026,.T.);
#1733=ORIENTED_EDGE('',*,*,#4027,.F.);
#1734=ORIENTED_EDGE('',*,*,#3996,.F.);
#1735=ORIENTED_EDGE('',*,*,#4028,.T.);
#1736=CARTESIAN_POINT('',(3.1,0.7,10.4));
#1737=DIRECTION('',(0.0,0.0,1.0));
#1738=DIRECTION('',(1.0,0.0,0.0));
#1739=ORIENTED_EDGE('',*,*,#4029,.F.);
#1740=ORIENTED_EDGE('',*,*,#4030,.F.);
#1741=ORIENTED_EDGE('',*,*,#4028,.F.);
#1742=ORIENTED_EDGE('',*,*,#3995,.T.);
#1743=CARTESIAN_POINT('',(-0.425,1.9,10.4));
#1744=DIRECTION('',(-1.0,0.0,0.0));
#1745=DIRECTION('',(0.0,0.0,1.0));
#1746=ORIENTED_EDGE('',*,*,#4030,.T.);
#1747=ORIENTED_EDGE('',*,*,#4031,.F.);
#1748=ORIENTED_EDGE('',*,*,#4032,.F.);
#1749=ORIENTED_EDGE('',*,*,#4024,.T.);
#1750=CARTESIAN_POINT('',(1.325,1.9,10.4));
#1751=DIRECTION('',(-0.0,1.0,0.0));
#1752=DIRECTION('',(1.0,0.0,0.0));
#1753=ORIENTED_EDGE('',*,*,#4025,.T.);
#1754=ORIENTED_EDGE('',*,*,#4032,.T.);
#1755=ORIENTED_EDGE('',*,*,#4033,.F.);
#1756=ORIENTED_EDGE('',*,*,#3993,.F.);
#1757=CARTESIAN_POINT('',(1.325,0.7,10.4));
#1758=DIRECTION('',(1.0,0.0,0.0));
#1759=DIRECTION('',(0.0,1.0,0.0));
#1760=ORIENTED_EDGE('',*,*,#4033,.T.);
#1761=ORIENTED_EDGE('',*,*,#4031,.T.);
#1762=ORIENTED_EDGE('',*,*,#4029,.T.);
#1763=ORIENTED_EDGE('',*,*,#3994,.T.);
#1764=CARTESIAN_POINT('',(3.1,-3.2,5.9));
#1765=DIRECTION('',(0.0,0.0,1.0));
#1766=DIRECTION('',(1.0,0.0,0.0));
#1767=ORIENTED_EDGE('',*,*,#3997,.T.);
#1768=ORIENTED_EDGE('',*,*,#4027,.T.);
#1769=ORIENTED_EDGE('',*,*,#4034,.T.);
#1770=ORIENTED_EDGE('',*,*,#4035,.T.);
#1771=ORIENTED_EDGE('',*,*,#4036,.T.);
#1772=ORIENTED_EDGE('',*,*,#4037,.T.);
#1773=ORIENTED_EDGE('',*,*,#4038,.T.);
#1774=ORIENTED_EDGE('',*,*,#4039,.T.);
#1775=ORIENTED_EDGE('',*,*,#4040,.T.);
#1776=ORIENTED_EDGE('',*,*,#4041,.F.);
#1777=CARTESIAN_POINT('',(-2.2,-3.2,-10.4));
#1778=DIRECTION('',(-1.0,0.0,0.0));
#1779=DIRECTION('',(0.0,0.0,1.0));
#1780=ORIENTED_EDGE('',*,*,#3998,.F.);
#1781=ORIENTED_EDGE('',*,*,#4041,.T.);
#1782=ORIENTED_EDGE('',*,*,#4042,.T.);
#1783=ORIENTED_EDGE('',*,*,#4043,.T.);
#1784=ORIENTED_EDGE('',*,*,#4044,.T.);
#1785=ORIENTED_EDGE('',*,*,#4045,.F.);
#1786=CARTESIAN_POINT('',(-2.2,3.2,5.6));
#1787=DIRECTION('',(0.0,0.0,1.0));
#1788=DIRECTION('',(1.0,0.0,0.0));
#1789=ORIENTED_EDGE('',*,*,#3967,.F.);
#1790=ORIENTED_EDGE('',*,*,#4046,.F.);
#1791=ORIENTED_EDGE('',*,*,#4047,.T.);
#1792=ORIENTED_EDGE('',*,*,#4048,.F.);
#1793=ORIENTED_EDGE('',*,*,#3999,.T.);
#1794=ORIENTED_EDGE('',*,*,#4045,.T.);
#1795=ORIENTED_EDGE('',*,*,#4049,.F.);
#1796=ORIENTED_EDGE('',*,*,#4050,.T.);
#1797=ORIENTED_EDGE('',*,*,#4051,.T.);
#1798=ORIENTED_EDGE('',*,*,#4052,.T.);
#1799=ORIENTED_EDGE('',*,*,#4053,.F.);
#1800=ORIENTED_EDGE('',*,*,#4054,.F.);
#1801=ORIENTED_EDGE('',*,*,#4055,.T.);
#1802=CARTESIAN_POINT('',(-1.8,1.5,5.6));
#1803=DIRECTION('',(0.999961923064171,0.0,0.00872653549837275));
#1804=DIRECTION('',(0.0,-1.0,0.0));
#1805=ORIENTED_EDGE('',*,*,#4056,.F.);
#1806=ORIENTED_EDGE('',*,*,#4057,.T.);
#1807=ORIENTED_EDGE('',*,*,#3961,.F.);
#1808=ORIENTED_EDGE('',*,*,#4055,.F.);
#1809=CARTESIAN_POINT('',(-1.8,-3.2,-10.4));
#1810=DIRECTION('',(1.0,0.0,0.0));
#1811=DIRECTION('',(0.0,1.0,0.0));
#1812=ORIENTED_EDGE('',*,*,#4058,.F.);
#1813=ORIENTED_EDGE('',*,*,#4059,.T.);
#1814=ORIENTED_EDGE('',*,*,#4060,.T.);
#1815=ORIENTED_EDGE('',*,*,#4061,.F.);
#1816=ORIENTED_EDGE('',*,*,#4057,.F.);
#1817=CARTESIAN_POINT('',(-2.45,-2.2,7.1));
#1818=DIRECTION('',(0.0,0.0,-1.0));
#1819=DIRECTION('',(0.0,-1.0,0.0));
#1820=ORIENTED_EDGE('',*,*,#4061,.T.);
#1821=ORIENTED_EDGE('',*,*,#4062,.T.);
#1822=ORIENTED_EDGE('',*,*,#3919,.T.);
#1823=ORIENTED_EDGE('',*,*,#3962,.T.);
#1824=CARTESIAN_POINT('',(-1.8,-3.2,-10.4));
#1825=DIRECTION('',(1.0,0.0,0.0));
#1826=DIRECTION('',(0.0,1.0,0.0));
#1827=ORIENTED_EDGE('',*,*,#3920,.T.);
#1828=ORIENTED_EDGE('',*,*,#4062,.F.);
#1829=ORIENTED_EDGE('',*,*,#4060,.F.);
#1830=ORIENTED_EDGE('',*,*,#4063,.F.);
#1831=CARTESIAN_POINT('',(-2.45,-0.8,7.1));
#1832=DIRECTION('',(-0.0,1.0,0.0));
#1833=DIRECTION('',(1.0,0.0,0.0));
#1834=ORIENTED_EDGE('',*,*,#4064,.F.);
#1835=ORIENTED_EDGE('',*,*,#4065,.F.);
#1836=ORIENTED_EDGE('',*,*,#4066,.T.);
#1837=ORIENTED_EDGE('',*,*,#4067,.F.);
#1838=ORIENTED_EDGE('',*,*,#4068,.F.);
#1839=ORIENTED_EDGE('',*,*,#4069,.F.);
#1840=ORIENTED_EDGE('',*,*,#4070,.T.);
#1841=ORIENTED_EDGE('',*,*,#4071,.F.);
#1842=ORIENTED_EDGE('',*,*,#3921,.T.);
#1843=ORIENTED_EDGE('',*,*,#4063,.T.);
#1844=ORIENTED_EDGE('',*,*,#4059,.F.);
#1845=ORIENTED_EDGE('',*,*,#4072,.F.);
#1846=CARTESIAN_POINT('',(-2.45,-2.2,-10.4));
#1847=DIRECTION('',(-1.0,0.0,0.0));
#1848=DIRECTION('',(0.0,0.0,1.0));
#1849=ORIENTED_EDGE('',*,*,#4073,.T.);
#1850=ORIENTED_EDGE('',*,*,#4074,.F.);
#1851=ORIENTED_EDGE('',*,*,#4075,.T.);
#1852=ORIENTED_EDGE('',*,*,#4076,.T.);
#1853=ORIENTED_EDGE('',*,*,#3947,.T.);
#1854=ORIENTED_EDGE('',*,*,#4077,.F.);
#1855=ORIENTED_EDGE('',*,*,#3969,.T.);
#1856=CARTESIAN_POINT('',(-2.45,-1.8,-1.8));
#1857=DIRECTION('',(-0.0,1.0,0.0));
#1858=DIRECTION('',(1.0,0.0,0.0));
#1859=ORIENTED_EDGE('',*,*,#4078,.F.);
#1860=ORIENTED_EDGE('',*,*,#4079,.F.);
#1861=ORIENTED_EDGE('',*,*,#4072,.T.);
#1862=ORIENTED_EDGE('',*,*,#4058,.T.);
#1863=ORIENTED_EDGE('',*,*,#4056,.T.);
#1864=ORIENTED_EDGE('',*,*,#4054,.T.);
#1865=ORIENTED_EDGE('',*,*,#4080,.F.);
#1866=CARTESIAN_POINT('',(-2.45,-1.8,-1.8));
#1867=DIRECTION('',(-0.0,1.0,0.0));
#1868=DIRECTION('',(1.0,0.0,0.0));
#1869=ORIENTED_EDGE('',*,*,#4077,.T.);
#1870=ORIENTED_EDGE('',*,*,#3946,.T.);
#1871=ORIENTED_EDGE('',*,*,#3957,.T.);
#1872=ORIENTED_EDGE('',*,*,#4081,.F.);
#1873=ORIENTED_EDGE('',*,*,#3970,.F.);
#1874=CARTESIAN_POINT('',(2.7,-1.8,-0.53));
#1875=DIRECTION('',(0.0,-0.258819045102493,0.965925826289076));
#1876=DIRECTION('',(-1.0,0.0,0.0));
#1877=ORIENTED_EDGE('',*,*,#4081,.T.);
#1878=ORIENTED_EDGE('',*,*,#3986,.F.);
#1879=ORIENTED_EDGE('',*,*,#4082,.F.);
#1880=ORIENTED_EDGE('',*,*,#3971,.T.);
#1881=CARTESIAN_POINT('',(2.7,-0.09597228928638,-0.07));
#1882=DIRECTION('',(0.0,0.260619655578795,-0.965441554484781));
#1883=DIRECTION('',(-1.0,0.0,0.0));
#1884=ORIENTED_EDGE('',*,*,#4082,.T.);
#1885=ORIENTED_EDGE('',*,*,#3985,.F.);
#1886=ORIENTED_EDGE('',*,*,#4083,.F.);
#1887=ORIENTED_EDGE('',*,*,#3972,.T.);
#1888=CARTESIAN_POINT('',(2.7,1.22,0.67));
#1889=DIRECTION('',(0.0,0.490143289314685,-0.871641873672772));
#1890=DIRECTION('',(-1.0,0.0,0.0));
#1891=ORIENTED_EDGE('',*,*,#4083,.T.);
#1892=ORIENTED_EDGE('',*,*,#3984,.F.);
#1893=ORIENTED_EDGE('',*,*,#4011,.F.);
#1894=ORIENTED_EDGE('',*,*,#3973,.T.);
#1895=CARTESIAN_POINT('',(2.7,1.5,1.737296518422));
#1896=DIRECTION('',(0.0,0.96726775277588,-0.253757944584795));
#1897=DIRECTION('',(-1.0,0.0,0.0));
#1898=ORIENTED_EDGE('',*,*,#4076,.F.);
#1899=ORIENTED_EDGE('',*,*,#4084,.F.);
#1900=ORIENTED_EDGE('',*,*,#4085,.T.);
#1901=ORIENTED_EDGE('',*,*,#3948,.T.);
#1902=CARTESIAN_POINT('',(3.35,-2.2,-1.8));
#1903=DIRECTION('',(0.0,0.0,1.0));
#1904=DIRECTION('',(1.0,0.0,0.0));
#1905=ORIENTED_EDGE('',*,*,#4086,.F.);
#1906=ORIENTED_EDGE('',*,*,#4087,.F.);
#1907=ORIENTED_EDGE('',*,*,#4088,.T.);
#1908=ORIENTED_EDGE('',*,*,#4089,.T.);
#1909=ORIENTED_EDGE('',*,*,#4090,.T.);
#1910=ORIENTED_EDGE('',*,*,#4091,.F.);
#1911=ORIENTED_EDGE('',*,*,#4092,.T.);
#1912=ORIENTED_EDGE('',*,*,#4093,.F.);
#1913=ORIENTED_EDGE('',*,*,#4094,.F.);
#1914=ORIENTED_EDGE('',*,*,#4095,.F.);
#1915=ORIENTED_EDGE('',*,*,#4065,.T.);
#1916=ORIENTED_EDGE('',*,*,#4096,.T.);
#1917=ORIENTED_EDGE('',*,*,#4097,.F.);
#1918=ORIENTED_EDGE('',*,*,#3916,.F.);
#1919=ORIENTED_EDGE('',*,*,#3949,.T.);
#1920=ORIENTED_EDGE('',*,*,#4085,.F.);
#1921=ORIENTED_EDGE('',*,*,#4098,.F.);
#1922=ORIENTED_EDGE('',*,*,#4099,.F.);
#1923=ORIENTED_EDGE('',*,*,#4100,.T.);
#1924=ORIENTED_EDGE('',*,*,#4101,.F.);
#1925=ORIENTED_EDGE('',*,*,#4102,.F.);
#1926=ORIENTED_EDGE('',*,*,#4103,.F.);
#1927=ORIENTED_EDGE('',*,*,#4104,.F.);
#1928=ORIENTED_EDGE('',*,*,#4105,.T.);
#1929=CARTESIAN_POINT('',(3.35,-2.2,-10.4));
#1930=DIRECTION('',(0.0,-1.0,0.0));
#1931=DIRECTION('',(0.0,0.0,-1.0));
#1932=ORIENTED_EDGE('',*,*,#4105,.F.);
#1933=ORIENTED_EDGE('',*,*,#4106,.F.);
#1934=ORIENTED_EDGE('',*,*,#4107,.T.);
#1935=ORIENTED_EDGE('',*,*,#4108,.F.);
#1936=CARTESIAN_POINT('',(6.525,-2.5,-10.1));
#1937=DIRECTION('',(0.0,0.707106781186548,-0.707106781186548));
#1938=DIRECTION('',(-1.0,0.0,0.0));
#1939=ORIENTED_EDGE('',*,*,#4109,.F.);
#1940=ORIENTED_EDGE('',*,*,#3894,.F.);
#1941=ORIENTED_EDGE('',*,*,#4110,.F.);
#1942=ORIENTED_EDGE('',*,*,#4086,.T.);
#1943=ORIENTED_EDGE('',*,*,#4108,.T.);
#1944=CARTESIAN_POINT('',(1.7,-2.2,-7.35));
#1945=DIRECTION('',(1.0,0.0,0.0));
#1946=DIRECTION('',(0.0,1.0,0.0));
#1947=ORIENTED_EDGE('',*,*,#4111,.F.);
#1948=ORIENTED_EDGE('',*,*,#4087,.T.);
#1949=ORIENTED_EDGE('',*,*,#4110,.T.);
#1950=ORIENTED_EDGE('',*,*,#3893,.F.);
#1951=CARTESIAN_POINT('',(-0.8,-2.2,-7.35));
#1952=DIRECTION('',(0.0,0.0,1.0));
#1953=DIRECTION('',(1.0,0.0,0.0));
#1954=ORIENTED_EDGE('',*,*,#4088,.F.);
#1955=ORIENTED_EDGE('',*,*,#4111,.T.);
#1956=ORIENTED_EDGE('',*,*,#3892,.T.);
#1957=ORIENTED_EDGE('',*,*,#4112,.T.);
#1958=ORIENTED_EDGE('',*,*,#4113,.T.);
#1959=CARTESIAN_POINT('',(-0.8,-2.2,-10.4));
#1960=DIRECTION('',(-1.0,0.0,0.0));
#1961=DIRECTION('',(0.0,0.0,1.0));
#1962=ORIENTED_EDGE('',*,*,#4089,.F.);
#1963=ORIENTED_EDGE('',*,*,#4113,.F.);
#1964=ORIENTED_EDGE('',*,*,#4114,.T.);
#1965=ORIENTED_EDGE('',*,*,#4115,.F.);
#1966=CARTESIAN_POINT('',(-6.075,-2.5,-10.1));
#1967=DIRECTION('',(0.0,0.707106781186548,-0.707106781186548));
#1968=DIRECTION('',(-1.0,0.0,0.0));
#1969=ORIENTED_EDGE('',*,*,#4116,.F.);
#1970=ORIENTED_EDGE('',*,*,#3890,.T.);
#1971=ORIENTED_EDGE('',*,*,#3925,.T.);
#1972=ORIENTED_EDGE('',*,*,#4117,.T.);
#1973=ORIENTED_EDGE('',*,*,#4118,.F.);
#1974=ORIENTED_EDGE('',*,*,#4119,.F.);
#1975=ORIENTED_EDGE('',*,*,#4120,.F.);
#1976=ORIENTED_EDGE('',*,*,#4121,.T.);
#1977=ORIENTED_EDGE('',*,*,#4122,.F.);
#1978=ORIENTED_EDGE('',*,*,#4090,.F.);
#1979=ORIENTED_EDGE('',*,*,#4115,.T.);
#1980=CARTESIAN_POINT('',(-11.35,-3.2,-10.4));
#1981=DIRECTION('',(-1.0,0.0,0.0));
#1982=DIRECTION('',(0.0,0.0,1.0));
#1983=ORIENTED_EDGE('',*,*,#4123,.T.);
#1984=ORIENTED_EDGE('',*,*,#4124,.F.);
#1985=ORIENTED_EDGE('',*,*,#4091,.T.);
#1986=ORIENTED_EDGE('',*,*,#4122,.T.);
#1987=CARTESIAN_POINT('',(0.0,-3.2,-9.4));
#1988=DIRECTION('',(0.0,0.0,-1.0));
#1989=DIRECTION('',(0.0,-1.0,0.0));
#1990=ORIENTED_EDGE('',*,*,#4103,.T.);
#1991=ORIENTED_EDGE('',*,*,#4125,.F.);
#1992=ORIENTED_EDGE('',*,*,#4126,.T.);
#1993=ORIENTED_EDGE('',*,*,#4127,.F.);
#1994=CARTESIAN_POINT('',(0.0,-3.2,-9.4));
#1995=DIRECTION('',(0.0,0.0,-1.0));
#1996=DIRECTION('',(0.0,-1.0,0.0));
#1997=ORIENTED_EDGE('',*,*,#4128,.T.);
#1998=ORIENTED_EDGE('',*,*,#4129,.F.);
#1999=ORIENTED_EDGE('',*,*,#4092,.F.);
#2000=ORIENTED_EDGE('',*,*,#4124,.T.);
#2001=CARTESIAN_POINT('',(-9.45,-2.2,-10.4));
#2002=DIRECTION('',(-1.0,0.0,0.0));
#2003=DIRECTION('',(0.0,0.0,1.0));
#2004=ORIENTED_EDGE('',*,*,#4130,.T.);
#2005=ORIENTED_EDGE('',*,*,#4093,.T.);
#2006=ORIENTED_EDGE('',*,*,#4129,.T.);
#2007=ORIENTED_EDGE('',*,*,#4131,.F.);
#2008=ORIENTED_EDGE('',*,*,#4132,.F.);
#2009=ORIENTED_EDGE('',*,*,#4133,.T.);
#2010=ORIENTED_EDGE('',*,*,#4134,.F.);
#2011=ORIENTED_EDGE('',*,*,#4135,.F.);
#2012=ORIENTED_EDGE('',*,*,#4136,.F.);
#2013=ORIENTED_EDGE('',*,*,#4137,.T.);
#2014=ORIENTED_EDGE('',*,*,#4138,.F.);
#2015=ORIENTED_EDGE('',*,*,#4139,.F.);
#2016=ORIENTED_EDGE('',*,*,#4140,.F.);
#2017=ORIENTED_EDGE('',*,*,#4141,.T.);
#2018=ORIENTED_EDGE('',*,*,#4142,.F.);
#2019=ORIENTED_EDGE('',*,*,#4143,.F.);
#2020=CARTESIAN_POINT('',(0.0,-3.2,-1.8));
#2021=DIRECTION('',(0.0,0.0,-1.0));
#2022=DIRECTION('',(0.0,-1.0,0.0));
#2023=ORIENTED_EDGE('',*,*,#4144,.F.);
#2024=ORIENTED_EDGE('',*,*,#4145,.F.);
#2025=ORIENTED_EDGE('',*,*,#4146,.F.);
#2026=ORIENTED_EDGE('',*,*,#4147,.T.);
#2027=ORIENTED_EDGE('',*,*,#4148,.F.);
#2028=ORIENTED_EDGE('',*,*,#4149,.F.);
#2029=ORIENTED_EDGE('',*,*,#4150,.F.);
#2030=ORIENTED_EDGE('',*,*,#4151,.T.);
#2031=ORIENTED_EDGE('',*,*,#4152,.F.);
#2032=ORIENTED_EDGE('',*,*,#4153,.F.);
#2033=ORIENTED_EDGE('',*,*,#4154,.T.);
#2034=ORIENTED_EDGE('',*,*,#4101,.T.);
#2035=ORIENTED_EDGE('',*,*,#4155,.T.);
#2036=ORIENTED_EDGE('',*,*,#4156,.F.);
#2037=ORIENTED_EDGE('',*,*,#4157,.F.);
#2038=ORIENTED_EDGE('',*,*,#4158,.T.);
#2039=CARTESIAN_POINT('',(0.0,-3.2,-1.8));
#2040=DIRECTION('',(0.0,0.0,-1.0));
#2041=DIRECTION('',(0.0,-1.0,0.0));
#2042=ORIENTED_EDGE('',*,*,#4159,.F.);
#2043=ORIENTED_EDGE('',*,*,#4139,.T.);
#2044=ORIENTED_EDGE('',*,*,#4160,.F.);
#2045=ORIENTED_EDGE('',*,*,#4135,.T.);
#2046=ORIENTED_EDGE('',*,*,#4161,.F.);
#2047=ORIENTED_EDGE('',*,*,#4131,.T.);
#2048=ORIENTED_EDGE('',*,*,#4128,.F.);
#2049=ORIENTED_EDGE('',*,*,#4123,.F.);
#2050=ORIENTED_EDGE('',*,*,#4121,.F.);
#2051=ORIENTED_EDGE('',*,*,#4162,.F.);
#2052=ORIENTED_EDGE('',*,*,#4067,.T.);
#2053=ORIENTED_EDGE('',*,*,#4163,.F.);
#2054=ORIENTED_EDGE('',*,*,#4164,.T.);
#2055=ORIENTED_EDGE('',*,*,#4143,.T.);
#2056=CARTESIAN_POINT('',(-9.45,-0.35,-10.4));
#2057=DIRECTION('',(-0.0,1.0,0.0));
#2058=DIRECTION('',(1.0,0.0,0.0));
#2059=ORIENTED_EDGE('',*,*,#4094,.T.);
#2060=ORIENTED_EDGE('',*,*,#4130,.F.);
#2061=ORIENTED_EDGE('',*,*,#4164,.F.);
#2062=ORIENTED_EDGE('',*,*,#4165,.T.);
#2063=CARTESIAN_POINT('',(-2.9,-0.35,-10.4));
#2064=DIRECTION('',(1.0,0.0,0.0));
#2065=DIRECTION('',(0.0,1.0,0.0));
#2066=ORIENTED_EDGE('',*,*,#4166,.T.);
#2067=ORIENTED_EDGE('',*,*,#4167,.F.);
#2068=ORIENTED_EDGE('',*,*,#4099,.T.);
#2069=ORIENTED_EDGE('',*,*,#4168,.T.);
#2070=CARTESIAN_POINT('',(0.0,-3.2,-6.3));
#2071=DIRECTION('',(0.0,0.0,-1.0));
#2072=DIRECTION('',(0.0,-1.0,0.0));
#2073=ORIENTED_EDGE('',*,*,#4095,.T.);
#2074=ORIENTED_EDGE('',*,*,#4165,.F.);
#2075=ORIENTED_EDGE('',*,*,#4163,.T.);
#2076=ORIENTED_EDGE('',*,*,#4066,.F.);
#2077=CARTESIAN_POINT('',(0.0,-3.2,-6.3));
#2078=DIRECTION('',(0.0,0.0,-1.0));
#2079=DIRECTION('',(0.0,-1.0,0.0));
#2080=ORIENTED_EDGE('',*,*,#4169,.T.);
#2081=ORIENTED_EDGE('',*,*,#4170,.F.);
#2082=ORIENTED_EDGE('',*,*,#3941,.F.);
#2083=ORIENTED_EDGE('',*,*,#4171,.T.);
#2084=ORIENTED_EDGE('',*,*,#4172,.F.);
#2085=ORIENTED_EDGE('',*,*,#4173,.T.);
#2086=ORIENTED_EDGE('',*,*,#4174,.T.);
#2087=ORIENTED_EDGE('',*,*,#4175,.T.);
#2088=ORIENTED_EDGE('',*,*,#4168,.F.);
#2089=ORIENTED_EDGE('',*,*,#4098,.T.);
#2090=ORIENTED_EDGE('',*,*,#4084,.T.);
#2091=ORIENTED_EDGE('',*,*,#4075,.F.);
#2092=CARTESIAN_POINT('',(3.35,3.2,-10.4));
#2093=DIRECTION('',(1.0,0.0,0.0));
#2094=DIRECTION('',(0.0,1.0,0.0));
#2095=ORIENTED_EDGE('',*,*,#4176,.F.);
#2096=ORIENTED_EDGE('',*,*,#4166,.F.);
#2097=ORIENTED_EDGE('',*,*,#4175,.F.);
#2098=ORIENTED_EDGE('',*,*,#4177,.F.);
#2099=ORIENTED_EDGE('',*,*,#4178,.T.);
#2100=ORIENTED_EDGE('',*,*,#4126,.F.);
#2101=ORIENTED_EDGE('',*,*,#4179,.T.);
#2102=ORIENTED_EDGE('',*,*,#4153,.T.);
#2103=ORIENTED_EDGE('',*,*,#4180,.F.);
#2104=ORIENTED_EDGE('',*,*,#4149,.T.);
#2105=ORIENTED_EDGE('',*,*,#4181,.F.);
#2106=ORIENTED_EDGE('',*,*,#4145,.T.);
#2107=ORIENTED_EDGE('',*,*,#4182,.F.);
#2108=ORIENTED_EDGE('',*,*,#4156,.T.);
#2109=CARTESIAN_POINT('',(3.8,-0.35,-10.4));
#2110=DIRECTION('',(-0.0,1.0,0.0));
#2111=DIRECTION('',(1.0,0.0,0.0));
#2112=ORIENTED_EDGE('',*,*,#4182,.T.);
#2113=ORIENTED_EDGE('',*,*,#4183,.T.);
#2114=ORIENTED_EDGE('',*,*,#4184,.F.);
#2115=ORIENTED_EDGE('',*,*,#4185,.T.);
#2116=ORIENTED_EDGE('',*,*,#4186,.T.);
#2117=ORIENTED_EDGE('',*,*,#4187,.T.);
#2118=ORIENTED_EDGE('',*,*,#4188,.T.);
#2119=ORIENTED_EDGE('',*,*,#4189,.T.);
#2120=ORIENTED_EDGE('',*,*,#4190,.T.);
#2121=ORIENTED_EDGE('',*,*,#4191,.T.);
#2122=ORIENTED_EDGE('',*,*,#4192,.T.);
#2123=ORIENTED_EDGE('',*,*,#4193,.F.);
#2124=CARTESIAN_POINT('',(-4.0,-1.8,-1.8));
#2125=DIRECTION('',(0.0,0.0,1.0));
#2126=DIRECTION('',(1.0,0.0,0.0));
#2127=ORIENTED_EDGE('',*,*,#4194,.T.);
#2128=ORIENTED_EDGE('',*,*,#4195,.T.);
#2129=ORIENTED_EDGE('',*,*,#4196,.F.);
#2130=ORIENTED_EDGE('',*,*,#4157,.T.);
#2131=ORIENTED_EDGE('',*,*,#4193,.T.);
#2132=CARTESIAN_POINT('',(4.65,-1.8,-1.8));
#2133=DIRECTION('',(1.0,0.0,0.0));
#2134=DIRECTION('',(0.0,1.0,0.0));
#2135=ORIENTED_EDGE('',*,*,#4197,.F.);
#2136=ORIENTED_EDGE('',*,*,#4198,.F.);
#2137=ORIENTED_EDGE('',*,*,#4199,.T.);
#2138=ORIENTED_EDGE('',*,*,#4200,.T.);
#2139=ORIENTED_EDGE('',*,*,#4201,.T.);
#2140=ORIENTED_EDGE('',*,*,#4202,.F.);
#2141=ORIENTED_EDGE('',*,*,#4158,.F.);
#2142=ORIENTED_EDGE('',*,*,#4196,.T.);
#2143=CARTESIAN_POINT('',(4.25,-1.4,3.8));
#2144=DIRECTION('',(0.0,-1.0,0.0));
#2145=DIRECTION('',(0.0,0.0,-1.0));
#2146=ORIENTED_EDGE('',*,*,#4144,.T.);
#2147=ORIENTED_EDGE('',*,*,#4202,.T.);
#2148=ORIENTED_EDGE('',*,*,#4203,.T.);
#2149=ORIENTED_EDGE('',*,*,#4204,.T.);
#2150=ORIENTED_EDGE('',*,*,#4183,.F.);
#2151=CARTESIAN_POINT('',(5.55,-1.8,-1.8));
#2152=DIRECTION('',(-1.0,0.0,0.0));
#2153=DIRECTION('',(0.0,0.0,1.0));
#2154=ORIENTED_EDGE('',*,*,#4204,.F.);
#2155=ORIENTED_EDGE('',*,*,#4205,.F.);
#2156=ORIENTED_EDGE('',*,*,#4206,.F.);
#2157=ORIENTED_EDGE('',*,*,#4184,.T.);
#2158=CARTESIAN_POINT('',(5.95,1.14,-0.8));
#2159=DIRECTION('',(-0.0,1.0,0.0));
#2160=DIRECTION('',(1.0,0.0,0.0));
#2161=ORIENTED_EDGE('',*,*,#4200,.F.);
#2162=ORIENTED_EDGE('',*,*,#4207,.T.);
#2163=ORIENTED_EDGE('',*,*,#4208,.T.);
#2164=ORIENTED_EDGE('',*,*,#4185,.F.);
#2165=ORIENTED_EDGE('',*,*,#4206,.T.);
#2166=ORIENTED_EDGE('',*,*,#4209,.F.);
#2167=CARTESIAN_POINT('',(5.95,-1.4,3.8));
#2168=DIRECTION('',(1.0,0.0,0.0));
#2169=DIRECTION('',(0.0,1.0,0.0));
#2170=ORIENTED_EDGE('',*,*,#4209,.T.);
#2171=ORIENTED_EDGE('',*,*,#4205,.T.);
#2172=ORIENTED_EDGE('',*,*,#4203,.F.);
#2173=ORIENTED_EDGE('',*,*,#4201,.F.);
#2174=CARTESIAN_POINT('',(5.95,-1.8,-0.8));
#2175=DIRECTION('',(0.0,0.0,1.0));
#2176=DIRECTION('',(1.0,0.0,0.0));
#2177=ORIENTED_EDGE('',*,*,#4210,.T.);
#2178=ORIENTED_EDGE('',*,*,#4186,.F.);
#2179=ORIENTED_EDGE('',*,*,#4208,.F.);
#2180=ORIENTED_EDGE('',*,*,#4211,.T.);
#2181=CARTESIAN_POINT('',(5.95,1.89,3.8));
#2182=DIRECTION('',(-0.0,1.0,0.0));
#2183=DIRECTION('',(1.0,0.0,0.0));
#2184=ORIENTED_EDGE('',*,*,#4212,.F.);
#2185=ORIENTED_EDGE('',*,*,#4213,.F.);
#2186=ORIENTED_EDGE('',*,*,#4214,.F.);
#2187=ORIENTED_EDGE('',*,*,#4211,.F.);
#2188=ORIENTED_EDGE('',*,*,#4207,.F.);
#2189=ORIENTED_EDGE('',*,*,#4199,.F.);
#2190=ORIENTED_EDGE('',*,*,#4215,.T.);
#2191=ORIENTED_EDGE('',*,*,#4216,.F.);
#2192=ORIENTED_EDGE('',*,*,#4217,.F.);
#2193=ORIENTED_EDGE('',*,*,#4218,.F.);
#2194=ORIENTED_EDGE('',*,*,#4172,.T.);
#2195=ORIENTED_EDGE('',*,*,#4219,.F.);
#2196=ORIENTED_EDGE('',*,*,#4220,.F.);
#2197=ORIENTED_EDGE('',*,*,#4221,.T.);
#2198=ORIENTED_EDGE('',*,*,#4222,.F.);
#2199=ORIENTED_EDGE('',*,*,#4223,.F.);
#2200=ORIENTED_EDGE('',*,*,#4224,.F.);
#2201=ORIENTED_EDGE('',*,*,#4225,.F.);
#2202=ORIENTED_EDGE('',*,*,#4226,.F.);
#2203=ORIENTED_EDGE('',*,*,#4227,.F.);
#2204=ORIENTED_EDGE('',*,*,#4228,.F.);
#2205=ORIENTED_EDGE('',*,*,#4229,.T.);
#2206=ORIENTED_EDGE('',*,*,#4230,.F.);
#2207=ORIENTED_EDGE('',*,*,#4231,.F.);
#2208=ORIENTED_EDGE('',*,*,#4232,.F.);
#2209=ORIENTED_EDGE('',*,*,#4233,.F.);
#2210=ORIENTED_EDGE('',*,*,#4234,.F.);
#2211=ORIENTED_EDGE('',*,*,#4235,.F.);
#2212=ORIENTED_EDGE('',*,*,#4236,.F.);
#2213=ORIENTED_EDGE('',*,*,#4237,.T.);
#2214=CARTESIAN_POINT('',(11.35,3.2,3.8));
#2215=DIRECTION('',(0.0,0.0,-1.0));
#2216=DIRECTION('',(0.0,-1.0,0.0));
#2217=ORIENTED_EDGE('',*,*,#4238,.F.);
#2218=ORIENTED_EDGE('',*,*,#4239,.F.);
#2219=ORIENTED_EDGE('',*,*,#4240,.F.);
#2220=ORIENTED_EDGE('',*,*,#4237,.F.);
#2221=ORIENTED_EDGE('',*,*,#4241,.T.);
#2222=ORIENTED_EDGE('',*,*,#4242,.T.);
#2223=CARTESIAN_POINT('',(8.25,1.89,3.8));
#2224=DIRECTION('',(-1.0,0.0,0.0));
#2225=DIRECTION('',(0.0,0.0,1.0));
#2226=ORIENTED_EDGE('',*,*,#4243,.T.);
#2227=ORIENTED_EDGE('',*,*,#4244,.F.);
#2228=ORIENTED_EDGE('',*,*,#4245,.F.);
#2229=ORIENTED_EDGE('',*,*,#4242,.F.);
#2230=CARTESIAN_POINT('',(8.25,1.14,-0.8));
#2231=DIRECTION('',(0.0,0.0,1.0));
#2232=DIRECTION('',(1.0,0.0,0.0));
#2233=ORIENTED_EDGE('',*,*,#4238,.T.);
#2234=ORIENTED_EDGE('',*,*,#4245,.T.);
#2235=ORIENTED_EDGE('',*,*,#4246,.F.);
#2236=ORIENTED_EDGE('',*,*,#4247,.F.);
#2237=CARTESIAN_POINT('',(8.25,1.14,-1.8));
#2238=DIRECTION('',(-0.0,1.0,0.0));
#2239=DIRECTION('',(1.0,0.0,0.0));
#2240=ORIENTED_EDGE('',*,*,#4180,.T.);
#2241=ORIENTED_EDGE('',*,*,#4248,.T.);
#2242=ORIENTED_EDGE('',*,*,#4249,.F.);
#2243=ORIENTED_EDGE('',*,*,#4250,.T.);
#2244=ORIENTED_EDGE('',*,*,#4251,.T.);
#2245=ORIENTED_EDGE('',*,*,#4252,.T.);
#2246=ORIENTED_EDGE('',*,*,#4253,.T.);
#2247=ORIENTED_EDGE('',*,*,#4254,.T.);
#2248=ORIENTED_EDGE('',*,*,#4255,.T.);
#2249=ORIENTED_EDGE('',*,*,#4239,.T.);
#2250=ORIENTED_EDGE('',*,*,#4247,.T.);
#2251=ORIENTED_EDGE('',*,*,#4256,.F.);
#2252=CARTESIAN_POINT('',(0.0,-1.8,-1.8));
#2253=DIRECTION('',(0.0,0.0,1.0));
#2254=DIRECTION('',(1.0,0.0,0.0));
#2255=ORIENTED_EDGE('',*,*,#4246,.T.);
#2256=ORIENTED_EDGE('',*,*,#4244,.T.);
#2257=ORIENTED_EDGE('',*,*,#4257,.F.);
#2258=ORIENTED_EDGE('',*,*,#4150,.T.);
#2259=ORIENTED_EDGE('',*,*,#4256,.T.);
#2260=CARTESIAN_POINT('',(8.65,-1.8,-1.8));
#2261=DIRECTION('',(1.0,0.0,0.0));
#2262=DIRECTION('',(0.0,1.0,0.0));
#2263=ORIENTED_EDGE('',*,*,#4243,.F.);
#2264=ORIENTED_EDGE('',*,*,#4241,.F.);
#2265=ORIENTED_EDGE('',*,*,#4236,.T.);
#2266=ORIENTED_EDGE('',*,*,#4258,.T.);
#2267=ORIENTED_EDGE('',*,*,#4259,.T.);
#2268=ORIENTED_EDGE('',*,*,#4260,.F.);
#2269=ORIENTED_EDGE('',*,*,#4151,.F.);
#2270=ORIENTED_EDGE('',*,*,#4257,.T.);
#2271=CARTESIAN_POINT('',(8.25,-1.4,3.8));
#2272=DIRECTION('',(0.0,-1.0,0.0));
#2273=DIRECTION('',(0.0,0.0,-1.0));
#2274=ORIENTED_EDGE('',*,*,#4152,.T.);
#2275=ORIENTED_EDGE('',*,*,#4260,.T.);
#2276=ORIENTED_EDGE('',*,*,#4261,.T.);
#2277=ORIENTED_EDGE('',*,*,#4262,.T.);
#2278=ORIENTED_EDGE('',*,*,#4248,.F.);
#2279=CARTESIAN_POINT('',(9.55,-1.8,-1.8));
#2280=DIRECTION('',(-1.0,0.0,0.0));
#2281=DIRECTION('',(0.0,0.0,1.0));
#2282=ORIENTED_EDGE('',*,*,#4262,.F.);
#2283=ORIENTED_EDGE('',*,*,#4263,.F.);
#2284=ORIENTED_EDGE('',*,*,#4264,.F.);
#2285=ORIENTED_EDGE('',*,*,#4249,.T.);
#2286=CARTESIAN_POINT('',(9.95,1.14,-0.8));
#2287=DIRECTION('',(-0.0,1.0,0.0));
#2288=DIRECTION('',(1.0,0.0,0.0));
#2289=ORIENTED_EDGE('',*,*,#4258,.F.);
#2290=ORIENTED_EDGE('',*,*,#4235,.T.);
#2291=ORIENTED_EDGE('',*,*,#4265,.T.);
#2292=ORIENTED_EDGE('',*,*,#4250,.F.);
#2293=ORIENTED_EDGE('',*,*,#4264,.T.);
#2294=ORIENTED_EDGE('',*,*,#4266,.F.);
#2295=CARTESIAN_POINT('',(9.95,-1.4,3.8));
#2296=DIRECTION('',(1.0,0.0,0.0));
#2297=DIRECTION('',(0.0,1.0,0.0));
#2298=ORIENTED_EDGE('',*,*,#4266,.T.);
#2299=ORIENTED_EDGE('',*,*,#4263,.T.);
#2300=ORIENTED_EDGE('',*,*,#4261,.F.);
#2301=ORIENTED_EDGE('',*,*,#4259,.F.);
#2302=CARTESIAN_POINT('',(9.95,-1.8,-0.8));
#2303=DIRECTION('',(0.0,0.0,1.0));
#2304=DIRECTION('',(1.0,0.0,0.0));
#2305=ORIENTED_EDGE('',*,*,#4267,.T.);
#2306=ORIENTED_EDGE('',*,*,#4251,.F.);
#2307=ORIENTED_EDGE('',*,*,#4265,.F.);
#2308=ORIENTED_EDGE('',*,*,#4234,.T.);
#2309=CARTESIAN_POINT('',(9.95,1.89,3.8));
#2310=DIRECTION('',(-0.0,1.0,0.0));
#2311=DIRECTION('',(1.0,0.0,0.0));
#2312=ORIENTED_EDGE('',*,*,#4268,.T.);
#2313=ORIENTED_EDGE('',*,*,#4252,.F.);
#2314=ORIENTED_EDGE('',*,*,#4267,.F.);
#2315=ORIENTED_EDGE('',*,*,#4233,.T.);
#2316=CARTESIAN_POINT('',(9.55,1.89,3.8));
#2317=DIRECTION('',(1.0,0.0,0.0));
#2318=DIRECTION('',(0.0,1.0,0.0));
#2319=ORIENTED_EDGE('',*,*,#4269,.T.);
#2320=ORIENTED_EDGE('',*,*,#4253,.F.);
#2321=ORIENTED_EDGE('',*,*,#4268,.F.);
#2322=ORIENTED_EDGE('',*,*,#4232,.T.);
#2323=CARTESIAN_POINT('',(9.55,2.35,3.8));
#2324=DIRECTION('',(-0.0,1.0,0.0));
#2325=DIRECTION('',(1.0,0.0,0.0));
#2326=ORIENTED_EDGE('',*,*,#4270,.T.);
#2327=ORIENTED_EDGE('',*,*,#4254,.F.);
#2328=ORIENTED_EDGE('',*,*,#4269,.F.);
#2329=ORIENTED_EDGE('',*,*,#4231,.T.);
#2330=CARTESIAN_POINT('',(8.65,2.35,3.8));
#2331=DIRECTION('',(-1.0,0.0,0.0));
#2332=DIRECTION('',(0.0,0.0,1.0));
#2333=ORIENTED_EDGE('',*,*,#4240,.T.);
#2334=ORIENTED_EDGE('',*,*,#4255,.F.);
#2335=ORIENTED_EDGE('',*,*,#4270,.F.);
#2336=ORIENTED_EDGE('',*,*,#4230,.T.);
#2337=CARTESIAN_POINT('',(8.65,1.89,3.8));
#2338=DIRECTION('',(-0.0,1.0,0.0));
#2339=DIRECTION('',(1.0,0.0,0.0));
#2340=ORIENTED_EDGE('',*,*,#4271,.F.);
#2341=ORIENTED_EDGE('',*,*,#4272,.F.);
#2342=ORIENTED_EDGE('',*,*,#4273,.F.);
#2343=ORIENTED_EDGE('',*,*,#4229,.F.);
#2344=ORIENTED_EDGE('',*,*,#4274,.T.);
#2345=ORIENTED_EDGE('',*,*,#4275,.T.);
#2346=CARTESIAN_POINT('',(6.25,1.89,3.8));
#2347=DIRECTION('',(-1.0,0.0,0.0));
#2348=DIRECTION('',(0.0,0.0,1.0));
#2349=ORIENTED_EDGE('',*,*,#4276,.T.);
#2350=ORIENTED_EDGE('',*,*,#4277,.F.);
#2351=ORIENTED_EDGE('',*,*,#4278,.F.);
#2352=ORIENTED_EDGE('',*,*,#4275,.F.);
#2353=CARTESIAN_POINT('',(6.25,1.14,-0.8));
#2354=DIRECTION('',(0.0,0.0,1.0));
#2355=DIRECTION('',(1.0,0.0,0.0));
#2356=ORIENTED_EDGE('',*,*,#4271,.T.);
#2357=ORIENTED_EDGE('',*,*,#4278,.T.);
#2358=ORIENTED_EDGE('',*,*,#4279,.F.);
#2359=ORIENTED_EDGE('',*,*,#4280,.F.);
#2360=CARTESIAN_POINT('',(6.25,1.14,-1.8));
#2361=DIRECTION('',(-0.0,1.0,0.0));
#2362=DIRECTION('',(1.0,0.0,0.0));
#2363=ORIENTED_EDGE('',*,*,#4181,.T.);
#2364=ORIENTED_EDGE('',*,*,#4281,.T.);
#2365=ORIENTED_EDGE('',*,*,#4282,.F.);
#2366=ORIENTED_EDGE('',*,*,#4283,.T.);
#2367=ORIENTED_EDGE('',*,*,#4284,.T.);
#2368=ORIENTED_EDGE('',*,*,#4285,.T.);
#2369=ORIENTED_EDGE('',*,*,#4286,.T.);
#2370=ORIENTED_EDGE('',*,*,#4287,.T.);
#2371=ORIENTED_EDGE('',*,*,#4288,.T.);
#2372=ORIENTED_EDGE('',*,*,#4272,.T.);
#2373=ORIENTED_EDGE('',*,*,#4280,.T.);
#2374=ORIENTED_EDGE('',*,*,#4289,.F.);
#2375=CARTESIAN_POINT('',(-2.0,-1.8,-1.8));
#2376=DIRECTION('',(0.0,0.0,1.0));
#2377=DIRECTION('',(1.0,0.0,0.0));
#2378=ORIENTED_EDGE('',*,*,#4279,.T.);
#2379=ORIENTED_EDGE('',*,*,#4277,.T.);
#2380=ORIENTED_EDGE('',*,*,#4290,.F.);
#2381=ORIENTED_EDGE('',*,*,#4146,.T.);
#2382=ORIENTED_EDGE('',*,*,#4289,.T.);
#2383=CARTESIAN_POINT('',(6.65,-1.8,-1.8));
#2384=DIRECTION('',(1.0,0.0,0.0));
#2385=DIRECTION('',(0.0,1.0,0.0));
#2386=ORIENTED_EDGE('',*,*,#4276,.F.);
#2387=ORIENTED_EDGE('',*,*,#4274,.F.);
#2388=ORIENTED_EDGE('',*,*,#4228,.T.);
#2389=ORIENTED_EDGE('',*,*,#4291,.T.);
#2390=ORIENTED_EDGE('',*,*,#4292,.T.);
#2391=ORIENTED_EDGE('',*,*,#4293,.F.);
#2392=ORIENTED_EDGE('',*,*,#4147,.F.);
#2393=ORIENTED_EDGE('',*,*,#4290,.T.);
#2394=CARTESIAN_POINT('',(6.25,-1.4,3.8));
#2395=DIRECTION('',(0.0,-1.0,0.0));
#2396=DIRECTION('',(0.0,0.0,-1.0));
#2397=ORIENTED_EDGE('',*,*,#4148,.T.);
#2398=ORIENTED_EDGE('',*,*,#4293,.T.);
#2399=ORIENTED_EDGE('',*,*,#4294,.T.);
#2400=ORIENTED_EDGE('',*,*,#4295,.T.);
#2401=ORIENTED_EDGE('',*,*,#4281,.F.);
#2402=CARTESIAN_POINT('',(7.55,-1.8,-1.8));
#2403=DIRECTION('',(-1.0,0.0,0.0));
#2404=DIRECTION('',(0.0,0.0,1.0));
#2405=ORIENTED_EDGE('',*,*,#4295,.F.);
#2406=ORIENTED_EDGE('',*,*,#4296,.F.);
#2407=ORIENTED_EDGE('',*,*,#4297,.F.);
#2408=ORIENTED_EDGE('',*,*,#4282,.T.);
#2409=CARTESIAN_POINT('',(7.95,1.14,-0.8));
#2410=DIRECTION('',(-0.0,1.0,0.0));
#2411=DIRECTION('',(1.0,0.0,0.0));
#2412=ORIENTED_EDGE('',*,*,#4291,.F.);
#2413=ORIENTED_EDGE('',*,*,#4227,.T.);
#2414=ORIENTED_EDGE('',*,*,#4298,.T.);
#2415=ORIENTED_EDGE('',*,*,#4283,.F.);
#2416=ORIENTED_EDGE('',*,*,#4297,.T.);
#2417=ORIENTED_EDGE('',*,*,#4299,.F.);
#2418=CARTESIAN_POINT('',(7.95,-1.4,3.8));
#2419=DIRECTION('',(1.0,0.0,0.0));
#2420=DIRECTION('',(0.0,1.0,0.0));
#2421=ORIENTED_EDGE('',*,*,#4299,.T.);
#2422=ORIENTED_EDGE('',*,*,#4296,.T.);
#2423=ORIENTED_EDGE('',*,*,#4294,.F.);
#2424=ORIENTED_EDGE('',*,*,#4292,.F.);
#2425=CARTESIAN_POINT('',(7.95,-1.8,-0.8));
#2426=DIRECTION('',(0.0,0.0,1.0));
#2427=DIRECTION('',(1.0,0.0,0.0));
#2428=ORIENTED_EDGE('',*,*,#4300,.T.);
#2429=ORIENTED_EDGE('',*,*,#4284,.F.);
#2430=ORIENTED_EDGE('',*,*,#4298,.F.);
#2431=ORIENTED_EDGE('',*,*,#4226,.T.);
#2432=CARTESIAN_POINT('',(7.95,1.89,3.8));
#2433=DIRECTION('',(-0.0,1.0,0.0));
#2434=DIRECTION('',(1.0,0.0,0.0));
#2435=ORIENTED_EDGE('',*,*,#4301,.T.);
#2436=ORIENTED_EDGE('',*,*,#4285,.F.);
#2437=ORIENTED_EDGE('',*,*,#4300,.F.);
#2438=ORIENTED_EDGE('',*,*,#4225,.T.);
#2439=CARTESIAN_POINT('',(7.55,1.89,3.8));
#2440=DIRECTION('',(1.0,0.0,0.0));
#2441=DIRECTION('',(0.0,1.0,0.0));
#2442=ORIENTED_EDGE('',*,*,#4302,.T.);
#2443=ORIENTED_EDGE('',*,*,#4286,.F.);
#2444=ORIENTED_EDGE('',*,*,#4301,.F.);
#2445=ORIENTED_EDGE('',*,*,#4224,.T.);
#2446=CARTESIAN_POINT('',(7.55,2.35,3.8));
#2447=DIRECTION('',(-0.0,1.0,0.0));
#2448=DIRECTION('',(1.0,0.0,0.0));
#2449=ORIENTED_EDGE('',*,*,#4303,.T.);
#2450=ORIENTED_EDGE('',*,*,#4287,.F.);
#2451=ORIENTED_EDGE('',*,*,#4302,.F.);
#2452=ORIENTED_EDGE('',*,*,#4223,.T.);
#2453=CARTESIAN_POINT('',(6.65,2.35,3.8));
#2454=DIRECTION('',(-1.0,0.0,0.0));
#2455=DIRECTION('',(0.0,0.0,1.0));
#2456=ORIENTED_EDGE('',*,*,#4273,.T.);
#2457=ORIENTED_EDGE('',*,*,#4288,.F.);
#2458=ORIENTED_EDGE('',*,*,#4303,.F.);
#2459=ORIENTED_EDGE('',*,*,#4222,.T.);
#2460=CARTESIAN_POINT('',(6.65,1.89,3.8));
#2461=DIRECTION('',(-0.0,1.0,0.0));
#2462=DIRECTION('',(1.0,0.0,0.0));
#2463=ORIENTED_EDGE('',*,*,#4304,.T.);
#2464=ORIENTED_EDGE('',*,*,#4190,.F.);
#2465=ORIENTED_EDGE('',*,*,#4305,.F.);
#2466=ORIENTED_EDGE('',*,*,#4221,.F.);
#2467=CARTESIAN_POINT('',(4.65,1.89,3.8));
#2468=DIRECTION('',(-0.0,1.0,0.0));
#2469=DIRECTION('',(1.0,0.0,0.0));
#2470=ORIENTED_EDGE('',*,*,#4305,.T.);
#2471=ORIENTED_EDGE('',*,*,#4189,.F.);
#2472=ORIENTED_EDGE('',*,*,#4306,.F.);
#2473=ORIENTED_EDGE('',*,*,#4212,.T.);
#2474=CARTESIAN_POINT('',(4.65,2.35,3.8));
#2475=DIRECTION('',(-1.0,0.0,0.0));
#2476=DIRECTION('',(0.0,0.0,1.0));
#2477=ORIENTED_EDGE('',*,*,#4306,.T.);
#2478=ORIENTED_EDGE('',*,*,#4188,.F.);
#2479=ORIENTED_EDGE('',*,*,#4307,.F.);
#2480=ORIENTED_EDGE('',*,*,#4213,.T.);
#2481=CARTESIAN_POINT('',(5.55,2.35,3.8));
#2482=DIRECTION('',(-0.0,1.0,0.0));
#2483=DIRECTION('',(1.0,0.0,0.0));
#2484=ORIENTED_EDGE('',*,*,#4307,.T.);
#2485=ORIENTED_EDGE('',*,*,#4187,.F.);
#2486=ORIENTED_EDGE('',*,*,#4210,.F.);
#2487=ORIENTED_EDGE('',*,*,#4214,.T.);
#2488=CARTESIAN_POINT('',(5.55,1.89,3.8));
#2489=DIRECTION('',(1.0,0.0,0.0));
#2490=DIRECTION('',(0.0,1.0,0.0));
#2491=ORIENTED_EDGE('',*,*,#4308,.F.);
#2492=ORIENTED_EDGE('',*,*,#4191,.F.);
#2493=ORIENTED_EDGE('',*,*,#4304,.F.);
#2494=ORIENTED_EDGE('',*,*,#4220,.T.);
#2495=ORIENTED_EDGE('',*,*,#4309,.F.);
#2496=ORIENTED_EDGE('',*,*,#3939,.T.);
#2497=ORIENTED_EDGE('',*,*,#4310,.F.);
#2498=ORIENTED_EDGE('',*,*,#4215,.F.);
#2499=ORIENTED_EDGE('',*,*,#4198,.T.);
#2500=ORIENTED_EDGE('',*,*,#4311,.T.);
#2501=CARTESIAN_POINT('',(4.25,3.2,3.8));
#2502=DIRECTION('',(-1.0,0.0,0.0));
#2503=DIRECTION('',(0.0,0.0,1.0));
#2504=ORIENTED_EDGE('',*,*,#4197,.T.);
#2505=ORIENTED_EDGE('',*,*,#4195,.F.);
#2506=ORIENTED_EDGE('',*,*,#4312,.F.);
#2507=ORIENTED_EDGE('',*,*,#4311,.F.);
#2508=CARTESIAN_POINT('',(4.25,1.14,-0.8));
#2509=DIRECTION('',(0.0,0.0,1.0));
#2510=DIRECTION('',(1.0,0.0,0.0));
#2511=ORIENTED_EDGE('',*,*,#4312,.T.);
#2512=ORIENTED_EDGE('',*,*,#4194,.F.);
#2513=ORIENTED_EDGE('',*,*,#4192,.F.);
#2514=ORIENTED_EDGE('',*,*,#4308,.T.);
#2515=CARTESIAN_POINT('',(4.25,1.14,-1.8));
#2516=DIRECTION('',(-0.0,1.0,0.0));
#2517=DIRECTION('',(1.0,0.0,0.0));
#2518=ORIENTED_EDGE('',*,*,#4313,.T.);
#2519=ORIENTED_EDGE('',*,*,#4216,.T.);
#2520=ORIENTED_EDGE('',*,*,#4310,.T.);
#2521=ORIENTED_EDGE('',*,*,#3938,.T.);
#2522=CARTESIAN_POINT('',(0.0,-1.8,0.0));
#2523=DIRECTION('',(-0.0,1.0,0.0));
#2524=DIRECTION('',(1.0,0.0,0.0));
#2525=ORIENTED_EDGE('',*,*,#3924,.T.);
#2526=ORIENTED_EDGE('',*,*,#4314,.T.);
#2527=ORIENTED_EDGE('',*,*,#4315,.T.);
#2528=ORIENTED_EDGE('',*,*,#4117,.F.);
#2529=CARTESIAN_POINT('',(0.0,-1.8,0.0));
#2530=DIRECTION('',(-0.0,1.0,0.0));
#2531=DIRECTION('',(1.0,0.0,0.0));
#2532=ORIENTED_EDGE('',*,*,#4104,.T.);
#2533=ORIENTED_EDGE('',*,*,#4127,.T.);
#2534=ORIENTED_EDGE('',*,*,#4178,.F.);
#2535=ORIENTED_EDGE('',*,*,#4316,.T.);
#2536=ORIENTED_EDGE('',*,*,#4317,.F.);
#2537=ORIENTED_EDGE('',*,*,#4217,.T.);
#2538=ORIENTED_EDGE('',*,*,#4313,.F.);
#2539=ORIENTED_EDGE('',*,*,#3937,.F.);
#2540=ORIENTED_EDGE('',*,*,#3896,.T.);
#2541=ORIENTED_EDGE('',*,*,#4318,.T.);
#2542=ORIENTED_EDGE('',*,*,#4106,.T.);
#2543=CARTESIAN_POINT('',(11.35,-3.2,10.4));
#2544=DIRECTION('',(1.0,0.0,0.0));
#2545=DIRECTION('',(0.0,1.0,0.0));
#2546=ORIENTED_EDGE('',*,*,#4174,.F.);
#2547=ORIENTED_EDGE('',*,*,#4319,.F.);
#2548=ORIENTED_EDGE('',*,*,#4316,.F.);
#2549=ORIENTED_EDGE('',*,*,#4177,.T.);
#2550=ORIENTED_EDGE('',*,*,#4320,.F.);
#2551=ORIENTED_EDGE('',*,*,#4321,.F.);
#2552=ORIENTED_EDGE('',*,*,#4322,.F.);
#2553=ORIENTED_EDGE('',*,*,#4323,.F.);
#2554=ORIENTED_EDGE('',*,*,#4324,.F.);
#2555=ORIENTED_EDGE('',*,*,#4325,.F.);
#2556=ORIENTED_EDGE('',*,*,#4326,.F.);
#2557=ORIENTED_EDGE('',*,*,#4327,.F.);
#2558=ORIENTED_EDGE('',*,*,#4328,.F.);
#2559=ORIENTED_EDGE('',*,*,#4329,.F.);
#2560=ORIENTED_EDGE('',*,*,#4330,.F.);
#2561=ORIENTED_EDGE('',*,*,#4331,.F.);
#2562=ORIENTED_EDGE('',*,*,#4332,.F.);
#2563=ORIENTED_EDGE('',*,*,#4333,.F.);
#2564=ORIENTED_EDGE('',*,*,#4334,.F.);
#2565=ORIENTED_EDGE('',*,*,#4335,.F.);
#2566=ORIENTED_EDGE('',*,*,#4336,.F.);
#2567=ORIENTED_EDGE('',*,*,#4337,.F.);
#2568=ORIENTED_EDGE('',*,*,#4338,.F.);
#2569=ORIENTED_EDGE('',*,*,#4339,.F.);
#2570=ORIENTED_EDGE('',*,*,#4340,.F.);
#2571=ORIENTED_EDGE('',*,*,#4341,.F.);
#2572=ORIENTED_EDGE('',*,*,#4342,.F.);
#2573=ORIENTED_EDGE('',*,*,#4343,.F.);
#2574=CARTESIAN_POINT('',(11.35,-3.2,-10.4));
#2575=DIRECTION('',(0.0,0.0,-1.0));
#2576=DIRECTION('',(0.0,-1.0,0.0));
#2577=ORIENTED_EDGE('',*,*,#4120,.T.);
#2578=ORIENTED_EDGE('',*,*,#4344,.T.);
#2579=ORIENTED_EDGE('',*,*,#4345,.F.);
#2580=ORIENTED_EDGE('',*,*,#4346,.F.);
#2581=ORIENTED_EDGE('',*,*,#4068,.T.);
#2582=ORIENTED_EDGE('',*,*,#4162,.T.);
#2583=ORIENTED_EDGE('',*,*,#4347,.F.);
#2584=ORIENTED_EDGE('',*,*,#4348,.F.);
#2585=ORIENTED_EDGE('',*,*,#4349,.F.);
#2586=ORIENTED_EDGE('',*,*,#4350,.F.);
#2587=ORIENTED_EDGE('',*,*,#4351,.F.);
#2588=ORIENTED_EDGE('',*,*,#4352,.F.);
#2589=ORIENTED_EDGE('',*,*,#4353,.F.);
#2590=ORIENTED_EDGE('',*,*,#4354,.F.);
#2591=ORIENTED_EDGE('',*,*,#4355,.F.);
#2592=ORIENTED_EDGE('',*,*,#4356,.F.);
#2593=ORIENTED_EDGE('',*,*,#4357,.F.);
#2594=ORIENTED_EDGE('',*,*,#4358,.F.);
#2595=ORIENTED_EDGE('',*,*,#4359,.F.);
#2596=ORIENTED_EDGE('',*,*,#4360,.F.);
#2597=ORIENTED_EDGE('',*,*,#4361,.F.);
#2598=ORIENTED_EDGE('',*,*,#4362,.F.);
#2599=ORIENTED_EDGE('',*,*,#4363,.F.);
#2600=ORIENTED_EDGE('',*,*,#4364,.F.);
#2601=ORIENTED_EDGE('',*,*,#4365,.F.);
#2602=ORIENTED_EDGE('',*,*,#4366,.F.);
#2603=ORIENTED_EDGE('',*,*,#4367,.F.);
#2604=ORIENTED_EDGE('',*,*,#4368,.F.);
#2605=ORIENTED_EDGE('',*,*,#4369,.F.);
#2606=ORIENTED_EDGE('',*,*,#4370,.F.);
#2607=CARTESIAN_POINT('',(11.35,-3.2,-10.4));
#2608=DIRECTION('',(0.0,0.0,-1.0));
#2609=DIRECTION('',(0.0,-1.0,0.0));
#2610=ORIENTED_EDGE('',*,*,#4318,.F.);
#2611=ORIENTED_EDGE('',*,*,#3895,.T.);
#2612=ORIENTED_EDGE('',*,*,#4109,.T.);
#2613=ORIENTED_EDGE('',*,*,#4107,.F.);
#2614=CARTESIAN_POINT('',(11.35,-3.2,-10.4));
#2615=DIRECTION('',(0.0,0.0,-1.0));
#2616=DIRECTION('',(0.0,-1.0,0.0));
#2617=ORIENTED_EDGE('',*,*,#4112,.F.);
#2618=ORIENTED_EDGE('',*,*,#3891,.T.);
#2619=ORIENTED_EDGE('',*,*,#4116,.T.);
#2620=ORIENTED_EDGE('',*,*,#4114,.F.);
#2621=CARTESIAN_POINT('',(11.35,-3.2,-10.4));
#2622=DIRECTION('',(0.0,0.0,-1.0));
#2623=DIRECTION('',(0.0,-1.0,0.0));
#2624=ORIENTED_EDGE('',*,*,#4371,.T.);
#2625=ORIENTED_EDGE('',*,*,#4372,.F.);
#2626=ORIENTED_EDGE('',*,*,#4373,.F.);
#2627=ORIENTED_EDGE('',*,*,#4354,.T.);
#2628=CARTESIAN_POINT('',(-3.55,2.75,-10.4));
#2629=DIRECTION('',(1.0,0.0,0.0));
#2630=DIRECTION('',(0.0,1.0,0.0));
#2631=ORIENTED_EDGE('',*,*,#4373,.T.);
#2632=ORIENTED_EDGE('',*,*,#4374,.F.);
#2633=ORIENTED_EDGE('',*,*,#4375,.F.);
#2634=ORIENTED_EDGE('',*,*,#4347,.T.);
#2635=CARTESIAN_POINT('',(-4.85,2.75,-10.4));
#2636=DIRECTION('',(-0.0,1.0,0.0));
#2637=DIRECTION('',(1.0,0.0,0.0));
#2638=ORIENTED_EDGE('',*,*,#4375,.T.);
#2639=ORIENTED_EDGE('',*,*,#4376,.F.);
#2640=ORIENTED_EDGE('',*,*,#4377,.F.);
#2641=ORIENTED_EDGE('',*,*,#4348,.T.);
#2642=CARTESIAN_POINT('',(-4.85,2.29,-10.4));
#2643=DIRECTION('',(-1.0,0.0,0.0));
#2644=DIRECTION('',(0.0,0.0,1.0));
#2645=ORIENTED_EDGE('',*,*,#4377,.T.);
#2646=ORIENTED_EDGE('',*,*,#4378,.F.);
#2647=ORIENTED_EDGE('',*,*,#4379,.F.);
#2648=ORIENTED_EDGE('',*,*,#4349,.T.);
#2649=CARTESIAN_POINT('',(-4.65,2.29,-10.4));
#2650=DIRECTION('',(0.0,-1.0,0.0));
#2651=DIRECTION('',(0.0,0.0,-1.0));
#2652=ORIENTED_EDGE('',*,*,#4379,.T.);
#2653=ORIENTED_EDGE('',*,*,#4380,.F.);
#2654=ORIENTED_EDGE('',*,*,#4381,.F.);
#2655=ORIENTED_EDGE('',*,*,#4350,.T.);
#2656=CARTESIAN_POINT('',(-4.65,1.19,-10.4));
#2657=DIRECTION('',(-1.0,0.0,0.0));
#2658=DIRECTION('',(0.0,0.0,1.0));
#2659=ORIENTED_EDGE('',*,*,#4381,.T.);
#2660=ORIENTED_EDGE('',*,*,#4382,.F.);
#2661=ORIENTED_EDGE('',*,*,#4383,.F.);
#2662=ORIENTED_EDGE('',*,*,#4351,.T.);
#2663=CARTESIAN_POINT('',(-3.75,1.19,-10.4));
#2664=DIRECTION('',(0.0,-1.0,0.0));
#2665=DIRECTION('',(0.0,0.0,-1.0));
#2666=ORIENTED_EDGE('',*,*,#4383,.T.);
#2667=ORIENTED_EDGE('',*,*,#4384,.F.);
#2668=ORIENTED_EDGE('',*,*,#4385,.F.);
#2669=ORIENTED_EDGE('',*,*,#4352,.T.);
#2670=CARTESIAN_POINT('',(-3.75,2.29,-10.4));
#2671=DIRECTION('',(1.0,0.0,0.0));
#2672=DIRECTION('',(0.0,1.0,0.0));
#2673=ORIENTED_EDGE('',*,*,#4385,.T.);
#2674=ORIENTED_EDGE('',*,*,#4386,.F.);
#2675=ORIENTED_EDGE('',*,*,#4371,.F.);
#2676=ORIENTED_EDGE('',*,*,#4353,.T.);
#2677=CARTESIAN_POINT('',(-3.55,2.29,-10.4));
#2678=DIRECTION('',(0.0,-1.0,0.0));
#2679=DIRECTION('',(0.0,0.0,-1.0));
#2680=ORIENTED_EDGE('',*,*,#4386,.T.);
#2681=ORIENTED_EDGE('',*,*,#4384,.T.);
#2682=ORIENTED_EDGE('',*,*,#4382,.T.);
#2683=ORIENTED_EDGE('',*,*,#4380,.T.);
#2684=ORIENTED_EDGE('',*,*,#4378,.T.);
#2685=ORIENTED_EDGE('',*,*,#4376,.T.);
#2686=ORIENTED_EDGE('',*,*,#4374,.T.);
#2687=ORIENTED_EDGE('',*,*,#4372,.T.);
#2688=CARTESIAN_POINT('',(0.0,-3.2,-9.6));
#2689=DIRECTION('',(0.0,0.0,-1.0));
#2690=DIRECTION('',(0.0,-1.0,0.0));
#2691=ORIENTED_EDGE('',*,*,#4387,.T.);
#2692=ORIENTED_EDGE('',*,*,#4388,.F.);
#2693=ORIENTED_EDGE('',*,*,#4389,.F.);
#2694=ORIENTED_EDGE('',*,*,#4362,.T.);
#2695=CARTESIAN_POINT('',(-5.55,2.75,-10.4));
#2696=DIRECTION('',(1.0,0.0,0.0));
#2697=DIRECTION('',(0.0,1.0,0.0));
#2698=ORIENTED_EDGE('',*,*,#4389,.T.);
#2699=ORIENTED_EDGE('',*,*,#4390,.F.);
#2700=ORIENTED_EDGE('',*,*,#4391,.F.);
#2701=ORIENTED_EDGE('',*,*,#4355,.T.);
#2702=CARTESIAN_POINT('',(-6.85,2.75,-10.4));
#2703=DIRECTION('',(-0.0,1.0,0.0));
#2704=DIRECTION('',(1.0,0.0,0.0));
#2705=ORIENTED_EDGE('',*,*,#4391,.T.);
#2706=ORIENTED_EDGE('',*,*,#4392,.F.);
#2707=ORIENTED_EDGE('',*,*,#4393,.F.);
#2708=ORIENTED_EDGE('',*,*,#4356,.T.);
#2709=CARTESIAN_POINT('',(-6.85,2.29,-10.4));
#2710=DIRECTION('',(-1.0,0.0,0.0));
#2711=DIRECTION('',(0.0,0.0,1.0));
#2712=ORIENTED_EDGE('',*,*,#4393,.T.);
#2713=ORIENTED_EDGE('',*,*,#4394,.F.);
#2714=ORIENTED_EDGE('',*,*,#4395,.F.);
#2715=ORIENTED_EDGE('',*,*,#4357,.T.);
#2716=CARTESIAN_POINT('',(-6.65,2.29,-10.4));
#2717=DIRECTION('',(0.0,-1.0,0.0));
#2718=DIRECTION('',(0.0,0.0,-1.0));
#2719=ORIENTED_EDGE('',*,*,#4395,.T.);
#2720=ORIENTED_EDGE('',*,*,#4396,.F.);
#2721=ORIENTED_EDGE('',*,*,#4397,.F.);
#2722=ORIENTED_EDGE('',*,*,#4358,.T.);
#2723=CARTESIAN_POINT('',(-6.65,1.19,-10.4));
#2724=DIRECTION('',(-1.0,0.0,0.0));
#2725=DIRECTION('',(0.0,0.0,1.0));
#2726=ORIENTED_EDGE('',*,*,#4397,.T.);
#2727=ORIENTED_EDGE('',*,*,#4398,.F.);
#2728=ORIENTED_EDGE('',*,*,#4399,.F.);
#2729=ORIENTED_EDGE('',*,*,#4359,.T.);
#2730=CARTESIAN_POINT('',(-5.75,1.19,-10.4));
#2731=DIRECTION('',(0.0,-1.0,0.0));
#2732=DIRECTION('',(0.0,0.0,-1.0));
#2733=ORIENTED_EDGE('',*,*,#4399,.T.);
#2734=ORIENTED_EDGE('',*,*,#4400,.F.);
#2735=ORIENTED_EDGE('',*,*,#4401,.F.);
#2736=ORIENTED_EDGE('',*,*,#4360,.T.);
#2737=CARTESIAN_POINT('',(-5.75,2.29,-10.4));
#2738=DIRECTION('',(1.0,0.0,0.0));
#2739=DIRECTION('',(0.0,1.0,0.0));
#2740=ORIENTED_EDGE('',*,*,#4401,.T.);
#2741=ORIENTED_EDGE('',*,*,#4402,.F.);
#2742=ORIENTED_EDGE('',*,*,#4387,.F.);
#2743=ORIENTED_EDGE('',*,*,#4361,.T.);
#2744=CARTESIAN_POINT('',(-5.55,2.29,-10.4));
#2745=DIRECTION('',(0.0,-1.0,0.0));
#2746=DIRECTION('',(0.0,0.0,-1.0));
#2747=ORIENTED_EDGE('',*,*,#4402,.T.);
#2748=ORIENTED_EDGE('',*,*,#4400,.T.);
#2749=ORIENTED_EDGE('',*,*,#4398,.T.);
#2750=ORIENTED_EDGE('',*,*,#4396,.T.);
#2751=ORIENTED_EDGE('',*,*,#4394,.T.);
#2752=ORIENTED_EDGE('',*,*,#4392,.T.);
#2753=ORIENTED_EDGE('',*,*,#4390,.T.);
#2754=ORIENTED_EDGE('',*,*,#4388,.T.);
#2755=CARTESIAN_POINT('',(-2.0,-3.2,-9.6));
#2756=DIRECTION('',(0.0,0.0,-1.0));
#2757=DIRECTION('',(0.0,-1.0,0.0));
#2758=ORIENTED_EDGE('',*,*,#4403,.T.);
#2759=ORIENTED_EDGE('',*,*,#4404,.F.);
#2760=ORIENTED_EDGE('',*,*,#4405,.F.);
#2761=ORIENTED_EDGE('',*,*,#4370,.T.);
#2762=CARTESIAN_POINT('',(-7.55,2.75,-10.4));
#2763=DIRECTION('',(1.0,0.0,0.0));
#2764=DIRECTION('',(0.0,1.0,0.0));
#2765=ORIENTED_EDGE('',*,*,#4405,.T.);
#2766=ORIENTED_EDGE('',*,*,#4406,.F.);
#2767=ORIENTED_EDGE('',*,*,#4407,.F.);
#2768=ORIENTED_EDGE('',*,*,#4363,.T.);
#2769=CARTESIAN_POINT('',(-8.85,2.75,-10.4));
#2770=DIRECTION('',(-0.0,1.0,0.0));
#2771=DIRECTION('',(1.0,0.0,0.0));
#2772=ORIENTED_EDGE('',*,*,#4407,.T.);
#2773=ORIENTED_EDGE('',*,*,#4408,.F.);
#2774=ORIENTED_EDGE('',*,*,#4409,.F.);
#2775=ORIENTED_EDGE('',*,*,#4364,.T.);
#2776=CARTESIAN_POINT('',(-8.85,2.29,-10.4));
#2777=DIRECTION('',(-1.0,0.0,0.0));
#2778=DIRECTION('',(0.0,0.0,1.0));
#2779=ORIENTED_EDGE('',*,*,#4409,.T.);
#2780=ORIENTED_EDGE('',*,*,#4410,.F.);
#2781=ORIENTED_EDGE('',*,*,#4411,.F.);
#2782=ORIENTED_EDGE('',*,*,#4365,.T.);
#2783=CARTESIAN_POINT('',(-8.65,2.29,-10.4));
#2784=DIRECTION('',(0.0,-1.0,0.0));
#2785=DIRECTION('',(0.0,0.0,-1.0));
#2786=ORIENTED_EDGE('',*,*,#4411,.T.);
#2787=ORIENTED_EDGE('',*,*,#4412,.F.);
#2788=ORIENTED_EDGE('',*,*,#4413,.F.);
#2789=ORIENTED_EDGE('',*,*,#4366,.T.);
#2790=CARTESIAN_POINT('',(-8.65,1.19,-10.4));
#2791=DIRECTION('',(-1.0,0.0,0.0));
#2792=DIRECTION('',(0.0,0.0,1.0));
#2793=ORIENTED_EDGE('',*,*,#4413,.T.);
#2794=ORIENTED_EDGE('',*,*,#4414,.F.);
#2795=ORIENTED_EDGE('',*,*,#4415,.F.);
#2796=ORIENTED_EDGE('',*,*,#4367,.T.);
#2797=CARTESIAN_POINT('',(-7.75,1.19,-10.4));
#2798=DIRECTION('',(0.0,-1.0,0.0));
#2799=DIRECTION('',(0.0,0.0,-1.0));
#2800=ORIENTED_EDGE('',*,*,#4415,.T.);
#2801=ORIENTED_EDGE('',*,*,#4416,.F.);
#2802=ORIENTED_EDGE('',*,*,#4417,.F.);
#2803=ORIENTED_EDGE('',*,*,#4368,.T.);
#2804=CARTESIAN_POINT('',(-7.75,2.29,-10.4));
#2805=DIRECTION('',(1.0,0.0,0.0));
#2806=DIRECTION('',(0.0,1.0,0.0));
#2807=ORIENTED_EDGE('',*,*,#4417,.T.);
#2808=ORIENTED_EDGE('',*,*,#4418,.F.);
#2809=ORIENTED_EDGE('',*,*,#4403,.F.);
#2810=ORIENTED_EDGE('',*,*,#4369,.T.);
#2811=CARTESIAN_POINT('',(-7.55,2.29,-10.4));
#2812=DIRECTION('',(0.0,-1.0,0.0));
#2813=DIRECTION('',(0.0,0.0,-1.0));
#2814=ORIENTED_EDGE('',*,*,#4418,.T.);
#2815=ORIENTED_EDGE('',*,*,#4416,.T.);
#2816=ORIENTED_EDGE('',*,*,#4414,.T.);
#2817=ORIENTED_EDGE('',*,*,#4412,.T.);
#2818=ORIENTED_EDGE('',*,*,#4410,.T.);
#2819=ORIENTED_EDGE('',*,*,#4408,.T.);
#2820=ORIENTED_EDGE('',*,*,#4406,.T.);
#2821=ORIENTED_EDGE('',*,*,#4404,.T.);
#2822=CARTESIAN_POINT('',(-4.0,-3.2,-9.6));
#2823=DIRECTION('',(0.0,0.0,-1.0));
#2824=DIRECTION('',(0.0,-1.0,0.0));
#2825=ORIENTED_EDGE('',*,*,#4419,.T.);
#2826=ORIENTED_EDGE('',*,*,#4420,.F.);
#2827=ORIENTED_EDGE('',*,*,#4421,.F.);
#2828=ORIENTED_EDGE('',*,*,#4327,.T.);
#2829=CARTESIAN_POINT('',(5.75,2.75,-10.4));
#2830=DIRECTION('',(1.0,0.0,0.0));
#2831=DIRECTION('',(0.0,1.0,0.0));
#2832=ORIENTED_EDGE('',*,*,#4421,.T.);
#2833=ORIENTED_EDGE('',*,*,#4422,.F.);
#2834=ORIENTED_EDGE('',*,*,#4423,.F.);
#2835=ORIENTED_EDGE('',*,*,#4320,.T.);
#2836=CARTESIAN_POINT('',(4.45,2.75,-10.4));
#2837=DIRECTION('',(-0.0,1.0,0.0));
#2838=DIRECTION('',(1.0,0.0,0.0));
#2839=ORIENTED_EDGE('',*,*,#4423,.T.);
#2840=ORIENTED_EDGE('',*,*,#4424,.F.);
#2841=ORIENTED_EDGE('',*,*,#4425,.F.);
#2842=ORIENTED_EDGE('',*,*,#4321,.T.);
#2843=CARTESIAN_POINT('',(4.45,2.29,-10.4));
#2844=DIRECTION('',(-1.0,0.0,0.0));
#2845=DIRECTION('',(0.0,0.0,1.0));
#2846=ORIENTED_EDGE('',*,*,#4425,.T.);
#2847=ORIENTED_EDGE('',*,*,#4426,.F.);
#2848=ORIENTED_EDGE('',*,*,#4427,.F.);
#2849=ORIENTED_EDGE('',*,*,#4322,.T.);
#2850=CARTESIAN_POINT('',(4.65,2.29,-10.4));
#2851=DIRECTION('',(0.0,-1.0,0.0));
#2852=DIRECTION('',(0.0,0.0,-1.0));
#2853=ORIENTED_EDGE('',*,*,#4427,.T.);
#2854=ORIENTED_EDGE('',*,*,#4428,.F.);
#2855=ORIENTED_EDGE('',*,*,#4429,.F.);
#2856=ORIENTED_EDGE('',*,*,#4323,.T.);
#2857=CARTESIAN_POINT('',(4.65,1.19,-10.4));
#2858=DIRECTION('',(-1.0,0.0,0.0));
#2859=DIRECTION('',(0.0,0.0,1.0));
#2860=ORIENTED_EDGE('',*,*,#4429,.T.);
#2861=ORIENTED_EDGE('',*,*,#4430,.F.);
#2862=ORIENTED_EDGE('',*,*,#4431,.F.);
#2863=ORIENTED_EDGE('',*,*,#4324,.T.);
#2864=CARTESIAN_POINT('',(5.55,1.19,-10.4));
#2865=DIRECTION('',(0.0,-1.0,0.0));
#2866=DIRECTION('',(0.0,0.0,-1.0));
#2867=ORIENTED_EDGE('',*,*,#4431,.T.);
#2868=ORIENTED_EDGE('',*,*,#4432,.F.);
#2869=ORIENTED_EDGE('',*,*,#4433,.F.);
#2870=ORIENTED_EDGE('',*,*,#4325,.T.);
#2871=CARTESIAN_POINT('',(5.55,2.29,-10.4));
#2872=DIRECTION('',(1.0,0.0,0.0));
#2873=DIRECTION('',(0.0,1.0,0.0));
#2874=ORIENTED_EDGE('',*,*,#4433,.T.);
#2875=ORIENTED_EDGE('',*,*,#4434,.F.);
#2876=ORIENTED_EDGE('',*,*,#4419,.F.);
#2877=ORIENTED_EDGE('',*,*,#4326,.T.);
#2878=CARTESIAN_POINT('',(5.75,2.29,-10.4));
#2879=DIRECTION('',(0.0,-1.0,0.0));
#2880=DIRECTION('',(0.0,0.0,-1.0));
#2881=ORIENTED_EDGE('',*,*,#4434,.T.);
#2882=ORIENTED_EDGE('',*,*,#4432,.T.);
#2883=ORIENTED_EDGE('',*,*,#4430,.T.);
#2884=ORIENTED_EDGE('',*,*,#4428,.T.);
#2885=ORIENTED_EDGE('',*,*,#4426,.T.);
#2886=ORIENTED_EDGE('',*,*,#4424,.T.);
#2887=ORIENTED_EDGE('',*,*,#4422,.T.);
#2888=ORIENTED_EDGE('',*,*,#4420,.T.);
#2889=CARTESIAN_POINT('',(0.0,-3.2,-9.6));
#2890=DIRECTION('',(0.0,0.0,-1.0));
#2891=DIRECTION('',(0.0,-1.0,0.0));
#2892=ORIENTED_EDGE('',*,*,#4435,.T.);
#2893=ORIENTED_EDGE('',*,*,#4436,.F.);
#2894=ORIENTED_EDGE('',*,*,#4437,.F.);
#2895=ORIENTED_EDGE('',*,*,#4335,.T.);
#2896=CARTESIAN_POINT('',(7.75,2.75,-10.4));
#2897=DIRECTION('',(1.0,0.0,0.0));
#2898=DIRECTION('',(0.0,1.0,0.0));
#2899=ORIENTED_EDGE('',*,*,#4437,.T.);
#2900=ORIENTED_EDGE('',*,*,#4438,.F.);
#2901=ORIENTED_EDGE('',*,*,#4439,.F.);
#2902=ORIENTED_EDGE('',*,*,#4328,.T.);
#2903=CARTESIAN_POINT('',(6.45,2.75,-10.4));
#2904=DIRECTION('',(-0.0,1.0,0.0));
#2905=DIRECTION('',(1.0,0.0,0.0));
#2906=ORIENTED_EDGE('',*,*,#4439,.T.);
#2907=ORIENTED_EDGE('',*,*,#4440,.F.);
#2908=ORIENTED_EDGE('',*,*,#4441,.F.);
#2909=ORIENTED_EDGE('',*,*,#4329,.T.);
#2910=CARTESIAN_POINT('',(6.45,2.29,-10.4));
#2911=DIRECTION('',(-1.0,0.0,0.0));
#2912=DIRECTION('',(0.0,0.0,1.0));
#2913=ORIENTED_EDGE('',*,*,#4441,.T.);
#2914=ORIENTED_EDGE('',*,*,#4442,.F.);
#2915=ORIENTED_EDGE('',*,*,#4443,.F.);
#2916=ORIENTED_EDGE('',*,*,#4330,.T.);
#2917=CARTESIAN_POINT('',(6.65,2.29,-10.4));
#2918=DIRECTION('',(0.0,-1.0,0.0));
#2919=DIRECTION('',(0.0,0.0,-1.0));
#2920=ORIENTED_EDGE('',*,*,#4443,.T.);
#2921=ORIENTED_EDGE('',*,*,#4444,.F.);
#2922=ORIENTED_EDGE('',*,*,#4445,.F.);
#2923=ORIENTED_EDGE('',*,*,#4331,.T.);
#2924=CARTESIAN_POINT('',(6.65,1.19,-10.4));
#2925=DIRECTION('',(-1.0,0.0,0.0));
#2926=DIRECTION('',(0.0,0.0,1.0));
#2927=ORIENTED_EDGE('',*,*,#4445,.T.);
#2928=ORIENTED_EDGE('',*,*,#4446,.F.);
#2929=ORIENTED_EDGE('',*,*,#4447,.F.);
#2930=ORIENTED_EDGE('',*,*,#4332,.T.);
#2931=CARTESIAN_POINT('',(7.55,1.19,-10.4));
#2932=DIRECTION('',(0.0,-1.0,0.0));
#2933=DIRECTION('',(0.0,0.0,-1.0));
#2934=ORIENTED_EDGE('',*,*,#4447,.T.);
#2935=ORIENTED_EDGE('',*,*,#4448,.F.);
#2936=ORIENTED_EDGE('',*,*,#4449,.F.);
#2937=ORIENTED_EDGE('',*,*,#4333,.T.);
#2938=CARTESIAN_POINT('',(7.55,2.29,-10.4));
#2939=DIRECTION('',(1.0,0.0,0.0));
#2940=DIRECTION('',(0.0,1.0,0.0));
#2941=ORIENTED_EDGE('',*,*,#4449,.T.);
#2942=ORIENTED_EDGE('',*,*,#4450,.F.);
#2943=ORIENTED_EDGE('',*,*,#4435,.F.);
#2944=ORIENTED_EDGE('',*,*,#4334,.T.);
#2945=CARTESIAN_POINT('',(7.75,2.29,-10.4));
#2946=DIRECTION('',(0.0,-1.0,0.0));
#2947=DIRECTION('',(0.0,0.0,-1.0));
#2948=ORIENTED_EDGE('',*,*,#4450,.T.);
#2949=ORIENTED_EDGE('',*,*,#4448,.T.);
#2950=ORIENTED_EDGE('',*,*,#4446,.T.);
#2951=ORIENTED_EDGE('',*,*,#4444,.T.);
#2952=ORIENTED_EDGE('',*,*,#4442,.T.);
#2953=ORIENTED_EDGE('',*,*,#4440,.T.);
#2954=ORIENTED_EDGE('',*,*,#4438,.T.);
#2955=ORIENTED_EDGE('',*,*,#4436,.T.);
#2956=CARTESIAN_POINT('',(2.0,-3.2,-9.6));
#2957=DIRECTION('',(0.0,0.0,-1.0));
#2958=DIRECTION('',(0.0,-1.0,0.0));
#2959=ORIENTED_EDGE('',*,*,#4451,.T.);
#2960=ORIENTED_EDGE('',*,*,#4452,.F.);
#2961=ORIENTED_EDGE('',*,*,#4453,.F.);
#2962=ORIENTED_EDGE('',*,*,#4343,.T.);
#2963=CARTESIAN_POINT('',(9.75,2.75,-10.4));
#2964=DIRECTION('',(1.0,0.0,0.0));
#2965=DIRECTION('',(0.0,1.0,0.0));
#2966=ORIENTED_EDGE('',*,*,#4453,.T.);
#2967=ORIENTED_EDGE('',*,*,#4454,.F.);
#2968=ORIENTED_EDGE('',*,*,#4455,.F.);
#2969=ORIENTED_EDGE('',*,*,#4336,.T.);
#2970=CARTESIAN_POINT('',(8.45,2.75,-10.4));
#2971=DIRECTION('',(-0.0,1.0,0.0));
#2972=DIRECTION('',(1.0,0.0,0.0));
#2973=ORIENTED_EDGE('',*,*,#4455,.T.);
#2974=ORIENTED_EDGE('',*,*,#4456,.F.);
#2975=ORIENTED_EDGE('',*,*,#4457,.F.);
#2976=ORIENTED_EDGE('',*,*,#4337,.T.);
#2977=CARTESIAN_POINT('',(8.45,2.29,-10.4));
#2978=DIRECTION('',(-1.0,0.0,0.0));
#2979=DIRECTION('',(0.0,0.0,1.0));
#2980=ORIENTED_EDGE('',*,*,#4457,.T.);
#2981=ORIENTED_EDGE('',*,*,#4458,.F.);
#2982=ORIENTED_EDGE('',*,*,#4459,.F.);
#2983=ORIENTED_EDGE('',*,*,#4338,.T.);
#2984=CARTESIAN_POINT('',(8.65,2.29,-10.4));
#2985=DIRECTION('',(0.0,-1.0,0.0));
#2986=DIRECTION('',(0.0,0.0,-1.0));
#2987=ORIENTED_EDGE('',*,*,#4459,.T.);
#2988=ORIENTED_EDGE('',*,*,#4460,.F.);
#2989=ORIENTED_EDGE('',*,*,#4461,.F.);
#2990=ORIENTED_EDGE('',*,*,#4339,.T.);
#2991=CARTESIAN_POINT('',(8.65,1.19,-10.4));
#2992=DIRECTION('',(-1.0,0.0,0.0));
#2993=DIRECTION('',(0.0,0.0,1.0));
#2994=ORIENTED_EDGE('',*,*,#4461,.T.);
#2995=ORIENTED_EDGE('',*,*,#4462,.F.);
#2996=ORIENTED_EDGE('',*,*,#4463,.F.);
#2997=ORIENTED_EDGE('',*,*,#4340,.T.);
#2998=CARTESIAN_POINT('',(9.55,1.19,-10.4));
#2999=DIRECTION('',(0.0,-1.0,0.0));
#3000=DIRECTION('',(0.0,0.0,-1.0));
#3001=ORIENTED_EDGE('',*,*,#4463,.T.);
#3002=ORIENTED_EDGE('',*,*,#4464,.F.);
#3003=ORIENTED_EDGE('',*,*,#4465,.F.);
#3004=ORIENTED_EDGE('',*,*,#4341,.T.);
#3005=CARTESIAN_POINT('',(9.55,2.29,-10.4));
#3006=DIRECTION('',(1.0,0.0,0.0));
#3007=DIRECTION('',(0.0,1.0,0.0));
#3008=ORIENTED_EDGE('',*,*,#4465,.T.);
#3009=ORIENTED_EDGE('',*,*,#4466,.F.);
#3010=ORIENTED_EDGE('',*,*,#4451,.F.);
#3011=ORIENTED_EDGE('',*,*,#4342,.T.);
#3012=CARTESIAN_POINT('',(9.75,2.29,-10.4));
#3013=DIRECTION('',(0.0,-1.0,0.0));
#3014=DIRECTION('',(0.0,0.0,-1.0));
#3015=ORIENTED_EDGE('',*,*,#4466,.T.);
#3016=ORIENTED_EDGE('',*,*,#4464,.T.);
#3017=ORIENTED_EDGE('',*,*,#4462,.T.);
#3018=ORIENTED_EDGE('',*,*,#4460,.T.);
#3019=ORIENTED_EDGE('',*,*,#4458,.T.);
#3020=ORIENTED_EDGE('',*,*,#4456,.T.);
#3021=ORIENTED_EDGE('',*,*,#4454,.T.);
#3022=ORIENTED_EDGE('',*,*,#4452,.T.);
#3023=CARTESIAN_POINT('',(4.0,-3.2,-9.6));
#3024=DIRECTION('',(0.0,0.0,-1.0));
#3025=DIRECTION('',(0.0,-1.0,0.0));
#3026=ORIENTED_EDGE('',*,*,#4069,.T.);
#3027=ORIENTED_EDGE('',*,*,#4346,.T.);
#3028=ORIENTED_EDGE('',*,*,#4467,.T.);
#3029=ORIENTED_EDGE('',*,*,#4468,.T.);
#3030=CARTESIAN_POINT('',(0.0,3.2,0.0));
#3031=DIRECTION('',(-0.0,1.0,0.0));
#3032=DIRECTION('',(1.0,0.0,0.0));
#3033=ORIENTED_EDGE('',*,*,#4317,.T.);
#3034=ORIENTED_EDGE('',*,*,#4319,.T.);
#3035=ORIENTED_EDGE('',*,*,#4173,.F.);
#3036=ORIENTED_EDGE('',*,*,#4218,.T.);
#3037=CARTESIAN_POINT('',(0.0,3.2,0.0));
#3038=DIRECTION('',(-0.0,1.0,0.0));
#3039=DIRECTION('',(1.0,0.0,0.0));
#3040=ORIENTED_EDGE('',*,*,#4469,.T.);
#3041=ORIENTED_EDGE('',*,*,#4470,.F.);
#3042=ORIENTED_EDGE('',*,*,#4118,.T.);
#3043=ORIENTED_EDGE('',*,*,#4315,.F.);
#3044=ORIENTED_EDGE('',*,*,#4471,.F.);
#3045=ORIENTED_EDGE('',*,*,#4472,.T.);
#3046=ORIENTED_EDGE('',*,*,#4473,.T.);
#3047=ORIENTED_EDGE('',*,*,#4474,.F.);
#3048=ORIENTED_EDGE('',*,*,#4475,.F.);
#3049=ORIENTED_EDGE('',*,*,#4476,.F.);
#3050=ORIENTED_EDGE('',*,*,#4477,.F.);
#3051=ORIENTED_EDGE('',*,*,#4478,.F.);
#3052=ORIENTED_EDGE('',*,*,#4479,.F.);
#3053=ORIENTED_EDGE('',*,*,#4070,.F.);
#3054=ORIENTED_EDGE('',*,*,#4468,.F.);
#3055=ORIENTED_EDGE('',*,*,#4480,.F.);
#3056=ORIENTED_EDGE('',*,*,#4481,.F.);
#3057=ORIENTED_EDGE('',*,*,#4482,.F.);
#3058=ORIENTED_EDGE('',*,*,#4483,.F.);
#3059=ORIENTED_EDGE('',*,*,#4484,.F.);
#3060=ORIENTED_EDGE('',*,*,#4485,.T.);
#3061=ORIENTED_EDGE('',*,*,#4486,.F.);
#3062=ORIENTED_EDGE('',*,*,#4487,.F.);
#3063=ORIENTED_EDGE('',*,*,#4488,.F.);
#3064=ORIENTED_EDGE('',*,*,#4489,.F.);
#3065=ORIENTED_EDGE('',*,*,#4490,.F.);
#3066=ORIENTED_EDGE('',*,*,#4491,.F.);
#3067=ORIENTED_EDGE('',*,*,#4492,.F.);
#3068=ORIENTED_EDGE('',*,*,#4493,.T.);
#3069=ORIENTED_EDGE('',*,*,#4494,.F.);
#3070=ORIENTED_EDGE('',*,*,#4495,.F.);
#3071=CARTESIAN_POINT('',(-3.35,3.2,3.8));
#3072=DIRECTION('',(0.0,0.0,-1.0));
#3073=DIRECTION('',(0.0,-1.0,0.0));
#3074=ORIENTED_EDGE('',*,*,#4496,.T.);
#3075=ORIENTED_EDGE('',*,*,#4497,.F.);
#3076=ORIENTED_EDGE('',*,*,#4498,.F.);
#3077=ORIENTED_EDGE('',*,*,#4495,.T.);
#3078=CARTESIAN_POINT('',(-8.65,2.35,3.8));
#3079=DIRECTION('',(-1.0,0.0,0.0));
#3080=DIRECTION('',(0.0,0.0,1.0));
#3081=ORIENTED_EDGE('',*,*,#4498,.T.);
#3082=ORIENTED_EDGE('',*,*,#4499,.F.);
#3083=ORIENTED_EDGE('',*,*,#4500,.F.);
#3084=ORIENTED_EDGE('',*,*,#4488,.T.);
#3085=CARTESIAN_POINT('',(-7.75,2.35,3.8));
#3086=DIRECTION('',(-0.0,1.0,0.0));
#3087=DIRECTION('',(1.0,0.0,0.0));
#3088=ORIENTED_EDGE('',*,*,#4500,.T.);
#3089=ORIENTED_EDGE('',*,*,#4501,.F.);
#3090=ORIENTED_EDGE('',*,*,#4502,.F.);
#3091=ORIENTED_EDGE('',*,*,#4489,.T.);
#3092=CARTESIAN_POINT('',(-7.75,1.49,3.8));
#3093=DIRECTION('',(1.0,0.0,0.0));
#3094=DIRECTION('',(0.0,1.0,0.0));
#3095=ORIENTED_EDGE('',*,*,#4502,.T.);
#3096=ORIENTED_EDGE('',*,*,#4503,.F.);
#3097=ORIENTED_EDGE('',*,*,#4504,.F.);
#3098=ORIENTED_EDGE('',*,*,#4490,.T.);
#3099=CARTESIAN_POINT('',(-7.35,1.49,3.8));
#3100=DIRECTION('',(-0.0,1.0,0.0));
#3101=DIRECTION('',(1.0,0.0,0.0));
#3102=ORIENTED_EDGE('',*,*,#4505,.F.);
#3103=ORIENTED_EDGE('',*,*,#4491,.T.);
#3104=ORIENTED_EDGE('',*,*,#4504,.T.);
#3105=ORIENTED_EDGE('',*,*,#4506,.F.);
#3106=ORIENTED_EDGE('',*,*,#4507,.T.);
#3107=ORIENTED_EDGE('',*,*,#4508,.F.);
#3108=CARTESIAN_POINT('',(-7.35,-1.4,3.8));
#3109=DIRECTION('',(1.0,0.0,0.0));
#3110=DIRECTION('',(0.0,1.0,0.0));
#3111=ORIENTED_EDGE('',*,*,#4508,.T.);
#3112=ORIENTED_EDGE('',*,*,#4509,.T.);
#3113=ORIENTED_EDGE('',*,*,#4510,.F.);
#3114=ORIENTED_EDGE('',*,*,#4511,.F.);
#3115=CARTESIAN_POINT('',(-7.35,-1.4,-0.8));
#3116=DIRECTION('',(0.0,0.0,1.0));
#3117=DIRECTION('',(1.0,0.0,0.0));
#3118=ORIENTED_EDGE('',*,*,#4133,.F.);
#3119=ORIENTED_EDGE('',*,*,#4512,.T.);
#3120=ORIENTED_EDGE('',*,*,#4513,.F.);
#3121=ORIENTED_EDGE('',*,*,#4514,.F.);
#3122=ORIENTED_EDGE('',*,*,#4492,.T.);
#3123=ORIENTED_EDGE('',*,*,#4505,.T.);
#3124=ORIENTED_EDGE('',*,*,#4511,.T.);
#3125=ORIENTED_EDGE('',*,*,#4515,.F.);
#3126=CARTESIAN_POINT('',(-9.05,-1.4,3.8));
#3127=DIRECTION('',(0.0,-1.0,0.0));
#3128=DIRECTION('',(0.0,0.0,-1.0));
#3129=ORIENTED_EDGE('',*,*,#4134,.T.);
#3130=ORIENTED_EDGE('',*,*,#4515,.T.);
#3131=ORIENTED_EDGE('',*,*,#4510,.T.);
#3132=ORIENTED_EDGE('',*,*,#4516,.T.);
#3133=ORIENTED_EDGE('',*,*,#4517,.F.);
#3134=CARTESIAN_POINT('',(-7.75,-1.8,-1.8));
#3135=DIRECTION('',(-1.0,0.0,0.0));
#3136=DIRECTION('',(0.0,0.0,1.0));
#3137=ORIENTED_EDGE('',*,*,#4518,.F.);
#3138=ORIENTED_EDGE('',*,*,#4506,.T.);
#3139=ORIENTED_EDGE('',*,*,#4503,.T.);
#3140=ORIENTED_EDGE('',*,*,#4501,.T.);
#3141=ORIENTED_EDGE('',*,*,#4499,.T.);
#3142=ORIENTED_EDGE('',*,*,#4497,.T.);
#3143=ORIENTED_EDGE('',*,*,#4519,.T.);
#3144=ORIENTED_EDGE('',*,*,#4520,.T.);
#3145=ORIENTED_EDGE('',*,*,#4521,.T.);
#3146=ORIENTED_EDGE('',*,*,#4522,.F.);
#3147=ORIENTED_EDGE('',*,*,#4161,.T.);
#3148=ORIENTED_EDGE('',*,*,#4517,.T.);
#3149=CARTESIAN_POINT('',(0.0,-1.8,-1.8));
#3150=DIRECTION('',(0.0,0.0,1.0));
#3151=DIRECTION('',(1.0,0.0,0.0));
#3152=ORIENTED_EDGE('',*,*,#4523,.T.);
#3153=ORIENTED_EDGE('',*,*,#4524,.T.);
#3154=ORIENTED_EDGE('',*,*,#4512,.F.);
#3155=ORIENTED_EDGE('',*,*,#4132,.T.);
#3156=ORIENTED_EDGE('',*,*,#4522,.T.);
#3157=CARTESIAN_POINT('',(-8.65,-1.8,-1.8));
#3158=DIRECTION('',(1.0,0.0,0.0));
#3159=DIRECTION('',(0.0,1.0,0.0));
#3160=ORIENTED_EDGE('',*,*,#4513,.T.);
#3161=ORIENTED_EDGE('',*,*,#4524,.F.);
#3162=ORIENTED_EDGE('',*,*,#4525,.F.);
#3163=ORIENTED_EDGE('',*,*,#4526,.F.);
#3164=CARTESIAN_POINT('',(-9.05,1.14,-0.8));
#3165=DIRECTION('',(0.0,0.0,1.0));
#3166=DIRECTION('',(1.0,0.0,0.0));
#3167=ORIENTED_EDGE('',*,*,#4527,.F.);
#3168=ORIENTED_EDGE('',*,*,#4520,.F.);
#3169=ORIENTED_EDGE('',*,*,#4528,.F.);
#3170=ORIENTED_EDGE('',*,*,#4493,.F.);
#3171=ORIENTED_EDGE('',*,*,#4514,.T.);
#3172=ORIENTED_EDGE('',*,*,#4526,.T.);
#3173=CARTESIAN_POINT('',(-9.05,1.49,3.8));
#3174=DIRECTION('',(-1.0,0.0,0.0));
#3175=DIRECTION('',(0.0,0.0,1.0));
#3176=ORIENTED_EDGE('',*,*,#4528,.T.);
#3177=ORIENTED_EDGE('',*,*,#4519,.F.);
#3178=ORIENTED_EDGE('',*,*,#4496,.F.);
#3179=ORIENTED_EDGE('',*,*,#4494,.T.);
#3180=CARTESIAN_POINT('',(-8.65,1.49,3.8));
#3181=DIRECTION('',(-0.0,1.0,0.0));
#3182=DIRECTION('',(1.0,0.0,0.0));
#3183=ORIENTED_EDGE('',*,*,#4527,.T.);
#3184=ORIENTED_EDGE('',*,*,#4525,.T.);
#3185=ORIENTED_EDGE('',*,*,#4523,.F.);
#3186=ORIENTED_EDGE('',*,*,#4521,.F.);
#3187=CARTESIAN_POINT('',(-9.05,1.14,-1.8));
#3188=DIRECTION('',(-0.0,1.0,0.0));
#3189=DIRECTION('',(1.0,0.0,0.0));
#3190=ORIENTED_EDGE('',*,*,#4516,.F.);
#3191=ORIENTED_EDGE('',*,*,#4509,.F.);
#3192=ORIENTED_EDGE('',*,*,#4507,.F.);
#3193=ORIENTED_EDGE('',*,*,#4518,.T.);
#3194=CARTESIAN_POINT('',(-7.35,1.14,-0.8));
#3195=DIRECTION('',(-0.0,1.0,0.0));
#3196=DIRECTION('',(1.0,0.0,0.0));
#3197=ORIENTED_EDGE('',*,*,#4529,.T.);
#3198=ORIENTED_EDGE('',*,*,#4530,.F.);
#3199=ORIENTED_EDGE('',*,*,#4531,.F.);
#3200=ORIENTED_EDGE('',*,*,#4487,.T.);
#3201=CARTESIAN_POINT('',(-6.65,2.35,3.8));
#3202=DIRECTION('',(-1.0,0.0,0.0));
#3203=DIRECTION('',(0.0,0.0,1.0));
#3204=ORIENTED_EDGE('',*,*,#4531,.T.);
#3205=ORIENTED_EDGE('',*,*,#4532,.F.);
#3206=ORIENTED_EDGE('',*,*,#4533,.F.);
#3207=ORIENTED_EDGE('',*,*,#4480,.T.);
#3208=CARTESIAN_POINT('',(-5.75,2.35,3.8));
#3209=DIRECTION('',(-0.0,1.0,0.0));
#3210=DIRECTION('',(1.0,0.0,0.0));
#3211=ORIENTED_EDGE('',*,*,#4533,.T.);
#3212=ORIENTED_EDGE('',*,*,#4534,.F.);
#3213=ORIENTED_EDGE('',*,*,#4535,.F.);
#3214=ORIENTED_EDGE('',*,*,#4481,.T.);
#3215=CARTESIAN_POINT('',(-5.75,1.49,3.8));
#3216=DIRECTION('',(1.0,0.0,0.0));
#3217=DIRECTION('',(0.0,1.0,0.0));
#3218=ORIENTED_EDGE('',*,*,#4535,.T.);
#3219=ORIENTED_EDGE('',*,*,#4536,.F.);
#3220=ORIENTED_EDGE('',*,*,#4537,.F.);
#3221=ORIENTED_EDGE('',*,*,#4482,.T.);
#3222=CARTESIAN_POINT('',(-5.35,1.49,3.8));
#3223=DIRECTION('',(-0.0,1.0,0.0));
#3224=DIRECTION('',(1.0,0.0,0.0));
#3225=ORIENTED_EDGE('',*,*,#4538,.F.);
#3226=ORIENTED_EDGE('',*,*,#4483,.T.);
#3227=ORIENTED_EDGE('',*,*,#4537,.T.);
#3228=ORIENTED_EDGE('',*,*,#4539,.F.);
#3229=ORIENTED_EDGE('',*,*,#4540,.T.);
#3230=ORIENTED_EDGE('',*,*,#4541,.F.);
#3231=CARTESIAN_POINT('',(-5.35,-1.4,3.8));
#3232=DIRECTION('',(1.0,0.0,0.0));
#3233=DIRECTION('',(0.0,1.0,0.0));
#3234=ORIENTED_EDGE('',*,*,#4541,.T.);
#3235=ORIENTED_EDGE('',*,*,#4542,.T.);
#3236=ORIENTED_EDGE('',*,*,#4543,.F.);
#3237=ORIENTED_EDGE('',*,*,#4544,.F.);
#3238=CARTESIAN_POINT('',(-5.35,-1.4,-0.8));
#3239=DIRECTION('',(0.0,0.0,1.0));
#3240=DIRECTION('',(1.0,0.0,0.0));
#3241=ORIENTED_EDGE('',*,*,#4137,.F.);
#3242=ORIENTED_EDGE('',*,*,#4545,.T.);
#3243=ORIENTED_EDGE('',*,*,#4546,.F.);
#3244=ORIENTED_EDGE('',*,*,#4547,.F.);
#3245=ORIENTED_EDGE('',*,*,#4484,.T.);
#3246=ORIENTED_EDGE('',*,*,#4538,.T.);
#3247=ORIENTED_EDGE('',*,*,#4544,.T.);
#3248=ORIENTED_EDGE('',*,*,#4548,.F.);
#3249=CARTESIAN_POINT('',(-7.05,-1.4,3.8));
#3250=DIRECTION('',(0.0,-1.0,0.0));
#3251=DIRECTION('',(0.0,0.0,-1.0));
#3252=ORIENTED_EDGE('',*,*,#4138,.T.);
#3253=ORIENTED_EDGE('',*,*,#4548,.T.);
#3254=ORIENTED_EDGE('',*,*,#4543,.T.);
#3255=ORIENTED_EDGE('',*,*,#4549,.T.);
#3256=ORIENTED_EDGE('',*,*,#4550,.F.);
#3257=CARTESIAN_POINT('',(-5.75,-1.8,-1.8));
#3258=DIRECTION('',(-1.0,0.0,0.0));
#3259=DIRECTION('',(0.0,0.0,1.0));
#3260=ORIENTED_EDGE('',*,*,#4551,.F.);
#3261=ORIENTED_EDGE('',*,*,#4539,.T.);
#3262=ORIENTED_EDGE('',*,*,#4536,.T.);
#3263=ORIENTED_EDGE('',*,*,#4534,.T.);
#3264=ORIENTED_EDGE('',*,*,#4532,.T.);
#3265=ORIENTED_EDGE('',*,*,#4530,.T.);
#3266=ORIENTED_EDGE('',*,*,#4552,.T.);
#3267=ORIENTED_EDGE('',*,*,#4553,.T.);
#3268=ORIENTED_EDGE('',*,*,#4554,.T.);
#3269=ORIENTED_EDGE('',*,*,#4555,.F.);
#3270=ORIENTED_EDGE('',*,*,#4160,.T.);
#3271=ORIENTED_EDGE('',*,*,#4550,.T.);
#3272=CARTESIAN_POINT('',(2.0,-1.8,-1.8));
#3273=DIRECTION('',(0.0,0.0,1.0));
#3274=DIRECTION('',(1.0,0.0,0.0));
#3275=ORIENTED_EDGE('',*,*,#4556,.T.);
#3276=ORIENTED_EDGE('',*,*,#4557,.T.);
#3277=ORIENTED_EDGE('',*,*,#4545,.F.);
#3278=ORIENTED_EDGE('',*,*,#4136,.T.);
#3279=ORIENTED_EDGE('',*,*,#4555,.T.);
#3280=CARTESIAN_POINT('',(-6.65,-1.8,-1.8));
#3281=DIRECTION('',(1.0,0.0,0.0));
#3282=DIRECTION('',(0.0,1.0,0.0));
#3283=ORIENTED_EDGE('',*,*,#4546,.T.);
#3284=ORIENTED_EDGE('',*,*,#4557,.F.);
#3285=ORIENTED_EDGE('',*,*,#4558,.F.);
#3286=ORIENTED_EDGE('',*,*,#4559,.F.);
#3287=CARTESIAN_POINT('',(-7.05,1.14,-0.8));
#3288=DIRECTION('',(0.0,0.0,1.0));
#3289=DIRECTION('',(1.0,0.0,0.0));
#3290=ORIENTED_EDGE('',*,*,#4560,.F.);
#3291=ORIENTED_EDGE('',*,*,#4553,.F.);
#3292=ORIENTED_EDGE('',*,*,#4561,.F.);
#3293=ORIENTED_EDGE('',*,*,#4485,.F.);
#3294=ORIENTED_EDGE('',*,*,#4547,.T.);
#3295=ORIENTED_EDGE('',*,*,#4559,.T.);
#3296=CARTESIAN_POINT('',(-7.05,1.49,3.8));
#3297=DIRECTION('',(-1.0,0.0,0.0));
#3298=DIRECTION('',(0.0,0.0,1.0));
#3299=ORIENTED_EDGE('',*,*,#4561,.T.);
#3300=ORIENTED_EDGE('',*,*,#4552,.F.);
#3301=ORIENTED_EDGE('',*,*,#4529,.F.);
#3302=ORIENTED_EDGE('',*,*,#4486,.T.);
#3303=CARTESIAN_POINT('',(-6.65,1.49,3.8));
#3304=DIRECTION('',(-0.0,1.0,0.0));
#3305=DIRECTION('',(1.0,0.0,0.0));
#3306=ORIENTED_EDGE('',*,*,#4560,.T.);
#3307=ORIENTED_EDGE('',*,*,#4558,.T.);
#3308=ORIENTED_EDGE('',*,*,#4556,.F.);
#3309=ORIENTED_EDGE('',*,*,#4554,.F.);
#3310=CARTESIAN_POINT('',(-7.05,1.14,-1.8));
#3311=DIRECTION('',(-0.0,1.0,0.0));
#3312=DIRECTION('',(1.0,0.0,0.0));
#3313=ORIENTED_EDGE('',*,*,#4549,.F.);
#3314=ORIENTED_EDGE('',*,*,#4542,.F.);
#3315=ORIENTED_EDGE('',*,*,#4540,.F.);
#3316=ORIENTED_EDGE('',*,*,#4551,.T.);
#3317=CARTESIAN_POINT('',(-5.35,1.14,-0.8));
#3318=DIRECTION('',(-0.0,1.0,0.0));
#3319=DIRECTION('',(1.0,0.0,0.0));
#3320=ORIENTED_EDGE('',*,*,#4071,.T.);
#3321=ORIENTED_EDGE('',*,*,#4479,.T.);
#3322=ORIENTED_EDGE('',*,*,#4562,.F.);
#3323=ORIENTED_EDGE('',*,*,#3922,.T.);
#3324=CARTESIAN_POINT('',(0.0,1.49,0.0));
#3325=DIRECTION('',(-0.0,1.0,0.0));
#3326=DIRECTION('',(1.0,0.0,0.0));
#3327=ORIENTED_EDGE('',*,*,#4309,.T.);
#3328=ORIENTED_EDGE('',*,*,#4219,.T.);
#3329=ORIENTED_EDGE('',*,*,#4171,.F.);
#3330=ORIENTED_EDGE('',*,*,#3940,.T.);
#3331=CARTESIAN_POINT('',(0.0,1.49,0.0));
#3332=DIRECTION('',(-0.0,1.0,0.0));
#3333=DIRECTION('',(1.0,0.0,0.0));
#3334=ORIENTED_EDGE('',*,*,#4563,.F.);
#3335=ORIENTED_EDGE('',*,*,#4471,.T.);
#3336=ORIENTED_EDGE('',*,*,#4314,.F.);
#3337=ORIENTED_EDGE('',*,*,#3923,.F.);
#3338=ORIENTED_EDGE('',*,*,#4562,.T.);
#3339=ORIENTED_EDGE('',*,*,#4564,.T.);
#3340=ORIENTED_EDGE('',*,*,#4565,.F.);
#3341=ORIENTED_EDGE('',*,*,#4566,.T.);
#3342=ORIENTED_EDGE('',*,*,#4567,.F.);
#3343=CARTESIAN_POINT('',(-3.35,3.2,10.4));
#3344=DIRECTION('',(1.0,0.0,0.0));
#3345=DIRECTION('',(0.0,1.0,0.0));
#3346=ORIENTED_EDGE('',*,*,#4568,.T.);
#3347=ORIENTED_EDGE('',*,*,#4569,.F.);
#3348=ORIENTED_EDGE('',*,*,#4570,.F.);
#3349=ORIENTED_EDGE('',*,*,#4567,.T.);
#3350=CARTESIAN_POINT('',(-3.35,-1.4,-0.8));
#3351=DIRECTION('',(0.0,0.0,1.0));
#3352=DIRECTION('',(1.0,0.0,0.0));
#3353=ORIENTED_EDGE('',*,*,#4141,.F.);
#3354=ORIENTED_EDGE('',*,*,#4571,.T.);
#3355=ORIENTED_EDGE('',*,*,#4572,.F.);
#3356=ORIENTED_EDGE('',*,*,#4573,.F.);
#3357=ORIENTED_EDGE('',*,*,#4472,.F.);
#3358=ORIENTED_EDGE('',*,*,#4563,.T.);
#3359=ORIENTED_EDGE('',*,*,#4570,.T.);
#3360=ORIENTED_EDGE('',*,*,#4574,.F.);
#3361=CARTESIAN_POINT('',(-5.05,-1.4,3.8));
#3362=DIRECTION('',(0.0,-1.0,0.0));
#3363=DIRECTION('',(0.0,0.0,-1.0));
#3364=ORIENTED_EDGE('',*,*,#4142,.T.);
#3365=ORIENTED_EDGE('',*,*,#4574,.T.);
#3366=ORIENTED_EDGE('',*,*,#4569,.T.);
#3367=ORIENTED_EDGE('',*,*,#4575,.T.);
#3368=ORIENTED_EDGE('',*,*,#4576,.F.);
#3369=CARTESIAN_POINT('',(-3.75,-1.8,-1.8));
#3370=DIRECTION('',(-1.0,0.0,0.0));
#3371=DIRECTION('',(0.0,0.0,1.0));
#3372=ORIENTED_EDGE('',*,*,#4577,.F.);
#3373=ORIENTED_EDGE('',*,*,#4565,.T.);
#3374=ORIENTED_EDGE('',*,*,#4578,.T.);
#3375=ORIENTED_EDGE('',*,*,#4579,.T.);
#3376=ORIENTED_EDGE('',*,*,#4580,.T.);
#3377=ORIENTED_EDGE('',*,*,#4581,.T.);
#3378=ORIENTED_EDGE('',*,*,#4582,.T.);
#3379=ORIENTED_EDGE('',*,*,#4583,.T.);
#3380=ORIENTED_EDGE('',*,*,#4584,.T.);
#3381=ORIENTED_EDGE('',*,*,#4585,.F.);
#3382=ORIENTED_EDGE('',*,*,#4159,.T.);
#3383=ORIENTED_EDGE('',*,*,#4576,.T.);
#3384=CARTESIAN_POINT('',(4.0,-1.8,-1.8));
#3385=DIRECTION('',(0.0,0.0,1.0));
#3386=DIRECTION('',(1.0,0.0,0.0));
#3387=ORIENTED_EDGE('',*,*,#4586,.T.);
#3388=ORIENTED_EDGE('',*,*,#4587,.T.);
#3389=ORIENTED_EDGE('',*,*,#4571,.F.);
#3390=ORIENTED_EDGE('',*,*,#4140,.T.);
#3391=ORIENTED_EDGE('',*,*,#4585,.T.);
#3392=CARTESIAN_POINT('',(-4.65,-1.8,-1.8));
#3393=DIRECTION('',(1.0,0.0,0.0));
#3394=DIRECTION('',(0.0,1.0,0.0));
#3395=ORIENTED_EDGE('',*,*,#4572,.T.);
#3396=ORIENTED_EDGE('',*,*,#4587,.F.);
#3397=ORIENTED_EDGE('',*,*,#4588,.F.);
#3398=ORIENTED_EDGE('',*,*,#4589,.F.);
#3399=CARTESIAN_POINT('',(-5.05,1.14,-0.8));
#3400=DIRECTION('',(0.0,0.0,1.0));
#3401=DIRECTION('',(1.0,0.0,0.0));
#3402=ORIENTED_EDGE('',*,*,#4590,.F.);
#3403=ORIENTED_EDGE('',*,*,#4583,.F.);
#3404=ORIENTED_EDGE('',*,*,#4591,.F.);
#3405=ORIENTED_EDGE('',*,*,#4473,.F.);
#3406=ORIENTED_EDGE('',*,*,#4573,.T.);
#3407=ORIENTED_EDGE('',*,*,#4589,.T.);
#3408=CARTESIAN_POINT('',(-5.05,1.49,3.8));
#3409=DIRECTION('',(-1.0,0.0,0.0));
#3410=DIRECTION('',(0.0,0.0,1.0));
#3411=ORIENTED_EDGE('',*,*,#4591,.T.);
#3412=ORIENTED_EDGE('',*,*,#4582,.F.);
#3413=ORIENTED_EDGE('',*,*,#4592,.F.);
#3414=ORIENTED_EDGE('',*,*,#4474,.T.);
#3415=CARTESIAN_POINT('',(-4.65,1.49,3.8));
#3416=DIRECTION('',(-0.0,1.0,0.0));
#3417=DIRECTION('',(1.0,0.0,0.0));
#3418=ORIENTED_EDGE('',*,*,#4592,.T.);
#3419=ORIENTED_EDGE('',*,*,#4581,.F.);
#3420=ORIENTED_EDGE('',*,*,#4593,.F.);
#3421=ORIENTED_EDGE('',*,*,#4475,.T.);
#3422=CARTESIAN_POINT('',(-4.65,2.35,3.8));
#3423=DIRECTION('',(-1.0,0.0,0.0));
#3424=DIRECTION('',(0.0,0.0,1.0));
#3425=ORIENTED_EDGE('',*,*,#4593,.T.);
#3426=ORIENTED_EDGE('',*,*,#4580,.F.);
#3427=ORIENTED_EDGE('',*,*,#4594,.F.);
#3428=ORIENTED_EDGE('',*,*,#4476,.T.);
#3429=CARTESIAN_POINT('',(-3.75,2.35,3.8));
#3430=DIRECTION('',(-0.0,1.0,0.0));
#3431=DIRECTION('',(1.0,0.0,0.0));
#3432=ORIENTED_EDGE('',*,*,#4594,.T.);
#3433=ORIENTED_EDGE('',*,*,#4579,.F.);
#3434=ORIENTED_EDGE('',*,*,#4595,.F.);
#3435=ORIENTED_EDGE('',*,*,#4477,.T.);
#3436=CARTESIAN_POINT('',(-3.75,1.49,3.8));
#3437=DIRECTION('',(1.0,0.0,0.0));
#3438=DIRECTION('',(0.0,1.0,0.0));
#3439=ORIENTED_EDGE('',*,*,#4595,.T.);
#3440=ORIENTED_EDGE('',*,*,#4578,.F.);
#3441=ORIENTED_EDGE('',*,*,#4564,.F.);
#3442=ORIENTED_EDGE('',*,*,#4478,.T.);
#3443=CARTESIAN_POINT('',(-3.35,1.49,3.8));
#3444=DIRECTION('',(-0.0,1.0,0.0));
#3445=DIRECTION('',(1.0,0.0,0.0));
#3446=ORIENTED_EDGE('',*,*,#4590,.T.);
#3447=ORIENTED_EDGE('',*,*,#4588,.T.);
#3448=ORIENTED_EDGE('',*,*,#4586,.F.);
#3449=ORIENTED_EDGE('',*,*,#4584,.F.);
#3450=CARTESIAN_POINT('',(-5.05,1.14,-1.8));
#3451=DIRECTION('',(-0.0,1.0,0.0));
#3452=DIRECTION('',(1.0,0.0,0.0));
#3453=ORIENTED_EDGE('',*,*,#4577,.T.);
#3454=ORIENTED_EDGE('',*,*,#4575,.F.);
#3455=ORIENTED_EDGE('',*,*,#4568,.F.);
#3456=ORIENTED_EDGE('',*,*,#4566,.F.);
#3457=CARTESIAN_POINT('',(-3.35,1.14,-0.8));
#3458=DIRECTION('',(-0.0,1.0,0.0));
#3459=DIRECTION('',(1.0,0.0,0.0));
#3460=ORIENTED_EDGE('',*,*,#4470,.T.);
#3461=ORIENTED_EDGE('',*,*,#4596,.T.);
#3462=ORIENTED_EDGE('',*,*,#4344,.F.);
#3463=ORIENTED_EDGE('',*,*,#4119,.T.);
#3464=CARTESIAN_POINT('',(-11.35,0.45,3.8));
#3465=DIRECTION('',(0.0,-1.0,0.0));
#3466=DIRECTION('',(0.0,0.0,-1.0));
#3467=ORIENTED_EDGE('',*,*,#4345,.T.);
#3468=ORIENTED_EDGE('',*,*,#4596,.F.);
#3469=ORIENTED_EDGE('',*,*,#4469,.F.);
#3470=ORIENTED_EDGE('',*,*,#4467,.F.);
#3471=CARTESIAN_POINT('',(-10.25,0.45,3.8));
#3472=DIRECTION('',(1.0,0.0,0.0));
#3473=DIRECTION('',(0.0,1.0,0.0));
#3474=ORIENTED_EDGE('',*,*,#4102,.T.);
#3475=ORIENTED_EDGE('',*,*,#4154,.F.);
#3476=ORIENTED_EDGE('',*,*,#4179,.F.);
#3477=ORIENTED_EDGE('',*,*,#4125,.T.);
#3478=CARTESIAN_POINT('',(10.35,-0.35,-10.4));
#3479=DIRECTION('',(1.0,0.0,0.0));
#3480=DIRECTION('',(0.0,1.0,0.0));
#3481=ORIENTED_EDGE('',*,*,#4176,.T.);
#3482=ORIENTED_EDGE('',*,*,#4155,.F.);
#3483=ORIENTED_EDGE('',*,*,#4100,.F.);
#3484=ORIENTED_EDGE('',*,*,#4167,.T.);
#3485=CARTESIAN_POINT('',(3.8,-2.2,-10.4));
#3486=DIRECTION('',(-1.0,0.0,0.0));
#3487=DIRECTION('',(0.0,0.0,1.0));
#3488=ORIENTED_EDGE('',*,*,#4170,.T.);
#3489=ORIENTED_EDGE('',*,*,#4597,.T.);
#3490=ORIENTED_EDGE('',*,*,#4598,.T.);
#3491=ORIENTED_EDGE('',*,*,#3942,.F.);
#3492=CARTESIAN_POINT('',(3.35,-0.8,7.1));
#3493=DIRECTION('',(0.0,-1.0,0.0));
#3494=DIRECTION('',(0.0,0.0,-1.0));
#3495=ORIENTED_EDGE('',*,*,#3943,.F.);
#3496=ORIENTED_EDGE('',*,*,#4598,.F.);
#3497=ORIENTED_EDGE('',*,*,#4599,.F.);
#3498=ORIENTED_EDGE('',*,*,#3958,.F.);
#3499=CARTESIAN_POINT('',(2.7,-3.2,-10.4));
#3500=DIRECTION('',(1.0,0.0,0.0));
#3501=DIRECTION('',(0.0,1.0,0.0));
#3502=ORIENTED_EDGE('',*,*,#4599,.T.);
#3503=ORIENTED_EDGE('',*,*,#4597,.F.);
#3504=ORIENTED_EDGE('',*,*,#4169,.F.);
#3505=ORIENTED_EDGE('',*,*,#4074,.T.);
#3506=ORIENTED_EDGE('',*,*,#4600,.T.);
#3507=CARTESIAN_POINT('',(3.35,-2.2,7.1));
#3508=DIRECTION('',(0.0,0.0,1.0));
#3509=DIRECTION('',(1.0,0.0,0.0));
#3510=ORIENTED_EDGE('',*,*,#3959,.T.);
#3511=ORIENTED_EDGE('',*,*,#4600,.F.);
#3512=ORIENTED_EDGE('',*,*,#4073,.F.);
#3513=ORIENTED_EDGE('',*,*,#3968,.T.);
#3514=CARTESIAN_POINT('',(2.7,-3.2,-10.4));
#3515=DIRECTION('',(-1.0,0.0,0.0));
#3516=DIRECTION('',(0.0,0.0,1.0));
#3517=ORIENTED_EDGE('',*,*,#3917,.F.);
#3518=ORIENTED_EDGE('',*,*,#4097,.T.);
#3519=ORIENTED_EDGE('',*,*,#4601,.T.);
#3520=ORIENTED_EDGE('',*,*,#4078,.T.);
#3521=ORIENTED_EDGE('',*,*,#4602,.T.);
#3522=ORIENTED_EDGE('',*,*,#3963,.T.);
#3523=CARTESIAN_POINT('',(-0.3,-3.2,-10.4));
#3524=DIRECTION('',(1.0,0.0,0.0));
#3525=DIRECTION('',(0.0,1.0,0.0));
#3526=ORIENTED_EDGE('',*,*,#4603,.F.);
#3527=ORIENTED_EDGE('',*,*,#4604,.F.);
#3528=ORIENTED_EDGE('',*,*,#4003,.F.);
#3529=ORIENTED_EDGE('',*,*,#4605,.T.);
#3530=CARTESIAN_POINT('',(-0.3,-3.2,-10.4));
#3531=DIRECTION('',(1.0,0.0,0.0));
#3532=DIRECTION('',(0.0,1.0,0.0));
#3533=ORIENTED_EDGE('',*,*,#4606,.T.);
#3534=ORIENTED_EDGE('',*,*,#3964,.F.);
#3535=ORIENTED_EDGE('',*,*,#4602,.F.);
#3536=ORIENTED_EDGE('',*,*,#4080,.T.);
#3537=ORIENTED_EDGE('',*,*,#4053,.T.);
#3538=CARTESIAN_POINT('',(-1.8,-1.8,-0.53));
#3539=DIRECTION('',(0.0,0.258819045102493,-0.965925826289076));
#3540=DIRECTION('',(-1.0,0.0,0.0));
#3541=ORIENTED_EDGE('',*,*,#4607,.T.);
#3542=ORIENTED_EDGE('',*,*,#4608,.T.);
#3543=ORIENTED_EDGE('',*,*,#4606,.F.);
#3544=ORIENTED_EDGE('',*,*,#4052,.F.);
#3545=CARTESIAN_POINT('',(-1.8,-0.09597228928638,-0.07));
#3546=DIRECTION('',(0.0,-0.260619655578795,0.965441554484781));
#3547=DIRECTION('',(-1.0,0.0,0.0));
#3548=ORIENTED_EDGE('',*,*,#4609,.T.);
#3549=ORIENTED_EDGE('',*,*,#4610,.F.);
#3550=ORIENTED_EDGE('',*,*,#4611,.T.);
#3551=ORIENTED_EDGE('',*,*,#3965,.F.);
#3552=ORIENTED_EDGE('',*,*,#4608,.F.);
#3553=ORIENTED_EDGE('',*,*,#4612,.F.);
#3554=ORIENTED_EDGE('',*,*,#4613,.F.);
#3555=ORIENTED_EDGE('',*,*,#4614,.T.);
#3556=ORIENTED_EDGE('',*,*,#4615,.T.);
#3557=ORIENTED_EDGE('',*,*,#4001,.F.);
#3558=CARTESIAN_POINT('',(-0.632,1.5,-0.396));
#3559=DIRECTION('',(-1.0,0.0,0.0));
#3560=DIRECTION('',(0.0,0.0,1.0));
#3561=ORIENTED_EDGE('',*,*,#4002,.F.);
#3562=ORIENTED_EDGE('',*,*,#4615,.F.);
#3563=ORIENTED_EDGE('',*,*,#4616,.T.);
#3564=ORIENTED_EDGE('',*,*,#4605,.F.);
#3565=CARTESIAN_POINT('',(-0.466,1.5,2.574));
#3566=DIRECTION('',(-0.0,-1.0,0.0));
#3567=DIRECTION('',(-1.0,0.0,0.0));
#3568=ORIENTED_EDGE('',*,*,#4044,.F.);
#3569=ORIENTED_EDGE('',*,*,#4603,.T.);
#3570=ORIENTED_EDGE('',*,*,#4616,.F.);
#3571=ORIENTED_EDGE('',*,*,#4614,.F.);
#3572=ORIENTED_EDGE('',*,*,#4617,.F.);
#3573=ORIENTED_EDGE('',*,*,#4049,.T.);
#3574=CARTESIAN_POINT('',(-1.8,1.5,5.6));
#3575=DIRECTION('',(0.0,-1.0,0.0));
#3576=DIRECTION('',(0.0,0.0,-1.0));
#3577=ORIENTED_EDGE('',*,*,#4617,.T.);
#3578=ORIENTED_EDGE('',*,*,#4613,.T.);
#3579=ORIENTED_EDGE('',*,*,#4618,.F.);
#3580=ORIENTED_EDGE('',*,*,#4050,.F.);
#3581=CARTESIAN_POINT('',(-1.8,1.5,1.737296518422));
#3582=DIRECTION('',(0.0,-0.96726775277588,0.253757944584795));
#3583=DIRECTION('',(-1.0,0.0,0.0));
#3584=ORIENTED_EDGE('',*,*,#4618,.T.);
#3585=ORIENTED_EDGE('',*,*,#4612,.T.);
#3586=ORIENTED_EDGE('',*,*,#4607,.F.);
#3587=ORIENTED_EDGE('',*,*,#4051,.F.);
#3588=CARTESIAN_POINT('',(-1.8,1.22,0.67));
#3589=DIRECTION('',(0.0,-0.490143289314685,0.871641873672772));
#3590=DIRECTION('',(-1.0,0.0,0.0));
#3591=ORIENTED_EDGE('',*,*,#3966,.T.);
#3592=ORIENTED_EDGE('',*,*,#4611,.F.);
#3593=ORIENTED_EDGE('',*,*,#4619,.F.);
#3594=ORIENTED_EDGE('',*,*,#4046,.T.);
#3595=CARTESIAN_POINT('',(-1.8,-0.7,1.6));
#3596=DIRECTION('',(1.0,-0.0,0.0));
#3597=DIRECTION('',(0.0,0.0,1.0));
#3598=ORIENTED_EDGE('',*,*,#4619,.T.);
#3599=ORIENTED_EDGE('',*,*,#4610,.T.);
#3600=ORIENTED_EDGE('',*,*,#4620,.F.);
#3601=ORIENTED_EDGE('',*,*,#4047,.F.);
#3602=CARTESIAN_POINT('',(-1.8,-0.7,1.0));
#3603=DIRECTION('',(0.0,0.0,-1.0));
#3604=DIRECTION('',(0.0,-1.0,0.0));
#3605=ORIENTED_EDGE('',*,*,#4620,.T.);
#3606=ORIENTED_EDGE('',*,*,#4609,.F.);
#3607=ORIENTED_EDGE('',*,*,#4000,.F.);
#3608=ORIENTED_EDGE('',*,*,#4048,.T.);
#3609=CARTESIAN_POINT('',(-1.8,-0.6,2.3));
#3610=DIRECTION('',(1.0,-0.0,0.0));
#3611=DIRECTION('',(0.0,0.0,1.0));
#3612=ORIENTED_EDGE('',*,*,#4064,.T.);
#3613=ORIENTED_EDGE('',*,*,#4079,.T.);
#3614=ORIENTED_EDGE('',*,*,#4601,.F.);
#3615=ORIENTED_EDGE('',*,*,#4096,.F.);
#3616=CARTESIAN_POINT('',(-2.45,-2.2,-1.8));
#3617=DIRECTION('',(0.0,0.0,-1.0));
#3618=DIRECTION('',(0.0,-1.0,0.0));
#3619=ORIENTED_EDGE('',*,*,#4043,.F.);
#3620=ORIENTED_EDGE('',*,*,#4621,.T.);
#3621=ORIENTED_EDGE('',*,*,#4622,.T.);
#3622=ORIENTED_EDGE('',*,*,#4623,.T.);
#3623=ORIENTED_EDGE('',*,*,#4624,.T.);
#3624=ORIENTED_EDGE('',*,*,#4625,.T.);
#3625=ORIENTED_EDGE('',*,*,#4626,.T.);
#3626=ORIENTED_EDGE('',*,*,#4627,.T.);
#3627=ORIENTED_EDGE('',*,*,#4004,.T.);
#3628=ORIENTED_EDGE('',*,*,#4604,.T.);
#3629=CARTESIAN_POINT('',(-0.3,3.2,5.6));
#3630=DIRECTION('',(0.999945169365512,0.0,0.0104717841162501));
#3631=DIRECTION('',(0.0,-1.0,0.0));
#3632=ORIENTED_EDGE('',*,*,#4005,.T.);
#3633=ORIENTED_EDGE('',*,*,#4627,.F.);
#3634=ORIENTED_EDGE('',*,*,#4628,.F.);
#3635=ORIENTED_EDGE('',*,*,#4629,.T.);
#3636=CARTESIAN_POINT('',(3.1,-0.06372773291499,-7.95));
#3637=DIRECTION('',(0.0,-0.996194698091745,0.087155742747664));
#3638=DIRECTION('',(-1.0,0.0,0.0));
#3639=ORIENTED_EDGE('',*,*,#4629,.F.);
#3640=ORIENTED_EDGE('',*,*,#4630,.F.);
#3641=ORIENTED_EDGE('',*,*,#4631,.F.);
#3642=ORIENTED_EDGE('',*,*,#4632,.F.);
#3643=ORIENTED_EDGE('',*,*,#4633,.F.);
#3644=ORIENTED_EDGE('',*,*,#4634,.F.);
#3645=ORIENTED_EDGE('',*,*,#4635,.F.);
#3646=ORIENTED_EDGE('',*,*,#4013,.T.);
#3647=ORIENTED_EDGE('',*,*,#3952,.F.);
#3648=ORIENTED_EDGE('',*,*,#4006,.F.);
#3649=CARTESIAN_POINT('',(1.032442266843,3.2,-10.4));
#3650=DIRECTION('',(-0.999945169365512,0.0,0.0104717841162501));
#3651=DIRECTION('',(0.0,1.0,0.0));
#3652=ORIENTED_EDGE('',*,*,#4636,.T.);
#3653=ORIENTED_EDGE('',*,*,#4621,.F.);
#3654=ORIENTED_EDGE('',*,*,#4637,.F.);
#3655=ORIENTED_EDGE('',*,*,#4635,.T.);
#3656=CARTESIAN_POINT('',(3.1,2.8,5.6));
#3657=DIRECTION('',(0.0,0.99875443433478,-0.049895690160709));
#3658=DIRECTION('',(-1.0,0.0,0.0));
#3659=ORIENTED_EDGE('',*,*,#4042,.F.);
#3660=ORIENTED_EDGE('',*,*,#4040,.F.);
#3661=ORIENTED_EDGE('',*,*,#4638,.F.);
#3662=ORIENTED_EDGE('',*,*,#4016,.T.);
#3663=ORIENTED_EDGE('',*,*,#4014,.T.);
#3664=ORIENTED_EDGE('',*,*,#4637,.T.);
#3665=CARTESIAN_POINT('',(3.1,2.8,6.7));
#3666=DIRECTION('',(-0.0,1.0,0.0));
#3667=DIRECTION('',(1.0,0.0,0.0));
#3668=ORIENTED_EDGE('',*,*,#4638,.T.);
#3669=ORIENTED_EDGE('',*,*,#4039,.F.);
#3670=ORIENTED_EDGE('',*,*,#4639,.F.);
#3671=ORIENTED_EDGE('',*,*,#4017,.T.);
#3672=CARTESIAN_POINT('',(3.1,3.05,6.7));
#3673=DIRECTION('',(0.0,0.0,-1.0));
#3674=DIRECTION('',(0.0,-1.0,0.0));
#3675=ORIENTED_EDGE('',*,*,#4639,.T.);
#3676=ORIENTED_EDGE('',*,*,#4038,.F.);
#3677=ORIENTED_EDGE('',*,*,#4640,.F.);
#3678=ORIENTED_EDGE('',*,*,#4018,.T.);
#3679=CARTESIAN_POINT('',(3.1,3.05,7.8));
#3680=DIRECTION('',(-0.0,1.0,0.0));
#3681=DIRECTION('',(1.0,0.0,0.0));
#3682=ORIENTED_EDGE('',*,*,#4640,.T.);
#3683=ORIENTED_EDGE('',*,*,#4037,.F.);
#3684=ORIENTED_EDGE('',*,*,#4641,.F.);
#3685=ORIENTED_EDGE('',*,*,#4019,.T.);
#3686=CARTESIAN_POINT('',(3.1,3.3,7.8));
#3687=DIRECTION('',(0.0,0.0,-1.0));
#3688=DIRECTION('',(0.0,-1.0,0.0));
#3689=ORIENTED_EDGE('',*,*,#4641,.T.);
#3690=ORIENTED_EDGE('',*,*,#4036,.F.);
#3691=ORIENTED_EDGE('',*,*,#4642,.F.);
#3692=ORIENTED_EDGE('',*,*,#4020,.T.);
#3693=CARTESIAN_POINT('',(3.1,3.3,8.9));
#3694=DIRECTION('',(-0.0,1.0,0.0));
#3695=DIRECTION('',(1.0,0.0,0.0));
#3696=ORIENTED_EDGE('',*,*,#4642,.T.);
#3697=ORIENTED_EDGE('',*,*,#4035,.F.);
#3698=ORIENTED_EDGE('',*,*,#4643,.F.);
#3699=ORIENTED_EDGE('',*,*,#4021,.T.);
#3700=CARTESIAN_POINT('',(3.1,3.55,8.9));
#3701=DIRECTION('',(0.0,0.0,-1.0));
#3702=DIRECTION('',(0.0,-1.0,0.0));
#3703=ORIENTED_EDGE('',*,*,#4643,.T.);
#3704=ORIENTED_EDGE('',*,*,#4034,.F.);
#3705=ORIENTED_EDGE('',*,*,#4026,.F.);
#3706=ORIENTED_EDGE('',*,*,#4022,.T.);
#3707=CARTESIAN_POINT('',(3.1,3.55,10.4));
#3708=DIRECTION('',(-0.0,1.0,0.0));
#3709=DIRECTION('',(1.0,0.0,0.0));
#3710=ORIENTED_EDGE('',*,*,#4644,.T.);
#3711=ORIENTED_EDGE('',*,*,#4622,.F.);
#3712=ORIENTED_EDGE('',*,*,#4636,.F.);
#3713=ORIENTED_EDGE('',*,*,#4634,.T.);
#3714=CARTESIAN_POINT('',(3.1,1.287206441334,-9.65));
#3715=DIRECTION('',(1.0,-0.0,0.0));
#3716=DIRECTION('',(0.0,0.0,1.0));
#3717=ORIENTED_EDGE('',*,*,#4645,.T.);
#3718=ORIENTED_EDGE('',*,*,#4623,.F.);
#3719=ORIENTED_EDGE('',*,*,#4644,.F.);
#3720=ORIENTED_EDGE('',*,*,#4633,.T.);
#3721=CARTESIAN_POINT('',(3.1,1.287206441334,-10.4));
#3722=DIRECTION('',(0.0,0.0,-1.0));
#3723=DIRECTION('',(0.0,-1.0,0.0));
#3724=ORIENTED_EDGE('',*,*,#4646,.T.);
#3725=ORIENTED_EDGE('',*,*,#4624,.F.);
#3726=ORIENTED_EDGE('',*,*,#4645,.F.);
#3727=ORIENTED_EDGE('',*,*,#4632,.T.);
#3728=CARTESIAN_POINT('',(3.1,0.192187633765,-10.4));
#3729=DIRECTION('',(0.0,-0.615661475325695,-0.788010753606693));
#3730=DIRECTION('',(0.0,-0.788010753606693,0.615661475325695));
#3731=ORIENTED_EDGE('',*,*,#4647,.T.);
#3732=ORIENTED_EDGE('',*,*,#4625,.F.);
#3733=ORIENTED_EDGE('',*,*,#4646,.F.);
#3734=ORIENTED_EDGE('',*,*,#4631,.T.);
#3735=CARTESIAN_POINT('',(3.1,-1.663727732915,-8.95));
#3736=DIRECTION('',(0.0,-1.0,0.0));
#3737=DIRECTION('',(0.0,0.0,-1.0));
#3738=ORIENTED_EDGE('',*,*,#4628,.T.);
#3739=ORIENTED_EDGE('',*,*,#4626,.F.);
#3740=ORIENTED_EDGE('',*,*,#4647,.F.);
#3741=ORIENTED_EDGE('',*,*,#4630,.T.);
#3742=CARTESIAN_POINT('',(3.1,-1.663727732915,-7.95));
#3743=DIRECTION('',(0.0,0.0,1.0));
#3744=DIRECTION('',(1.0,0.0,0.0));
#3745=ORIENTED_EDGE('',*,*,#3936,.T.);
#3746=ORIENTED_EDGE('',*,*,#4648,.T.);
#3747=ORIENTED_EDGE('',*,*,#4649,.F.);
#3748=ORIENTED_EDGE('',*,*,#3898,.F.);
#3749=CARTESIAN_POINT('',(7.8,-3.2,10.4));
#3750=DIRECTION('',(0.707106781186548,0.707106781186548,0.0));
#3751=DIRECTION('',(0.0,0.0,-1.0));
#3752=ORIENTED_EDGE('',*,*,#4650,.T.);
#3753=ORIENTED_EDGE('',*,*,#4651,.T.);
#3754=ORIENTED_EDGE('',*,*,#4652,.T.);
#3755=ORIENTED_EDGE('',*,*,#3887,.T.);
#3756=CARTESIAN_POINT('',(0.0,-3.2,-1.1));
#3757=DIRECTION('',(0.0,0.0,1.0));
#3758=DIRECTION('',(1.0,0.0,0.0));
#3759=ORIENTED_EDGE('',*,*,#4649,.T.);
#3760=ORIENTED_EDGE('',*,*,#4653,.T.);
#3761=ORIENTED_EDGE('',*,*,#4654,.T.);
#3762=ORIENTED_EDGE('',*,*,#3899,.T.);
#3763=CARTESIAN_POINT('',(0.0,-3.2,-1.1));
#3764=DIRECTION('',(0.0,0.0,1.0));
#3765=DIRECTION('',(1.0,0.0,0.0));
#3766=ORIENTED_EDGE('',*,*,#4652,.F.);
#3767=ORIENTED_EDGE('',*,*,#4655,.F.);
#3768=ORIENTED_EDGE('',*,*,#3926,.T.);
#3769=ORIENTED_EDGE('',*,*,#3888,.T.);
#3770=CARTESIAN_POINT('',(-6.5,-2.8,10.4));
#3771=DIRECTION('',(-0.707106781186548,0.707106781186548,0.0));
#3772=DIRECTION('',(0.0,0.0,1.0));
#3773=ORIENTED_EDGE('',*,*,#4655,.T.);
#3774=ORIENTED_EDGE('',*,*,#4651,.F.);
#3775=ORIENTED_EDGE('',*,*,#4656,.F.);
#3776=ORIENTED_EDGE('',*,*,#3927,.T.);
#3777=CARTESIAN_POINT('',(-3.5,-2.8,10.4));
#3778=DIRECTION('',(-0.0,1.0,0.0));
#3779=DIRECTION('',(1.0,0.0,0.0));
#3780=ORIENTED_EDGE('',*,*,#3928,.T.);
#3781=ORIENTED_EDGE('',*,*,#4656,.T.);
#3782=ORIENTED_EDGE('',*,*,#4650,.F.);
#3783=ORIENTED_EDGE('',*,*,#3886,.F.);
#3784=CARTESIAN_POINT('',(-3.1,-3.2,10.4));
#3785=DIRECTION('',(0.707106781186548,0.707106781186548,0.0));
#3786=DIRECTION('',(0.0,0.0,-1.0));
#3787=ORIENTED_EDGE('',*,*,#4654,.F.);
#3788=ORIENTED_EDGE('',*,*,#4657,.F.);
#3789=ORIENTED_EDGE('',*,*,#3934,.T.);
#3790=ORIENTED_EDGE('',*,*,#3900,.T.);
#3791=CARTESIAN_POINT('',(4.4,-2.8,10.4));
#3792=DIRECTION('',(-0.707106781186498,0.707106781186598,0.0));
#3793=DIRECTION('',(0.0,0.0,1.0));
#3794=ORIENTED_EDGE('',*,*,#4657,.T.);
#3795=ORIENTED_EDGE('',*,*,#4653,.F.);
#3796=ORIENTED_EDGE('',*,*,#4648,.F.);
#3797=ORIENTED_EDGE('',*,*,#3935,.T.);
#3798=CARTESIAN_POINT('',(7.4,-2.8,10.4));
#3799=DIRECTION('',(-0.0,1.0,0.0));
#3800=DIRECTION('',(1.0,0.0,0.0));
#3801=ORIENTED_EDGE('',*,*,#3933,.T.);
#3802=ORIENTED_EDGE('',*,*,#4658,.T.);
#3803=ORIENTED_EDGE('',*,*,#3911,.F.);
#3804=ORIENTED_EDGE('',*,*,#3902,.F.);
#3805=CARTESIAN_POINT('',(2.15,-3.2,10.4));
#3806=DIRECTION('',(1.0,0.0,0.0));
#3807=DIRECTION('',(0.0,1.0,0.0));
#3808=ORIENTED_EDGE('',*,*,#4659,.T.);
#3809=ORIENTED_EDGE('',*,*,#3912,.F.);
#3810=ORIENTED_EDGE('',*,*,#4658,.F.);
#3811=ORIENTED_EDGE('',*,*,#3932,.T.);
#3812=CARTESIAN_POINT('',(2.15,-3.1,10.4));
#3813=DIRECTION('',(-0.0,1.0,0.0));
#3814=DIRECTION('',(1.0,0.0,0.0));
#3815=ORIENTED_EDGE('',*,*,#3913,.F.);
#3816=ORIENTED_EDGE('',*,*,#4659,.F.);
#3817=ORIENTED_EDGE('',*,*,#3931,.F.);
#3818=ORIENTED_EDGE('',*,*,#3904,.T.);
#3819=CARTESIAN_POINT('',(0.95,-3.1,10.4));
#3820=DIRECTION('',(-1.0,0.0,0.0));
#3821=DIRECTION('',(0.0,0.0,1.0));
#3822=ORIENTED_EDGE('',*,*,#3930,.T.);
#3823=ORIENTED_EDGE('',*,*,#4660,.T.);
#3824=ORIENTED_EDGE('',*,*,#3908,.F.);
#3825=ORIENTED_EDGE('',*,*,#3906,.F.);
#3826=CARTESIAN_POINT('',(-0.05,-3.2,10.4));
#3827=DIRECTION('',(1.0,0.0,0.0));
#3828=DIRECTION('',(0.0,1.0,0.0));
#3829=ORIENTED_EDGE('',*,*,#3914,.T.);
#3830=ORIENTED_EDGE('',*,*,#3909,.F.);
#3831=ORIENTED_EDGE('',*,*,#4660,.F.);
#3832=ORIENTED_EDGE('',*,*,#3929,.T.);
#3833=CARTESIAN_POINT('',(-0.05,-3.1,10.4));
#3834=DIRECTION('',(-0.0,1.0,0.0));
#3835=DIRECTION('',(1.0,0.0,0.0));
#3836=CARTESIAN_POINT('',(5.65,-1.0,-3.3));
#3837=VECTOR('',#4661,6.6);
#3838=CARTESIAN_POINT('',(5.65,-1.0,-9.9));
#3839=VECTOR('',#4662,1.1);
#3840=CARTESIAN_POINT('',(4.55,-1.0,-9.9));
#3841=VECTOR('',#4663,6.6);
#3842=CARTESIAN_POINT('',(4.55,-1.0,-3.3));
#3843=VECTOR('',#4664,1.1);
#3844=CARTESIAN_POINT('',(7.65,-1.0,-3.3));
#3845=VECTOR('',#4665,6.6);
#3846=CARTESIAN_POINT('',(7.65,-1.0,-9.9));
#3847=VECTOR('',#4666,1.1);
#3848=CARTESIAN_POINT('',(6.55,-1.0,-9.9));
#3849=VECTOR('',#4667,6.6);
#3850=CARTESIAN_POINT('',(6.55,-1.0,-3.3));
#3851=VECTOR('',#4668,1.1);
#3852=CARTESIAN_POINT('',(9.65,-1.0,-3.3));
#3853=VECTOR('',#4669,6.6);
#3854=CARTESIAN_POINT('',(9.65,-1.0,-9.9));
#3855=VECTOR('',#4670,1.1);
#3856=CARTESIAN_POINT('',(8.55,-1.0,-9.9));
#3857=VECTOR('',#4671,6.6);
#3858=CARTESIAN_POINT('',(8.55,-1.0,-3.3));
#3859=VECTOR('',#4672,1.1);
#3860=CARTESIAN_POINT('',(-3.65,-1.0,-3.3));
#3861=VECTOR('',#4673,6.6);
#3862=CARTESIAN_POINT('',(-3.65,-1.0,-9.9));
#3863=VECTOR('',#4674,1.1);
#3864=CARTESIAN_POINT('',(-4.75,-1.0,-9.9));
#3865=VECTOR('',#4675,6.6);
#3866=CARTESIAN_POINT('',(-4.75,-1.0,-3.3));
#3867=VECTOR('',#4676,1.1);
#3868=CARTESIAN_POINT('',(-5.65,-1.0,-3.3));
#3869=VECTOR('',#4677,6.6);
#3870=CARTESIAN_POINT('',(-5.65,-1.0,-9.9));
#3871=VECTOR('',#4678,1.1);
#3872=CARTESIAN_POINT('',(-6.75,-1.0,-9.9));
#3873=VECTOR('',#4679,6.6);
#3874=CARTESIAN_POINT('',(-6.75,-1.0,-3.3));
#3875=VECTOR('',#4680,1.1);
#3876=CARTESIAN_POINT('',(-7.65,-1.0,-3.3));
#3877=VECTOR('',#4681,6.6);
#3878=CARTESIAN_POINT('',(-7.65,-1.0,-9.9));
#3879=VECTOR('',#4682,1.1);
#3880=CARTESIAN_POINT('',(-8.75,-1.0,-9.9));
#3881=VECTOR('',#4683,6.6);
#3882=CARTESIAN_POINT('',(-8.75,-1.0,-3.3));
#3883=VECTOR('',#4684,1.1);
#3884=EDGE_CURVE('',#4685,#4686,#4687,.T.);
#3885=EDGE_CURVE('',#4688,#4685,#4689,.T.);
#3886=EDGE_CURVE('',#4688,#4690,#4691,.T.);
#3887=EDGE_CURVE('',#4692,#4690,#4693,.T.);
#3888=EDGE_CURVE('',#4694,#4692,#4695,.T.);
#3889=EDGE_CURVE('',#4696,#4694,#4697,.T.);
#3890=EDGE_CURVE('',#4698,#4696,#4699,.T.);
#3891=EDGE_CURVE('',#4700,#4698,#4701,.T.);
#3892=EDGE_CURVE('',#4702,#4700,#4703,.T.);
#3893=EDGE_CURVE('',#4702,#4704,#4705,.T.);
#3894=EDGE_CURVE('',#4704,#4706,#4707,.T.);
#3895=EDGE_CURVE('',#4708,#4706,#4709,.T.);
#3896=EDGE_CURVE('',#4710,#4708,#4711,.T.);
#3897=EDGE_CURVE('',#4712,#4710,#4713,.T.);
#3898=EDGE_CURVE('',#4712,#4714,#4715,.T.);
#3899=EDGE_CURVE('',#4716,#4714,#4717,.T.);
#3900=EDGE_CURVE('',#4718,#4716,#4719,.T.);
#3901=EDGE_CURVE('',#4720,#4718,#4721,.T.);
#3902=EDGE_CURVE('',#4720,#4722,#4723,.T.);
#3903=EDGE_CURVE('',#4724,#4722,#4725,.T.);
#3904=EDGE_CURVE('',#4726,#4724,#4727,.T.);
#3905=EDGE_CURVE('',#4728,#4726,#4729,.T.);
#3906=EDGE_CURVE('',#4728,#4730,#4731,.T.);
#3907=EDGE_CURVE('',#4686,#4730,#4732,.T.);
#3908=EDGE_CURVE('',#4730,#4733,#4734,.T.);
#3909=EDGE_CURVE('',#4733,#4735,#4736,.T.);
#3910=EDGE_CURVE('',#4735,#4686,#4737,.T.);
#3911=EDGE_CURVE('',#4722,#4738,#4739,.T.);
#3912=EDGE_CURVE('',#4738,#4740,#4741,.T.);
#3913=EDGE_CURVE('',#4740,#4724,#4742,.T.);
#3914=EDGE_CURVE('',#4743,#4735,#4744,.T.);
#3915=EDGE_CURVE('',#4685,#4743,#4745,.T.);
#3916=EDGE_CURVE('',#4746,#4747,#4748,.T.);
#3917=EDGE_CURVE('',#4747,#4749,#4750,.T.);
#3918=EDGE_CURVE('',#4751,#4749,#4752,.T.);
#3919=EDGE_CURVE('',#4753,#4751,#4754,.T.);
#3920=EDGE_CURVE('',#4755,#4753,#4756,.T.);
#3921=EDGE_CURVE('',#4757,#4755,#4758,.T.);
#3922=EDGE_CURVE('',#4759,#4757,#4760,.T.);
#3923=EDGE_CURVE('',#4759,#4761,#4762,.T.);
#3924=EDGE_CURVE('',#4763,#4761,#4764,.T.);
#3925=EDGE_CURVE('',#4696,#4763,#4765,.T.);
#3926=EDGE_CURVE('',#4766,#4694,#4767,.T.);
#3927=EDGE_CURVE('',#4768,#4766,#4769,.T.);
#3928=EDGE_CURVE('',#4688,#4768,#4770,.T.);
#3929=EDGE_CURVE('',#4771,#4743,#4772,.T.);
#3930=EDGE_CURVE('',#4728,#4771,#4773,.T.);
#3931=EDGE_CURVE('',#4726,#4774,#4775,.T.);
#3932=EDGE_CURVE('',#4776,#4774,#4777,.T.);
#3933=EDGE_CURVE('',#4720,#4776,#4778,.T.);
#3934=EDGE_CURVE('',#4779,#4718,#4780,.T.);
#3935=EDGE_CURVE('',#4781,#4779,#4782,.T.);
#3936=EDGE_CURVE('',#4712,#4781,#4783,.T.);
#3937=EDGE_CURVE('',#4710,#4784,#4785,.T.);
#3938=EDGE_CURVE('',#4786,#4784,#4787,.T.);
#3939=EDGE_CURVE('',#4788,#4786,#4789,.T.);
#3940=EDGE_CURVE('',#4790,#4788,#4791,.T.);
#3941=EDGE_CURVE('',#4790,#4792,#4793,.T.);
#3942=EDGE_CURVE('',#4792,#4794,#4795,.T.);
#3943=EDGE_CURVE('',#4794,#4796,#4797,.T.);
#3944=EDGE_CURVE('',#4796,#4798,#4799,.T.);
#3945=EDGE_CURVE('',#4798,#4746,#4800,.T.);
#3946=EDGE_CURVE('',#4801,#4802,#4803,.T.);
#3947=EDGE_CURVE('',#4804,#4801,#4805,.T.);
#3948=EDGE_CURVE('',#4806,#4804,#4807,.T.);
#3949=EDGE_CURVE('',#4746,#4806,#4808,.T.);
#3950=EDGE_CURVE('',#4798,#4802,#4809,.T.);
#3951=EDGE_CURVE('',#4810,#4811,#4812,.T.);
#3952=EDGE_CURVE('',#4811,#4813,#4814,.T.);
#3953=EDGE_CURVE('',#4813,#4815,#4816,.T.);
#3954=EDGE_CURVE('',#4810,#4815,#4817,.T.);
#3955=EDGE_CURVE('',#4818,#4819,#4820,.T.);
#3956=EDGE_CURVE('',#4819,#4821,#4822,.T.);
#3957=EDGE_CURVE('',#4802,#4821,#4823,.T.);
#3958=EDGE_CURVE('',#4796,#4824,#4825,.T.);
#3959=EDGE_CURVE('',#4826,#4824,#4827,.T.);
#3960=EDGE_CURVE('',#4818,#4826,#4828,.T.);
#3961=EDGE_CURVE('',#4829,#4830,#4831,.T.);
#3962=EDGE_CURVE('',#4751,#4830,#4832,.T.);
#3963=EDGE_CURVE('',#4833,#4749,#4834,.T.);
#3964=EDGE_CURVE('',#4833,#4835,#4836,.T.);
#3965=EDGE_CURVE('',#4835,#4837,#4838,.T.);
#3966=EDGE_CURVE('',#4839,#4837,#4840,.T.);
#3967=EDGE_CURVE('',#4839,#4829,#4841,.T.);
#3968=EDGE_CURVE('',#4842,#4826,#4843,.T.);
#3969=EDGE_CURVE('',#4844,#4842,#4845,.T.);
#3970=EDGE_CURVE('',#4844,#4846,#4847,.T.);
#3971=EDGE_CURVE('',#4848,#4846,#4849,.T.);
#3972=EDGE_CURVE('',#4850,#4848,#4851,.T.);
#3973=EDGE_CURVE('',#4852,#4850,#4853,.T.);
#3974=EDGE_CURVE('',#4852,#4854,#4855,.T.);
#3975=EDGE_CURVE('',#4856,#4854,#4857,.T.);
#3976=EDGE_CURVE('',#4858,#4856,#4859,.T.);
#3977=EDGE_CURVE('',#4858,#4860,#4861,.T.);
#3978=EDGE_CURVE('',#4862,#4860,#4863,.T.);
#3979=EDGE_CURVE('',#4862,#4818,#4864,.T.);
#3980=EDGE_CURVE('',#4862,#4865,#4866,.T.);
#3981=EDGE_CURVE('',#4865,#4819,#4867,.T.);
#3982=EDGE_CURVE('',#4868,#4869,#4870,.T.);
#3983=EDGE_CURVE('',#4871,#4868,#4872,.T.);
#3984=EDGE_CURVE('',#4871,#4873,#4874,.T.);
#3985=EDGE_CURVE('',#4873,#4875,#4876,.T.);
#3986=EDGE_CURVE('',#4875,#4821,#4877,.T.);
#3987=EDGE_CURVE('',#4865,#4878,#4879,.T.);
#3988=EDGE_CURVE('',#4880,#4878,#4881,.T.);
#3989=EDGE_CURVE('',#4880,#4869,#4882,.T.);
#3990=EDGE_CURVE('',#4883,#4856,#4884,.T.);
#3991=EDGE_CURVE('',#4883,#4885,#4886,.T.);
#3992=EDGE_CURVE('',#4885,#4887,#4888,.T.);
#3993=EDGE_CURVE('',#4887,#4889,#4890,.T.);
#3994=EDGE_CURVE('',#4891,#4889,#4892,.T.);
#3995=EDGE_CURVE('',#4893,#4891,#4894,.T.);
#3996=EDGE_CURVE('',#4893,#4895,#4896,.T.);
#3997=EDGE_CURVE('',#4897,#4895,#4898,.T.);
#3998=EDGE_CURVE('',#4897,#4899,#4900,.T.);
#3999=EDGE_CURVE('',#4901,#4899,#4902,.T.);
#4000=EDGE_CURVE('',#4901,#4903,#4904,.T.);
#4001=EDGE_CURVE('',#4903,#4905,#4906,.T.);
#4002=EDGE_CURVE('',#4905,#4907,#4908,.T.);
#4003=EDGE_CURVE('',#4907,#4909,#4910,.T.);
#4004=EDGE_CURVE('',#4911,#4909,#4912,.T.);
#4005=EDGE_CURVE('',#4913,#4911,#4914,.T.);
#4006=EDGE_CURVE('',#4913,#4811,#4915,.T.);
#4007=EDGE_CURVE('',#4810,#4869,#4916,.T.);
#4008=EDGE_CURVE('',#4858,#4880,#4917,.T.);
#4009=EDGE_CURVE('',#4860,#4878,#4918,.T.);
#4010=EDGE_CURVE('',#4815,#4868,#4919,.T.);
#4011=EDGE_CURVE('',#4852,#4871,#4920,.T.);
#4012=EDGE_CURVE('',#4813,#4854,#4921,.T.);
#4013=EDGE_CURVE('',#4922,#4813,#4923,.T.);
#4014=EDGE_CURVE('',#4924,#4922,#4925,.T.);
#4015=EDGE_CURVE('',#4883,#4924,#4926,.T.);
#4016=EDGE_CURVE('',#4927,#4924,#4928,.T.);
#4017=EDGE_CURVE('',#4929,#4927,#4930,.T.);
#4018=EDGE_CURVE('',#4931,#4929,#4932,.T.);
#4019=EDGE_CURVE('',#4933,#4931,#4934,.T.);
#4020=EDGE_CURVE('',#4935,#4933,#4936,.T.);
#4021=EDGE_CURVE('',#4937,#4935,#4938,.T.);
#4022=EDGE_CURVE('',#4939,#4937,#4940,.T.);
#4023=EDGE_CURVE('',#4885,#4939,#4941,.T.);
#4024=EDGE_CURVE('',#4942,#4943,#4944,.T.);
#4025=EDGE_CURVE('',#4887,#4942,#4945,.T.);
#4026=EDGE_CURVE('',#4939,#4946,#4947,.T.);
#4027=EDGE_CURVE('',#4895,#4946,#4948,.T.);
#4028=EDGE_CURVE('',#4893,#4943,#4949,.T.);
#4029=EDGE_CURVE('',#4950,#4891,#4951,.T.);
#4030=EDGE_CURVE('',#4943,#4950,#4952,.T.);
#4031=EDGE_CURVE('',#4953,#4950,#4954,.T.);
#4032=EDGE_CURVE('',#4942,#4953,#4955,.T.);
#4033=EDGE_CURVE('',#4889,#4953,#4956,.T.);
#4034=EDGE_CURVE('',#4946,#4957,#4958,.T.);
#4035=EDGE_CURVE('',#4957,#4959,#4960,.T.);
#4036=EDGE_CURVE('',#4959,#4961,#4962,.T.);
#4037=EDGE_CURVE('',#4961,#4963,#4964,.T.);
#4038=EDGE_CURVE('',#4963,#4965,#4966,.T.);
#4039=EDGE_CURVE('',#4965,#4967,#4968,.T.);
#4040=EDGE_CURVE('',#4967,#4969,#4970,.T.);
#4041=EDGE_CURVE('',#4897,#4969,#4971,.T.);
#4042=EDGE_CURVE('',#4969,#4972,#4973,.T.);
#4043=EDGE_CURVE('',#4972,#4974,#4975,.T.);
#4044=EDGE_CURVE('',#4974,#4976,#4977,.T.);
#4045=EDGE_CURVE('',#4899,#4976,#4978,.T.);
#4046=EDGE_CURVE('',#4979,#4839,#4980,.T.);
#4047=EDGE_CURVE('',#4979,#4981,#4982,.T.);
#4048=EDGE_CURVE('',#4901,#4981,#4983,.T.);
#4049=EDGE_CURVE('',#4984,#4976,#4985,.T.);
#4050=EDGE_CURVE('',#4984,#4986,#4987,.T.);
#4051=EDGE_CURVE('',#4986,#4988,#4989,.T.);
#4052=EDGE_CURVE('',#4988,#4990,#4991,.T.);
#4053=EDGE_CURVE('',#4992,#4990,#4993,.T.);
#4054=EDGE_CURVE('',#4994,#4992,#4995,.T.);
#4055=EDGE_CURVE('',#4994,#4829,#4996,.T.);
#4056=EDGE_CURVE('',#4997,#4994,#4998,.T.);
#4057=EDGE_CURVE('',#4997,#4830,#4999,.T.);
#4058=EDGE_CURVE('',#5000,#4997,#5001,.T.);
#4059=EDGE_CURVE('',#5000,#5002,#5003,.T.);
#4060=EDGE_CURVE('',#5002,#5004,#5005,.T.);
#4061=EDGE_CURVE('',#4830,#5004,#5006,.T.);
#4062=EDGE_CURVE('',#5004,#4753,#5007,.T.);
#4063=EDGE_CURVE('',#4755,#5002,#5008,.T.);
#4064=EDGE_CURVE('',#5009,#5010,#5011,.T.);
#4065=EDGE_CURVE('',#5012,#5009,#5013,.T.);
#4066=EDGE_CURVE('',#5012,#5014,#5015,.T.);
#4067=EDGE_CURVE('',#5016,#5014,#5017,.T.);
#4068=EDGE_CURVE('',#5018,#5016,#5019,.T.);
#4069=EDGE_CURVE('',#5020,#5018,#5021,.T.);
#4070=EDGE_CURVE('',#5020,#5022,#5023,.T.);
#4071=EDGE_CURVE('',#4757,#5022,#5024,.T.);
#4072=EDGE_CURVE('',#5010,#5000,#5025,.T.);
#4073=EDGE_CURVE('',#4842,#5026,#5027,.T.);
#4074=EDGE_CURVE('',#5028,#5026,#5029,.T.);
#4075=EDGE_CURVE('',#5028,#5030,#5031,.T.);
#4076=EDGE_CURVE('',#5030,#4804,#5032,.T.);
#4077=EDGE_CURVE('',#4844,#4801,#5033,.T.);
#4078=EDGE_CURVE('',#5034,#5035,#5036,.T.);
#4079=EDGE_CURVE('',#5010,#5034,#5037,.T.);
#4080=EDGE_CURVE('',#5035,#4992,#5038,.T.);
#4081=EDGE_CURVE('',#4846,#4821,#5039,.T.);
#4082=EDGE_CURVE('',#4848,#4875,#5040,.T.);
#4083=EDGE_CURVE('',#4850,#4873,#5041,.T.);
#4084=EDGE_CURVE('',#5042,#5030,#5043,.T.);
#4085=EDGE_CURVE('',#5042,#4806,#5044,.T.);
#4086=EDGE_CURVE('',#5045,#5046,#5047,.T.);
#4087=EDGE_CURVE('',#5048,#5045,#5049,.T.);
#4088=EDGE_CURVE('',#5048,#5050,#5051,.T.);
#4089=EDGE_CURVE('',#5050,#5052,#5053,.T.);
#4090=EDGE_CURVE('',#5052,#5054,#5055,.T.);
#4091=EDGE_CURVE('',#5056,#5054,#5057,.T.);
#4092=EDGE_CURVE('',#5056,#5058,#5059,.T.);
#4093=EDGE_CURVE('',#5060,#5058,#5061,.T.);
#4094=EDGE_CURVE('',#5062,#5060,#5063,.T.);
#4095=EDGE_CURVE('',#5012,#5062,#5064,.T.);
#4096=EDGE_CURVE('',#5009,#5065,#5066,.T.);
#4097=EDGE_CURVE('',#4747,#5065,#5067,.T.);
#4098=EDGE_CURVE('',#5068,#5042,#5069,.T.);
#4099=EDGE_CURVE('',#5070,#5068,#5071,.T.);
#4100=EDGE_CURVE('',#5070,#5072,#5073,.T.);
#4101=EDGE_CURVE('',#5074,#5072,#5075,.T.);
#4102=EDGE_CURVE('',#5076,#5074,#5077,.T.);
#4103=EDGE_CURVE('',#5078,#5076,#5079,.T.);
#4104=EDGE_CURVE('',#5080,#5078,#5081,.T.);
#4105=EDGE_CURVE('',#5080,#5046,#5082,.T.);
#4106=EDGE_CURVE('',#5083,#5080,#5084,.T.);
#4107=EDGE_CURVE('',#5083,#5085,#5086,.T.);
#4108=EDGE_CURVE('',#5046,#5085,#5087,.T.);
#4109=EDGE_CURVE('',#4706,#5085,#5088,.T.);
#4110=EDGE_CURVE('',#5045,#4704,#5089,.T.);
#4111=EDGE_CURVE('',#5048,#4702,#5090,.T.);
#4112=EDGE_CURVE('',#4700,#5091,#5092,.T.);
#4113=EDGE_CURVE('',#5091,#5050,#5093,.T.);
#4114=EDGE_CURVE('',#5091,#5094,#5095,.T.);
#4115=EDGE_CURVE('',#5052,#5094,#5096,.T.);
#4116=EDGE_CURVE('',#4698,#5094,#5097,.T.);
#4117=EDGE_CURVE('',#4763,#5098,#5099,.T.);
#4118=EDGE_CURVE('',#5100,#5098,#5101,.T.);
#4119=EDGE_CURVE('',#5102,#5100,#5103,.T.);
#4120=EDGE_CURVE('',#5104,#5102,#5105,.T.);
#4121=EDGE_CURVE('',#5104,#5106,#5107,.T.);
#4122=EDGE_CURVE('',#5054,#5106,#5108,.T.);
#4123=EDGE_CURVE('',#5106,#5109,#5110,.T.);
#4124=EDGE_CURVE('',#5056,#5109,#5111,.T.);
#4125=EDGE_CURVE('',#5112,#5076,#5113,.T.);
#4126=EDGE_CURVE('',#5112,#5114,#5115,.T.);
#4127=EDGE_CURVE('',#5078,#5114,#5116,.T.);
#4128=EDGE_CURVE('',#5109,#5117,#5118,.T.);
#4129=EDGE_CURVE('',#5058,#5117,#5119,.T.);
#4130=EDGE_CURVE('',#5120,#5060,#5121,.T.);
#4131=EDGE_CURVE('',#5122,#5117,#5123,.T.);
#4132=EDGE_CURVE('',#5124,#5122,#5125,.T.);
#4133=EDGE_CURVE('',#5124,#5126,#5127,.T.);
#4134=EDGE_CURVE('',#5128,#5126,#5129,.T.);
#4135=EDGE_CURVE('',#5130,#5128,#5131,.T.);
#4136=EDGE_CURVE('',#5132,#5130,#5133,.T.);
#4137=EDGE_CURVE('',#5132,#5134,#5135,.T.);
#4138=EDGE_CURVE('',#5136,#5134,#5137,.T.);
#4139=EDGE_CURVE('',#5138,#5136,#5139,.T.);
#4140=EDGE_CURVE('',#5140,#5138,#5141,.T.);
#4141=EDGE_CURVE('',#5140,#5142,#5143,.T.);
#4142=EDGE_CURVE('',#5144,#5142,#5145,.T.);
#4143=EDGE_CURVE('',#5120,#5144,#5146,.T.);
#4144=EDGE_CURVE('',#5147,#5148,#5149,.T.);
#4145=EDGE_CURVE('',#5150,#5147,#5151,.T.);
#4146=EDGE_CURVE('',#5152,#5150,#5153,.T.);
#4147=EDGE_CURVE('',#5152,#5154,#5155,.T.);
#4148=EDGE_CURVE('',#5156,#5154,#5157,.T.);
#4149=EDGE_CURVE('',#5158,#5156,#5159,.T.);
#4150=EDGE_CURVE('',#5160,#5158,#5161,.T.);
#4151=EDGE_CURVE('',#5160,#5162,#5163,.T.);
#4152=EDGE_CURVE('',#5164,#5162,#5165,.T.);
#4153=EDGE_CURVE('',#5166,#5164,#5167,.T.);
#4154=EDGE_CURVE('',#5166,#5074,#5168,.T.);
#4155=EDGE_CURVE('',#5072,#5169,#5170,.T.);
#4156=EDGE_CURVE('',#5171,#5169,#5172,.T.);
#4157=EDGE_CURVE('',#5173,#5171,#5174,.T.);
#4158=EDGE_CURVE('',#5173,#5148,#5175,.T.);
#4159=EDGE_CURVE('',#5138,#5144,#5176,.T.);
#4160=EDGE_CURVE('',#5130,#5136,#5177,.T.);
#4161=EDGE_CURVE('',#5122,#5128,#5178,.T.);
#4162=EDGE_CURVE('',#5016,#5104,#5179,.T.);
#4163=EDGE_CURVE('',#5180,#5014,#5181,.T.);
#4164=EDGE_CURVE('',#5180,#5120,#5182,.T.);
#4165=EDGE_CURVE('',#5180,#5062,#5183,.T.);
#4166=EDGE_CURVE('',#5184,#5185,#5186,.T.);
#4167=EDGE_CURVE('',#5070,#5185,#5187,.T.);
#4168=EDGE_CURVE('',#5068,#5184,#5188,.T.);
#4169=EDGE_CURVE('',#5028,#5189,#5190,.T.);
#4170=EDGE_CURVE('',#4792,#5189,#5191,.T.);
#4171=EDGE_CURVE('',#4790,#5192,#5193,.T.);
#4172=EDGE_CURVE('',#5194,#5192,#5195,.T.);
#4173=EDGE_CURVE('',#5194,#5196,#5197,.T.);
#4174=EDGE_CURVE('',#5196,#5198,#5199,.T.);
#4175=EDGE_CURVE('',#5198,#5184,#5200,.T.);
#4176=EDGE_CURVE('',#5185,#5169,#5201,.T.);
#4177=EDGE_CURVE('',#5202,#5198,#5203,.T.);
#4178=EDGE_CURVE('',#5202,#5114,#5204,.T.);
#4179=EDGE_CURVE('',#5112,#5166,#5205,.T.);
#4180=EDGE_CURVE('',#5158,#5164,#5206,.T.);
#4181=EDGE_CURVE('',#5150,#5156,#5207,.T.);
#4182=EDGE_CURVE('',#5171,#5147,#5208,.T.);
#4183=EDGE_CURVE('',#5147,#5209,#5210,.T.);
#4184=EDGE_CURVE('',#5211,#5209,#5212,.T.);
#4185=EDGE_CURVE('',#5211,#5213,#5214,.T.);
#4186=EDGE_CURVE('',#5213,#5215,#5216,.T.);
#4187=EDGE_CURVE('',#5215,#5217,#5218,.T.);
#4188=EDGE_CURVE('',#5217,#5219,#5220,.T.);
#4189=EDGE_CURVE('',#5219,#5221,#5222,.T.);
#4190=EDGE_CURVE('',#5221,#5223,#5224,.T.);
#4191=EDGE_CURVE('',#5223,#5225,#5226,.T.);
#4192=EDGE_CURVE('',#5225,#5227,#5228,.T.);
#4193=EDGE_CURVE('',#5171,#5227,#5229,.T.);
#4194=EDGE_CURVE('',#5227,#5230,#5231,.T.);
#4195=EDGE_CURVE('',#5230,#5232,#5233,.T.);
#4196=EDGE_CURVE('',#5173,#5232,#5234,.T.);
#4197=EDGE_CURVE('',#5235,#5232,#5236,.T.);
#4198=EDGE_CURVE('',#5237,#5235,#5238,.T.);
#4199=EDGE_CURVE('',#5237,#5239,#5240,.T.);
#4200=EDGE_CURVE('',#5239,#5241,#5242,.T.);
#4201=EDGE_CURVE('',#5241,#5243,#5244,.T.);
#4202=EDGE_CURVE('',#5148,#5243,#5245,.T.);
#4203=EDGE_CURVE('',#5243,#5246,#5247,.T.);
#4204=EDGE_CURVE('',#5246,#5209,#5248,.T.);
#4205=EDGE_CURVE('',#5249,#5246,#5250,.T.);
#4206=EDGE_CURVE('',#5211,#5249,#5251,.T.);
#4207=EDGE_CURVE('',#5239,#5252,#5253,.T.);
#4208=EDGE_CURVE('',#5252,#5213,#5254,.T.);
#4209=EDGE_CURVE('',#5241,#5249,#5255,.T.);
#4210=EDGE_CURVE('',#5256,#5215,#5257,.T.);
#4211=EDGE_CURVE('',#5252,#5256,#5258,.T.);
#4212=EDGE_CURVE('',#5259,#5260,#5261,.T.);
#4213=EDGE_CURVE('',#5262,#5259,#5263,.T.);
#4214=EDGE_CURVE('',#5256,#5262,#5264,.T.);
#4215=EDGE_CURVE('',#5237,#5265,#5266,.T.);
#4216=EDGE_CURVE('',#5267,#5265,#5268,.T.);
#4217=EDGE_CURVE('',#5269,#5267,#5270,.T.);
#4218=EDGE_CURVE('',#5194,#5269,#5271,.T.);
#4219=EDGE_CURVE('',#5272,#5192,#5273,.T.);
#4220=EDGE_CURVE('',#5274,#5272,#5275,.T.);
#4221=EDGE_CURVE('',#5274,#5260,#5276,.T.);
#4222=EDGE_CURVE('',#5277,#5278,#5279,.T.);
#4223=EDGE_CURVE('',#5280,#5277,#5281,.T.);
#4224=EDGE_CURVE('',#5282,#5280,#5283,.T.);
#4225=EDGE_CURVE('',#5284,#5282,#5285,.T.);
#4226=EDGE_CURVE('',#5286,#5284,#5287,.T.);
#4227=EDGE_CURVE('',#5288,#5286,#5289,.T.);
#4228=EDGE_CURVE('',#5290,#5288,#5291,.T.);
#4229=EDGE_CURVE('',#5290,#5278,#5292,.T.);
#4230=EDGE_CURVE('',#5293,#5294,#5295,.T.);
#4231=EDGE_CURVE('',#5296,#5293,#5297,.T.);
#4232=EDGE_CURVE('',#5298,#5296,#5299,.T.);
#4233=EDGE_CURVE('',#5300,#5298,#5301,.T.);
#4234=EDGE_CURVE('',#5302,#5300,#5303,.T.);
#4235=EDGE_CURVE('',#5304,#5302,#5305,.T.);
#4236=EDGE_CURVE('',#5306,#5304,#5307,.T.);
#4237=EDGE_CURVE('',#5306,#5294,#5308,.T.);
#4238=EDGE_CURVE('',#5309,#5310,#5311,.T.);
#4239=EDGE_CURVE('',#5312,#5309,#5313,.T.);
#4240=EDGE_CURVE('',#5294,#5312,#5314,.T.);
#4241=EDGE_CURVE('',#5306,#5315,#5316,.T.);
#4242=EDGE_CURVE('',#5315,#5310,#5317,.T.);
#4243=EDGE_CURVE('',#5315,#5318,#5319,.T.);
#4244=EDGE_CURVE('',#5320,#5318,#5321,.T.);
#4245=EDGE_CURVE('',#5310,#5320,#5322,.T.);
#4246=EDGE_CURVE('',#5323,#5320,#5324,.T.);
#4247=EDGE_CURVE('',#5309,#5323,#5325,.T.);
#4248=EDGE_CURVE('',#5164,#5326,#5327,.T.);
#4249=EDGE_CURVE('',#5328,#5326,#5329,.T.);
#4250=EDGE_CURVE('',#5328,#5330,#5331,.T.);
#4251=EDGE_CURVE('',#5330,#5332,#5333,.T.);
#4252=EDGE_CURVE('',#5332,#5334,#5335,.T.);
#4253=EDGE_CURVE('',#5334,#5336,#5337,.T.);
#4254=EDGE_CURVE('',#5336,#5338,#5339,.T.);
#4255=EDGE_CURVE('',#5338,#5312,#5340,.T.);
#4256=EDGE_CURVE('',#5158,#5323,#5341,.T.);
#4257=EDGE_CURVE('',#5160,#5318,#5342,.T.);
#4258=EDGE_CURVE('',#5304,#5343,#5344,.T.);
#4259=EDGE_CURVE('',#5343,#5345,#5346,.T.);
#4260=EDGE_CURVE('',#5162,#5345,#5347,.T.);
#4261=EDGE_CURVE('',#5345,#5348,#5349,.T.);
#4262=EDGE_CURVE('',#5348,#5326,#5350,.T.);
#4263=EDGE_CURVE('',#5351,#5348,#5352,.T.);
#4264=EDGE_CURVE('',#5328,#5351,#5353,.T.);
#4265=EDGE_CURVE('',#5302,#5330,#5354,.T.);
#4266=EDGE_CURVE('',#5343,#5351,#5355,.T.);
#4267=EDGE_CURVE('',#5300,#5332,#5356,.T.);
#4268=EDGE_CURVE('',#5298,#5334,#5357,.T.);
#4269=EDGE_CURVE('',#5296,#5336,#5358,.T.);
#4270=EDGE_CURVE('',#5293,#5338,#5359,.T.);
#4271=EDGE_CURVE('',#5360,#5361,#5362,.T.);
#4272=EDGE_CURVE('',#5363,#5360,#5364,.T.);
#4273=EDGE_CURVE('',#5278,#5363,#5365,.T.);
#4274=EDGE_CURVE('',#5290,#5366,#5367,.T.);
#4275=EDGE_CURVE('',#5366,#5361,#5368,.T.);
#4276=EDGE_CURVE('',#5366,#5369,#5370,.T.);
#4277=EDGE_CURVE('',#5371,#5369,#5372,.T.);
#4278=EDGE_CURVE('',#5361,#5371,#5373,.T.);
#4279=EDGE_CURVE('',#5374,#5371,#5375,.T.);
#4280=EDGE_CURVE('',#5360,#5374,#5376,.T.);
#4281=EDGE_CURVE('',#5156,#5377,#5378,.T.);
#4282=EDGE_CURVE('',#5379,#5377,#5380,.T.);
#4283=EDGE_CURVE('',#5379,#5381,#5382,.T.);
#4284=EDGE_CURVE('',#5381,#5383,#5384,.T.);
#4285=EDGE_CURVE('',#5383,#5385,#5386,.T.);
#4286=EDGE_CURVE('',#5385,#5387,#5388,.T.);
#4287=EDGE_CURVE('',#5387,#5389,#5390,.T.);
#4288=EDGE_CURVE('',#5389,#5363,#5391,.T.);
#4289=EDGE_CURVE('',#5150,#5374,#5392,.T.);
#4290=EDGE_CURVE('',#5152,#5369,#5393,.T.);
#4291=EDGE_CURVE('',#5288,#5394,#5395,.T.);
#4292=EDGE_CURVE('',#5394,#5396,#5397,.T.);
#4293=EDGE_CURVE('',#5154,#5396,#5398,.T.);
#4294=EDGE_CURVE('',#5396,#5399,#5400,.T.);
#4295=EDGE_CURVE('',#5399,#5377,#5401,.T.);
#4296=EDGE_CURVE('',#5402,#5399,#5403,.T.);
#4297=EDGE_CURVE('',#5379,#5402,#5404,.T.);
#4298=EDGE_CURVE('',#5286,#5381,#5405,.T.);
#4299=EDGE_CURVE('',#5394,#5402,#5406,.T.);
#4300=EDGE_CURVE('',#5284,#5383,#5407,.T.);
#4301=EDGE_CURVE('',#5282,#5385,#5408,.T.);
#4302=EDGE_CURVE('',#5280,#5387,#5409,.T.);
#4303=EDGE_CURVE('',#5277,#5389,#5410,.T.);
#4304=EDGE_CURVE('',#5274,#5223,#5411,.T.);
#4305=EDGE_CURVE('',#5260,#5221,#5412,.T.);
#4306=EDGE_CURVE('',#5259,#5219,#5413,.T.);
#4307=EDGE_CURVE('',#5262,#5217,#5414,.T.);
#4308=EDGE_CURVE('',#5225,#5415,#5416,.T.);
#4309=EDGE_CURVE('',#4788,#5272,#5417,.T.);
#4310=EDGE_CURVE('',#5265,#4786,#5418,.T.);
#4311=EDGE_CURVE('',#5235,#5415,#5419,.T.);
#4312=EDGE_CURVE('',#5415,#5230,#5420,.T.);
#4313=EDGE_CURVE('',#4784,#5267,#5421,.T.);
#4314=EDGE_CURVE('',#4761,#5422,#5423,.T.);
#4315=EDGE_CURVE('',#5422,#5098,#5424,.T.);
#4316=EDGE_CURVE('',#5202,#5425,#5426,.T.);
#4317=EDGE_CURVE('',#5269,#5425,#5427,.T.);
#4318=EDGE_CURVE('',#4708,#5083,#5428,.T.);
#4319=EDGE_CURVE('',#5425,#5196,#5429,.T.);
#4320=EDGE_CURVE('',#5430,#5431,#5432,.T.);
#4321=EDGE_CURVE('',#5433,#5430,#5434,.T.);
#4322=EDGE_CURVE('',#5435,#5433,#5436,.T.);
#4323=EDGE_CURVE('',#5437,#5435,#5438,.T.);
#4324=EDGE_CURVE('',#5439,#5437,#5440,.T.);
#4325=EDGE_CURVE('',#5441,#5439,#5442,.T.);
#4326=EDGE_CURVE('',#5443,#5441,#5444,.T.);
#4327=EDGE_CURVE('',#5431,#5443,#5445,.T.);
#4328=EDGE_CURVE('',#5446,#5447,#5448,.T.);
#4329=EDGE_CURVE('',#5449,#5446,#5450,.T.);
#4330=EDGE_CURVE('',#5451,#5449,#5452,.T.);
#4331=EDGE_CURVE('',#5453,#5451,#5454,.T.);
#4332=EDGE_CURVE('',#5455,#5453,#5456,.T.);
#4333=EDGE_CURVE('',#5457,#5455,#5458,.T.);
#4334=EDGE_CURVE('',#5459,#5457,#5460,.T.);
#4335=EDGE_CURVE('',#5447,#5459,#5461,.T.);
#4336=EDGE_CURVE('',#5462,#5463,#5464,.T.);
#4337=EDGE_CURVE('',#5465,#5462,#5466,.T.);
#4338=EDGE_CURVE('',#5467,#5465,#5468,.T.);
#4339=EDGE_CURVE('',#5469,#5467,#5470,.T.);
#4340=EDGE_CURVE('',#5471,#5469,#5472,.T.);
#4341=EDGE_CURVE('',#5473,#5471,#5474,.T.);
#4342=EDGE_CURVE('',#5475,#5473,#5476,.T.);
#4343=EDGE_CURVE('',#5463,#5475,#5477,.T.);
#4344=EDGE_CURVE('',#5102,#5478,#5479,.T.);
#4345=EDGE_CURVE('',#5480,#5478,#5481,.T.);
#4346=EDGE_CURVE('',#5018,#5480,#5482,.T.);
#4347=EDGE_CURVE('',#5483,#5484,#5485,.T.);
#4348=EDGE_CURVE('',#5486,#5483,#5487,.T.);
#4349=EDGE_CURVE('',#5488,#5486,#5489,.T.);
#4350=EDGE_CURVE('',#5490,#5488,#5491,.T.);
#4351=EDGE_CURVE('',#5492,#5490,#5493,.T.);
#4352=EDGE_CURVE('',#5494,#5492,#5495,.T.);
#4353=EDGE_CURVE('',#5496,#5494,#5497,.T.);
#4354=EDGE_CURVE('',#5484,#5496,#5498,.T.);
#4355=EDGE_CURVE('',#5499,#5500,#5501,.T.);
#4356=EDGE_CURVE('',#5502,#5499,#5503,.T.);
#4357=EDGE_CURVE('',#5504,#5502,#5505,.T.);
#4358=EDGE_CURVE('',#5506,#5504,#5507,.T.);
#4359=EDGE_CURVE('',#5508,#5506,#5509,.T.);
#4360=EDGE_CURVE('',#5510,#5508,#5511,.T.);
#4361=EDGE_CURVE('',#5512,#5510,#5513,.T.);
#4362=EDGE_CURVE('',#5500,#5512,#5514,.T.);
#4363=EDGE_CURVE('',#5515,#5516,#5517,.T.);
#4364=EDGE_CURVE('',#5518,#5515,#5519,.T.);
#4365=EDGE_CURVE('',#5520,#5518,#5521,.T.);
#4366=EDGE_CURVE('',#5522,#5520,#5523,.T.);
#4367=EDGE_CURVE('',#5524,#5522,#5525,.T.);
#4368=EDGE_CURVE('',#5526,#5524,#5527,.T.);
#4369=EDGE_CURVE('',#5528,#5526,#5529,.T.);
#4370=EDGE_CURVE('',#5516,#5528,#5530,.T.);
#4371=EDGE_CURVE('',#5496,#5531,#5532,.T.);
#4372=EDGE_CURVE('',#5533,#5531,#5534,.T.);
#4373=EDGE_CURVE('',#5484,#5533,#5535,.T.);
#4374=EDGE_CURVE('',#5536,#5533,#5537,.T.);
#4375=EDGE_CURVE('',#5483,#5536,#5538,.T.);
#4376=EDGE_CURVE('',#5539,#5536,#5540,.T.);
#4377=EDGE_CURVE('',#5486,#5539,#5541,.T.);
#4378=EDGE_CURVE('',#5542,#5539,#5543,.T.);
#4379=EDGE_CURVE('',#5488,#5542,#5544,.T.);
#4380=EDGE_CURVE('',#5545,#5542,#5546,.T.);
#4381=EDGE_CURVE('',#5490,#5545,#5547,.T.);
#4382=EDGE_CURVE('',#5548,#5545,#5549,.T.);
#4383=EDGE_CURVE('',#5492,#5548,#5550,.T.);
#4384=EDGE_CURVE('',#5551,#5548,#5552,.T.);
#4385=EDGE_CURVE('',#5494,#5551,#5553,.T.);
#4386=EDGE_CURVE('',#5531,#5551,#5554,.T.);
#4387=EDGE_CURVE('',#5512,#5555,#5556,.T.);
#4388=EDGE_CURVE('',#5557,#5555,#5558,.T.);
#4389=EDGE_CURVE('',#5500,#5557,#5559,.T.);
#4390=EDGE_CURVE('',#5560,#5557,#5561,.T.);
#4391=EDGE_CURVE('',#5499,#5560,#5562,.T.);
#4392=EDGE_CURVE('',#5563,#5560,#5564,.T.);
#4393=EDGE_CURVE('',#5502,#5563,#5565,.T.);
#4394=EDGE_CURVE('',#5566,#5563,#5567,.T.);
#4395=EDGE_CURVE('',#5504,#5566,#5568,.T.);
#4396=EDGE_CURVE('',#5569,#5566,#5570,.T.);
#4397=EDGE_CURVE('',#5506,#5569,#5571,.T.);
#4398=EDGE_CURVE('',#5572,#5569,#5573,.T.);
#4399=EDGE_CURVE('',#5508,#5572,#5574,.T.);
#4400=EDGE_CURVE('',#5575,#5572,#5576,.T.);
#4401=EDGE_CURVE('',#5510,#5575,#5577,.T.);
#4402=EDGE_CURVE('',#5555,#5575,#5578,.T.);
#4403=EDGE_CURVE('',#5528,#5579,#5580,.T.);
#4404=EDGE_CURVE('',#5581,#5579,#5582,.T.);
#4405=EDGE_CURVE('',#5516,#5581,#5583,.T.);
#4406=EDGE_CURVE('',#5584,#5581,#5585,.T.);
#4407=EDGE_CURVE('',#5515,#5584,#5586,.T.);
#4408=EDGE_CURVE('',#5587,#5584,#5588,.T.);
#4409=EDGE_CURVE('',#5518,#5587,#5589,.T.);
#4410=EDGE_CURVE('',#5590,#5587,#5591,.T.);
#4411=EDGE_CURVE('',#5520,#5590,#5592,.T.);
#4412=EDGE_CURVE('',#5593,#5590,#5594,.T.);
#4413=EDGE_CURVE('',#5522,#5593,#5595,.T.);
#4414=EDGE_CURVE('',#5596,#5593,#5597,.T.);
#4415=EDGE_CURVE('',#5524,#5596,#5598,.T.);
#4416=EDGE_CURVE('',#5599,#5596,#5600,.T.);
#4417=EDGE_CURVE('',#5526,#5599,#5601,.T.);
#4418=EDGE_CURVE('',#5579,#5599,#5602,.T.);
#4419=EDGE_CURVE('',#5443,#5603,#5604,.T.);
#4420=EDGE_CURVE('',#5605,#5603,#5606,.T.);
#4421=EDGE_CURVE('',#5431,#5605,#5607,.T.);
#4422=EDGE_CURVE('',#5608,#5605,#5609,.T.);
#4423=EDGE_CURVE('',#5430,#5608,#5610,.T.);
#4424=EDGE_CURVE('',#5611,#5608,#5612,.T.);
#4425=EDGE_CURVE('',#5433,#5611,#5613,.T.);
#4426=EDGE_CURVE('',#5614,#5611,#5615,.T.);
#4427=EDGE_CURVE('',#5435,#5614,#5616,.T.);
#4428=EDGE_CURVE('',#5617,#5614,#5618,.T.);
#4429=EDGE_CURVE('',#5437,#5617,#5619,.T.);
#4430=EDGE_CURVE('',#5620,#5617,#5621,.T.);
#4431=EDGE_CURVE('',#5439,#5620,#5622,.T.);
#4432=EDGE_CURVE('',#5623,#5620,#5624,.T.);
#4433=EDGE_CURVE('',#5441,#5623,#5625,.T.);
#4434=EDGE_CURVE('',#5603,#5623,#5626,.T.);
#4435=EDGE_CURVE('',#5459,#5627,#5628,.T.);
#4436=EDGE_CURVE('',#5629,#5627,#5630,.T.);
#4437=EDGE_CURVE('',#5447,#5629,#5631,.T.);
#4438=EDGE_CURVE('',#5632,#5629,#5633,.T.);
#4439=EDGE_CURVE('',#5446,#5632,#5634,.T.);
#4440=EDGE_CURVE('',#5635,#5632,#5636,.T.);
#4441=EDGE_CURVE('',#5449,#5635,#5637,.T.);
#4442=EDGE_CURVE('',#5638,#5635,#5639,.T.);
#4443=EDGE_CURVE('',#5451,#5638,#5640,.T.);
#4444=EDGE_CURVE('',#5641,#5638,#5642,.T.);
#4445=EDGE_CURVE('',#5453,#5641,#5643,.T.);
#4446=EDGE_CURVE('',#5644,#5641,#5645,.T.);
#4447=EDGE_CURVE('',#5455,#5644,#5646,.T.);
#4448=EDGE_CURVE('',#5647,#5644,#5648,.T.);
#4449=EDGE_CURVE('',#5457,#5647,#5649,.T.);
#4450=EDGE_CURVE('',#5627,#5647,#5650,.T.);
#4451=EDGE_CURVE('',#5475,#5651,#5652,.T.);
#4452=EDGE_CURVE('',#5653,#5651,#5654,.T.);
#4453=EDGE_CURVE('',#5463,#5653,#5655,.T.);
#4454=EDGE_CURVE('',#5656,#5653,#5657,.T.);
#4455=EDGE_CURVE('',#5462,#5656,#5658,.T.);
#4456=EDGE_CURVE('',#5659,#5656,#5660,.T.);
#4457=EDGE_CURVE('',#5465,#5659,#5661,.T.);
#4458=EDGE_CURVE('',#5662,#5659,#5663,.T.);
#4459=EDGE_CURVE('',#5467,#5662,#5664,.T.);
#4460=EDGE_CURVE('',#5665,#5662,#5666,.T.);
#4461=EDGE_CURVE('',#5469,#5665,#5667,.T.);
#4462=EDGE_CURVE('',#5668,#5665,#5669,.T.);
#4463=EDGE_CURVE('',#5471,#5668,#5670,.T.);
#4464=EDGE_CURVE('',#5671,#5668,#5672,.T.);
#4465=EDGE_CURVE('',#5473,#5671,#5673,.T.);
#4466=EDGE_CURVE('',#5651,#5671,#5674,.T.);
#4467=EDGE_CURVE('',#5480,#5675,#5676,.T.);
#4468=EDGE_CURVE('',#5675,#5020,#5677,.T.);
#4469=EDGE_CURVE('',#5675,#5678,#5679,.T.);
#4470=EDGE_CURVE('',#5100,#5678,#5680,.T.);
#4471=EDGE_CURVE('',#5681,#5422,#5682,.T.);
#4472=EDGE_CURVE('',#5681,#5683,#5684,.T.);
#4473=EDGE_CURVE('',#5683,#5685,#5686,.T.);
#4474=EDGE_CURVE('',#5687,#5685,#5688,.T.);
#4475=EDGE_CURVE('',#5689,#5687,#5690,.T.);
#4476=EDGE_CURVE('',#5691,#5689,#5692,.T.);
#4477=EDGE_CURVE('',#5693,#5691,#5694,.T.);
#4478=EDGE_CURVE('',#5695,#5693,#5696,.T.);
#4479=EDGE_CURVE('',#5022,#5695,#5697,.T.);
#4480=EDGE_CURVE('',#5698,#5699,#5700,.T.);
#4481=EDGE_CURVE('',#5701,#5698,#5702,.T.);
#4482=EDGE_CURVE('',#5703,#5701,#5704,.T.);
#4483=EDGE_CURVE('',#5705,#5703,#5706,.T.);
#4484=EDGE_CURVE('',#5707,#5705,#5708,.T.);
#4485=EDGE_CURVE('',#5707,#5709,#5710,.T.);
#4486=EDGE_CURVE('',#5711,#5709,#5712,.T.);
#4487=EDGE_CURVE('',#5699,#5711,#5713,.T.);
#4488=EDGE_CURVE('',#5714,#5715,#5716,.T.);
#4489=EDGE_CURVE('',#5717,#5714,#5718,.T.);
#4490=EDGE_CURVE('',#5719,#5717,#5720,.T.);
#4491=EDGE_CURVE('',#5721,#5719,#5722,.T.);
#4492=EDGE_CURVE('',#5723,#5721,#5724,.T.);
#4493=EDGE_CURVE('',#5723,#5725,#5726,.T.);
#4494=EDGE_CURVE('',#5727,#5725,#5728,.T.);
#4495=EDGE_CURVE('',#5715,#5727,#5729,.T.);
#4496=EDGE_CURVE('',#5727,#5730,#5731,.T.);
#4497=EDGE_CURVE('',#5732,#5730,#5733,.T.);
#4498=EDGE_CURVE('',#5715,#5732,#5734,.T.);
#4499=EDGE_CURVE('',#5735,#5732,#5736,.T.);
#4500=EDGE_CURVE('',#5714,#5735,#5737,.T.);
#4501=EDGE_CURVE('',#5738,#5735,#5739,.T.);
#4502=EDGE_CURVE('',#5717,#5738,#5740,.T.);
#4503=EDGE_CURVE('',#5741,#5738,#5742,.T.);
#4504=EDGE_CURVE('',#5719,#5741,#5743,.T.);
#4505=EDGE_CURVE('',#5721,#5744,#5745,.T.);
#4506=EDGE_CURVE('',#5746,#5741,#5747,.T.);
#4507=EDGE_CURVE('',#5746,#5748,#5749,.T.);
#4508=EDGE_CURVE('',#5744,#5748,#5750,.T.);
#4509=EDGE_CURVE('',#5748,#5751,#5752,.T.);
#4510=EDGE_CURVE('',#5753,#5751,#5754,.T.);
#4511=EDGE_CURVE('',#5744,#5753,#5755,.T.);
#4512=EDGE_CURVE('',#5124,#5756,#5757,.T.);
#4513=EDGE_CURVE('',#5758,#5756,#5759,.T.);
#4514=EDGE_CURVE('',#5723,#5758,#5760,.T.);
#4515=EDGE_CURVE('',#5126,#5753,#5761,.T.);
#4516=EDGE_CURVE('',#5751,#5762,#5763,.T.);
#4517=EDGE_CURVE('',#5128,#5762,#5764,.T.);
#4518=EDGE_CURVE('',#5746,#5762,#5765,.T.);
#4519=EDGE_CURVE('',#5730,#5766,#5767,.T.);
#4520=EDGE_CURVE('',#5766,#5768,#5769,.T.);
#4521=EDGE_CURVE('',#5768,#5770,#5771,.T.);
#4522=EDGE_CURVE('',#5122,#5770,#5772,.T.);
#4523=EDGE_CURVE('',#5770,#5773,#5774,.T.);
#4524=EDGE_CURVE('',#5773,#5756,#5775,.T.);
#4525=EDGE_CURVE('',#5776,#5773,#5777,.T.);
#4526=EDGE_CURVE('',#5758,#5776,#5778,.T.);
#4527=EDGE_CURVE('',#5768,#5776,#5779,.T.);
#4528=EDGE_CURVE('',#5725,#5766,#5780,.T.);
#4529=EDGE_CURVE('',#5711,#5781,#5782,.T.);
#4530=EDGE_CURVE('',#5783,#5781,#5784,.T.);
#4531=EDGE_CURVE('',#5699,#5783,#5785,.T.);
#4532=EDGE_CURVE('',#5786,#5783,#5787,.T.);
#4533=EDGE_CURVE('',#5698,#5786,#5788,.T.);
#4534=EDGE_CURVE('',#5789,#5786,#5790,.T.);
#4535=EDGE_CURVE('',#5701,#5789,#5791,.T.);
#4536=EDGE_CURVE('',#5792,#5789,#5793,.T.);
#4537=EDGE_CURVE('',#5703,#5792,#5794,.T.);
#4538=EDGE_CURVE('',#5705,#5795,#5796,.T.);
#4539=EDGE_CURVE('',#5797,#5792,#5798,.T.);
#4540=EDGE_CURVE('',#5797,#5799,#5800,.T.);
#4541=EDGE_CURVE('',#5795,#5799,#5801,.T.);
#4542=EDGE_CURVE('',#5799,#5802,#5803,.T.);
#4543=EDGE_CURVE('',#5804,#5802,#5805,.T.);
#4544=EDGE_CURVE('',#5795,#5804,#5806,.T.);
#4545=EDGE_CURVE('',#5132,#5807,#5808,.T.);
#4546=EDGE_CURVE('',#5809,#5807,#5810,.T.);
#4547=EDGE_CURVE('',#5707,#5809,#5811,.T.);
#4548=EDGE_CURVE('',#5134,#5804,#5812,.T.);
#4549=EDGE_CURVE('',#5802,#5813,#5814,.T.);
#4550=EDGE_CURVE('',#5136,#5813,#5815,.T.);
#4551=EDGE_CURVE('',#5797,#5813,#5816,.T.);
#4552=EDGE_CURVE('',#5781,#5817,#5818,.T.);
#4553=EDGE_CURVE('',#5817,#5819,#5820,.T.);
#4554=EDGE_CURVE('',#5819,#5821,#5822,.T.);
#4555=EDGE_CURVE('',#5130,#5821,#5823,.T.);
#4556=EDGE_CURVE('',#5821,#5824,#5825,.T.);
#4557=EDGE_CURVE('',#5824,#5807,#5826,.T.);
#4558=EDGE_CURVE('',#5827,#5824,#5828,.T.);
#4559=EDGE_CURVE('',#5809,#5827,#5829,.T.);
#4560=EDGE_CURVE('',#5819,#5827,#5830,.T.);
#4561=EDGE_CURVE('',#5709,#5817,#5831,.T.);
#4562=EDGE_CURVE('',#4759,#5695,#5832,.T.);
#4563=EDGE_CURVE('',#5681,#5833,#5834,.T.);
#4564=EDGE_CURVE('',#5695,#5835,#5836,.T.);
#4565=EDGE_CURVE('',#5837,#5835,#5838,.T.);
#4566=EDGE_CURVE('',#5837,#5839,#5840,.T.);
#4567=EDGE_CURVE('',#5833,#5839,#5841,.T.);
#4568=EDGE_CURVE('',#5839,#5842,#5843,.T.);
#4569=EDGE_CURVE('',#5844,#5842,#5845,.T.);
#4570=EDGE_CURVE('',#5833,#5844,#5846,.T.);
#4571=EDGE_CURVE('',#5140,#5847,#5848,.T.);
#4572=EDGE_CURVE('',#5849,#5847,#5850,.T.);
#4573=EDGE_CURVE('',#5683,#5849,#5851,.T.);
#4574=EDGE_CURVE('',#5142,#5844,#5852,.T.);
#4575=EDGE_CURVE('',#5842,#5853,#5854,.T.);
#4576=EDGE_CURVE('',#5144,#5853,#5855,.T.);
#4577=EDGE_CURVE('',#5837,#5853,#5856,.T.);
#4578=EDGE_CURVE('',#5835,#5857,#5858,.T.);
#4579=EDGE_CURVE('',#5857,#5859,#5860,.T.);
#4580=EDGE_CURVE('',#5859,#5861,#5862,.T.);
#4581=EDGE_CURVE('',#5861,#5863,#5864,.T.);
#4582=EDGE_CURVE('',#5863,#5865,#5866,.T.);
#4583=EDGE_CURVE('',#5865,#5867,#5868,.T.);
#4584=EDGE_CURVE('',#5867,#5869,#5870,.T.);
#4585=EDGE_CURVE('',#5138,#5869,#5871,.T.);
#4586=EDGE_CURVE('',#5869,#5872,#5873,.T.);
#4587=EDGE_CURVE('',#5872,#5847,#5874,.T.);
#4588=EDGE_CURVE('',#5875,#5872,#5876,.T.);
#4589=EDGE_CURVE('',#5849,#5875,#5877,.T.);
#4590=EDGE_CURVE('',#5867,#5875,#5878,.T.);
#4591=EDGE_CURVE('',#5685,#5865,#5879,.T.);
#4592=EDGE_CURVE('',#5687,#5863,#5880,.T.);
#4593=EDGE_CURVE('',#5689,#5861,#5881,.T.);
#4594=EDGE_CURVE('',#5691,#5859,#5882,.T.);
#4595=EDGE_CURVE('',#5693,#5857,#5883,.T.);
#4596=EDGE_CURVE('',#5678,#5478,#5884,.T.);
#4597=EDGE_CURVE('',#5189,#5885,#5886,.T.);
#4598=EDGE_CURVE('',#5885,#4794,#5887,.T.);
#4599=EDGE_CURVE('',#4824,#5885,#5888,.T.);
#4600=EDGE_CURVE('',#5026,#4824,#5889,.T.);
#4601=EDGE_CURVE('',#5065,#5034,#5890,.T.);
#4602=EDGE_CURVE('',#5035,#4833,#5891,.T.);
#4603=EDGE_CURVE('',#4974,#5892,#5893,.T.);
#4604=EDGE_CURVE('',#4909,#4974,#5894,.T.);
#4605=EDGE_CURVE('',#4907,#5892,#5895,.T.);
#4606=EDGE_CURVE('',#4990,#4835,#5896,.T.);
#4607=EDGE_CURVE('',#4988,#5897,#5898,.T.);
#4608=EDGE_CURVE('',#5897,#4835,#5899,.T.);
#4609=EDGE_CURVE('',#4903,#5900,#5901,.T.);
#4610=EDGE_CURVE('',#5902,#5900,#5903,.T.);
#4611=EDGE_CURVE('',#5902,#4837,#5904,.T.);
#4612=EDGE_CURVE('',#5905,#5897,#5906,.T.);
#4613=EDGE_CURVE('',#5907,#5905,#5908,.T.);
#4614=EDGE_CURVE('',#5907,#5909,#5910,.T.);
#4615=EDGE_CURVE('',#5909,#4905,#5911,.T.);
#4616=EDGE_CURVE('',#5909,#5892,#5912,.T.);
#4617=EDGE_CURVE('',#4984,#5907,#5913,.T.);
#4618=EDGE_CURVE('',#4986,#5905,#5914,.T.);
#4619=EDGE_CURVE('',#4979,#5902,#5915,.T.);
#4620=EDGE_CURVE('',#4981,#5900,#5916,.T.);
#4621=EDGE_CURVE('',#4972,#5917,#5918,.T.);
#4622=EDGE_CURVE('',#5917,#5919,#5920,.T.);
#4623=EDGE_CURVE('',#5919,#5921,#5922,.T.);
#4624=EDGE_CURVE('',#5921,#5923,#5924,.T.);
#4625=EDGE_CURVE('',#5923,#5925,#5926,.T.);
#4626=EDGE_CURVE('',#5925,#5927,#5928,.T.);
#4627=EDGE_CURVE('',#5927,#4911,#5929,.T.);
#4628=EDGE_CURVE('',#5930,#5927,#5931,.T.);
#4629=EDGE_CURVE('',#5930,#4913,#5932,.T.);
#4630=EDGE_CURVE('',#5933,#5930,#5934,.T.);
#4631=EDGE_CURVE('',#5935,#5933,#5936,.T.);
#4632=EDGE_CURVE('',#5937,#5935,#5938,.T.);
#4633=EDGE_CURVE('',#5939,#5937,#5940,.T.);
#4634=EDGE_CURVE('',#5941,#5939,#5942,.T.);
#4635=EDGE_CURVE('',#4922,#5941,#5943,.T.);
#4636=EDGE_CURVE('',#5941,#5917,#5944,.T.);
#4637=EDGE_CURVE('',#4922,#4972,#5945,.T.);
#4638=EDGE_CURVE('',#4927,#4967,#5946,.T.);
#4639=EDGE_CURVE('',#4929,#4965,#5947,.T.);
#4640=EDGE_CURVE('',#4931,#4963,#5948,.T.);
#4641=EDGE_CURVE('',#4933,#4961,#5949,.T.);
#4642=EDGE_CURVE('',#4935,#4959,#5950,.T.);
#4643=EDGE_CURVE('',#4937,#4957,#5951,.T.);
#4644=EDGE_CURVE('',#5939,#5919,#5952,.T.);
#4645=EDGE_CURVE('',#5937,#5921,#5953,.T.);
#4646=EDGE_CURVE('',#5935,#5923,#5954,.T.);
#4647=EDGE_CURVE('',#5933,#5925,#5955,.T.);
#4648=EDGE_CURVE('',#4781,#5956,#5957,.T.);
#4649=EDGE_CURVE('',#4714,#5956,#5958,.T.);
#4650=EDGE_CURVE('',#4690,#5959,#5960,.T.);
#4651=EDGE_CURVE('',#5959,#5961,#5962,.T.);
#4652=EDGE_CURVE('',#5961,#4692,#5963,.T.);
#4653=EDGE_CURVE('',#5956,#5964,#5965,.T.);
#4654=EDGE_CURVE('',#5964,#4716,#5966,.T.);
#4655=EDGE_CURVE('',#4766,#5961,#5967,.T.);
#4656=EDGE_CURVE('',#4768,#5959,#5968,.T.);
#4657=EDGE_CURVE('',#4779,#5964,#5969,.T.);
#4658=EDGE_CURVE('',#4776,#4738,#5970,.T.);
#4659=EDGE_CURVE('',#4774,#4740,#5971,.T.);
#4660=EDGE_CURVE('',#4771,#4733,#5972,.T.);
#4661=DIRECTION('',(0.0,0.0,-1.0));
#4662=DIRECTION('',(-1.0,0.0,0.0));
#4663=DIRECTION('',(0.0,0.0,1.0));
#4664=DIRECTION('',(1.0,0.0,0.0));
#4665=DIRECTION('',(0.0,0.0,-1.0));
#4666=DIRECTION('',(-1.0,0.0,0.0));
#4667=DIRECTION('',(0.0,0.0,1.0));
#4668=DIRECTION('',(1.0,0.0,0.0));
#4669=DIRECTION('',(0.0,0.0,-1.0));
#4670=DIRECTION('',(-1.0,0.0,0.0));
#4671=DIRECTION('',(0.0,0.0,1.0));
#4672=DIRECTION('',(1.0,0.0,0.0));
#4673=DIRECTION('',(0.0,0.0,-1.0));
#4674=DIRECTION('',(-1.0,0.0,0.0));
#4675=DIRECTION('',(0.0,0.0,1.0));
#4676=DIRECTION('',(1.0,0.0,0.0));
#4677=DIRECTION('',(0.0,0.0,-1.0));
#4678=DIRECTION('',(-1.0,0.0,0.0));
#4679=DIRECTION('',(0.0,0.0,1.0));
#4680=DIRECTION('',(1.0,0.0,0.0));
#4681=DIRECTION('',(0.0,0.0,-1.0));
#4682=DIRECTION('',(-1.0,0.0,0.0));
#4683=DIRECTION('',(0.0,0.0,1.0));
#4684=DIRECTION('',(1.0,0.0,0.0));
#4685=VERTEX_POINT('',#5973);
#4686=VERTEX_POINT('',#5974);
#4687=LINE('',#5975,#5976);
#4688=VERTEX_POINT('',#5977);
#4689=LINE('',#5978,#5979);
#4690=VERTEX_POINT('',#5980);
#4691=LINE('',#5981,#5982);
#4692=VERTEX_POINT('',#5983);
#4693=LINE('',#5984,#5985);
#4694=VERTEX_POINT('',#5986);
#4695=LINE('',#5987,#5988);
#4696=VERTEX_POINT('',#5989);
#4697=LINE('',#5990,#5991);
#4698=VERTEX_POINT('',#5992);
#4699=LINE('',#5993,#5994);
#4700=VERTEX_POINT('',#5995);
#4701=LINE('',#5996,#5997);
#4702=VERTEX_POINT('',#5998);
#4703=LINE('',#5999,#6000);
#4704=VERTEX_POINT('',#6001);
#4705=LINE('',#6002,#6003);
#4706=VERTEX_POINT('',#6004);
#4707=LINE('',#6005,#6006);
#4708=VERTEX_POINT('',#6007);
#4709=LINE('',#6008,#6009);
#4710=VERTEX_POINT('',#6010);
#4711=LINE('',#6011,#6012);
#4712=VERTEX_POINT('',#6013);
#4713=LINE('',#6014,#6015);
#4714=VERTEX_POINT('',#6016);
#4715=LINE('',#6017,#6018);
#4716=VERTEX_POINT('',#6019);
#4717=LINE('',#6020,#6021);
#4718=VERTEX_POINT('',#6022);
#4719=LINE('',#6023,#6024);
#4720=VERTEX_POINT('',#6025);
#4721=LINE('',#6026,#6027);
#4722=VERTEX_POINT('',#6028);
#4723=LINE('',#6029,#6030);
#4724=VERTEX_POINT('',#6031);
#4725=LINE('',#6032,#6033);
#4726=VERTEX_POINT('',#6034);
#4727=LINE('',#6035,#6036);
#4728=VERTEX_POINT('',#6037);
#4729=LINE('',#6038,#6039);
#4730=VERTEX_POINT('',#6040);
#4731=LINE('',#6041,#6042);
#4732=LINE('',#6043,#6044);
#4733=VERTEX_POINT('',#6045);
#4734=LINE('',#6046,#6047);
#4735=VERTEX_POINT('',#6048);
#4736=LINE('',#6049,#6050);
#4737=LINE('',#6051,#6052);
#4738=VERTEX_POINT('',#6053);
#4739=LINE('',#6054,#6055);
#4740=VERTEX_POINT('',#6056);
#4741=LINE('',#6057,#6058);
#4742=LINE('',#6059,#6060);
#4743=VERTEX_POINT('',#6061);
#4744=LINE('',#6062,#6063);
#4745=LINE('',#6064,#6065);
#4746=VERTEX_POINT('',#6066);
#4747=VERTEX_POINT('',#6067);
#4748=LINE('',#6068,#6069);
#4749=VERTEX_POINT('',#6070);
#4750=LINE('',#6071,#6072);
#4751=VERTEX_POINT('',#6073);
#4752=LINE('',#6074,#6075);
#4753=VERTEX_POINT('',#6076);
#4754=LINE('',#6077,#6078);
#4755=VERTEX_POINT('',#6079);
#4756=LINE('',#6080,#6081);
#4757=VERTEX_POINT('',#6082);
#4758=LINE('',#6083,#6084);
#4759=VERTEX_POINT('',#6085);
#4760=LINE('',#6086,#6087);
#4761=VERTEX_POINT('',#6088);
#4762=LINE('',#6089,#6090);
#4763=VERTEX_POINT('',#6091);
#4764=LINE('',#6092,#6093);
#4765=LINE('',#6094,#6095);
#4766=VERTEX_POINT('',#6096);
#4767=LINE('',#6097,#6098);
#4768=VERTEX_POINT('',#6099);
#4769=LINE('',#6100,#6101);
#4770=LINE('',#6102,#6103);
#4771=VERTEX_POINT('',#6104);
#4772=LINE('',#6105,#6106);
#4773=LINE('',#6107,#6108);
#4774=VERTEX_POINT('',#6109);
#4775=LINE('',#6110,#6111);
#4776=VERTEX_POINT('',#6112);
#4777=LINE('',#6113,#6114);
#4778=LINE('',#6115,#6116);
#4779=VERTEX_POINT('',#6117);
#4780=LINE('',#6118,#6119);
#4781=VERTEX_POINT('',#6120);
#4782=LINE('',#6121,#6122);
#4783=LINE('',#6123,#6124);
#4784=VERTEX_POINT('',#6125);
#4785=LINE('',#6126,#6127);
#4786=VERTEX_POINT('',#6128);
#4787=LINE('',#6129,#6130);
#4788=VERTEX_POINT('',#6131);
#4789=LINE('',#6132,#6133);
#4790=VERTEX_POINT('',#6134);
#4791=LINE('',#6135,#6136);
#4792=VERTEX_POINT('',#6137);
#4793=LINE('',#6138,#6139);
#4794=VERTEX_POINT('',#6140);
#4795=LINE('',#6141,#6142);
#4796=VERTEX_POINT('',#6143);
#4797=LINE('',#6144,#6145);
#4798=VERTEX_POINT('',#6146);
#4799=LINE('',#6147,#6148);
#4800=LINE('',#6149,#6150);
#4801=VERTEX_POINT('',#6151);
#4802=VERTEX_POINT('',#6152);
#4803=LINE('',#6153,#6154);
#4804=VERTEX_POINT('',#6155);
#4805=LINE('',#6156,#6157);
#4806=VERTEX_POINT('',#6158);
#4807=LINE('',#6159,#6160);
#4808=LINE('',#6161,#6162);
#4809=LINE('',#6163,#6164);
#4810=VERTEX_POINT('',#6165);
#4811=VERTEX_POINT('',#6166);
#4812=LINE('',#6167,#6168);
#4813=VERTEX_POINT('',#6169);
#4814=LINE('',#6170,#6171);
#4815=VERTEX_POINT('',#6172);
#4816=LINE('',#6173,#6174);
#4817=LINE('',#6175,#6176);
#4818=VERTEX_POINT('',#6177);
#4819=VERTEX_POINT('',#6178);
#4820=LINE('',#6179,#6180);
#4821=VERTEX_POINT('',#6181);
#4822=LINE('',#6182,#6183);
#4823=LINE('',#6184,#6185);
#4824=VERTEX_POINT('',#6186);
#4825=LINE('',#6187,#6188);
#4826=VERTEX_POINT('',#6189);
#4827=LINE('',#6190,#6191);
#4828=LINE('',#6192,#6193);
#4829=VERTEX_POINT('',#6194);
#4830=VERTEX_POINT('',#6195);
#4831=LINE('',#6196,#6197);
#4832=LINE('',#6198,#6199);
#4833=VERTEX_POINT('',#6200);
#4834=LINE('',#6201,#6202);
#4835=VERTEX_POINT('',#6203);
#4836=LINE('',#6204,#6205);
#4837=VERTEX_POINT('',#6206);
#4838=LINE('',#6207,#6208);
#4839=VERTEX_POINT('',#6209);
#4840=LINE('',#6210,#6211);
#4841=LINE('',#6212,#6213);
#4842=VERTEX_POINT('',#6214);
#4843=LINE('',#6215,#6216);
#4844=VERTEX_POINT('',#6217);
#4845=LINE('',#6218,#6219);
#4846=VERTEX_POINT('',#6220);
#4847=LINE('',#6221,#6222);
#4848=VERTEX_POINT('',#6223);
#4849=LINE('',#6224,#6225);
#4850=VERTEX_POINT('',#6226);
#4851=LINE('',#6227,#6228);
#4852=VERTEX_POINT('',#6229);
#4853=LINE('',#6230,#6231);
#4854=VERTEX_POINT('',#6232);
#4855=LINE('',#6233,#6234);
#4856=VERTEX_POINT('',#6235);
#4857=LINE('',#6236,#6237);
#4858=VERTEX_POINT('',#6238);
#4859=LINE('',#6239,#6240);
#4860=VERTEX_POINT('',#6241);
#4861=B_SPLINE_CURVE_WITH_KNOTS('',3,(#6242,#6243,#6244,#6245,#6246,#6247,#6248),.UNSPECIFIED.,.F.,.F.,(4,1,1,1,4),(0.0,0.25,0.5,0.75,1.0),.UNSPECIFIED.);
#4862=VERTEX_POINT('',#6249);
#4863=LINE('',#6250,#6251);
#4864=B_SPLINE_CURVE_WITH_KNOTS('',3,(#6252,#6253,#6254,#6255,#6256,#6257,#6258),.UNSPECIFIED.,.F.,.F.,(4,1,1,1,4),(0.0,0.25,0.5,0.75,1.0),.UNSPECIFIED.);
#4865=VERTEX_POINT('',#6259);
#4866=LINE('',#6260,#6261);
#4867=CIRCLE('',#6262,0.6);
#4868=VERTEX_POINT('',#6263);
#4869=VERTEX_POINT('',#6264);
#4870=LINE('',#6265,#6266);
#4871=VERTEX_POINT('',#6267);
#4872=LINE('',#6268,#6269);
#4873=VERTEX_POINT('',#6270);
#4874=LINE('',#6271,#6272);
#4875=VERTEX_POINT('',#6273);
#4876=LINE('',#6274,#6275);
#4877=LINE('',#6276,#6277);
#4878=VERTEX_POINT('',#6278);
#4879=LINE('',#6279,#6280);
#4880=VERTEX_POINT('',#6281);
#4881=CIRCLE('',#6282,1.3);
#4882=LINE('',#6283,#6284);
#4883=VERTEX_POINT('',#6285);
#4884=LINE('',#6286,#6287);
#4885=VERTEX_POINT('',#6288);
#4886=LINE('',#6289,#6290);
#4887=VERTEX_POINT('',#6291);
#4888=LINE('',#6292,#6293);
#4889=VERTEX_POINT('',#6294);
#4890=LINE('',#6295,#6296);
#4891=VERTEX_POINT('',#6297);
#4892=LINE('',#6298,#6299);
#4893=VERTEX_POINT('',#6300);
#4894=LINE('',#6301,#6302);
#4895=VERTEX_POINT('',#6303);
#4896=LINE('',#6304,#6305);
#4897=VERTEX_POINT('',#6306);
#4898=LINE('',#6307,#6308);
#4899=VERTEX_POINT('',#6309);
#4900=LINE('',#6310,#6311);
#4901=VERTEX_POINT('',#6312);
#4902=LINE('',#6313,#6314);
#4903=VERTEX_POINT('',#6315);
#4904=LINE('',#6316,#6317);
#4905=VERTEX_POINT('',#6318);
#4906=LINE('',#6319,#6320);
#4907=VERTEX_POINT('',#6321);
#4908=CIRCLE('',#6322,0.166);
#4909=VERTEX_POINT('',#6323);
#4910=LINE('',#6324,#6325);
#4911=VERTEX_POINT('',#6326);
#4912=LINE('',#6327,#6328);
#4913=VERTEX_POINT('',#6329);
#4914=LINE('',#6330,#6331);
#4915=LINE('',#6332,#6333);
#4916=CIRCLE('',#6334,0.166);
#4917=LINE('',#6335,#6336);
#4918=LINE('',#6337,#6338);
#4919=CIRCLE('',#6339,0.166);
#4920=LINE('',#6340,#6341);
#4921=LINE('',#6342,#6343);
#4922=VERTEX_POINT('',#6344);
#4923=LINE('',#6345,#6346);
#4924=VERTEX_POINT('',#6347);
#4925=LINE('',#6348,#6349);
#4926=LINE('',#6350,#6351);
#4927=VERTEX_POINT('',#6352);
#4928=LINE('',#6353,#6354);
#4929=VERTEX_POINT('',#6355);
#4930=LINE('',#6356,#6357);
#4931=VERTEX_POINT('',#6358);
#4932=LINE('',#6359,#6360);
#4933=VERTEX_POINT('',#6361);
#4934=LINE('',#6362,#6363);
#4935=VERTEX_POINT('',#6364);
#4936=LINE('',#6365,#6366);
#4937=VERTEX_POINT('',#6367);
#4938=LINE('',#6368,#6369);
#4939=VERTEX_POINT('',#6370);
#4940=LINE('',#6371,#6372);
#4941=LINE('',#6373,#6374);
#4942=VERTEX_POINT('',#6375);
#4943=VERTEX_POINT('',#6376);
#4944=LINE('',#6377,#6378);
#4945=LINE('',#6379,#6380);
#4946=VERTEX_POINT('',#6381);
#4947=LINE('',#6382,#6383);
#4948=LINE('',#6384,#6385);
#4949=LINE('',#6386,#6387);
#4950=VERTEX_POINT('',#6388);
#4951=LINE('',#6389,#6390);
#4952=LINE('',#6391,#6392);
#4953=VERTEX_POINT('',#6393);
#4954=LINE('',#6394,#6395);
#4955=LINE('',#6396,#6397);
#4956=LINE('',#6398,#6399);
#4957=VERTEX_POINT('',#6400);
#4958=LINE('',#6401,#6402);
#4959=VERTEX_POINT('',#6403);
#4960=LINE('',#6404,#6405);
#4961=VERTEX_POINT('',#6406);
#4962=LINE('',#6407,#6408);
#4963=VERTEX_POINT('',#6409);
#4964=LINE('',#6410,#6411);
#4965=VERTEX_POINT('',#6412);
#4966=LINE('',#6413,#6414);
#4967=VERTEX_POINT('',#6415);
#4968=LINE('',#6416,#6417);
#4969=VERTEX_POINT('',#6418);
#4970=LINE('',#6419,#6420);
#4971=LINE('',#6421,#6422);
#4972=VERTEX_POINT('',#6423);
#4973=LINE('',#6424,#6425);
#4974=VERTEX_POINT('',#6426);
#4975=LINE('',#6427,#6428);
#4976=VERTEX_POINT('',#6429);
#4977=LINE('',#6430,#6431);
#4978=LINE('',#6432,#6433);
#4979=VERTEX_POINT('',#6434);
#4980=B_SPLINE_CURVE_WITH_KNOTS('',3,(#6435,#6436,#6437,#6438,#6439,#6440,#6441),.UNSPECIFIED.,.F.,.F.,(4,1,1,1,4),(0.0,0.25,0.5,0.75,1.0),.UNSPECIFIED.);
#4981=VERTEX_POINT('',#6442);
#4982=LINE('',#6443,#6444);
#4983=B_SPLINE_CURVE_WITH_KNOTS('',3,(#6445,#6446,#6447,#6448,#6449,#6450,#6451),.UNSPECIFIED.,.F.,.F.,(4,1,1,1,4),(0.0,0.25,0.5,0.75,1.0),.UNSPECIFIED.);
#4984=VERTEX_POINT('',#6452);
#4985=LINE('',#6453,#6454);
#4986=VERTEX_POINT('',#6455);
#4987=LINE('',#6456,#6457);
#4988=VERTEX_POINT('',#6458);
#4989=LINE('',#6459,#6460);
#4990=VERTEX_POINT('',#6461);
#4991=LINE('',#6462,#6463);
#4992=VERTEX_POINT('',#6464);
#4993=LINE('',#6465,#6466);
#4994=VERTEX_POINT('',#6467);
#4995=LINE('',#6468,#6469);
#4996=LINE('',#6470,#6471);
#4997=VERTEX_POINT('',#6472);
#4998=LINE('',#6473,#6474);
#4999=LINE('',#6475,#6476);
#5000=VERTEX_POINT('',#6477);
#5001=LINE('',#6478,#6479);
#5002=VERTEX_POINT('',#6480);
#5003=LINE('',#6481,#6482);
#5004=VERTEX_POINT('',#6483);
#5005=LINE('',#6484,#6485);
#5006=LINE('',#6486,#6487);
#5007=LINE('',#6488,#6489);
#5008=LINE('',#6490,#6491);
#5009=VERTEX_POINT('',#6492);
#5010=VERTEX_POINT('',#6493);
#5011=LINE('',#6494,#6495);
#5012=VERTEX_POINT('',#6496);
#5013=LINE('',#6497,#6498);
#5014=VERTEX_POINT('',#6499);
#5015=LINE('',#6500,#6501);
#5016=VERTEX_POINT('',#6502);
#5017=LINE('',#6503,#6504);
#5018=VERTEX_POINT('',#6505);
#5019=LINE('',#6506,#6507);
#5020=VERTEX_POINT('',#6508);
#5021=LINE('',#6509,#6510);
#5022=VERTEX_POINT('',#6511);
#5023=LINE('',#6512,#6513);
#5024=LINE('',#6514,#6515);
#5025=LINE('',#6516,#6517);
#5026=VERTEX_POINT('',#6518);
#5027=LINE('',#6519,#6520);
#5028=VERTEX_POINT('',#6521);
#5029=LINE('',#6522,#6523);
#5030=VERTEX_POINT('',#6524);
#5031=LINE('',#6525,#6526);
#5032=LINE('',#6527,#6528);
#5033=LINE('',#6529,#6530);
#5034=VERTEX_POINT('',#6531);
#5035=VERTEX_POINT('',#6532);
#5036=LINE('',#6533,#6534);
#5037=LINE('',#6535,#6536);
#5038=LINE('',#6537,#6538);
#5039=LINE('',#6539,#6540);
#5040=LINE('',#6541,#6542);
#5041=LINE('',#6543,#6544);
#5042=VERTEX_POINT('',#6545);
#5043=LINE('',#6546,#6547);
#5044=LINE('',#6548,#6549);
#5045=VERTEX_POINT('',#6550);
#5046=VERTEX_POINT('',#6551);
#5047=LINE('',#6552,#6553);
#5048=VERTEX_POINT('',#6554);
#5049=LINE('',#6555,#6556);
#5050=VERTEX_POINT('',#6557);
#5051=LINE('',#6558,#6559);
#5052=VERTEX_POINT('',#6560);
#5053=LINE('',#6561,#6562);
#5054=VERTEX_POINT('',#6563);
#5055=LINE('',#6564,#6565);
#5056=VERTEX_POINT('',#6566);
#5057=LINE('',#6567,#6568);
#5058=VERTEX_POINT('',#6569);
#5059=LINE('',#6570,#6571);
#5060=VERTEX_POINT('',#6572);
#5061=LINE('',#6573,#6574);
#5062=VERTEX_POINT('',#6575);
#5063=LINE('',#6576,#6577);
#5064=LINE('',#6578,#6579);
#5065=VERTEX_POINT('',#6580);
#5066=LINE('',#6581,#6582);
#5067=LINE('',#6583,#6584);
#5068=VERTEX_POINT('',#6585);
#5069=LINE('',#6586,#6587);
#5070=VERTEX_POINT('',#6588);
#5071=LINE('',#6589,#6590);
#5072=VERTEX_POINT('',#6591);
#5073=LINE('',#6592,#6593);
#5074=VERTEX_POINT('',#6594);
#5075=LINE('',#6595,#6596);
#5076=VERTEX_POINT('',#6597);
#5077=LINE('',#6598,#6599);
#5078=VERTEX_POINT('',#6600);
#5079=LINE('',#6601,#6602);
#5080=VERTEX_POINT('',#6603);
#5081=LINE('',#6604,#6605);
#5082=LINE('',#6606,#6607);
#5083=VERTEX_POINT('',#6608);
#5084=LINE('',#6609,#6610);
#5085=VERTEX_POINT('',#6611);
#5086=LINE('',#6612,#6613);
#5087=LINE('',#6614,#6615);
#5088=LINE('',#6616,#6617);
#5089=LINE('',#6618,#6619);
#5090=LINE('',#6620,#6621);
#5091=VERTEX_POINT('',#6622);
#5092=LINE('',#6623,#6624);
#5093=LINE('',#6625,#6626);
#5094=VERTEX_POINT('',#6627);
#5095=LINE('',#6628,#6629);
#5096=LINE('',#6630,#6631);
#5097=LINE('',#6632,#6633);
#5098=VERTEX_POINT('',#6634);
#5099=LINE('',#6635,#6636);
#5100=VERTEX_POINT('',#6637);
#5101=LINE('',#6638,#6639);
#5102=VERTEX_POINT('',#6640);
#5103=LINE('',#6641,#6642);
#5104=VERTEX_POINT('',#6643);
#5105=LINE('',#6644,#6645);
#5106=VERTEX_POINT('',#6646);
#5107=LINE('',#6647,#6648);
#5108=LINE('',#6649,#6650);
#5109=VERTEX_POINT('',#6651);
#5110=LINE('',#6652,#6653);
#5111=LINE('',#6654,#6655);
#5112=VERTEX_POINT('',#6656);
#5113=LINE('',#6657,#6658);
#5114=VERTEX_POINT('',#6659);
#5115=LINE('',#6660,#6661);
#5116=LINE('',#6662,#6663);
#5117=VERTEX_POINT('',#6664);
#5118=LINE('',#6665,#6666);
#5119=LINE('',#6667,#6668);
#5120=VERTEX_POINT('',#6669);
#5121=LINE('',#6670,#6671);
#5122=VERTEX_POINT('',#6672);
#5123=LINE('',#6673,#6674);
#5124=VERTEX_POINT('',#6675);
#5125=LINE('',#6676,#6677);
#5126=VERTEX_POINT('',#6678);
#5127=LINE('',#6679,#6680);
#5128=VERTEX_POINT('',#6681);
#5129=LINE('',#6682,#6683);
#5130=VERTEX_POINT('',#6684);
#5131=LINE('',#6685,#6686);
#5132=VERTEX_POINT('',#6687);
#5133=LINE('',#6688,#6689);
#5134=VERTEX_POINT('',#6690);
#5135=LINE('',#6691,#6692);
#5136=VERTEX_POINT('',#6693);
#5137=LINE('',#6694,#6695);
#5138=VERTEX_POINT('',#6696);
#5139=LINE('',#6697,#6698);
#5140=VERTEX_POINT('',#6699);
#5141=LINE('',#6700,#6701);
#5142=VERTEX_POINT('',#6702);
#5143=LINE('',#6703,#6704);
#5144=VERTEX_POINT('',#6705);
#5145=LINE('',#6706,#6707);
#5146=LINE('',#6708,#6709);
#5147=VERTEX_POINT('',#6710);
#5148=VERTEX_POINT('',#6711);
#5149=LINE('',#6712,#6713);
#5150=VERTEX_POINT('',#6714);
#5151=LINE('',#6715,#6716);
#5152=VERTEX_POINT('',#6717);
#5153=LINE('',#6718,#6719);
#5154=VERTEX_POINT('',#6720);
#5155=LINE('',#6721,#6722);
#5156=VERTEX_POINT('',#6723);
#5157=LINE('',#6724,#6725);
#5158=VERTEX_POINT('',#6726);
#5159=LINE('',#6727,#6728);
#5160=VERTEX_POINT('',#6729);
#5161=LINE('',#6730,#6731);
#5162=VERTEX_POINT('',#6732);
#5163=LINE('',#6733,#6734);
#5164=VERTEX_POINT('',#6735);
#5165=LINE('',#6736,#6737);
#5166=VERTEX_POINT('',#6738);
#5167=LINE('',#6739,#6740);
#5168=LINE('',#6741,#6742);
#5169=VERTEX_POINT('',#6743);
#5170=LINE('',#6744,#6745);
#5171=VERTEX_POINT('',#6746);
#5172=LINE('',#6747,#6748);
#5173=VERTEX_POINT('',#6749);
#5174=LINE('',#6750,#6751);
#5175=LINE('',#6752,#6753);
#5176=LINE('',#6754,#6755);
#5177=LINE('',#6756,#6757);
#5178=LINE('',#6758,#6759);
#5179=LINE('',#6760,#6761);
#5180=VERTEX_POINT('',#6762);
#5181=LINE('',#6763,#6764);
#5182=LINE('',#6765,#6766);
#5183=LINE('',#6767,#6768);
#5184=VERTEX_POINT('',#6769);
#5185=VERTEX_POINT('',#6770);
#5186=LINE('',#6771,#6772);
#5187=LINE('',#6773,#6774);
#5188=LINE('',#6775,#6776);
#5189=VERTEX_POINT('',#6777);
#5190=LINE('',#6778,#6779);
#5191=LINE('',#6780,#6781);
#5192=VERTEX_POINT('',#6782);
#5193=LINE('',#6783,#6784);
#5194=VERTEX_POINT('',#6785);
#5195=LINE('',#6786,#6787);
#5196=VERTEX_POINT('',#6788);
#5197=LINE('',#6789,#6790);
#5198=VERTEX_POINT('',#6791);
#5199=LINE('',#6792,#6793);
#5200=LINE('',#6794,#6795);
#5201=LINE('',#6796,#6797);
#5202=VERTEX_POINT('',#6798);
#5203=LINE('',#6799,#6800);
#5204=LINE('',#6801,#6802);
#5205=LINE('',#6803,#6804);
#5206=LINE('',#6805,#6806);
#5207=LINE('',#6807,#6808);
#5208=LINE('',#6809,#6810);
#5209=VERTEX_POINT('',#6811);
#5210=LINE('',#6812,#6813);
#5211=VERTEX_POINT('',#6814);
#5212=LINE('',#6815,#6816);
#5213=VERTEX_POINT('',#6817);
#5214=LINE('',#6818,#6819);
#5215=VERTEX_POINT('',#6820);
#5216=LINE('',#6821,#6822);
#5217=VERTEX_POINT('',#6823);
#5218=LINE('',#6824,#6825);
#5219=VERTEX_POINT('',#6826);
#5220=LINE('',#6827,#6828);
#5221=VERTEX_POINT('',#6829);
#5222=LINE('',#6830,#6831);
#5223=VERTEX_POINT('',#6832);
#5224=LINE('',#6833,#6834);
#5225=VERTEX_POINT('',#6835);
#5226=LINE('',#6836,#6837);
#5227=VERTEX_POINT('',#6838);
#5228=LINE('',#6839,#6840);
#5229=LINE('',#6841,#6842);
#5230=VERTEX_POINT('',#6843);
#5231=LINE('',#6844,#6845);
#5232=VERTEX_POINT('',#6846);
#5233=LINE('',#6847,#6848);
#5234=LINE('',#6849,#6850);
#5235=VERTEX_POINT('',#6851);
#5236=LINE('',#6852,#6853);
#5237=VERTEX_POINT('',#6854);
#5238=LINE('',#6855,#6856);
#5239=VERTEX_POINT('',#6857);
#5240=LINE('',#6858,#6859);
#5241=VERTEX_POINT('',#6860);
#5242=LINE('',#6861,#6862);
#5243=VERTEX_POINT('',#6863);
#5244=LINE('',#6864,#6865);
#5245=LINE('',#6866,#6867);
#5246=VERTEX_POINT('',#6868);
#5247=LINE('',#6869,#6870);
#5248=LINE('',#6871,#6872);
#5249=VERTEX_POINT('',#6873);
#5250=LINE('',#6874,#6875);
#5251=LINE('',#6876,#6877);
#5252=VERTEX_POINT('',#6878);
#5253=LINE('',#6879,#6880);
#5254=LINE('',#6881,#6882);
#5255=LINE('',#6883,#6884);
#5256=VERTEX_POINT('',#6885);
#5257=LINE('',#6886,#6887);
#5258=LINE('',#6888,#6889);
#5259=VERTEX_POINT('',#6890);
#5260=VERTEX_POINT('',#6891);
#5261=LINE('',#6892,#6893);
#5262=VERTEX_POINT('',#6894);
#5263=LINE('',#6895,#6896);
#5264=LINE('',#6897,#6898);
#5265=VERTEX_POINT('',#6899);
#5266=LINE('',#6900,#6901);
#5267=VERTEX_POINT('',#6902);
#5268=LINE('',#6903,#6904);
#5269=VERTEX_POINT('',#6905);
#5270=LINE('',#6906,#6907);
#5271=LINE('',#6908,#6909);
#5272=VERTEX_POINT('',#6910);
#5273=LINE('',#6911,#6912);
#5274=VERTEX_POINT('',#6913);
#5275=LINE('',#6914,#6915);
#5276=LINE('',#6916,#6917);
#5277=VERTEX_POINT('',#6918);
#5278=VERTEX_POINT('',#6919);
#5279=LINE('',#6920,#6921);
#5280=VERTEX_POINT('',#6922);
#5281=LINE('',#6923,#6924);
#5282=VERTEX_POINT('',#6925);
#5283=LINE('',#6926,#6927);
#5284=VERTEX_POINT('',#6928);
#5285=LINE('',#6929,#6930);
#5286=VERTEX_POINT('',#6931);
#5287=LINE('',#6932,#6933);
#5288=VERTEX_POINT('',#6934);
#5289=LINE('',#6935,#6936);
#5290=VERTEX_POINT('',#6937);
#5291=LINE('',#6938,#6939);
#5292=LINE('',#6940,#6941);
#5293=VERTEX_POINT('',#6942);
#5294=VERTEX_POINT('',#6943);
#5295=LINE('',#6944,#6945);
#5296=VERTEX_POINT('',#6946);
#5297=LINE('',#6947,#6948);
#5298=VERTEX_POINT('',#6949);
#5299=LINE('',#6950,#6951);
#5300=VERTEX_POINT('',#6952);
#5301=LINE('',#6953,#6954);
#5302=VERTEX_POINT('',#6955);
#5303=LINE('',#6956,#6957);
#5304=VERTEX_POINT('',#6958);
#5305=LINE('',#6959,#6960);
#5306=VERTEX_POINT('',#6961);
#5307=LINE('',#6962,#6963);
#5308=LINE('',#6964,#6965);
#5309=VERTEX_POINT('',#6966);
#5310=VERTEX_POINT('',#6967);
#5311=LINE('',#6968,#6969);
#5312=VERTEX_POINT('',#6970);
#5313=LINE('',#6971,#6972);
#5314=LINE('',#6973,#6974);
#5315=VERTEX_POINT('',#6975);
#5316=LINE('',#6976,#6977);
#5317=LINE('',#6978,#6979);
#5318=VERTEX_POINT('',#6980);
#5319=LINE('',#6981,#6982);
#5320=VERTEX_POINT('',#6983);
#5321=LINE('',#6984,#6985);
#5322=LINE('',#6986,#6987);
#5323=VERTEX_POINT('',#6988);
#5324=LINE('',#6989,#6990);
#5325=LINE('',#6991,#6992);
#5326=VERTEX_POINT('',#6993);
#5327=LINE('',#6994,#6995);
#5328=VERTEX_POINT('',#6996);
#5329=LINE('',#6997,#6998);
#5330=VERTEX_POINT('',#6999);
#5331=LINE('',#7000,#7001);
#5332=VERTEX_POINT('',#7002);
#5333=LINE('',#7003,#7004);
#5334=VERTEX_POINT('',#7005);
#5335=LINE('',#7006,#7007);
#5336=VERTEX_POINT('',#7008);
#5337=LINE('',#7009,#7010);
#5338=VERTEX_POINT('',#7011);
#5339=LINE('',#7012,#7013);
#5340=LINE('',#7014,#7015);
#5341=LINE('',#7016,#7017);
#5342=LINE('',#7018,#7019);
#5343=VERTEX_POINT('',#7020);
#5344=LINE('',#7021,#7022);
#5345=VERTEX_POINT('',#7023);
#5346=LINE('',#7024,#7025);
#5347=LINE('',#7026,#7027);
#5348=VERTEX_POINT('',#7028);
#5349=LINE('',#7029,#7030);
#5350=LINE('',#7031,#7032);
#5351=VERTEX_POINT('',#7033);
#5352=LINE('',#7034,#7035);
#5353=LINE('',#7036,#7037);
#5354=LINE('',#7038,#7039);
#5355=LINE('',#7040,#7041);
#5356=LINE('',#7042,#7043);
#5357=LINE('',#7044,#7045);
#5358=LINE('',#7046,#7047);
#5359=LINE('',#7048,#7049);
#5360=VERTEX_POINT('',#7050);
#5361=VERTEX_POINT('',#7051);
#5362=LINE('',#7052,#7053);
#5363=VERTEX_POINT('',#7054);
#5364=LINE('',#7055,#7056);
#5365=LINE('',#7057,#7058);
#5366=VERTEX_POINT('',#7059);
#5367=LINE('',#7060,#7061);
#5368=LINE('',#7062,#7063);
#5369=VERTEX_POINT('',#7064);
#5370=LINE('',#7065,#7066);
#5371=VERTEX_POINT('',#7067);
#5372=LINE('',#7068,#7069);
#5373=LINE('',#7070,#7071);
#5374=VERTEX_POINT('',#7072);
#5375=LINE('',#7073,#7074);
#5376=LINE('',#7075,#7076);
#5377=VERTEX_POINT('',#7077);
#5378=LINE('',#7078,#7079);
#5379=VERTEX_POINT('',#7080);
#5380=LINE('',#7081,#7082);
#5381=VERTEX_POINT('',#7083);
#5382=LINE('',#7084,#7085);
#5383=VERTEX_POINT('',#7086);
#5384=LINE('',#7087,#7088);
#5385=VERTEX_POINT('',#7089);
#5386=LINE('',#7090,#7091);
#5387=VERTEX_POINT('',#7092);
#5388=LINE('',#7093,#7094);
#5389=VERTEX_POINT('',#7095);
#5390=LINE('',#7096,#7097);
#5391=LINE('',#7098,#7099);
#5392=LINE('',#7100,#7101);
#5393=LINE('',#7102,#7103);
#5394=VERTEX_POINT('',#7104);
#5395=LINE('',#7105,#7106);
#5396=VERTEX_POINT('',#7107);
#5397=LINE('',#7108,#7109);
#5398=LINE('',#7110,#7111);
#5399=VERTEX_POINT('',#7112);
#5400=LINE('',#7113,#7114);
#5401=LINE('',#7115,#7116);
#5402=VERTEX_POINT('',#7117);
#5403=LINE('',#7118,#7119);
#5404=LINE('',#7120,#7121);
#5405=LINE('',#7122,#7123);
#5406=LINE('',#7124,#7125);
#5407=LINE('',#7126,#7127);
#5408=LINE('',#7128,#7129);
#5409=LINE('',#7130,#7131);
#5410=LINE('',#7132,#7133);
#5411=LINE('',#7134,#7135);
#5412=LINE('',#7136,#7137);
#5413=LINE('',#7138,#7139);
#5414=LINE('',#7140,#7141);
#5415=VERTEX_POINT('',#7142);
#5416=LINE('',#7143,#7144);
#5417=LINE('',#7145,#7146);
#5418=LINE('',#7147,#7148);
#5419=LINE('',#7149,#7150);
#5420=LINE('',#7151,#7152);
#5421=LINE('',#7153,#7154);
#5422=VERTEX_POINT('',#7155);
#5423=LINE('',#7156,#7157);
#5424=LINE('',#7158,#7159);
#5425=VERTEX_POINT('',#7160);
#5426=LINE('',#7161,#7162);
#5427=LINE('',#7163,#7164);
#5428=LINE('',#7165,#7166);
#5429=LINE('',#7167,#7168);
#5430=VERTEX_POINT('',#7169);
#5431=VERTEX_POINT('',#7170);
#5432=LINE('',#7171,#7172);
#5433=VERTEX_POINT('',#7173);
#5434=LINE('',#7174,#7175);
#5435=VERTEX_POINT('',#7176);
#5436=LINE('',#7177,#7178);
#5437=VERTEX_POINT('',#7179);
#5438=LINE('',#7180,#7181);
#5439=VERTEX_POINT('',#7182);
#5440=LINE('',#7183,#7184);
#5441=VERTEX_POINT('',#7185);
#5442=LINE('',#7186,#7187);
#5443=VERTEX_POINT('',#7188);
#5444=LINE('',#7189,#7190);
#5445=LINE('',#7191,#7192);
#5446=VERTEX_POINT('',#7193);
#5447=VERTEX_POINT('',#7194);
#5448=LINE('',#7195,#7196);
#5449=VERTEX_POINT('',#7197);
#5450=LINE('',#7198,#7199);
#5451=VERTEX_POINT('',#7200);
#5452=LINE('',#7201,#7202);
#5453=VERTEX_POINT('',#7203);
#5454=LINE('',#7204,#7205);
#5455=VERTEX_POINT('',#7206);
#5456=LINE('',#7207,#7208);
#5457=VERTEX_POINT('',#7209);
#5458=LINE('',#7210,#7211);
#5459=VERTEX_POINT('',#7212);
#5460=LINE('',#7213,#7214);
#5461=LINE('',#7215,#7216);
#5462=VERTEX_POINT('',#7217);
#5463=VERTEX_POINT('',#7218);
#5464=LINE('',#7219,#7220);
#5465=VERTEX_POINT('',#7221);
#5466=LINE('',#7222,#7223);
#5467=VERTEX_POINT('',#7224);
#5468=LINE('',#7225,#7226);
#5469=VERTEX_POINT('',#7227);
#5470=LINE('',#7228,#7229);
#5471=VERTEX_POINT('',#7230);
#5472=LINE('',#7231,#7232);
#5473=VERTEX_POINT('',#7233);
#5474=LINE('',#7234,#7235);
#5475=VERTEX_POINT('',#7236);
#5476=LINE('',#7237,#7238);
#5477=LINE('',#7239,#7240);
#5478=VERTEX_POINT('',#7241);
#5479=LINE('',#7242,#7243);
#5480=VERTEX_POINT('',#7244);
#5481=LINE('',#7245,#7246);
#5482=LINE('',#7247,#7248);
#5483=VERTEX_POINT('',#7249);
#5484=VERTEX_POINT('',#7250);
#5485=LINE('',#7251,#7252);
#5486=VERTEX_POINT('',#7253);
#5487=LINE('',#7254,#7255);
#5488=VERTEX_POINT('',#7256);
#5489=LINE('',#7257,#7258);
#5490=VERTEX_POINT('',#7259);
#5491=LINE('',#7260,#7261);
#5492=VERTEX_POINT('',#7262);
#5493=LINE('',#7263,#7264);
#5494=VERTEX_POINT('',#7265);
#5495=LINE('',#7266,#7267);
#5496=VERTEX_POINT('',#7268);
#5497=LINE('',#7269,#7270);
#5498=LINE('',#7271,#7272);
#5499=VERTEX_POINT('',#7273);
#5500=VERTEX_POINT('',#7274);
#5501=LINE('',#7275,#7276);
#5502=VERTEX_POINT('',#7277);
#5503=LINE('',#7278,#7279);
#5504=VERTEX_POINT('',#7280);
#5505=LINE('',#7281,#7282);
#5506=VERTEX_POINT('',#7283);
#5507=LINE('',#7284,#7285);
#5508=VERTEX_POINT('',#7286);
#5509=LINE('',#7287,#7288);
#5510=VERTEX_POINT('',#7289);
#5511=LINE('',#7290,#7291);
#5512=VERTEX_POINT('',#7292);
#5513=LINE('',#7293,#7294);
#5514=LINE('',#7295,#7296);
#5515=VERTEX_POINT('',#7297);
#5516=VERTEX_POINT('',#7298);
#5517=LINE('',#7299,#7300);
#5518=VERTEX_POINT('',#7301);
#5519=LINE('',#7302,#7303);
#5520=VERTEX_POINT('',#7304);
#5521=LINE('',#7305,#7306);
#5522=VERTEX_POINT('',#7307);
#5523=LINE('',#7308,#7309);
#5524=VERTEX_POINT('',#7310);
#5525=LINE('',#7311,#7312);
#5526=VERTEX_POINT('',#7313);
#5527=LINE('',#7314,#7315);
#5528=VERTEX_POINT('',#7316);
#5529=LINE('',#7317,#7318);
#5530=LINE('',#7319,#7320);
#5531=VERTEX_POINT('',#7321);
#5532=LINE('',#7322,#7323);
#5533=VERTEX_POINT('',#7324);
#5534=LINE('',#7325,#7326);
#5535=LINE('',#7327,#7328);
#5536=VERTEX_POINT('',#7329);
#5537=LINE('',#7330,#7331);
#5538=LINE('',#7332,#7333);
#5539=VERTEX_POINT('',#7334);
#5540=LINE('',#7335,#7336);
#5541=LINE('',#7337,#7338);
#5542=VERTEX_POINT('',#7339);
#5543=LINE('',#7340,#7341);
#5544=LINE('',#7342,#7343);
#5545=VERTEX_POINT('',#7344);
#5546=LINE('',#7345,#7346);
#5547=LINE('',#7347,#7348);
#5548=VERTEX_POINT('',#7349);
#5549=LINE('',#7350,#7351);
#5550=LINE('',#7352,#7353);
#5551=VERTEX_POINT('',#7354);
#5552=LINE('',#7355,#7356);
#5553=LINE('',#7357,#7358);
#5554=LINE('',#7359,#7360);
#5555=VERTEX_POINT('',#7361);
#5556=LINE('',#7362,#7363);
#5557=VERTEX_POINT('',#7364);
#5558=LINE('',#7365,#7366);
#5559=LINE('',#7367,#7368);
#5560=VERTEX_POINT('',#7369);
#5561=LINE('',#7370,#7371);
#5562=LINE('',#7372,#7373);
#5563=VERTEX_POINT('',#7374);
#5564=LINE('',#7375,#7376);
#5565=LINE('',#7377,#7378);
#5566=VERTEX_POINT('',#7379);
#5567=LINE('',#7380,#7381);
#5568=LINE('',#7382,#7383);
#5569=VERTEX_POINT('',#7384);
#5570=LINE('',#7385,#7386);
#5571=LINE('',#7387,#7388);
#5572=VERTEX_POINT('',#7389);
#5573=LINE('',#7390,#7391);
#5574=LINE('',#7392,#7393);
#5575=VERTEX_POINT('',#7394);
#5576=LINE('',#7395,#7396);
#5577=LINE('',#7397,#7398);
#5578=LINE('',#7399,#7400);
#5579=VERTEX_POINT('',#7401);
#5580=LINE('',#7402,#7403);
#5581=VERTEX_POINT('',#7404);
#5582=LINE('',#7405,#7406);
#5583=LINE('',#7407,#7408);
#5584=VERTEX_POINT('',#7409);
#5585=LINE('',#7410,#7411);
#5586=LINE('',#7412,#7413);
#5587=VERTEX_POINT('',#7414);
#5588=LINE('',#7415,#7416);
#5589=LINE('',#7417,#7418);
#5590=VERTEX_POINT('',#7419);
#5591=LINE('',#7420,#7421);
#5592=LINE('',#7422,#7423);
#5593=VERTEX_POINT('',#7424);
#5594=LINE('',#7425,#7426);
#5595=LINE('',#7427,#7428);
#5596=VERTEX_POINT('',#7429);
#5597=LINE('',#7430,#7431);
#5598=LINE('',#7432,#7433);
#5599=VERTEX_POINT('',#7434);
#5600=LINE('',#7435,#7436);
#5601=LINE('',#7437,#7438);
#5602=LINE('',#7439,#7440);
#5603=VERTEX_POINT('',#7441);
#5604=LINE('',#7442,#7443);
#5605=VERTEX_POINT('',#7444);
#5606=LINE('',#7445,#7446);
#5607=LINE('',#7447,#7448);
#5608=VERTEX_POINT('',#7449);
#5609=LINE('',#7450,#7451);
#5610=LINE('',#7452,#7453);
#5611=VERTEX_POINT('',#7454);
#5612=LINE('',#7455,#7456);
#5613=LINE('',#7457,#7458);
#5614=VERTEX_POINT('',#7459);
#5615=LINE('',#7460,#7461);
#5616=LINE('',#7462,#7463);
#5617=VERTEX_POINT('',#7464);
#5618=LINE('',#7465,#7466);
#5619=LINE('',#7467,#7468);
#5620=VERTEX_POINT('',#7469);
#5621=LINE('',#7470,#7471);
#5622=LINE('',#7472,#7473);
#5623=VERTEX_POINT('',#7474);
#5624=LINE('',#7475,#7476);
#5625=LINE('',#7477,#7478);
#5626=LINE('',#7479,#7480);
#5627=VERTEX_POINT('',#7481);
#5628=LINE('',#7482,#7483);
#5629=VERTEX_POINT('',#7484);
#5630=LINE('',#7485,#7486);
#5631=LINE('',#7487,#7488);
#5632=VERTEX_POINT('',#7489);
#5633=LINE('',#7490,#7491);
#5634=LINE('',#7492,#7493);
#5635=VERTEX_POINT('',#7494);
#5636=LINE('',#7495,#7496);
#5637=LINE('',#7497,#7498);
#5638=VERTEX_POINT('',#7499);
#5639=LINE('',#7500,#7501);
#5640=LINE('',#7502,#7503);
#5641=VERTEX_POINT('',#7504);
#5642=LINE('',#7505,#7506);
#5643=LINE('',#7507,#7508);
#5644=VERTEX_POINT('',#7509);
#5645=LINE('',#7510,#7511);
#5646=LINE('',#7512,#7513);
#5647=VERTEX_POINT('',#7514);
#5648=LINE('',#7515,#7516);
#5649=LINE('',#7517,#7518);
#5650=LINE('',#7519,#7520);
#5651=VERTEX_POINT('',#7521);
#5652=LINE('',#7522,#7523);
#5653=VERTEX_POINT('',#7524);
#5654=LINE('',#7525,#7526);
#5655=LINE('',#7527,#7528);
#5656=VERTEX_POINT('',#7529);
#5657=LINE('',#7530,#7531);
#5658=LINE('',#7532,#7533);
#5659=VERTEX_POINT('',#7534);
#5660=LINE('',#7535,#7536);
#5661=LINE('',#7537,#7538);
#5662=VERTEX_POINT('',#7539);
#5663=LINE('',#7540,#7541);
#5664=LINE('',#7542,#7543);
#5665=VERTEX_POINT('',#7544);
#5666=LINE('',#7545,#7546);
#5667=LINE('',#7547,#7548);
#5668=VERTEX_POINT('',#7549);
#5669=LINE('',#7550,#7551);
#5670=LINE('',#7552,#7553);
#5671=VERTEX_POINT('',#7554);
#5672=LINE('',#7555,#7556);
#5673=LINE('',#7557,#7558);
#5674=LINE('',#7559,#7560);
#5675=VERTEX_POINT('',#7561);
#5676=LINE('',#7562,#7563);
#5677=LINE('',#7564,#7565);
#5678=VERTEX_POINT('',#7566);
#5679=LINE('',#7567,#7568);
#5680=LINE('',#7569,#7570);
#5681=VERTEX_POINT('',#7571);
#5682=LINE('',#7572,#7573);
#5683=VERTEX_POINT('',#7574);
#5684=LINE('',#7575,#7576);
#5685=VERTEX_POINT('',#7577);
#5686=LINE('',#7578,#7579);
#5687=VERTEX_POINT('',#7580);
#5688=LINE('',#7581,#7582);
#5689=VERTEX_POINT('',#7583);
#5690=LINE('',#7584,#7585);
#5691=VERTEX_POINT('',#7586);
#5692=LINE('',#7587,#7588);
#5693=VERTEX_POINT('',#7589);
#5694=LINE('',#7590,#7591);
#5695=VERTEX_POINT('',#7592);
#5696=LINE('',#7593,#7594);
#5697=LINE('',#7595,#7596);
#5698=VERTEX_POINT('',#7597);
#5699=VERTEX_POINT('',#7598);
#5700=LINE('',#7599,#7600);
#5701=VERTEX_POINT('',#7601);
#5702=LINE('',#7602,#7603);
#5703=VERTEX_POINT('',#7604);
#5704=LINE('',#7605,#7606);
#5705=VERTEX_POINT('',#7607);
#5706=LINE('',#7608,#7609);
#5707=VERTEX_POINT('',#7610);
#5708=LINE('',#7611,#7612);
#5709=VERTEX_POINT('',#7613);
#5710=LINE('',#7614,#7615);
#5711=VERTEX_POINT('',#7616);
#5712=LINE('',#7617,#7618);
#5713=LINE('',#7619,#7620);
#5714=VERTEX_POINT('',#7621);
#5715=VERTEX_POINT('',#7622);
#5716=LINE('',#7623,#7624);
#5717=VERTEX_POINT('',#7625);
#5718=LINE('',#7626,#7627);
#5719=VERTEX_POINT('',#7628);
#5720=LINE('',#7629,#7630);
#5721=VERTEX_POINT('',#7631);
#5722=LINE('',#7632,#7633);
#5723=VERTEX_POINT('',#7634);
#5724=LINE('',#7635,#7636);
#5725=VERTEX_POINT('',#7637);
#5726=LINE('',#7638,#7639);
#5727=VERTEX_POINT('',#7640);
#5728=LINE('',#7641,#7642);
#5729=LINE('',#7643,#7644);
#5730=VERTEX_POINT('',#7645);
#5731=LINE('',#7646,#7647);
#5732=VERTEX_POINT('',#7648);
#5733=LINE('',#7649,#7650);
#5734=LINE('',#7651,#7652);
#5735=VERTEX_POINT('',#7653);
#5736=LINE('',#7654,#7655);
#5737=LINE('',#7656,#7657);
#5738=VERTEX_POINT('',#7658);
#5739=LINE('',#7659,#7660);
#5740=LINE('',#7661,#7662);
#5741=VERTEX_POINT('',#7663);
#5742=LINE('',#7664,#7665);
#5743=LINE('',#7666,#7667);
#5744=VERTEX_POINT('',#7668);
#5745=LINE('',#7669,#7670);
#5746=VERTEX_POINT('',#7671);
#5747=LINE('',#7672,#7673);
#5748=VERTEX_POINT('',#7674);
#5749=LINE('',#7675,#7676);
#5750=LINE('',#7677,#7678);
#5751=VERTEX_POINT('',#7679);
#5752=LINE('',#7680,#7681);
#5753=VERTEX_POINT('',#7682);
#5754=LINE('',#7683,#7684);
#5755=LINE('',#7685,#7686);
#5756=VERTEX_POINT('',#7687);
#5757=LINE('',#7688,#7689);
#5758=VERTEX_POINT('',#7690);
#5759=LINE('',#7691,#7692);
#5760=LINE('',#7693,#7694);
#5761=LINE('',#7695,#7696);
#5762=VERTEX_POINT('',#7697);
#5763=LINE('',#7698,#7699);
#5764=LINE('',#7700,#7701);
#5765=LINE('',#7702,#7703);
#5766=VERTEX_POINT('',#7704);
#5767=LINE('',#7705,#7706);
#5768=VERTEX_POINT('',#7707);
#5769=LINE('',#7708,#7709);
#5770=VERTEX_POINT('',#7710);
#5771=LINE('',#7711,#7712);
#5772=LINE('',#7713,#7714);
#5773=VERTEX_POINT('',#7715);
#5774=LINE('',#7716,#7717);
#5775=LINE('',#7718,#7719);
#5776=VERTEX_POINT('',#7720);
#5777=LINE('',#7721,#7722);
#5778=LINE('',#7723,#7724);
#5779=LINE('',#7725,#7726);
#5780=LINE('',#7727,#7728);
#5781=VERTEX_POINT('',#7729);
#5782=LINE('',#7730,#7731);
#5783=VERTEX_POINT('',#7732);
#5784=LINE('',#7733,#7734);
#5785=LINE('',#7735,#7736);
#5786=VERTEX_POINT('',#7737);
#5787=LINE('',#7738,#7739);
#5788=LINE('',#7740,#7741);
#5789=VERTEX_POINT('',#7742);
#5790=LINE('',#7743,#7744);
#5791=LINE('',#7745,#7746);
#5792=VERTEX_POINT('',#7747);
#5793=LINE('',#7748,#7749);
#5794=LINE('',#7750,#7751);
#5795=VERTEX_POINT('',#7752);
#5796=LINE('',#7753,#7754);
#5797=VERTEX_POINT('',#7755);
#5798=LINE('',#7756,#7757);
#5799=VERTEX_POINT('',#7758);
#5800=LINE('',#7759,#7760);
#5801=LINE('',#7761,#7762);
#5802=VERTEX_POINT('',#7763);
#5803=LINE('',#7764,#7765);
#5804=VERTEX_POINT('',#7766);
#5805=LINE('',#7767,#7768);
#5806=LINE('',#7769,#7770);
#5807=VERTEX_POINT('',#7771);
#5808=LINE('',#7772,#7773);
#5809=VERTEX_POINT('',#7774);
#5810=LINE('',#7775,#7776);
#5811=LINE('',#7777,#7778);
#5812=LINE('',#7779,#7780);
#5813=VERTEX_POINT('',#7781);
#5814=LINE('',#7782,#7783);
#5815=LINE('',#7784,#7785);
#5816=LINE('',#7786,#7787);
#5817=VERTEX_POINT('',#7788);
#5818=LINE('',#7789,#7790);
#5819=VERTEX_POINT('',#7791);
#5820=LINE('',#7792,#7793);
#5821=VERTEX_POINT('',#7794);
#5822=LINE('',#7795,#7796);
#5823=LINE('',#7797,#7798);
#5824=VERTEX_POINT('',#7799);
#5825=LINE('',#7800,#7801);
#5826=LINE('',#7802,#7803);
#5827=VERTEX_POINT('',#7804);
#5828=LINE('',#7805,#7806);
#5829=LINE('',#7807,#7808);
#5830=LINE('',#7809,#7810);
#5831=LINE('',#7811,#7812);
#5832=LINE('',#7813,#7814);
#5833=VERTEX_POINT('',#7815);
#5834=LINE('',#7816,#7817);
#5835=VERTEX_POINT('',#7818);
#5836=LINE('',#7819,#7820);
#5837=VERTEX_POINT('',#7821);
#5838=LINE('',#7822,#7823);
#5839=VERTEX_POINT('',#7824);
#5840=LINE('',#7825,#7826);
#5841=LINE('',#7827,#7828);
#5842=VERTEX_POINT('',#7829);
#5843=LINE('',#7830,#7831);
#5844=VERTEX_POINT('',#7832);
#5845=LINE('',#7833,#7834);
#5846=LINE('',#7835,#7836);
#5847=VERTEX_POINT('',#7837);
#5848=LINE('',#7838,#7839);
#5849=VERTEX_POINT('',#7840);
#5850=LINE('',#7841,#7842);
#5851=LINE('',#7843,#7844);
#5852=LINE('',#7845,#7846);
#5853=VERTEX_POINT('',#7847);
#5854=LINE('',#7848,#7849);
#5855=LINE('',#7850,#7851);
#5856=LINE('',#7852,#7853);
#5857=VERTEX_POINT('',#7854);
#5858=LINE('',#7855,#7856);
#5859=VERTEX_POINT('',#7857);
#5860=LINE('',#7858,#7859);
#5861=VERTEX_POINT('',#7860);
#5862=LINE('',#7861,#7862);
#5863=VERTEX_POINT('',#7863);
#5864=LINE('',#7864,#7865);
#5865=VERTEX_POINT('',#7866);
#5866=LINE('',#7867,#7868);
#5867=VERTEX_POINT('',#7869);
#5868=LINE('',#7870,#7871);
#5869=VERTEX_POINT('',#7872);
#5870=LINE('',#7873,#7874);
#5871=LINE('',#7875,#7876);
#5872=VERTEX_POINT('',#7877);
#5873=LINE('',#7878,#7879);
#5874=LINE('',#7880,#7881);
#5875=VERTEX_POINT('',#7882);
#5876=LINE('',#7883,#7884);
#5877=LINE('',#7885,#7886);
#5878=LINE('',#7887,#7888);
#5879=LINE('',#7889,#7890);
#5880=LINE('',#7891,#7892);
#5881=LINE('',#7893,#7894);
#5882=LINE('',#7895,#7896);
#5883=LINE('',#7897,#7898);
#5884=LINE('',#7899,#7900);
#5885=VERTEX_POINT('',#7901);
#5886=LINE('',#7902,#7903);
#5887=LINE('',#7904,#7905);
#5888=LINE('',#7906,#7907);
#5889=LINE('',#7908,#7909);
#5890=LINE('',#7910,#7911);
#5891=LINE('',#7912,#7913);
#5892=VERTEX_POINT('',#7914);
#5893=LINE('',#7915,#7916);
#5894=LINE('',#7917,#7918);
#5895=LINE('',#7919,#7920);
#5896=LINE('',#7921,#7922);
#5897=VERTEX_POINT('',#7923);
#5898=LINE('',#7924,#7925);
#5899=LINE('',#7926,#7927);
#5900=VERTEX_POINT('',#7928);
#5901=CIRCLE('',#7929,1.3);
#5902=VERTEX_POINT('',#7930);
#5903=LINE('',#7931,#7932);
#5904=CIRCLE('',#7933,0.6);
#5905=VERTEX_POINT('',#7934);
#5906=LINE('',#7935,#7936);
#5907=VERTEX_POINT('',#7937);
#5908=LINE('',#7938,#7939);
#5909=VERTEX_POINT('',#7940);
#5910=LINE('',#7941,#7942);
#5911=LINE('',#7943,#7944);
#5912=CIRCLE('',#7945,0.166);
#5913=LINE('',#7946,#7947);
#5914=LINE('',#7948,#7949);
#5915=LINE('',#7950,#7951);
#5916=LINE('',#7952,#7953);
#5917=VERTEX_POINT('',#7954);
#5918=LINE('',#7955,#7956);
#5919=VERTEX_POINT('',#7957);
#5920=B_SPLINE_CURVE_WITH_KNOTS('',3,(#7958,#7959,#7960,#7961,#7962,#7963,#7964),.UNSPECIFIED.,.F.,.F.,(4,1,1,1,4),(0.0,0.25,0.5,0.75,1.0),.UNSPECIFIED.);
#5921=VERTEX_POINT('',#7965);
#5922=LINE('',#7966,#7967);
#5923=VERTEX_POINT('',#7968);
#5924=LINE('',#7969,#7970);
#5925=VERTEX_POINT('',#7971);
#5926=LINE('',#7972,#7973);
#5927=VERTEX_POINT('',#7974);
#5928=LINE('',#7975,#7976);
#5929=LINE('',#7977,#7978);
#5930=VERTEX_POINT('',#7979);
#5931=LINE('',#7980,#7981);
#5932=LINE('',#7982,#7983);
#5933=VERTEX_POINT('',#7984);
#5934=LINE('',#7985,#7986);
#5935=VERTEX_POINT('',#7987);
#5936=LINE('',#7988,#7989);
#5937=VERTEX_POINT('',#7990);
#5938=LINE('',#7991,#7992);
#5939=VERTEX_POINT('',#7993);
#5940=LINE('',#7994,#7995);
#5941=VERTEX_POINT('',#7996);
#5942=B_SPLINE_CURVE_WITH_KNOTS('',3,(#7997,#7998,#7999,#8000,#8001,#8002,#8003),.UNSPECIFIED.,.F.,.F.,(4,1,1,1,4),(0.0,0.25,0.5,0.75,1.0),.UNSPECIFIED.);
#5943=LINE('',#8004,#8005);
#5944=LINE('',#8006,#8007);
#5945=LINE('',#8008,#8009);
#5946=LINE('',#8010,#8011);
#5947=LINE('',#8012,#8013);
#5948=LINE('',#8014,#8015);
#5949=LINE('',#8016,#8017);
#5950=LINE('',#8018,#8019);
#5951=LINE('',#8020,#8021);
#5952=LINE('',#8022,#8023);
#5953=LINE('',#8024,#8025);
#5954=LINE('',#8026,#8027);
#5955=LINE('',#8028,#8029);
#5956=VERTEX_POINT('',#8030);
#5957=LINE('',#8031,#8032);
#5958=LINE('',#8033,#8034);
#5959=VERTEX_POINT('',#8035);
#5960=LINE('',#8036,#8037);
#5961=VERTEX_POINT('',#8038);
#5962=LINE('',#8039,#8040);
#5963=LINE('',#8041,#8042);
#5964=VERTEX_POINT('',#8043);
#5965=LINE('',#8044,#8045);
#5966=LINE('',#8046,#8047);
#5967=LINE('',#8048,#8049);
#5968=LINE('',#8050,#8051);
#5969=LINE('',#8052,#8053);
#5970=LINE('',#8054,#8055);
#5971=LINE('',#8056,#8057);
#5972=LINE('',#8058,#8059);
#5973=CARTESIAN_POINT('',(-1.25,-3.2,10.4));
#5974=CARTESIAN_POINT('',(-1.25,-3.2,-4.6));
#5975=CARTESIAN_POINT('',(-1.25,-3.2,10.4));
#5976=VECTOR('',#8060,15.0);
#5977=CARTESIAN_POINT('',(-3.1,-3.2,10.4));
#5978=CARTESIAN_POINT('',(-3.1,-3.2,10.4));
#5979=VECTOR('',#8061,1.85);
#5980=CARTESIAN_POINT('',(-3.1,-3.2,-1.1));
#5981=CARTESIAN_POINT('',(-3.1,-3.2,10.4));
#5982=VECTOR('',#8062,11.5);
#5983=CARTESIAN_POINT('',(-6.9,-3.2,-1.1));
#5984=CARTESIAN_POINT('',(-6.9,-3.2,-1.1));
#5985=VECTOR('',#8063,3.8);
#5986=CARTESIAN_POINT('',(-6.9,-3.2,10.4));
#5987=CARTESIAN_POINT('',(-6.9,-3.2,10.4));
#5988=VECTOR('',#8064,11.5);
#5989=CARTESIAN_POINT('',(-11.35,-3.2,10.4));
#5990=CARTESIAN_POINT('',(-11.35,-3.2,10.4));
#5991=VECTOR('',#8065,4.45);
#5992=CARTESIAN_POINT('',(-11.35,-3.2,-10.4));
#5993=CARTESIAN_POINT('',(-11.35,-3.2,-10.4));
#5994=VECTOR('',#8066,20.8);
#5995=CARTESIAN_POINT('',(-0.8,-3.2,-10.4));
#5996=CARTESIAN_POINT('',(-0.8,-3.2,-10.4));
#5997=VECTOR('',#8067,10.55);
#5998=CARTESIAN_POINT('',(-0.8,-3.2,-7.35));
#5999=CARTESIAN_POINT('',(-0.8,-3.2,-7.35));
#6000=VECTOR('',#8068,3.05);
#6001=CARTESIAN_POINT('',(1.7,-3.2,-7.35));
#6002=CARTESIAN_POINT('',(-0.8,-3.2,-7.35));
#6003=VECTOR('',#8069,2.5);
#6004=CARTESIAN_POINT('',(1.7,-3.2,-10.4));
#6005=CARTESIAN_POINT('',(1.7,-3.2,-7.35));
#6006=VECTOR('',#8070,3.05);
#6007=CARTESIAN_POINT('',(11.35,-3.2,-10.4));
#6008=CARTESIAN_POINT('',(11.35,-3.2,-10.4));
#6009=VECTOR('',#8071,9.65);
#6010=CARTESIAN_POINT('',(11.35,-3.2,10.4));
#6011=CARTESIAN_POINT('',(11.35,-3.2,10.4));
#6012=VECTOR('',#8072,20.8);
#6013=CARTESIAN_POINT('',(7.8,-3.2,10.4));
#6014=CARTESIAN_POINT('',(7.8,-3.2,10.4));
#6015=VECTOR('',#8073,3.55);
#6016=CARTESIAN_POINT('',(7.8,-3.2,-1.1));
#6017=CARTESIAN_POINT('',(7.8,-3.2,10.4));
#6018=VECTOR('',#8074,11.5);
#6019=CARTESIAN_POINT('',(4.0,-3.2,-1.1));
#6020=CARTESIAN_POINT('',(4.0,-3.2,-1.1));
#6021=VECTOR('',#8075,3.8);
#6022=CARTESIAN_POINT('',(4.0,-3.2,10.4));
#6023=CARTESIAN_POINT('',(4.0,-3.2,10.4));
#6024=VECTOR('',#8076,11.5);
#6025=CARTESIAN_POINT('',(2.15,-3.2,10.4));
#6026=CARTESIAN_POINT('',(2.15,-3.2,10.4));
#6027=VECTOR('',#8077,1.85);
#6028=CARTESIAN_POINT('',(2.15,-3.2,-4.6));
#6029=CARTESIAN_POINT('',(2.15,-3.2,10.4));
#6030=VECTOR('',#8078,15.0);
#6031=CARTESIAN_POINT('',(0.95,-3.2,-4.6));
#6032=CARTESIAN_POINT('',(0.95,-3.2,-4.6));
#6033=VECTOR('',#8079,1.2);
#6034=CARTESIAN_POINT('',(0.95,-3.2,10.4));
#6035=CARTESIAN_POINT('',(0.95,-3.2,10.4));
#6036=VECTOR('',#8080,15.0);
#6037=CARTESIAN_POINT('',(-0.05,-3.2,10.4));
#6038=CARTESIAN_POINT('',(-0.05,-3.2,10.4));
#6039=VECTOR('',#8081,1.0);
#6040=CARTESIAN_POINT('',(-0.05,-3.2,-4.6));
#6041=CARTESIAN_POINT('',(-0.05,-3.2,10.4));
#6042=VECTOR('',#8082,15.0);
#6043=CARTESIAN_POINT('',(-1.25,-3.2,-4.6));
#6044=VECTOR('',#8083,1.2);
#6045=CARTESIAN_POINT('',(-0.05,-3.1,-4.6));
#6046=CARTESIAN_POINT('',(-0.05,-3.2,-4.6));
#6047=VECTOR('',#8084,0.1);
#6048=CARTESIAN_POINT('',(-1.25,-3.1,-4.6));
#6049=CARTESIAN_POINT('',(-0.05,-3.1,-4.6));
#6050=VECTOR('',#8085,1.2);
#6051=CARTESIAN_POINT('',(-1.25,-3.1,-4.6));
#6052=VECTOR('',#8086,0.1);
#6053=CARTESIAN_POINT('',(2.15,-3.1,-4.6));
#6054=CARTESIAN_POINT('',(2.15,-3.2,-4.6));
#6055=VECTOR('',#8087,0.1);
#6056=CARTESIAN_POINT('',(0.95,-3.1,-4.6));
#6057=CARTESIAN_POINT('',(2.15,-3.1,-4.6));
#6058=VECTOR('',#8088,1.2);
#6059=CARTESIAN_POINT('',(0.95,-3.1,-4.6));
#6060=VECTOR('',#8089,0.1);
#6061=CARTESIAN_POINT('',(-1.25,-3.1,10.4));
#6062=CARTESIAN_POINT('',(-1.25,-3.1,10.4));
#6063=VECTOR('',#8090,15.0);
#6064=CARTESIAN_POINT('',(-1.25,-3.2,10.4));
#6065=VECTOR('',#8091,0.1);
#6066=CARTESIAN_POINT('',(1.2,-2.2,10.4));
#6067=CARTESIAN_POINT('',(-0.3,-2.2,10.4));
#6068=CARTESIAN_POINT('',(1.2,-2.2,10.4));
#6069=VECTOR('',#8092,1.5);
#6070=CARTESIAN_POINT('',(-0.3,-1.3,10.4));
#6071=CARTESIAN_POINT('',(-0.3,-2.2,10.4));
#6072=VECTOR('',#8093,0.9);
#6073=CARTESIAN_POINT('',(-1.8,-1.3,10.4));
#6074=CARTESIAN_POINT('',(-1.8,-1.3,10.4));
#6075=VECTOR('',#8094,1.5);
#6076=CARTESIAN_POINT('',(-1.8,-0.8,10.4));
#6077=CARTESIAN_POINT('',(-1.8,-0.8,10.4));
#6078=VECTOR('',#8095,0.5);
#6079=CARTESIAN_POINT('',(-2.45,-0.8,10.4));
#6080=CARTESIAN_POINT('',(-2.45,-0.8,10.4));
#6081=VECTOR('',#8096,0.65);
#6082=CARTESIAN_POINT('',(-2.45,1.49,10.4));
#6083=CARTESIAN_POINT('',(-2.45,1.49,10.4));
#6084=VECTOR('',#8097,2.29);
#6085=CARTESIAN_POINT('',(-3.35,1.49,10.4));
#6086=CARTESIAN_POINT('',(-3.35,1.49,10.4));
#6087=VECTOR('',#8098,0.9);
#6088=CARTESIAN_POINT('',(-3.35,-1.8,10.4));
#6089=CARTESIAN_POINT('',(-3.35,1.49,10.4));
#6090=VECTOR('',#8099,3.29);
#6091=CARTESIAN_POINT('',(-11.35,-1.8,10.4));
#6092=CARTESIAN_POINT('',(-11.35,-1.8,10.4));
#6093=VECTOR('',#8100,8.0);
#6094=CARTESIAN_POINT('',(-11.35,-3.2,10.4));
#6095=VECTOR('',#8101,1.4);
#6096=CARTESIAN_POINT('',(-6.5,-2.8,10.4));
#6097=CARTESIAN_POINT('',(-6.5,-2.8,10.4));
#6098=VECTOR('',#8102,0.5656854249492);
#6099=CARTESIAN_POINT('',(-3.5,-2.8,10.4));
#6100=CARTESIAN_POINT('',(-3.5,-2.8,10.4));
#6101=VECTOR('',#8103,3.0);
#6102=CARTESIAN_POINT('',(-3.1,-3.2,10.4));
#6103=VECTOR('',#8104,0.5656854249492);
#6104=CARTESIAN_POINT('',(-0.05,-3.1,10.4));
#6105=CARTESIAN_POINT('',(-0.05,-3.1,10.4));
#6106=VECTOR('',#8105,1.2);
#6107=CARTESIAN_POINT('',(-0.05,-3.2,10.4));
#6108=VECTOR('',#8106,0.1);
#6109=CARTESIAN_POINT('',(0.95,-3.1,10.4));
#6110=CARTESIAN_POINT('',(0.95,-3.2,10.4));
#6111=VECTOR('',#8107,0.1);
#6112=CARTESIAN_POINT('',(2.15,-3.1,10.4));
#6113=CARTESIAN_POINT('',(2.15,-3.1,10.4));
#6114=VECTOR('',#8108,1.2);
#6115=CARTESIAN_POINT('',(2.15,-3.2,10.4));
#6116=VECTOR('',#8109,0.1);
#6117=CARTESIAN_POINT('',(4.4,-2.8,10.4));
#6118=CARTESIAN_POINT('',(4.4,-2.8,10.4));
#6119=VECTOR('',#8110,0.5656854249492);
#6120=CARTESIAN_POINT('',(7.4,-2.8,10.4));
#6121=CARTESIAN_POINT('',(7.4,-2.8,10.4));
#6122=VECTOR('',#8111,3.0);
#6123=CARTESIAN_POINT('',(7.8,-3.2,10.4));
#6124=VECTOR('',#8112,0.5656854249492);
#6125=CARTESIAN_POINT('',(11.35,-1.8,10.4));
#6126=CARTESIAN_POINT('',(11.35,-3.2,10.4));
#6127=VECTOR('',#8113,1.4);
#6128=CARTESIAN_POINT('',(4.25,-1.8,10.4));
#6129=CARTESIAN_POINT('',(4.25,-1.8,10.4));
#6130=VECTOR('',#8114,7.1);
#6131=CARTESIAN_POINT('',(4.25,1.49,10.4));
#6132=CARTESIAN_POINT('',(4.25,1.49,10.4));
#6133=VECTOR('',#8115,3.29);
#6134=CARTESIAN_POINT('',(3.35,1.49,10.4));
#6135=CARTESIAN_POINT('',(3.35,1.49,10.4));
#6136=VECTOR('',#8116,0.9);
#6137=CARTESIAN_POINT('',(3.35,-0.8,10.4));
#6138=CARTESIAN_POINT('',(3.35,1.49,10.4));
#6139=VECTOR('',#8117,2.29);
#6140=CARTESIAN_POINT('',(2.7,-0.8,10.4));
#6141=CARTESIAN_POINT('',(3.35,-0.8,10.4));
#6142=VECTOR('',#8118,0.65);
#6143=CARTESIAN_POINT('',(2.7,-1.3,10.4));
#6144=CARTESIAN_POINT('',(2.7,-0.8,10.4));
#6145=VECTOR('',#8119,0.5);
#6146=CARTESIAN_POINT('',(1.2,-1.3,10.4));
#6147=CARTESIAN_POINT('',(2.7,-1.3,10.4));
#6148=VECTOR('',#8120,1.5);
#6149=CARTESIAN_POINT('',(1.2,-1.3,10.4));
#6150=VECTOR('',#8121,0.9);
#6151=CARTESIAN_POINT('',(1.2,-1.8,-0.53));
#6152=CARTESIAN_POINT('',(1.2,-1.3,-0.3959837585833));
#6153=CARTESIAN_POINT('',(1.2,-1.8,-0.53));
#6154=VECTOR('',#8122,0.5176488703392);
#6155=CARTESIAN_POINT('',(1.2,-1.8,-1.8));
#6156=CARTESIAN_POINT('',(1.2,-1.8,-1.8));
#6157=VECTOR('',#8123,1.27);
#6158=CARTESIAN_POINT('',(1.2,-2.2,-1.8));
#6159=CARTESIAN_POINT('',(1.2,-2.2,-1.8));
#6160=VECTOR('',#8124,0.4);
#6161=CARTESIAN_POINT('',(1.2,-2.2,10.4));
#6162=VECTOR('',#8125,12.2);
#6163=CARTESIAN_POINT('',(1.2,-1.3,10.4));
#6164=VECTOR('',#8126,10.79598375858);
#6165=CARTESIAN_POINT('',(1.2,0.7,2.574));
#6166=CARTESIAN_POINT('',(1.2,0.7,5.6));
#6167=CARTESIAN_POINT('',(1.2,0.7,2.574));
#6168=VECTOR('',#8127,3.026);
#6169=CARTESIAN_POINT('',(1.2,1.5,5.6));
#6170=CARTESIAN_POINT('',(1.2,0.7,5.6));
#6171=VECTOR('',#8128,0.8);
#6172=CARTESIAN_POINT('',(1.2,1.5,2.574));
#6173=CARTESIAN_POINT('',(1.2,1.5,5.6));
#6174=VECTOR('',#8129,3.026);
#6175=CARTESIAN_POINT('',(1.2,0.7,2.574));
#6176=VECTOR('',#8130,0.8);
#6177=CARTESIAN_POINT('',(2.665092528837,-1.3,1.6));
#6178=CARTESIAN_POINT('',(1.532,-1.3,1.6));
#6179=CARTESIAN_POINT('',(2.665092528837,-1.3,1.6));
#6180=VECTOR('',#8131,1.133092528837);
#6181=CARTESIAN_POINT('',(1.532,-1.299969192882,-0.3955172825948));
#6182=CARTESIAN_POINT('',(1.532,-1.3,1.6));
#6183=VECTOR('',#8132,1.995517282833);
#6184=CARTESIAN_POINT('',(1.2,-1.3,-0.3959837585833));
#6185=VECTOR('',#8133,0.3320003291398);
#6186=CARTESIAN_POINT('',(2.7,-1.3,7.1));
#6187=CARTESIAN_POINT('',(2.7,-1.3,10.4));
#6188=VECTOR('',#8134,3.3);
#6189=CARTESIAN_POINT('',(2.7,-1.3,5.6));
#6190=CARTESIAN_POINT('',(2.7,-1.3,5.6));
#6191=VECTOR('',#8135,1.5);
#6192=CARTESIAN_POINT('',(2.665092528837,-1.3,1.6));
#6193=VECTOR('',#8136,4.000152313543);
#6194=CARTESIAN_POINT('',(-1.8,-1.3,5.6));
#6195=CARTESIAN_POINT('',(-1.8,-1.3,7.1));
#6196=CARTESIAN_POINT('',(-1.8,-1.3,5.6));
#6197=VECTOR('',#8137,1.5);
#6198=CARTESIAN_POINT('',(-1.8,-1.3,10.4));
#6199=VECTOR('',#8138,3.3);
#6200=CARTESIAN_POINT('',(-0.3,-1.3,-0.3959837481748));
#6201=CARTESIAN_POINT('',(-0.3,-1.3,-0.3959837481748));
#6202=VECTOR('',#8139,10.79598374817);
#6203=CARTESIAN_POINT('',(-0.632,-1.300062886569,-0.3955425126133));
#6204=CARTESIAN_POINT('',(-0.3,-1.3,-0.3959837481748));
#6205=VECTOR('',#8140,0.3320002991618);
#6206=CARTESIAN_POINT('',(-0.632,-1.3,1.6));
#6207=CARTESIAN_POINT('',(-0.632,-1.300062886569,-0.3955425126133));
#6208=VECTOR('',#8141,1.995542513604);
#6209=CARTESIAN_POINT('',(-1.765092528837,-1.3,1.6));
#6210=CARTESIAN_POINT('',(-1.765092528837,-1.3,1.6));
#6211=VECTOR('',#8142,1.133092528837);
#6212=CARTESIAN_POINT('',(-1.765092528837,-1.3,1.6));
#6213=VECTOR('',#8143,4.000152313543);
#6214=CARTESIAN_POINT('',(2.7,-1.8,5.6));
#6215=CARTESIAN_POINT('',(2.7,-1.8,5.6));
#6216=VECTOR('',#8144,0.5);
#6217=CARTESIAN_POINT('',(2.646504300443,-1.8,-0.53));
#6218=CARTESIAN_POINT('',(2.646504300443,-1.8,-0.53));
#6219=VECTOR('',#8145,6.130233420505);
#6220=CARTESIAN_POINT('',(2.647678130507,-1.29987632103,-0.3954923974453));
#6221=CARTESIAN_POINT('',(2.646504300443,-1.8,-0.53));
#6222=VECTOR('',#8146,0.517897062444);
#6223=CARTESIAN_POINT('',(2.650518659626,-0.09597228928638,-0.07));
#6224=CARTESIAN_POINT('',(2.650518659626,-0.09597228928638,-0.07));
#6225=VECTOR('',#8147,1.247132024707);
#6226=CARTESIAN_POINT('',(2.656976541792,1.22,0.67));
#6227=CARTESIAN_POINT('',(2.656976541792,1.22,0.67));
#6228=VECTOR('',#8148,1.509776397488);
#6229=CARTESIAN_POINT('',(2.666290697401,1.5,1.737296518422));
#6230=CARTESIAN_POINT('',(2.666290697401,1.5,1.737296518422));
#6231=VECTOR('',#8149,1.103453040111);
#6232=CARTESIAN_POINT('',(2.7,1.5,5.6));
#6233=CARTESIAN_POINT('',(2.666290697401,1.5,1.737296518422));
#6234=VECTOR('',#8150,3.862850567091);
#6235=CARTESIAN_POINT('',(2.7,0.7,5.6));
#6236=CARTESIAN_POINT('',(2.7,0.7,5.6));
#6237=VECTOR('',#8151,0.8);
#6238=CARTESIAN_POINT('',(2.67120133629,0.7,2.3));
#6239=CARTESIAN_POINT('',(2.67120133629,0.7,2.3));
#6240=VECTOR('',#8152,3.300125658673);
#6241=CARTESIAN_POINT('',(2.659856408163,-0.6,1.0));
#6242=CARTESIAN_POINT('',(2.67120133629,0.7,2.3));
#6243=CARTESIAN_POINT('',(2.669310550934,0.7,2.083337458335));
#6244=CARTESIAN_POINT('',(2.666349667516,0.6059549697699,1.744053824288));
#6245=CARTESIAN_POINT('',(2.663012247817,0.3383875748789,1.361623406036));
#6246=CARTESIAN_POINT('',(2.660677173694,-0.04404162016322,1.094050414351));
#6247=CARTESIAN_POINT('',(2.659856408163,-0.3833292081749,1.0));
#6248=CARTESIAN_POINT('',(2.659856408163,-0.6,1.0));
#6249=CARTESIAN_POINT('',(2.659856408163,-0.7,1.0));
#6250=CARTESIAN_POINT('',(2.659856408163,-0.7,1.0));
#6251=VECTOR('',#8153,0.1);
#6252=CARTESIAN_POINT('',(2.659856408163,-0.7,1.0));
#6253=CARTESIAN_POINT('',(2.659856408163,-0.8000019039193,1.0));
#6254=CARTESIAN_POINT('',(2.660235223023,-0.9565961753093,1.043407883546));
#6255=CARTESIAN_POINT('',(2.661312949542,-1.133101957636,1.166903110478));
#6256=CARTESIAN_POINT('',(2.662853297095,-1.256594601432,1.343409457364));
#6257=CARTESIAN_POINT('',(2.664219858673,-1.3,1.500001903847));
#6258=CARTESIAN_POINT('',(2.665092528837,-1.3,1.6));
#6259=CARTESIAN_POINT('',(1.532,-0.7,1.0));
#6260=CARTESIAN_POINT('',(2.659856408163,-0.7,1.0));
#6261=VECTOR('',#8154,1.127856408163);
#6262=AXIS2_PLACEMENT_3D('',#8155,#8156,#8157);
#6263=CARTESIAN_POINT('',(1.532,1.5,2.574));
#6264=CARTESIAN_POINT('',(1.532,0.7,2.574));
#6265=CARTESIAN_POINT('',(1.532,1.5,2.574));
#6266=VECTOR('',#8158,0.8);
#6267=CARTESIAN_POINT('',(1.532,1.5,1.737296518422));
#6268=CARTESIAN_POINT('',(1.532,1.5,1.737296518422));
#6269=VECTOR('',#8159,0.8367034815782);
#6270=CARTESIAN_POINT('',(1.532,1.22,0.67));
#6271=CARTESIAN_POINT('',(1.532,1.5,1.737296518422));
#6272=VECTOR('',#8160,1.103413729403);
#6273=CARTESIAN_POINT('',(1.532,-0.09597228928638,-0.07));
#6274=CARTESIAN_POINT('',(1.532,1.22,0.67));
#6275=VECTOR('',#8161,1.509762586028);
#6276=CARTESIAN_POINT('',(1.532,-0.09597228928638,-0.07));
#6277=VECTOR('',#8162,1.247224937666);
#6278=CARTESIAN_POINT('',(1.532,-0.6,1.0));
#6279=CARTESIAN_POINT('',(1.532,-0.7,1.0));
#6280=VECTOR('',#8163,0.1);
#6281=CARTESIAN_POINT('',(1.532,0.7,2.3));
#6282=AXIS2_PLACEMENT_3D('',#8164,#8165,#8166);
#6283=CARTESIAN_POINT('',(1.532,0.7,2.3));
#6284=VECTOR('',#8167,0.274);
#6285=CARTESIAN_POINT('',(3.1,0.7,5.6));
#6286=CARTESIAN_POINT('',(3.1,0.7,5.6));
#6287=VECTOR('',#8168,0.4);
#6288=CARTESIAN_POINT('',(3.1,0.7,10.4));
#6289=CARTESIAN_POINT('',(3.1,0.7,5.6));
#6290=VECTOR('',#8169,4.8);
#6291=CARTESIAN_POINT('',(1.325,0.7,10.4));
#6292=CARTESIAN_POINT('',(3.1,0.7,10.4));
#6293=VECTOR('',#8170,1.775);
#6294=CARTESIAN_POINT('',(1.325,0.7,5.9));
#6295=CARTESIAN_POINT('',(1.325,0.7,10.4));
#6296=VECTOR('',#8171,4.5);
#6297=CARTESIAN_POINT('',(-0.425,0.7,5.9));
#6298=CARTESIAN_POINT('',(-0.425,0.7,5.9));
#6299=VECTOR('',#8172,1.75);
#6300=CARTESIAN_POINT('',(-0.425,0.7,10.4));
#6301=CARTESIAN_POINT('',(-0.425,0.7,10.4));
#6302=VECTOR('',#8173,4.5);
#6303=CARTESIAN_POINT('',(-2.2,0.7,10.4));
#6304=CARTESIAN_POINT('',(-0.425,0.7,10.4));
#6305=VECTOR('',#8174,1.775);
#6306=CARTESIAN_POINT('',(-2.2,0.7,5.6));
#6307=CARTESIAN_POINT('',(-2.2,0.7,5.6));
#6308=VECTOR('',#8175,4.8);
#6309=CARTESIAN_POINT('',(-1.8,0.7,5.6));
#6310=CARTESIAN_POINT('',(-2.2,0.7,5.6));
#6311=VECTOR('',#8176,0.4);
#6312=CARTESIAN_POINT('',(-1.77120133629,0.7,2.3));
#6313=CARTESIAN_POINT('',(-1.77120133629,0.7,2.3));
#6314=VECTOR('',#8177,3.300125658673);
#6315=CARTESIAN_POINT('',(-0.632,0.7,2.3));
#6316=CARTESIAN_POINT('',(-1.77120133629,0.7,2.3));
#6317=VECTOR('',#8178,1.13920133629);
#6318=CARTESIAN_POINT('',(-0.632,0.7,2.574));
#6319=CARTESIAN_POINT('',(-0.632,0.7,2.3));
#6320=VECTOR('',#8179,0.274);
#6321=CARTESIAN_POINT('',(-0.3,0.7,2.574));
#6322=AXIS2_PLACEMENT_3D('',#8180,#8181,#8182);
#6323=CARTESIAN_POINT('',(-0.3,0.7,5.6));
#6324=CARTESIAN_POINT('',(-0.3,0.7,2.574));
#6325=VECTOR('',#8183,3.026);
#6326=CARTESIAN_POINT('',(-0.2495174514356,0.7,0.7794479322876));
#6327=CARTESIAN_POINT('',(-0.2495174514356,0.7,0.7794479322876));
#6328=VECTOR('',#8184,4.820816396134);
#6329=CARTESIAN_POINT('',(1.149517451436,0.7,0.7794479322876));
#6330=CARTESIAN_POINT('',(1.149517451436,0.7,0.7794479322876));
#6331=VECTOR('',#8185,1.399034902871);
#6332=CARTESIAN_POINT('',(1.149517451436,0.7,0.7794479322876));
#6333=VECTOR('',#8186,4.820816396134);
#6334=AXIS2_PLACEMENT_3D('',#8187,#8188,#8189);
#6335=CARTESIAN_POINT('',(2.67120133629,0.7,2.3));
#6336=VECTOR('',#8190,1.13920133629);
#6337=CARTESIAN_POINT('',(2.659856408163,-0.6,1.0));
#6338=VECTOR('',#8191,1.127856408163);
#6339=AXIS2_PLACEMENT_3D('',#8192,#8193,#8194);
#6340=CARTESIAN_POINT('',(2.666290697401,1.5,1.737296518422));
#6341=VECTOR('',#8195,1.134290697401);
#6342=CARTESIAN_POINT('',(1.2,1.5,5.6));
#6343=VECTOR('',#8196,1.5);
#6344=CARTESIAN_POINT('',(1.2,2.8,5.6));
#6345=CARTESIAN_POINT('',(1.2,2.8,5.6));
#6346=VECTOR('',#8197,1.3);
#6347=CARTESIAN_POINT('',(3.1,2.8,5.6));
#6348=CARTESIAN_POINT('',(3.1,2.8,5.6));
#6349=VECTOR('',#8198,1.9);
#6350=CARTESIAN_POINT('',(3.1,0.7,5.6));
#6351=VECTOR('',#8199,2.1);
#6352=CARTESIAN_POINT('',(3.1,2.8,6.7));
#6353=CARTESIAN_POINT('',(3.1,2.8,6.7));
#6354=VECTOR('',#8200,1.1);
#6355=CARTESIAN_POINT('',(3.1,3.05,6.7));
#6356=CARTESIAN_POINT('',(3.1,3.05,6.7));
#6357=VECTOR('',#8201,0.25);
#6358=CARTESIAN_POINT('',(3.1,3.05,7.8));
#6359=CARTESIAN_POINT('',(3.1,3.05,7.8));
#6360=VECTOR('',#8202,1.1);
#6361=CARTESIAN_POINT('',(3.1,3.3,7.8));
#6362=CARTESIAN_POINT('',(3.1,3.3,7.8));
#6363=VECTOR('',#8203,0.25);
#6364=CARTESIAN_POINT('',(3.1,3.3,8.9));
#6365=CARTESIAN_POINT('',(3.1,3.3,8.9));
#6366=VECTOR('',#8204,1.1);
#6367=CARTESIAN_POINT('',(3.1,3.55,8.9));
#6368=CARTESIAN_POINT('',(3.1,3.55,8.9));
#6369=VECTOR('',#8205,0.25);
#6370=CARTESIAN_POINT('',(3.1,3.55,10.4));
#6371=CARTESIAN_POINT('',(3.1,3.55,10.4));
#6372=VECTOR('',#8206,1.5);
#6373=CARTESIAN_POINT('',(3.1,0.7,10.4));
#6374=VECTOR('',#8207,2.85);
#6375=CARTESIAN_POINT('',(1.325,1.9,10.4));
#6376=CARTESIAN_POINT('',(-0.425,1.9,10.4));
#6377=CARTESIAN_POINT('',(1.325,1.9,10.4));
#6378=VECTOR('',#8208,1.75);
#6379=CARTESIAN_POINT('',(1.325,0.7,10.4));
#6380=VECTOR('',#8209,1.2);
#6381=CARTESIAN_POINT('',(-2.2,3.55,10.4));
#6382=CARTESIAN_POINT('',(3.1,3.55,10.4));
#6383=VECTOR('',#8210,5.3);
#6384=CARTESIAN_POINT('',(-2.2,0.7,10.4));
#6385=VECTOR('',#8211,2.85);
#6386=CARTESIAN_POINT('',(-0.425,0.7,10.4));
#6387=VECTOR('',#8212,1.2);
#6388=CARTESIAN_POINT('',(-0.425,1.9,5.9));
#6389=CARTESIAN_POINT('',(-0.425,1.9,5.9));
#6390=VECTOR('',#8213,1.2);
#6391=CARTESIAN_POINT('',(-0.425,1.9,10.4));
#6392=VECTOR('',#8214,4.5);
#6393=CARTESIAN_POINT('',(1.325,1.9,5.9));
#6394=CARTESIAN_POINT('',(1.325,1.9,5.9));
#6395=VECTOR('',#8215,1.75);
#6396=CARTESIAN_POINT('',(1.325,1.9,10.4));
#6397=VECTOR('',#8216,4.5);
#6398=CARTESIAN_POINT('',(1.325,0.7,5.9));
#6399=VECTOR('',#8217,1.2);
#6400=CARTESIAN_POINT('',(-2.2,3.55,8.9));
#6401=CARTESIAN_POINT('',(-2.2,3.55,10.4));
#6402=VECTOR('',#8218,1.5);
#6403=CARTESIAN_POINT('',(-2.2,3.3,8.9));
#6404=CARTESIAN_POINT('',(-2.2,3.55,8.9));
#6405=VECTOR('',#8219,0.25);
#6406=CARTESIAN_POINT('',(-2.2,3.3,7.8));
#6407=CARTESIAN_POINT('',(-2.2,3.3,8.9));
#6408=VECTOR('',#8220,1.1);
#6409=CARTESIAN_POINT('',(-2.2,3.05,7.8));
#6410=CARTESIAN_POINT('',(-2.2,3.3,7.8));
#6411=VECTOR('',#8221,0.25);
#6412=CARTESIAN_POINT('',(-2.2,3.05,6.7));
#6413=CARTESIAN_POINT('',(-2.2,3.05,7.8));
#6414=VECTOR('',#8222,1.1);
#6415=CARTESIAN_POINT('',(-2.2,2.8,6.7));
#6416=CARTESIAN_POINT('',(-2.2,3.05,6.7));
#6417=VECTOR('',#8223,0.25);
#6418=CARTESIAN_POINT('',(-2.2,2.8,5.6));
#6419=CARTESIAN_POINT('',(-2.2,2.8,6.7));
#6420=VECTOR('',#8224,1.1);
#6421=CARTESIAN_POINT('',(-2.2,0.7,5.6));
#6422=VECTOR('',#8225,2.1);
#6423=CARTESIAN_POINT('',(-0.3,2.8,5.6));
#6424=CARTESIAN_POINT('',(-2.2,2.8,5.6));
#6425=VECTOR('',#8226,1.9);
#6426=CARTESIAN_POINT('',(-0.3,1.5,5.6));
#6427=CARTESIAN_POINT('',(-0.3,2.8,5.6));
#6428=VECTOR('',#8227,1.3);
#6429=CARTESIAN_POINT('',(-1.8,1.5,5.6));
#6430=CARTESIAN_POINT('',(-0.3,1.5,5.6));
#6431=VECTOR('',#8228,1.5);
#6432=CARTESIAN_POINT('',(-1.8,0.7,5.6));
#6433=VECTOR('',#8229,0.8);
#6434=CARTESIAN_POINT('',(-1.759856408163,-0.7,1.0));
#6435=CARTESIAN_POINT('',(-1.759856408163,-0.7,1.0));
#6436=CARTESIAN_POINT('',(-1.759856408163,-0.8000019039193,1.0));
#6437=CARTESIAN_POINT('',(-1.760235223023,-0.9565961753093,1.043407883546));
#6438=CARTESIAN_POINT('',(-1.761312949542,-1.133101957636,1.166903110478));
#6439=CARTESIAN_POINT('',(-1.762853297095,-1.256594601432,1.343409457364));
#6440=CARTESIAN_POINT('',(-1.764219858673,-1.3,1.500001903847));
#6441=CARTESIAN_POINT('',(-1.765092528837,-1.3,1.6));
#6442=CARTESIAN_POINT('',(-1.759856408163,-0.6,1.0));
#6443=CARTESIAN_POINT('',(-1.759856408163,-0.7,1.0));
#6444=VECTOR('',#8230,0.1);
#6445=CARTESIAN_POINT('',(-1.77120133629,0.7,2.3));
#6446=CARTESIAN_POINT('',(-1.769310550934,0.7,2.083337458335));
#6447=CARTESIAN_POINT('',(-1.766349667516,0.6059549697699,1.744053824288));
#6448=CARTESIAN_POINT('',(-1.763012247817,0.3383875748789,1.361623406036));
#6449=CARTESIAN_POINT('',(-1.760677173694,-0.04404162016322,1.094050414351));
#6450=CARTESIAN_POINT('',(-1.759856408163,-0.3833292081749,1.0));
#6451=CARTESIAN_POINT('',(-1.759856408163,-0.6,1.0));
#6452=CARTESIAN_POINT('',(-1.766290697401,1.5,1.737296518422));
#6453=CARTESIAN_POINT('',(-1.766290697401,1.5,1.737296518422));
#6454=VECTOR('',#8231,3.862850567091);
#6455=CARTESIAN_POINT('',(-1.756976541792,1.22,0.67));
#6456=CARTESIAN_POINT('',(-1.766290697401,1.5,1.737296518422));
#6457=VECTOR('',#8232,1.103453040111);
#6458=CARTESIAN_POINT('',(-1.750518659626,-0.09597228928638,-0.07));
#6459=CARTESIAN_POINT('',(-1.756976541792,1.22,0.67));
#6460=VECTOR('',#8233,1.509776397488);
#6461=CARTESIAN_POINT('',(-1.747678106418,-1.299886581029,-0.3954951577903));
#6462=CARTESIAN_POINT('',(-1.750518659626,-0.09597228928638,-0.07));
#6463=VECTOR('',#8234,1.247142649559);
#6464=CARTESIAN_POINT('',(-1.746504300443,-1.8,-0.53));
#6465=CARTESIAN_POINT('',(-1.746504300443,-1.8,-0.53));
#6466=VECTOR('',#8235,0.5178864375837);
#6467=CARTESIAN_POINT('',(-1.8,-1.8,5.6));
#6468=CARTESIAN_POINT('',(-1.8,-1.8,5.6));
#6469=VECTOR('',#8236,6.130233420505);
#6470=CARTESIAN_POINT('',(-1.8,-1.8,5.6));
#6471=VECTOR('',#8237,0.5);
#6472=CARTESIAN_POINT('',(-1.8,-1.8,7.1));
#6473=CARTESIAN_POINT('',(-1.8,-1.8,7.1));
#6474=VECTOR('',#8238,1.5);
#6475=CARTESIAN_POINT('',(-1.8,-1.8,7.1));
#6476=VECTOR('',#8239,0.5);
#6477=CARTESIAN_POINT('',(-2.45,-1.8,7.1));
#6478=CARTESIAN_POINT('',(-2.45,-1.8,7.1));
#6479=VECTOR('',#8240,0.65);
#6480=CARTESIAN_POINT('',(-2.45,-0.8,7.1));
#6481=CARTESIAN_POINT('',(-2.45,-1.8,7.1));
#6482=VECTOR('',#8241,1.0);
#6483=CARTESIAN_POINT('',(-1.8,-0.8,7.1));
#6484=CARTESIAN_POINT('',(-2.45,-0.8,7.1));
#6485=VECTOR('',#8242,0.65);
#6486=CARTESIAN_POINT('',(-1.8,-1.3,7.1));
#6487=VECTOR('',#8243,0.5);
#6488=CARTESIAN_POINT('',(-1.8,-0.8,7.1));
#6489=VECTOR('',#8244,3.3);
#6490=CARTESIAN_POINT('',(-2.45,-0.8,10.4));
#6491=VECTOR('',#8245,3.3);
#6492=CARTESIAN_POINT('',(-2.45,-2.2,-1.8));
#6493=CARTESIAN_POINT('',(-2.45,-1.8,-1.8));
#6494=CARTESIAN_POINT('',(-2.45,-2.2,-1.8));
#6495=VECTOR('',#8246,0.4);
#6496=CARTESIAN_POINT('',(-2.45,-2.2,-6.3));
#6497=CARTESIAN_POINT('',(-2.45,-2.2,-6.3));
#6498=VECTOR('',#8247,4.5);
#6499=CARTESIAN_POINT('',(-2.45,-0.35,-6.3));
#6500=CARTESIAN_POINT('',(-2.45,-2.2,-6.3));
#6501=VECTOR('',#8248,1.85);
#6502=CARTESIAN_POINT('',(-2.45,-0.35,-10.4));
#6503=CARTESIAN_POINT('',(-2.45,-0.35,-10.4));
#6504=VECTOR('',#8249,4.1);
#6505=CARTESIAN_POINT('',(-2.45,3.2,-10.4));
#6506=CARTESIAN_POINT('',(-2.45,3.2,-10.4));
#6507=VECTOR('',#8250,3.55);
#6508=CARTESIAN_POINT('',(-2.45,3.2,3.8));
#6509=CARTESIAN_POINT('',(-2.45,3.2,3.8));
#6510=VECTOR('',#8251,14.2);
#6511=CARTESIAN_POINT('',(-2.45,1.49,3.8));
#6512=CARTESIAN_POINT('',(-2.45,3.2,3.8));
#6513=VECTOR('',#8252,1.71);
#6514=CARTESIAN_POINT('',(-2.45,1.49,10.4));
#6515=VECTOR('',#8253,6.6);
#6516=CARTESIAN_POINT('',(-2.45,-1.8,-1.8));
#6517=VECTOR('',#8254,8.9);
#6518=CARTESIAN_POINT('',(2.7,-1.8,7.1));
#6519=CARTESIAN_POINT('',(2.7,-1.8,5.6));
#6520=VECTOR('',#8255,1.5);
#6521=CARTESIAN_POINT('',(3.35,-1.8,7.1));
#6522=CARTESIAN_POINT('',(3.35,-1.8,7.1));
#6523=VECTOR('',#8256,0.65);
#6524=CARTESIAN_POINT('',(3.35,-1.8,-1.8));
#6525=CARTESIAN_POINT('',(3.35,-1.8,7.1));
#6526=VECTOR('',#8257,8.9);
#6527=CARTESIAN_POINT('',(3.35,-1.8,-1.8));
#6528=VECTOR('',#8258,2.15);
#6529=CARTESIAN_POINT('',(2.646504300443,-1.8,-0.53));
#6530=VECTOR('',#8259,1.446504300443);
#6531=CARTESIAN_POINT('',(-0.3,-1.8,-1.8));
#6532=CARTESIAN_POINT('',(-0.3,-1.8,-0.53));
#6533=CARTESIAN_POINT('',(-0.3,-1.8,-1.8));
#6534=VECTOR('',#8260,1.27);
#6535=CARTESIAN_POINT('',(-2.45,-1.8,-1.8));
#6536=VECTOR('',#8261,2.15);
#6537=CARTESIAN_POINT('',(-0.3,-1.8,-0.53));
#6538=VECTOR('',#8262,1.446504300443);
#6539=CARTESIAN_POINT('',(2.647678130507,-1.29987632103,-0.3954923974453));
#6540=VECTOR('',#8263,1.11567813465);
#6541=CARTESIAN_POINT('',(2.650518659626,-0.09597228928638,-0.07));
#6542=VECTOR('',#8264,1.118518659626);
#6543=CARTESIAN_POINT('',(2.656976541792,1.22,0.67));
#6544=VECTOR('',#8265,1.124976541792);
#6545=CARTESIAN_POINT('',(3.35,-2.2,-1.8));
#6546=CARTESIAN_POINT('',(3.35,-2.2,-1.8));
#6547=VECTOR('',#8266,0.4);
#6548=CARTESIAN_POINT('',(3.35,-2.2,-1.8));
#6549=VECTOR('',#8267,2.15);
#6550=CARTESIAN_POINT('',(1.7,-2.2,-7.35));
#6551=CARTESIAN_POINT('',(1.7,-2.2,-9.8));
#6552=CARTESIAN_POINT('',(1.7,-2.2,-7.35));
#6553=VECTOR('',#8268,2.45);
#6554=CARTESIAN_POINT('',(-0.8,-2.2,-7.35));
#6555=CARTESIAN_POINT('',(-0.8,-2.2,-7.35));
#6556=VECTOR('',#8269,2.5);
#6557=CARTESIAN_POINT('',(-0.8,-2.2,-9.8));
#6558=CARTESIAN_POINT('',(-0.8,-2.2,-7.35));
#6559=VECTOR('',#8270,2.45);
#6560=CARTESIAN_POINT('',(-11.35,-2.2,-9.8));
#6561=CARTESIAN_POINT('',(-0.8,-2.2,-9.8));
#6562=VECTOR('',#8271,10.55);
#6563=CARTESIAN_POINT('',(-11.35,-2.2,-9.4));
#6564=CARTESIAN_POINT('',(-11.35,-2.2,-9.8));
#6565=VECTOR('',#8272,0.4);
#6566=CARTESIAN_POINT('',(-9.45,-2.2,-9.4));
#6567=CARTESIAN_POINT('',(-9.45,-2.2,-9.4));
#6568=VECTOR('',#8273,1.9);
#6569=CARTESIAN_POINT('',(-9.45,-2.2,-1.8));
#6570=CARTESIAN_POINT('',(-9.45,-2.2,-9.4));
#6571=VECTOR('',#8274,7.6);
#6572=CARTESIAN_POINT('',(-2.9,-2.2,-1.8));
#6573=CARTESIAN_POINT('',(-2.9,-2.2,-1.8));
#6574=VECTOR('',#8275,6.55);
#6575=CARTESIAN_POINT('',(-2.9,-2.2,-6.3));
#6576=CARTESIAN_POINT('',(-2.9,-2.2,-6.3));
#6577=VECTOR('',#8276,4.5);
#6578=CARTESIAN_POINT('',(-2.45,-2.2,-6.3));
#6579=VECTOR('',#8277,0.45);
#6580=CARTESIAN_POINT('',(-0.3,-2.2,-1.8));
#6581=CARTESIAN_POINT('',(-2.45,-2.2,-1.8));
#6582=VECTOR('',#8278,2.15);
#6583=CARTESIAN_POINT('',(-0.3,-2.2,10.4));
#6584=VECTOR('',#8279,12.2);
#6585=CARTESIAN_POINT('',(3.35,-2.2,-6.3));
#6586=CARTESIAN_POINT('',(3.35,-2.2,-6.3));
#6587=VECTOR('',#8280,4.5);
#6588=CARTESIAN_POINT('',(3.8,-2.2,-6.3));
#6589=CARTESIAN_POINT('',(3.8,-2.2,-6.3));
#6590=VECTOR('',#8281,0.45);
#6591=CARTESIAN_POINT('',(3.8,-2.2,-1.8));
#6592=CARTESIAN_POINT('',(3.8,-2.2,-6.3));
#6593=VECTOR('',#8282,4.5);
#6594=CARTESIAN_POINT('',(10.35,-2.2,-1.8));
#6595=CARTESIAN_POINT('',(10.35,-2.2,-1.8));
#6596=VECTOR('',#8283,6.55);
#6597=CARTESIAN_POINT('',(10.35,-2.2,-9.4));
#6598=CARTESIAN_POINT('',(10.35,-2.2,-9.4));
#6599=VECTOR('',#8284,7.6);
#6600=CARTESIAN_POINT('',(11.35,-2.2,-9.4));
#6601=CARTESIAN_POINT('',(11.35,-2.2,-9.4));
#6602=VECTOR('',#8285,1.0);
#6603=CARTESIAN_POINT('',(11.35,-2.2,-9.8));
#6604=CARTESIAN_POINT('',(11.35,-2.2,-9.8));
#6605=VECTOR('',#8286,0.4);
#6606=CARTESIAN_POINT('',(11.35,-2.2,-9.8));
#6607=VECTOR('',#8287,9.65);
#6608=CARTESIAN_POINT('',(11.35,-2.8,-10.4));
#6609=CARTESIAN_POINT('',(11.35,-2.8,-10.4));
#6610=VECTOR('',#8288,0.8485281374239);
#6611=CARTESIAN_POINT('',(1.7,-2.8,-10.4));
#6612=CARTESIAN_POINT('',(11.35,-2.8,-10.4));
#6613=VECTOR('',#8289,9.65);
#6614=CARTESIAN_POINT('',(1.7,-2.2,-9.8));
#6615=VECTOR('',#8290,0.8485281374239);
#6616=CARTESIAN_POINT('',(1.7,-3.2,-10.4));
#6617=VECTOR('',#8291,0.4);
#6618=CARTESIAN_POINT('',(1.7,-2.2,-7.35));
#6619=VECTOR('',#8292,1.0);
#6620=CARTESIAN_POINT('',(-0.8,-2.2,-7.35));
#6621=VECTOR('',#8293,1.0);
#6622=CARTESIAN_POINT('',(-0.8,-2.8,-10.4));
#6623=CARTESIAN_POINT('',(-0.8,-3.2,-10.4));
#6624=VECTOR('',#8294,0.4);
#6625=CARTESIAN_POINT('',(-0.8,-2.8,-10.4));
#6626=VECTOR('',#8295,0.8485281374239);
#6627=CARTESIAN_POINT('',(-11.35,-2.8,-10.4));
#6628=CARTESIAN_POINT('',(-0.8,-2.8,-10.4));
#6629=VECTOR('',#8296,10.55);
#6630=CARTESIAN_POINT('',(-11.35,-2.2,-9.8));
#6631=VECTOR('',#8297,0.8485281374239);
#6632=CARTESIAN_POINT('',(-11.35,-3.2,-10.4));
#6633=VECTOR('',#8298,0.4);
#6634=CARTESIAN_POINT('',(-11.35,-1.8,3.8));
#6635=CARTESIAN_POINT('',(-11.35,-1.8,10.4));
#6636=VECTOR('',#8299,6.6);
#6637=CARTESIAN_POINT('',(-11.35,0.45,3.8));
#6638=CARTESIAN_POINT('',(-11.35,0.45,3.8));
#6639=VECTOR('',#8300,2.25);
#6640=CARTESIAN_POINT('',(-11.35,0.45,-10.4));
#6641=CARTESIAN_POINT('',(-11.35,0.45,-10.4));
#6642=VECTOR('',#8301,14.2);
#6643=CARTESIAN_POINT('',(-11.35,-0.35,-10.4));
#6644=CARTESIAN_POINT('',(-11.35,-0.35,-10.4));
#6645=VECTOR('',#8302,0.8);
#6646=CARTESIAN_POINT('',(-11.35,-0.35,-9.4));
#6647=CARTESIAN_POINT('',(-11.35,-0.35,-10.4));
#6648=VECTOR('',#8303,1.0);
#6649=CARTESIAN_POINT('',(-11.35,-2.2,-9.4));
#6650=VECTOR('',#8304,1.85);
#6651=CARTESIAN_POINT('',(-9.45,-0.35,-9.4));
#6652=CARTESIAN_POINT('',(-11.35,-0.35,-9.4));
#6653=VECTOR('',#8305,1.9);
#6654=CARTESIAN_POINT('',(-9.45,-2.2,-9.4));
#6655=VECTOR('',#8306,1.85);
#6656=CARTESIAN_POINT('',(10.35,-0.35,-9.4));
#6657=CARTESIAN_POINT('',(10.35,-0.35,-9.4));
#6658=VECTOR('',#8307,1.85);
#6659=CARTESIAN_POINT('',(11.35,-0.35,-9.4));
#6660=CARTESIAN_POINT('',(10.35,-0.35,-9.4));
#6661=VECTOR('',#8308,1.0);
#6662=CARTESIAN_POINT('',(11.35,-2.2,-9.4));
#6663=VECTOR('',#8309,1.85);
#6664=CARTESIAN_POINT('',(-9.45,-0.35,-1.8));
#6665=CARTESIAN_POINT('',(-9.45,-0.35,-9.4));
#6666=VECTOR('',#8310,7.6);
#6667=CARTESIAN_POINT('',(-9.45,-2.2,-1.8));
#6668=VECTOR('',#8311,1.85);
#6669=CARTESIAN_POINT('',(-2.9,-0.35,-1.8));
#6670=CARTESIAN_POINT('',(-2.9,-0.35,-1.8));
#6671=VECTOR('',#8312,1.85);
#6672=CARTESIAN_POINT('',(-8.65,-0.35,-1.8));
#6673=CARTESIAN_POINT('',(-8.65,-0.35,-1.8));
#6674=VECTOR('',#8313,0.8);
#6675=CARTESIAN_POINT('',(-8.65,-1.4,-1.8));
#6676=CARTESIAN_POINT('',(-8.65,-1.4,-1.8));
#6677=VECTOR('',#8314,1.05);
#6678=CARTESIAN_POINT('',(-7.75,-1.4,-1.8));
#6679=CARTESIAN_POINT('',(-8.65,-1.4,-1.8));
#6680=VECTOR('',#8315,0.9);
#6681=CARTESIAN_POINT('',(-7.75,-0.35,-1.8));
#6682=CARTESIAN_POINT('',(-7.75,-0.35,-1.8));
#6683=VECTOR('',#8316,1.05);
#6684=CARTESIAN_POINT('',(-6.65,-0.35,-1.8));
#6685=CARTESIAN_POINT('',(-6.65,-0.35,-1.8));
#6686=VECTOR('',#8317,1.1);
#6687=CARTESIAN_POINT('',(-6.65,-1.4,-1.8));
#6688=CARTESIAN_POINT('',(-6.65,-1.4,-1.8));
#6689=VECTOR('',#8318,1.05);
#6690=CARTESIAN_POINT('',(-5.75,-1.4,-1.8));
#6691=CARTESIAN_POINT('',(-6.65,-1.4,-1.8));
#6692=VECTOR('',#8319,0.9);
#6693=CARTESIAN_POINT('',(-5.75,-0.35,-1.8));
#6694=CARTESIAN_POINT('',(-5.75,-0.35,-1.8));
#6695=VECTOR('',#8320,1.05);
#6696=CARTESIAN_POINT('',(-4.65,-0.35,-1.8));
#6697=CARTESIAN_POINT('',(-4.65,-0.35,-1.8));
#6698=VECTOR('',#8321,1.1);
#6699=CARTESIAN_POINT('',(-4.65,-1.4,-1.8));
#6700=CARTESIAN_POINT('',(-4.65,-1.4,-1.8));
#6701=VECTOR('',#8322,1.05);
#6702=CARTESIAN_POINT('',(-3.75,-1.4,-1.8));
#6703=CARTESIAN_POINT('',(-4.65,-1.4,-1.8));
#6704=VECTOR('',#8323,0.9);
#6705=CARTESIAN_POINT('',(-3.75,-0.35,-1.8));
#6706=CARTESIAN_POINT('',(-3.75,-0.35,-1.8));
#6707=VECTOR('',#8324,1.05);
#6708=CARTESIAN_POINT('',(-2.9,-0.35,-1.8));
#6709=VECTOR('',#8325,0.85);
#6710=CARTESIAN_POINT('',(5.55,-0.35,-1.8));
#6711=CARTESIAN_POINT('',(5.55,-1.4,-1.8));
#6712=CARTESIAN_POINT('',(5.55,-0.35,-1.8));
#6713=VECTOR('',#8326,1.05);
#6714=CARTESIAN_POINT('',(6.65,-0.35,-1.8));
#6715=CARTESIAN_POINT('',(6.65,-0.35,-1.8));
#6716=VECTOR('',#8327,1.1);
#6717=CARTESIAN_POINT('',(6.65,-1.4,-1.8));
#6718=CARTESIAN_POINT('',(6.65,-1.4,-1.8));
#6719=VECTOR('',#8328,1.05);
#6720=CARTESIAN_POINT('',(7.55,-1.4,-1.8));
#6721=CARTESIAN_POINT('',(6.65,-1.4,-1.8));
#6722=VECTOR('',#8329,0.9);
#6723=CARTESIAN_POINT('',(7.55,-0.35,-1.8));
#6724=CARTESIAN_POINT('',(7.55,-0.35,-1.8));
#6725=VECTOR('',#8330,1.05);
#6726=CARTESIAN_POINT('',(8.65,-0.35,-1.8));
#6727=CARTESIAN_POINT('',(8.65,-0.35,-1.8));
#6728=VECTOR('',#8331,1.1);
#6729=CARTESIAN_POINT('',(8.65,-1.4,-1.8));
#6730=CARTESIAN_POINT('',(8.65,-1.4,-1.8));
#6731=VECTOR('',#8332,1.05);
#6732=CARTESIAN_POINT('',(9.55,-1.4,-1.8));
#6733=CARTESIAN_POINT('',(8.65,-1.4,-1.8));
#6734=VECTOR('',#8333,0.9);
#6735=CARTESIAN_POINT('',(9.55,-0.35,-1.8));
#6736=CARTESIAN_POINT('',(9.55,-0.35,-1.8));
#6737=VECTOR('',#8334,1.05);
#6738=CARTESIAN_POINT('',(10.35,-0.35,-1.8));
#6739=CARTESIAN_POINT('',(10.35,-0.35,-1.8));
#6740=VECTOR('',#8335,0.8);
#6741=CARTESIAN_POINT('',(10.35,-0.35,-1.8));
#6742=VECTOR('',#8336,1.85);
#6743=CARTESIAN_POINT('',(3.8,-0.35,-1.8));
#6744=CARTESIAN_POINT('',(3.8,-2.2,-1.8));
#6745=VECTOR('',#8337,1.85);
#6746=CARTESIAN_POINT('',(4.65,-0.35,-1.8));
#6747=CARTESIAN_POINT('',(4.65,-0.35,-1.8));
#6748=VECTOR('',#8338,0.85);
#6749=CARTESIAN_POINT('',(4.65,-1.4,-1.8));
#6750=CARTESIAN_POINT('',(4.65,-1.4,-1.8));
#6751=VECTOR('',#8339,1.05);
#6752=CARTESIAN_POINT('',(4.65,-1.4,-1.8));
#6753=VECTOR('',#8340,0.9);
#6754=CARTESIAN_POINT('',(-4.65,-0.35,-1.8));
#6755=VECTOR('',#8341,0.9);
#6756=CARTESIAN_POINT('',(-6.65,-0.35,-1.8));
#6757=VECTOR('',#8342,0.9);
#6758=CARTESIAN_POINT('',(-8.65,-0.35,-1.8));
#6759=VECTOR('',#8343,0.9);
#6760=CARTESIAN_POINT('',(-2.45,-0.35,-10.4));
#6761=VECTOR('',#8344,8.9);
#6762=CARTESIAN_POINT('',(-2.9,-0.35,-6.3));
#6763=CARTESIAN_POINT('',(-2.9,-0.35,-6.3));
#6764=VECTOR('',#8345,0.45);
#6765=CARTESIAN_POINT('',(-2.9,-0.35,-6.3));
#6766=VECTOR('',#8346,4.5);
#6767=CARTESIAN_POINT('',(-2.9,-0.35,-6.3));
#6768=VECTOR('',#8347,1.85);
#6769=CARTESIAN_POINT('',(3.35,-0.35,-6.3));
#6770=CARTESIAN_POINT('',(3.8,-0.35,-6.3));
#6771=CARTESIAN_POINT('',(3.35,-0.35,-6.3));
#6772=VECTOR('',#8348,0.45);
#6773=CARTESIAN_POINT('',(3.8,-2.2,-6.3));
#6774=VECTOR('',#8349,1.85);
#6775=CARTESIAN_POINT('',(3.35,-2.2,-6.3));
#6776=VECTOR('',#8350,1.85);
#6777=CARTESIAN_POINT('',(3.35,-0.8,7.1));
#6778=CARTESIAN_POINT('',(3.35,-1.8,7.1));
#6779=VECTOR('',#8351,1.0);
#6780=CARTESIAN_POINT('',(3.35,-0.8,10.4));
#6781=VECTOR('',#8352,3.3);
#6782=CARTESIAN_POINT('',(3.35,1.49,3.8));
#6783=CARTESIAN_POINT('',(3.35,1.49,10.4));
#6784=VECTOR('',#8353,6.6);
#6785=CARTESIAN_POINT('',(3.35,3.2,3.8));
#6786=CARTESIAN_POINT('',(3.35,3.2,3.8));
#6787=VECTOR('',#8354,1.71);
#6788=CARTESIAN_POINT('',(3.35,3.2,-10.4));
#6789=CARTESIAN_POINT('',(3.35,3.2,3.8));
#6790=VECTOR('',#8355,14.2);
#6791=CARTESIAN_POINT('',(3.35,-0.35,-10.4));
#6792=CARTESIAN_POINT('',(3.35,3.2,-10.4));
#6793=VECTOR('',#8356,3.55);
#6794=CARTESIAN_POINT('',(3.35,-0.35,-10.4));
#6795=VECTOR('',#8357,4.1);
#6796=CARTESIAN_POINT('',(3.8,-0.35,-6.3));
#6797=VECTOR('',#8358,4.5);
#6798=CARTESIAN_POINT('',(11.35,-0.35,-10.4));
#6799=CARTESIAN_POINT('',(11.35,-0.35,-10.4));
#6800=VECTOR('',#8359,8.0);
#6801=CARTESIAN_POINT('',(11.35,-0.35,-10.4));
#6802=VECTOR('',#8360,1.0);
#6803=CARTESIAN_POINT('',(10.35,-0.35,-9.4));
#6804=VECTOR('',#8361,7.6);
#6805=CARTESIAN_POINT('',(8.65,-0.35,-1.8));
#6806=VECTOR('',#8362,0.9);
#6807=CARTESIAN_POINT('',(6.65,-0.35,-1.8));
#6808=VECTOR('',#8363,0.9);
#6809=CARTESIAN_POINT('',(4.65,-0.35,-1.8));
#6810=VECTOR('',#8364,0.9);
#6811=CARTESIAN_POINT('',(5.55,1.14,-1.8));
#6812=CARTESIAN_POINT('',(5.55,-0.35,-1.8));
#6813=VECTOR('',#8365,1.49);
#6814=CARTESIAN_POINT('',(5.95,1.14,-1.8));
#6815=CARTESIAN_POINT('',(5.95,1.14,-1.8));
#6816=VECTOR('',#8366,0.4);
#6817=CARTESIAN_POINT('',(5.95,1.89,-1.8));
#6818=CARTESIAN_POINT('',(5.95,1.14,-1.8));
#6819=VECTOR('',#8367,0.75);
#6820=CARTESIAN_POINT('',(5.55,1.89,-1.8));
#6821=CARTESIAN_POINT('',(5.95,1.89,-1.8));
#6822=VECTOR('',#8368,0.4);
#6823=CARTESIAN_POINT('',(5.55,2.35,-1.8));
#6824=CARTESIAN_POINT('',(5.55,1.89,-1.8));
#6825=VECTOR('',#8369,0.46);
#6826=CARTESIAN_POINT('',(4.65,2.35,-1.8));
#6827=CARTESIAN_POINT('',(5.55,2.35,-1.8));
#6828=VECTOR('',#8370,0.9);
#6829=CARTESIAN_POINT('',(4.65,1.89,-1.8));
#6830=CARTESIAN_POINT('',(4.65,2.35,-1.8));
#6831=VECTOR('',#8371,0.46);
#6832=CARTESIAN_POINT('',(4.25,1.89,-1.8));
#6833=CARTESIAN_POINT('',(4.65,1.89,-1.8));
#6834=VECTOR('',#8372,0.4);
#6835=CARTESIAN_POINT('',(4.25,1.14,-1.8));
#6836=CARTESIAN_POINT('',(4.25,1.89,-1.8));
#6837=VECTOR('',#8373,0.75);
#6838=CARTESIAN_POINT('',(4.65,1.14,-1.8));
#6839=CARTESIAN_POINT('',(4.25,1.14,-1.8));
#6840=VECTOR('',#8374,0.4);
#6841=CARTESIAN_POINT('',(4.65,-0.35,-1.8));
#6842=VECTOR('',#8375,1.49);
#6843=CARTESIAN_POINT('',(4.65,1.14,-0.8));
#6844=CARTESIAN_POINT('',(4.65,1.14,-1.8));
#6845=VECTOR('',#8376,1.0);
#6846=CARTESIAN_POINT('',(4.65,-1.4,-0.8));
#6847=CARTESIAN_POINT('',(4.65,1.14,-0.8));
#6848=VECTOR('',#8377,2.54);
#6849=CARTESIAN_POINT('',(4.65,-1.4,-1.8));
#6850=VECTOR('',#8378,1.0);
#6851=CARTESIAN_POINT('',(4.25,-1.4,-0.8));
#6852=CARTESIAN_POINT('',(4.25,-1.4,-0.8));
#6853=VECTOR('',#8379,0.4);
#6854=CARTESIAN_POINT('',(4.25,-1.4,3.8));
#6855=CARTESIAN_POINT('',(4.25,-1.4,3.8));
#6856=VECTOR('',#8380,4.6);
#6857=CARTESIAN_POINT('',(5.95,-1.4,3.8));
#6858=CARTESIAN_POINT('',(4.25,-1.4,3.8));
#6859=VECTOR('',#8381,1.7);
#6860=CARTESIAN_POINT('',(5.95,-1.4,-0.8));
#6861=CARTESIAN_POINT('',(5.95,-1.4,3.8));
#6862=VECTOR('',#8382,4.6);
#6863=CARTESIAN_POINT('',(5.55,-1.4,-0.8));
#6864=CARTESIAN_POINT('',(5.95,-1.4,-0.8));
#6865=VECTOR('',#8383,0.4);
#6866=CARTESIAN_POINT('',(5.55,-1.4,-1.8));
#6867=VECTOR('',#8384,1.0);
#6868=CARTESIAN_POINT('',(5.55,1.14,-0.8));
#6869=CARTESIAN_POINT('',(5.55,-1.4,-0.8));
#6870=VECTOR('',#8385,2.54);
#6871=CARTESIAN_POINT('',(5.55,1.14,-0.8));
#6872=VECTOR('',#8386,1.0);
#6873=CARTESIAN_POINT('',(5.95,1.14,-0.8));
#6874=CARTESIAN_POINT('',(5.95,1.14,-0.8));
#6875=VECTOR('',#8387,0.4);
#6876=CARTESIAN_POINT('',(5.95,1.14,-1.8));
#6877=VECTOR('',#8388,1.0);
#6878=CARTESIAN_POINT('',(5.95,1.89,3.8));
#6879=CARTESIAN_POINT('',(5.95,-1.4,3.8));
#6880=VECTOR('',#8389,3.29);
#6881=CARTESIAN_POINT('',(5.95,1.89,3.8));
#6882=VECTOR('',#8390,5.6);
#6883=CARTESIAN_POINT('',(5.95,-1.4,-0.8));
#6884=VECTOR('',#8391,2.54);
#6885=CARTESIAN_POINT('',(5.55,1.89,3.8));
#6886=CARTESIAN_POINT('',(5.55,1.89,3.8));
#6887=VECTOR('',#8392,5.6);
#6888=CARTESIAN_POINT('',(5.95,1.89,3.8));
#6889=VECTOR('',#8393,0.4);
#6890=CARTESIAN_POINT('',(4.65,2.35,3.8));
#6891=CARTESIAN_POINT('',(4.65,1.89,3.8));
#6892=CARTESIAN_POINT('',(4.65,2.35,3.8));
#6893=VECTOR('',#8394,0.46);
#6894=CARTESIAN_POINT('',(5.55,2.35,3.8));
#6895=CARTESIAN_POINT('',(5.55,2.35,3.8));
#6896=VECTOR('',#8395,0.9);
#6897=CARTESIAN_POINT('',(5.55,1.89,3.8));
#6898=VECTOR('',#8396,0.46);
#6899=CARTESIAN_POINT('',(4.25,-1.8,3.8));
#6900=CARTESIAN_POINT('',(4.25,-1.4,3.8));
#6901=VECTOR('',#8397,0.4);
#6902=CARTESIAN_POINT('',(11.35,-1.8,3.8));
#6903=CARTESIAN_POINT('',(11.35,-1.8,3.8));
#6904=VECTOR('',#8398,7.1);
#6905=CARTESIAN_POINT('',(11.35,3.2,3.8));
#6906=CARTESIAN_POINT('',(11.35,3.2,3.8));
#6907=VECTOR('',#8399,5.0);
#6908=CARTESIAN_POINT('',(3.35,3.2,3.8));
#6909=VECTOR('',#8400,8.0);
#6910=CARTESIAN_POINT('',(4.25,1.49,3.8));
#6911=CARTESIAN_POINT('',(4.25,1.49,3.8));
#6912=VECTOR('',#8401,0.9);
#6913=CARTESIAN_POINT('',(4.25,1.89,3.8));
#6914=CARTESIAN_POINT('',(4.25,1.89,3.8));
#6915=VECTOR('',#8402,0.4);
#6916=CARTESIAN_POINT('',(4.25,1.89,3.8));
#6917=VECTOR('',#8403,0.4);
#6918=CARTESIAN_POINT('',(6.65,1.89,3.8));
#6919=CARTESIAN_POINT('',(6.25,1.89,3.8));
#6920=CARTESIAN_POINT('',(6.65,1.89,3.8));
#6921=VECTOR('',#8404,0.4);
#6922=CARTESIAN_POINT('',(6.65,2.35,3.8));
#6923=CARTESIAN_POINT('',(6.65,2.35,3.8));
#6924=VECTOR('',#8405,0.46);
#6925=CARTESIAN_POINT('',(7.55,2.35,3.8));
#6926=CARTESIAN_POINT('',(7.55,2.35,3.8));
#6927=VECTOR('',#8406,0.9);
#6928=CARTESIAN_POINT('',(7.55,1.89,3.8));
#6929=CARTESIAN_POINT('',(7.55,1.89,3.8));
#6930=VECTOR('',#8407,0.46);
#6931=CARTESIAN_POINT('',(7.95,1.89,3.8));
#6932=CARTESIAN_POINT('',(7.95,1.89,3.8));
#6933=VECTOR('',#8408,0.4);
#6934=CARTESIAN_POINT('',(7.95,-1.4,3.8));
#6935=CARTESIAN_POINT('',(7.95,-1.4,3.8));
#6936=VECTOR('',#8409,3.29);
#6937=CARTESIAN_POINT('',(6.25,-1.4,3.8));
#6938=CARTESIAN_POINT('',(6.25,-1.4,3.8));
#6939=VECTOR('',#8410,1.7);
#6940=CARTESIAN_POINT('',(6.25,-1.4,3.8));
#6941=VECTOR('',#8411,3.29);
#6942=CARTESIAN_POINT('',(8.65,1.89,3.8));
#6943=CARTESIAN_POINT('',(8.25,1.89,3.8));
#6944=CARTESIAN_POINT('',(8.65,1.89,3.8));
#6945=VECTOR('',#8412,0.4);
#6946=CARTESIAN_POINT('',(8.65,2.35,3.8));
#6947=CARTESIAN_POINT('',(8.65,2.35,3.8));
#6948=VECTOR('',#8413,0.46);
#6949=CARTESIAN_POINT('',(9.55,2.35,3.8));
#6950=CARTESIAN_POINT('',(9.55,2.35,3.8));
#6951=VECTOR('',#8414,0.9);
#6952=CARTESIAN_POINT('',(9.55,1.89,3.8));
#6953=CARTESIAN_POINT('',(9.55,1.89,3.8));
#6954=VECTOR('',#8415,0.46);
#6955=CARTESIAN_POINT('',(9.95,1.89,3.8));
#6956=CARTESIAN_POINT('',(9.95,1.89,3.8));
#6957=VECTOR('',#8416,0.4);
#6958=CARTESIAN_POINT('',(9.95,-1.4,3.8));
#6959=CARTESIAN_POINT('',(9.95,-1.4,3.8));
#6960=VECTOR('',#8417,3.29);
#6961=CARTESIAN_POINT('',(8.25,-1.4,3.8));
#6962=CARTESIAN_POINT('',(8.25,-1.4,3.8));
#6963=VECTOR('',#8418,1.7);
#6964=CARTESIAN_POINT('',(8.25,-1.4,3.8));
#6965=VECTOR('',#8419,3.29);
#6966=CARTESIAN_POINT('',(8.25,1.14,-1.8));
#6967=CARTESIAN_POINT('',(8.25,1.14,-0.8));
#6968=CARTESIAN_POINT('',(8.25,1.14,-1.8));
#6969=VECTOR('',#8420,1.0);
#6970=CARTESIAN_POINT('',(8.25,1.89,-1.8));
#6971=CARTESIAN_POINT('',(8.25,1.89,-1.8));
#6972=VECTOR('',#8421,0.75);
#6973=CARTESIAN_POINT('',(8.25,1.89,3.8));
#6974=VECTOR('',#8422,5.6);
#6975=CARTESIAN_POINT('',(8.25,-1.4,-0.8));
#6976=CARTESIAN_POINT('',(8.25,-1.4,3.8));
#6977=VECTOR('',#8423,4.6);
#6978=CARTESIAN_POINT('',(8.25,-1.4,-0.8));
#6979=VECTOR('',#8424,2.54);
#6980=CARTESIAN_POINT('',(8.65,-1.4,-0.8));
#6981=CARTESIAN_POINT('',(8.25,-1.4,-0.8));
#6982=VECTOR('',#8425,0.4);
#6983=CARTESIAN_POINT('',(8.65,1.14,-0.8));
#6984=CARTESIAN_POINT('',(8.65,1.14,-0.8));
#6985=VECTOR('',#8426,2.54);
#6986=CARTESIAN_POINT('',(8.25,1.14,-0.8));
#6987=VECTOR('',#8427,0.4);
#6988=CARTESIAN_POINT('',(8.65,1.14,-1.8));
#6989=CARTESIAN_POINT('',(8.65,1.14,-1.8));
#6990=VECTOR('',#8428,1.0);
#6991=CARTESIAN_POINT('',(8.25,1.14,-1.8));
#6992=VECTOR('',#8429,0.4);
#6993=CARTESIAN_POINT('',(9.55,1.14,-1.8));
#6994=CARTESIAN_POINT('',(9.55,-0.35,-1.8));
#6995=VECTOR('',#8430,1.49);
#6996=CARTESIAN_POINT('',(9.95,1.14,-1.8));
#6997=CARTESIAN_POINT('',(9.95,1.14,-1.8));
#6998=VECTOR('',#8431,0.4);
#6999=CARTESIAN_POINT('',(9.95,1.89,-1.8));
#7000=CARTESIAN_POINT('',(9.95,1.14,-1.8));
#7001=VECTOR('',#8432,0.75);
#7002=CARTESIAN_POINT('',(9.55,1.89,-1.8));
#7003=CARTESIAN_POINT('',(9.95,1.89,-1.8));
#7004=VECTOR('',#8433,0.4);
#7005=CARTESIAN_POINT('',(9.55,2.35,-1.8));
#7006=CARTESIAN_POINT('',(9.55,1.89,-1.8));
#7007=VECTOR('',#8434,0.46);
#7008=CARTESIAN_POINT('',(8.65,2.35,-1.8));
#7009=CARTESIAN_POINT('',(9.55,2.35,-1.8));
#7010=VECTOR('',#8435,0.9);
#7011=CARTESIAN_POINT('',(8.65,1.89,-1.8));
#7012=CARTESIAN_POINT('',(8.65,2.35,-1.8));
#7013=VECTOR('',#8436,0.46);
#7014=CARTESIAN_POINT('',(8.65,1.89,-1.8));
#7015=VECTOR('',#8437,0.4);
#7016=CARTESIAN_POINT('',(8.65,-0.35,-1.8));
#7017=VECTOR('',#8438,1.49);
#7018=CARTESIAN_POINT('',(8.65,-1.4,-1.8));
#7019=VECTOR('',#8439,1.0);
#7020=CARTESIAN_POINT('',(9.95,-1.4,-0.8));
#7021=CARTESIAN_POINT('',(9.95,-1.4,3.8));
#7022=VECTOR('',#8440,4.6);
#7023=CARTESIAN_POINT('',(9.55,-1.4,-0.8));
#7024=CARTESIAN_POINT('',(9.95,-1.4,-0.8));
#7025=VECTOR('',#8441,0.4);
#7026=CARTESIAN_POINT('',(9.55,-1.4,-1.8));
#7027=VECTOR('',#8442,1.0);
#7028=CARTESIAN_POINT('',(9.55,1.14,-0.8));
#7029=CARTESIAN_POINT('',(9.55,-1.4,-0.8));
#7030=VECTOR('',#8443,2.54);
#7031=CARTESIAN_POINT('',(9.55,1.14,-0.8));
#7032=VECTOR('',#8444,1.0);
#7033=CARTESIAN_POINT('',(9.95,1.14,-0.8));
#7034=CARTESIAN_POINT('',(9.95,1.14,-0.8));
#7035=VECTOR('',#8445,0.4);
#7036=CARTESIAN_POINT('',(9.95,1.14,-1.8));
#7037=VECTOR('',#8446,1.0);
#7038=CARTESIAN_POINT('',(9.95,1.89,3.8));
#7039=VECTOR('',#8447,5.6);
#7040=CARTESIAN_POINT('',(9.95,-1.4,-0.8));
#7041=VECTOR('',#8448,2.54);
#7042=CARTESIAN_POINT('',(9.55,1.89,3.8));
#7043=VECTOR('',#8449,5.6);
#7044=CARTESIAN_POINT('',(9.55,2.35,3.8));
#7045=VECTOR('',#8450,5.6);
#7046=CARTESIAN_POINT('',(8.65,2.35,3.8));
#7047=VECTOR('',#8451,5.6);
#7048=CARTESIAN_POINT('',(8.65,1.89,3.8));
#7049=VECTOR('',#8452,5.6);
#7050=CARTESIAN_POINT('',(6.25,1.14,-1.8));
#7051=CARTESIAN_POINT('',(6.25,1.14,-0.8));
#7052=CARTESIAN_POINT('',(6.25,1.14,-1.8));
#7053=VECTOR('',#8453,1.0);
#7054=CARTESIAN_POINT('',(6.25,1.89,-1.8));
#7055=CARTESIAN_POINT('',(6.25,1.89,-1.8));
#7056=VECTOR('',#8454,0.75);
#7057=CARTESIAN_POINT('',(6.25,1.89,3.8));
#7058=VECTOR('',#8455,5.6);
#7059=CARTESIAN_POINT('',(6.25,-1.4,-0.8));
#7060=CARTESIAN_POINT('',(6.25,-1.4,3.8));
#7061=VECTOR('',#8456,4.6);
#7062=CARTESIAN_POINT('',(6.25,-1.4,-0.8));
#7063=VECTOR('',#8457,2.54);
#7064=CARTESIAN_POINT('',(6.65,-1.4,-0.8));
#7065=CARTESIAN_POINT('',(6.25,-1.4,-0.8));
#7066=VECTOR('',#8458,0.4);
#7067=CARTESIAN_POINT('',(6.65,1.14,-0.8));
#7068=CARTESIAN_POINT('',(6.65,1.14,-0.8));
#7069=VECTOR('',#8459,2.54);
#7070=CARTESIAN_POINT('',(6.25,1.14,-0.8));
#7071=VECTOR('',#8460,0.4);
#7072=CARTESIAN_POINT('',(6.65,1.14,-1.8));
#7073=CARTESIAN_POINT('',(6.65,1.14,-1.8));
#7074=VECTOR('',#8461,1.0);
#7075=CARTESIAN_POINT('',(6.25,1.14,-1.8));
#7076=VECTOR('',#8462,0.4);
#7077=CARTESIAN_POINT('',(7.55,1.14,-1.8));
#7078=CARTESIAN_POINT('',(7.55,-0.35,-1.8));
#7079=VECTOR('',#8463,1.49);
#7080=CARTESIAN_POINT('',(7.95,1.14,-1.8));
#7081=CARTESIAN_POINT('',(7.95,1.14,-1.8));
#7082=VECTOR('',#8464,0.4);
#7083=CARTESIAN_POINT('',(7.95,1.89,-1.8));
#7084=CARTESIAN_POINT('',(7.95,1.14,-1.8));
#7085=VECTOR('',#8465,0.75);
#7086=CARTESIAN_POINT('',(7.55,1.89,-1.8));
#7087=CARTESIAN_POINT('',(7.95,1.89,-1.8));
#7088=VECTOR('',#8466,0.4);
#7089=CARTESIAN_POINT('',(7.55,2.35,-1.8));
#7090=CARTESIAN_POINT('',(7.55,1.89,-1.8));
#7091=VECTOR('',#8467,0.46);
#7092=CARTESIAN_POINT('',(6.65,2.35,-1.8));
#7093=CARTESIAN_POINT('',(7.55,2.35,-1.8));
#7094=VECTOR('',#8468,0.9);
#7095=CARTESIAN_POINT('',(6.65,1.89,-1.8));
#7096=CARTESIAN_POINT('',(6.65,2.35,-1.8));
#7097=VECTOR('',#8469,0.46);
#7098=CARTESIAN_POINT('',(6.65,1.89,-1.8));
#7099=VECTOR('',#8470,0.4);
#7100=CARTESIAN_POINT('',(6.65,-0.35,-1.8));
#7101=VECTOR('',#8471,1.49);
#7102=CARTESIAN_POINT('',(6.65,-1.4,-1.8));
#7103=VECTOR('',#8472,1.0);
#7104=CARTESIAN_POINT('',(7.95,-1.4,-0.8));
#7105=CARTESIAN_POINT('',(7.95,-1.4,3.8));
#7106=VECTOR('',#8473,4.6);
#7107=CARTESIAN_POINT('',(7.55,-1.4,-0.8));
#7108=CARTESIAN_POINT('',(7.95,-1.4,-0.8));
#7109=VECTOR('',#8474,0.4);
#7110=CARTESIAN_POINT('',(7.55,-1.4,-1.8));
#7111=VECTOR('',#8475,1.0);
#7112=CARTESIAN_POINT('',(7.55,1.14,-0.8));
#7113=CARTESIAN_POINT('',(7.55,-1.4,-0.8));
#7114=VECTOR('',#8476,2.54);
#7115=CARTESIAN_POINT('',(7.55,1.14,-0.8));
#7116=VECTOR('',#8477,1.0);
#7117=CARTESIAN_POINT('',(7.95,1.14,-0.8));
#7118=CARTESIAN_POINT('',(7.95,1.14,-0.8));
#7119=VECTOR('',#8478,0.4);
#7120=CARTESIAN_POINT('',(7.95,1.14,-1.8));
#7121=VECTOR('',#8479,1.0);
#7122=CARTESIAN_POINT('',(7.95,1.89,3.8));
#7123=VECTOR('',#8480,5.6);
#7124=CARTESIAN_POINT('',(7.95,-1.4,-0.8));
#7125=VECTOR('',#8481,2.54);
#7126=CARTESIAN_POINT('',(7.55,1.89,3.8));
#7127=VECTOR('',#8482,5.6);
#7128=CARTESIAN_POINT('',(7.55,2.35,3.8));
#7129=VECTOR('',#8483,5.6);
#7130=CARTESIAN_POINT('',(6.65,2.35,3.8));
#7131=VECTOR('',#8484,5.6);
#7132=CARTESIAN_POINT('',(6.65,1.89,3.8));
#7133=VECTOR('',#8485,5.6);
#7134=CARTESIAN_POINT('',(4.25,1.89,3.8));
#7135=VECTOR('',#8486,5.6);
#7136=CARTESIAN_POINT('',(4.65,1.89,3.8));
#7137=VECTOR('',#8487,5.6);
#7138=CARTESIAN_POINT('',(4.65,2.35,3.8));
#7139=VECTOR('',#8488,5.6);
#7140=CARTESIAN_POINT('',(5.55,2.35,3.8));
#7141=VECTOR('',#8489,5.6);
#7142=CARTESIAN_POINT('',(4.25,1.14,-0.8));
#7143=CARTESIAN_POINT('',(4.25,1.14,-1.8));
#7144=VECTOR('',#8490,1.0);
#7145=CARTESIAN_POINT('',(4.25,1.49,10.4));
#7146=VECTOR('',#8491,6.6);
#7147=CARTESIAN_POINT('',(4.25,-1.8,3.8));
#7148=VECTOR('',#8492,6.6);
#7149=CARTESIAN_POINT('',(4.25,-1.4,-0.8));
#7150=VECTOR('',#8493,2.54);
#7151=CARTESIAN_POINT('',(4.25,1.14,-0.8));
#7152=VECTOR('',#8494,0.4);
#7153=CARTESIAN_POINT('',(11.35,-1.8,10.4));
#7154=VECTOR('',#8495,6.6);
#7155=CARTESIAN_POINT('',(-3.35,-1.8,3.8));
#7156=CARTESIAN_POINT('',(-3.35,-1.8,10.4));
#7157=VECTOR('',#8496,6.6);
#7158=CARTESIAN_POINT('',(-3.35,-1.8,3.8));
#7159=VECTOR('',#8497,8.0);
#7160=CARTESIAN_POINT('',(11.35,3.2,-10.4));
#7161=CARTESIAN_POINT('',(11.35,-0.35,-10.4));
#7162=VECTOR('',#8498,3.55);
#7163=CARTESIAN_POINT('',(11.35,3.2,3.8));
#7164=VECTOR('',#8499,14.2);
#7165=CARTESIAN_POINT('',(11.35,-3.2,-10.4));
#7166=VECTOR('',#8500,0.4);
#7167=CARTESIAN_POINT('',(11.35,3.2,-10.4));
#7168=VECTOR('',#8501,8.0);
#7169=CARTESIAN_POINT('',(4.45,2.75,-10.4));
#7170=CARTESIAN_POINT('',(5.75,2.75,-10.4));
#7171=CARTESIAN_POINT('',(4.45,2.75,-10.4));
#7172=VECTOR('',#8502,1.3);
#7173=CARTESIAN_POINT('',(4.45,2.29,-10.4));
#7174=CARTESIAN_POINT('',(4.45,2.29,-10.4));
#7175=VECTOR('',#8503,0.46);
#7176=CARTESIAN_POINT('',(4.65,2.29,-10.4));
#7177=CARTESIAN_POINT('',(4.65,2.29,-10.4));
#7178=VECTOR('',#8504,0.2);
#7179=CARTESIAN_POINT('',(4.65,1.19,-10.4));
#7180=CARTESIAN_POINT('',(4.65,1.19,-10.4));
#7181=VECTOR('',#8505,1.1);
#7182=CARTESIAN_POINT('',(5.55,1.19,-10.4));
#7183=CARTESIAN_POINT('',(5.55,1.19,-10.4));
#7184=VECTOR('',#8506,0.9);
#7185=CARTESIAN_POINT('',(5.55,2.29,-10.4));
#7186=CARTESIAN_POINT('',(5.55,2.29,-10.4));
#7187=VECTOR('',#8507,1.1);
#7188=CARTESIAN_POINT('',(5.75,2.29,-10.4));
#7189=CARTESIAN_POINT('',(5.75,2.29,-10.4));
#7190=VECTOR('',#8508,0.2);
#7191=CARTESIAN_POINT('',(5.75,2.75,-10.4));
#7192=VECTOR('',#8509,0.46);
#7193=CARTESIAN_POINT('',(6.45,2.75,-10.4));
#7194=CARTESIAN_POINT('',(7.75,2.75,-10.4));
#7195=CARTESIAN_POINT('',(6.45,2.75,-10.4));
#7196=VECTOR('',#8510,1.3);
#7197=CARTESIAN_POINT('',(6.45,2.29,-10.4));
#7198=CARTESIAN_POINT('',(6.45,2.29,-10.4));
#7199=VECTOR('',#8511,0.46);
#7200=CARTESIAN_POINT('',(6.65,2.29,-10.4));
#7201=CARTESIAN_POINT('',(6.65,2.29,-10.4));
#7202=VECTOR('',#8512,0.2);
#7203=CARTESIAN_POINT('',(6.65,1.19,-10.4));
#7204=CARTESIAN_POINT('',(6.65,1.19,-10.4));
#7205=VECTOR('',#8513,1.1);
#7206=CARTESIAN_POINT('',(7.55,1.19,-10.4));
#7207=CARTESIAN_POINT('',(7.55,1.19,-10.4));
#7208=VECTOR('',#8514,0.9);
#7209=CARTESIAN_POINT('',(7.55,2.29,-10.4));
#7210=CARTESIAN_POINT('',(7.55,2.29,-10.4));
#7211=VECTOR('',#8515,1.1);
#7212=CARTESIAN_POINT('',(7.75,2.29,-10.4));
#7213=CARTESIAN_POINT('',(7.75,2.29,-10.4));
#7214=VECTOR('',#8516,0.2);
#7215=CARTESIAN_POINT('',(7.75,2.75,-10.4));
#7216=VECTOR('',#8517,0.46);
#7217=CARTESIAN_POINT('',(8.45,2.75,-10.4));
#7218=CARTESIAN_POINT('',(9.75,2.75,-10.4));
#7219=CARTESIAN_POINT('',(8.45,2.75,-10.4));
#7220=VECTOR('',#8518,1.3);
#7221=CARTESIAN_POINT('',(8.45,2.29,-10.4));
#7222=CARTESIAN_POINT('',(8.45,2.29,-10.4));
#7223=VECTOR('',#8519,0.46);
#7224=CARTESIAN_POINT('',(8.65,2.29,-10.4));
#7225=CARTESIAN_POINT('',(8.65,2.29,-10.4));
#7226=VECTOR('',#8520,0.2);
#7227=CARTESIAN_POINT('',(8.65,1.19,-10.4));
#7228=CARTESIAN_POINT('',(8.65,1.19,-10.4));
#7229=VECTOR('',#8521,1.1);
#7230=CARTESIAN_POINT('',(9.55,1.19,-10.4));
#7231=CARTESIAN_POINT('',(9.55,1.19,-10.4));
#7232=VECTOR('',#8522,0.9);
#7233=CARTESIAN_POINT('',(9.55,2.29,-10.4));
#7234=CARTESIAN_POINT('',(9.55,2.29,-10.4));
#7235=VECTOR('',#8523,1.1);
#7236=CARTESIAN_POINT('',(9.75,2.29,-10.4));
#7237=CARTESIAN_POINT('',(9.75,2.29,-10.4));
#7238=VECTOR('',#8524,0.2);
#7239=CARTESIAN_POINT('',(9.75,2.75,-10.4));
#7240=VECTOR('',#8525,0.46);
#7241=CARTESIAN_POINT('',(-10.25,0.45,-10.4));
#7242=CARTESIAN_POINT('',(-11.35,0.45,-10.4));
#7243=VECTOR('',#8526,1.1);
#7244=CARTESIAN_POINT('',(-10.25,3.2,-10.4));
#7245=CARTESIAN_POINT('',(-10.25,3.2,-10.4));
#7246=VECTOR('',#8527,2.75);
#7247=CARTESIAN_POINT('',(-2.45,3.2,-10.4));
#7248=VECTOR('',#8528,7.8);
#7249=CARTESIAN_POINT('',(-4.85,2.75,-10.4));
#7250=CARTESIAN_POINT('',(-3.55,2.75,-10.4));
#7251=CARTESIAN_POINT('',(-4.85,2.75,-10.4));
#7252=VECTOR('',#8529,1.3);
#7253=CARTESIAN_POINT('',(-4.85,2.29,-10.4));
#7254=CARTESIAN_POINT('',(-4.85,2.29,-10.4));
#7255=VECTOR('',#8530,0.46);
#7256=CARTESIAN_POINT('',(-4.65,2.29,-10.4));
#7257=CARTESIAN_POINT('',(-4.65,2.29,-10.4));
#7258=VECTOR('',#8531,0.2);
#7259=CARTESIAN_POINT('',(-4.65,1.19,-10.4));
#7260=CARTESIAN_POINT('',(-4.65,1.19,-10.4));
#7261=VECTOR('',#8532,1.1);
#7262=CARTESIAN_POINT('',(-3.75,1.19,-10.4));
#7263=CARTESIAN_POINT('',(-3.75,1.19,-10.4));
#7264=VECTOR('',#8533,0.9);
#7265=CARTESIAN_POINT('',(-3.75,2.29,-10.4));
#7266=CARTESIAN_POINT('',(-3.75,2.29,-10.4));
#7267=VECTOR('',#8534,1.1);
#7268=CARTESIAN_POINT('',(-3.55,2.29,-10.4));
#7269=CARTESIAN_POINT('',(-3.55,2.29,-10.4));
#7270=VECTOR('',#8535,0.2);
#7271=CARTESIAN_POINT('',(-3.55,2.75,-10.4));
#7272=VECTOR('',#8536,0.46);
#7273=CARTESIAN_POINT('',(-6.85,2.75,-10.4));
#7274=CARTESIAN_POINT('',(-5.55,2.75,-10.4));
#7275=CARTESIAN_POINT('',(-6.85,2.75,-10.4));
#7276=VECTOR('',#8537,1.3);
#7277=CARTESIAN_POINT('',(-6.85,2.29,-10.4));
#7278=CARTESIAN_POINT('',(-6.85,2.29,-10.4));
#7279=VECTOR('',#8538,0.46);
#7280=CARTESIAN_POINT('',(-6.65,2.29,-10.4));
#7281=CARTESIAN_POINT('',(-6.65,2.29,-10.4));
#7282=VECTOR('',#8539,0.2);
#7283=CARTESIAN_POINT('',(-6.65,1.19,-10.4));
#7284=CARTESIAN_POINT('',(-6.65,1.19,-10.4));
#7285=VECTOR('',#8540,1.1);
#7286=CARTESIAN_POINT('',(-5.75,1.19,-10.4));
#7287=CARTESIAN_POINT('',(-5.75,1.19,-10.4));
#7288=VECTOR('',#8541,0.9);
#7289=CARTESIAN_POINT('',(-5.75,2.29,-10.4));
#7290=CARTESIAN_POINT('',(-5.75,2.29,-10.4));
#7291=VECTOR('',#8542,1.1);
#7292=CARTESIAN_POINT('',(-5.55,2.29,-10.4));
#7293=CARTESIAN_POINT('',(-5.55,2.29,-10.4));
#7294=VECTOR('',#8543,0.2);
#7295=CARTESIAN_POINT('',(-5.55,2.75,-10.4));
#7296=VECTOR('',#8544,0.46);
#7297=CARTESIAN_POINT('',(-8.85,2.75,-10.4));
#7298=CARTESIAN_POINT('',(-7.55,2.75,-10.4));
#7299=CARTESIAN_POINT('',(-8.85,2.75,-10.4));
#7300=VECTOR('',#8545,1.3);
#7301=CARTESIAN_POINT('',(-8.85,2.29,-10.4));
#7302=CARTESIAN_POINT('',(-8.85,2.29,-10.4));
#7303=VECTOR('',#8546,0.46);
#7304=CARTESIAN_POINT('',(-8.65,2.29,-10.4));
#7305=CARTESIAN_POINT('',(-8.65,2.29,-10.4));
#7306=VECTOR('',#8547,0.2);
#7307=CARTESIAN_POINT('',(-8.65,1.19,-10.4));
#7308=CARTESIAN_POINT('',(-8.65,1.19,-10.4));
#7309=VECTOR('',#8548,1.1);
#7310=CARTESIAN_POINT('',(-7.75,1.19,-10.4));
#7311=CARTESIAN_POINT('',(-7.75,1.19,-10.4));
#7312=VECTOR('',#8549,0.9);
#7313=CARTESIAN_POINT('',(-7.75,2.29,-10.4));
#7314=CARTESIAN_POINT('',(-7.75,2.29,-10.4));
#7315=VECTOR('',#8550,1.1);
#7316=CARTESIAN_POINT('',(-7.55,2.29,-10.4));
#7317=CARTESIAN_POINT('',(-7.55,2.29,-10.4));
#7318=VECTOR('',#8551,0.2);
#7319=CARTESIAN_POINT('',(-7.55,2.75,-10.4));
#7320=VECTOR('',#8552,0.46);
#7321=CARTESIAN_POINT('',(-3.55,2.29,-9.6));
#7322=CARTESIAN_POINT('',(-3.55,2.29,-10.4));
#7323=VECTOR('',#8553,0.8);
#7324=CARTESIAN_POINT('',(-3.55,2.75,-9.6));
#7325=CARTESIAN_POINT('',(-3.55,2.75,-9.6));
#7326=VECTOR('',#8554,0.46);
#7327=CARTESIAN_POINT('',(-3.55,2.75,-10.4));
#7328=VECTOR('',#8555,0.8);
#7329=CARTESIAN_POINT('',(-4.85,2.75,-9.6));
#7330=CARTESIAN_POINT('',(-4.85,2.75,-9.6));
#7331=VECTOR('',#8556,1.3);
#7332=CARTESIAN_POINT('',(-4.85,2.75,-10.4));
#7333=VECTOR('',#8557,0.8);
#7334=CARTESIAN_POINT('',(-4.85,2.29,-9.6));
#7335=CARTESIAN_POINT('',(-4.85,2.29,-9.6));
#7336=VECTOR('',#8558,0.46);
#7337=CARTESIAN_POINT('',(-4.85,2.29,-10.4));
#7338=VECTOR('',#8559,0.8);
#7339=CARTESIAN_POINT('',(-4.65,2.29,-9.6));
#7340=CARTESIAN_POINT('',(-4.65,2.29,-9.6));
#7341=VECTOR('',#8560,0.2);
#7342=CARTESIAN_POINT('',(-4.65,2.29,-10.4));
#7343=VECTOR('',#8561,0.8);
#7344=CARTESIAN_POINT('',(-4.65,1.19,-9.6));
#7345=CARTESIAN_POINT('',(-4.65,1.19,-9.6));
#7346=VECTOR('',#8562,1.1);
#7347=CARTESIAN_POINT('',(-4.65,1.19,-10.4));
#7348=VECTOR('',#8563,0.8);
#7349=CARTESIAN_POINT('',(-3.75,1.19,-9.6));
#7350=CARTESIAN_POINT('',(-3.75,1.19,-9.6));
#7351=VECTOR('',#8564,0.9);
#7352=CARTESIAN_POINT('',(-3.75,1.19,-10.4));
#7353=VECTOR('',#8565,0.8);
#7354=CARTESIAN_POINT('',(-3.75,2.29,-9.6));
#7355=CARTESIAN_POINT('',(-3.75,2.29,-9.6));
#7356=VECTOR('',#8566,1.1);
#7357=CARTESIAN_POINT('',(-3.75,2.29,-10.4));
#7358=VECTOR('',#8567,0.8);
#7359=CARTESIAN_POINT('',(-3.55,2.29,-9.6));
#7360=VECTOR('',#8568,0.2);
#7361=CARTESIAN_POINT('',(-5.55,2.29,-9.6));
#7362=CARTESIAN_POINT('',(-5.55,2.29,-10.4));
#7363=VECTOR('',#8569,0.8);
#7364=CARTESIAN_POINT('',(-5.55,2.75,-9.6));
#7365=CARTESIAN_POINT('',(-5.55,2.75,-9.6));
#7366=VECTOR('',#8570,0.46);
#7367=CARTESIAN_POINT('',(-5.55,2.75,-10.4));
#7368=VECTOR('',#8571,0.8);
#7369=CARTESIAN_POINT('',(-6.85,2.75,-9.6));
#7370=CARTESIAN_POINT('',(-6.85,2.75,-9.6));
#7371=VECTOR('',#8572,1.3);
#7372=CARTESIAN_POINT('',(-6.85,2.75,-10.4));
#7373=VECTOR('',#8573,0.8);
#7374=CARTESIAN_POINT('',(-6.85,2.29,-9.6));
#7375=CARTESIAN_POINT('',(-6.85,2.29,-9.6));
#7376=VECTOR('',#8574,0.46);
#7377=CARTESIAN_POINT('',(-6.85,2.29,-10.4));
#7378=VECTOR('',#8575,0.8);
#7379=CARTESIAN_POINT('',(-6.65,2.29,-9.6));
#7380=CARTESIAN_POINT('',(-6.65,2.29,-9.6));
#7381=VECTOR('',#8576,0.2);
#7382=CARTESIAN_POINT('',(-6.65,2.29,-10.4));
#7383=VECTOR('',#8577,0.8);
#7384=CARTESIAN_POINT('',(-6.65,1.19,-9.6));
#7385=CARTESIAN_POINT('',(-6.65,1.19,-9.6));
#7386=VECTOR('',#8578,1.1);
#7387=CARTESIAN_POINT('',(-6.65,1.19,-10.4));
#7388=VECTOR('',#8579,0.8);
#7389=CARTESIAN_POINT('',(-5.75,1.19,-9.6));
#7390=CARTESIAN_POINT('',(-5.75,1.19,-9.6));
#7391=VECTOR('',#8580,0.9);
#7392=CARTESIAN_POINT('',(-5.75,1.19,-10.4));
#7393=VECTOR('',#8581,0.8);
#7394=CARTESIAN_POINT('',(-5.75,2.29,-9.6));
#7395=CARTESIAN_POINT('',(-5.75,2.29,-9.6));
#7396=VECTOR('',#8582,1.1);
#7397=CARTESIAN_POINT('',(-5.75,2.29,-10.4));
#7398=VECTOR('',#8583,0.8);
#7399=CARTESIAN_POINT('',(-5.55,2.29,-9.6));
#7400=VECTOR('',#8584,0.2);
#7401=CARTESIAN_POINT('',(-7.55,2.29,-9.6));
#7402=CARTESIAN_POINT('',(-7.55,2.29,-10.4));
#7403=VECTOR('',#8585,0.8);
#7404=CARTESIAN_POINT('',(-7.55,2.75,-9.6));
#7405=CARTESIAN_POINT('',(-7.55,2.75,-9.6));
#7406=VECTOR('',#8586,0.46);
#7407=CARTESIAN_POINT('',(-7.55,2.75,-10.4));
#7408=VECTOR('',#8587,0.8);
#7409=CARTESIAN_POINT('',(-8.85,2.75,-9.6));
#7410=CARTESIAN_POINT('',(-8.85,2.75,-9.6));
#7411=VECTOR('',#8588,1.3);
#7412=CARTESIAN_POINT('',(-8.85,2.75,-10.4));
#7413=VECTOR('',#8589,0.8);
#7414=CARTESIAN_POINT('',(-8.85,2.29,-9.6));
#7415=CARTESIAN_POINT('',(-8.85,2.29,-9.6));
#7416=VECTOR('',#8590,0.46);
#7417=CARTESIAN_POINT('',(-8.85,2.29,-10.4));
#7418=VECTOR('',#8591,0.8);
#7419=CARTESIAN_POINT('',(-8.65,2.29,-9.6));
#7420=CARTESIAN_POINT('',(-8.65,2.29,-9.6));
#7421=VECTOR('',#8592,0.2);
#7422=CARTESIAN_POINT('',(-8.65,2.29,-10.4));
#7423=VECTOR('',#8593,0.8);
#7424=CARTESIAN_POINT('',(-8.65,1.19,-9.6));
#7425=CARTESIAN_POINT('',(-8.65,1.19,-9.6));
#7426=VECTOR('',#8594,1.1);
#7427=CARTESIAN_POINT('',(-8.65,1.19,-10.4));
#7428=VECTOR('',#8595,0.8);
#7429=CARTESIAN_POINT('',(-7.75,1.19,-9.6));
#7430=CARTESIAN_POINT('',(-7.75,1.19,-9.6));
#7431=VECTOR('',#8596,0.9);
#7432=CARTESIAN_POINT('',(-7.75,1.19,-10.4));
#7433=VECTOR('',#8597,0.8);
#7434=CARTESIAN_POINT('',(-7.75,2.29,-9.6));
#7435=CARTESIAN_POINT('',(-7.75,2.29,-9.6));
#7436=VECTOR('',#8598,1.1);
#7437=CARTESIAN_POINT('',(-7.75,2.29,-10.4));
#7438=VECTOR('',#8599,0.8);
#7439=CARTESIAN_POINT('',(-7.55,2.29,-9.6));
#7440=VECTOR('',#8600,0.2);
#7441=CARTESIAN_POINT('',(5.75,2.29,-9.6));
#7442=CARTESIAN_POINT('',(5.75,2.29,-10.4));
#7443=VECTOR('',#8601,0.8);
#7444=CARTESIAN_POINT('',(5.75,2.75,-9.6));
#7445=CARTESIAN_POINT('',(5.75,2.75,-9.6));
#7446=VECTOR('',#8602,0.46);
#7447=CARTESIAN_POINT('',(5.75,2.75,-10.4));
#7448=VECTOR('',#8603,0.8);
#7449=CARTESIAN_POINT('',(4.45,2.75,-9.6));
#7450=CARTESIAN_POINT('',(4.45,2.75,-9.6));
#7451=VECTOR('',#8604,1.3);
#7452=CARTESIAN_POINT('',(4.45,2.75,-10.4));
#7453=VECTOR('',#8605,0.8);
#7454=CARTESIAN_POINT('',(4.45,2.29,-9.6));
#7455=CARTESIAN_POINT('',(4.45,2.29,-9.6));
#7456=VECTOR('',#8606,0.46);
#7457=CARTESIAN_POINT('',(4.45,2.29,-10.4));
#7458=VECTOR('',#8607,0.8);
#7459=CARTESIAN_POINT('',(4.65,2.29,-9.6));
#7460=CARTESIAN_POINT('',(4.65,2.29,-9.6));
#7461=VECTOR('',#8608,0.2);
#7462=CARTESIAN_POINT('',(4.65,2.29,-10.4));
#7463=VECTOR('',#8609,0.8);
#7464=CARTESIAN_POINT('',(4.65,1.19,-9.6));
#7465=CARTESIAN_POINT('',(4.65,1.19,-9.6));
#7466=VECTOR('',#8610,1.1);
#7467=CARTESIAN_POINT('',(4.65,1.19,-10.4));
#7468=VECTOR('',#8611,0.8);
#7469=CARTESIAN_POINT('',(5.55,1.19,-9.6));
#7470=CARTESIAN_POINT('',(5.55,1.19,-9.6));
#7471=VECTOR('',#8612,0.9);
#7472=CARTESIAN_POINT('',(5.55,1.19,-10.4));
#7473=VECTOR('',#8613,0.8);
#7474=CARTESIAN_POINT('',(5.55,2.29,-9.6));
#7475=CARTESIAN_POINT('',(5.55,2.29,-9.6));
#7476=VECTOR('',#8614,1.1);
#7477=CARTESIAN_POINT('',(5.55,2.29,-10.4));
#7478=VECTOR('',#8615,0.8);
#7479=CARTESIAN_POINT('',(5.75,2.29,-9.6));
#7480=VECTOR('',#8616,0.2);
#7481=CARTESIAN_POINT('',(7.75,2.29,-9.6));
#7482=CARTESIAN_POINT('',(7.75,2.29,-10.4));
#7483=VECTOR('',#8617,0.8);
#7484=CARTESIAN_POINT('',(7.75,2.75,-9.6));
#7485=CARTESIAN_POINT('',(7.75,2.75,-9.6));
#7486=VECTOR('',#8618,0.46);
#7487=CARTESIAN_POINT('',(7.75,2.75,-10.4));
#7488=VECTOR('',#8619,0.8);
#7489=CARTESIAN_POINT('',(6.45,2.75,-9.6));
#7490=CARTESIAN_POINT('',(6.45,2.75,-9.6));
#7491=VECTOR('',#8620,1.3);
#7492=CARTESIAN_POINT('',(6.45,2.75,-10.4));
#7493=VECTOR('',#8621,0.8);
#7494=CARTESIAN_POINT('',(6.45,2.29,-9.6));
#7495=CARTESIAN_POINT('',(6.45,2.29,-9.6));
#7496=VECTOR('',#8622,0.46);
#7497=CARTESIAN_POINT('',(6.45,2.29,-10.4));
#7498=VECTOR('',#8623,0.8);
#7499=CARTESIAN_POINT('',(6.65,2.29,-9.6));
#7500=CARTESIAN_POINT('',(6.65,2.29,-9.6));
#7501=VECTOR('',#8624,0.2);
#7502=CARTESIAN_POINT('',(6.65,2.29,-10.4));
#7503=VECTOR('',#8625,0.8);
#7504=CARTESIAN_POINT('',(6.65,1.19,-9.6));
#7505=CARTESIAN_POINT('',(6.65,1.19,-9.6));
#7506=VECTOR('',#8626,1.1);
#7507=CARTESIAN_POINT('',(6.65,1.19,-10.4));
#7508=VECTOR('',#8627,0.8);
#7509=CARTESIAN_POINT('',(7.55,1.19,-9.6));
#7510=CARTESIAN_POINT('',(7.55,1.19,-9.6));
#7511=VECTOR('',#8628,0.9);
#7512=CARTESIAN_POINT('',(7.55,1.19,-10.4));
#7513=VECTOR('',#8629,0.8);
#7514=CARTESIAN_POINT('',(7.55,2.29,-9.6));
#7515=CARTESIAN_POINT('',(7.55,2.29,-9.6));
#7516=VECTOR('',#8630,1.1);
#7517=CARTESIAN_POINT('',(7.55,2.29,-10.4));
#7518=VECTOR('',#8631,0.8);
#7519=CARTESIAN_POINT('',(7.75,2.29,-9.6));
#7520=VECTOR('',#8632,0.2);
#7521=CARTESIAN_POINT('',(9.75,2.29,-9.6));
#7522=CARTESIAN_POINT('',(9.75,2.29,-10.4));
#7523=VECTOR('',#8633,0.8);
#7524=CARTESIAN_POINT('',(9.75,2.75,-9.6));
#7525=CARTESIAN_POINT('',(9.75,2.75,-9.6));
#7526=VECTOR('',#8634,0.46);
#7527=CARTESIAN_POINT('',(9.75,2.75,-10.4));
#7528=VECTOR('',#8635,0.8);
#7529=CARTESIAN_POINT('',(8.45,2.75,-9.6));
#7530=CARTESIAN_POINT('',(8.45,2.75,-9.6));
#7531=VECTOR('',#8636,1.3);
#7532=CARTESIAN_POINT('',(8.45,2.75,-10.4));
#7533=VECTOR('',#8637,0.8);
#7534=CARTESIAN_POINT('',(8.45,2.29,-9.6));
#7535=CARTESIAN_POINT('',(8.45,2.29,-9.6));
#7536=VECTOR('',#8638,0.46);
#7537=CARTESIAN_POINT('',(8.45,2.29,-10.4));
#7538=VECTOR('',#8639,0.8);
#7539=CARTESIAN_POINT('',(8.65,2.29,-9.6));
#7540=CARTESIAN_POINT('',(8.65,2.29,-9.6));
#7541=VECTOR('',#8640,0.2);
#7542=CARTESIAN_POINT('',(8.65,2.29,-10.4));
#7543=VECTOR('',#8641,0.8);
#7544=CARTESIAN_POINT('',(8.65,1.19,-9.6));
#7545=CARTESIAN_POINT('',(8.65,1.19,-9.6));
#7546=VECTOR('',#8642,1.1);
#7547=CARTESIAN_POINT('',(8.65,1.19,-10.4));
#7548=VECTOR('',#8643,0.8);
#7549=CARTESIAN_POINT('',(9.55,1.19,-9.6));
#7550=CARTESIAN_POINT('',(9.55,1.19,-9.6));
#7551=VECTOR('',#8644,0.9);
#7552=CARTESIAN_POINT('',(9.55,1.19,-10.4));
#7553=VECTOR('',#8645,0.8);
#7554=CARTESIAN_POINT('',(9.55,2.29,-9.6));
#7555=CARTESIAN_POINT('',(9.55,2.29,-9.6));
#7556=VECTOR('',#8646,1.1);
#7557=CARTESIAN_POINT('',(9.55,2.29,-10.4));
#7558=VECTOR('',#8647,0.8);
#7559=CARTESIAN_POINT('',(9.75,2.29,-9.6));
#7560=VECTOR('',#8648,0.2);
#7561=CARTESIAN_POINT('',(-10.25,3.2,3.8));
#7562=CARTESIAN_POINT('',(-10.25,3.2,-10.4));
#7563=VECTOR('',#8649,14.2);
#7564=CARTESIAN_POINT('',(-10.25,3.2,3.8));
#7565=VECTOR('',#8650,7.8);
#7566=CARTESIAN_POINT('',(-10.25,0.45,3.8));
#7567=CARTESIAN_POINT('',(-10.25,3.2,3.8));
#7568=VECTOR('',#8651,2.75);
#7569=CARTESIAN_POINT('',(-11.35,0.45,3.8));
#7570=VECTOR('',#8652,1.1);
#7571=CARTESIAN_POINT('',(-3.35,-1.4,3.8));
#7572=CARTESIAN_POINT('',(-3.35,-1.4,3.8));
#7573=VECTOR('',#8653,0.4);
#7574=CARTESIAN_POINT('',(-5.05,-1.4,3.8));
#7575=CARTESIAN_POINT('',(-3.35,-1.4,3.8));
#7576=VECTOR('',#8654,1.7);
#7577=CARTESIAN_POINT('',(-5.05,1.49,3.8));
#7578=CARTESIAN_POINT('',(-5.05,-1.4,3.8));
#7579=VECTOR('',#8655,2.89);
#7580=CARTESIAN_POINT('',(-4.65,1.49,3.8));
#7581=CARTESIAN_POINT('',(-4.65,1.49,3.8));
#7582=VECTOR('',#8656,0.4);
#7583=CARTESIAN_POINT('',(-4.65,2.35,3.8));
#7584=CARTESIAN_POINT('',(-4.65,2.35,3.8));
#7585=VECTOR('',#8657,0.86);
#7586=CARTESIAN_POINT('',(-3.75,2.35,3.8));
#7587=CARTESIAN_POINT('',(-3.75,2.35,3.8));
#7588=VECTOR('',#8658,0.9);
#7589=CARTESIAN_POINT('',(-3.75,1.49,3.8));
#7590=CARTESIAN_POINT('',(-3.75,1.49,3.8));
#7591=VECTOR('',#8659,0.86);
#7592=CARTESIAN_POINT('',(-3.35,1.49,3.8));
#7593=CARTESIAN_POINT('',(-3.35,1.49,3.8));
#7594=VECTOR('',#8660,0.4);
#7595=CARTESIAN_POINT('',(-2.45,1.49,3.8));
#7596=VECTOR('',#8661,0.9);
#7597=CARTESIAN_POINT('',(-5.75,2.35,3.8));
#7598=CARTESIAN_POINT('',(-6.65,2.35,3.8));
#7599=CARTESIAN_POINT('',(-5.75,2.35,3.8));
#7600=VECTOR('',#8662,0.9);
#7601=CARTESIAN_POINT('',(-5.75,1.49,3.8));
#7602=CARTESIAN_POINT('',(-5.75,1.49,3.8));
#7603=VECTOR('',#8663,0.86);
#7604=CARTESIAN_POINT('',(-5.35,1.49,3.8));
#7605=CARTESIAN_POINT('',(-5.35,1.49,3.8));
#7606=VECTOR('',#8664,0.4);
#7607=CARTESIAN_POINT('',(-5.35,-1.4,3.8));
#7608=CARTESIAN_POINT('',(-5.35,-1.4,3.8));
#7609=VECTOR('',#8665,2.89);
#7610=CARTESIAN_POINT('',(-7.05,-1.4,3.8));
#7611=CARTESIAN_POINT('',(-7.05,-1.4,3.8));
#7612=VECTOR('',#8666,1.7);
#7613=CARTESIAN_POINT('',(-7.05,1.49,3.8));
#7614=CARTESIAN_POINT('',(-7.05,-1.4,3.8));
#7615=VECTOR('',#8667,2.89);
#7616=CARTESIAN_POINT('',(-6.65,1.49,3.8));
#7617=CARTESIAN_POINT('',(-6.65,1.49,3.8));
#7618=VECTOR('',#8668,0.4);
#7619=CARTESIAN_POINT('',(-6.65,2.35,3.8));
#7620=VECTOR('',#8669,0.86);
#7621=CARTESIAN_POINT('',(-7.75,2.35,3.8));
#7622=CARTESIAN_POINT('',(-8.65,2.35,3.8));
#7623=CARTESIAN_POINT('',(-7.75,2.35,3.8));
#7624=VECTOR('',#8670,0.9);
#7625=CARTESIAN_POINT('',(-7.75,1.49,3.8));
#7626=CARTESIAN_POINT('',(-7.75,1.49,3.8));
#7627=VECTOR('',#8671,0.86);
#7628=CARTESIAN_POINT('',(-7.35,1.49,3.8));
#7629=CARTESIAN_POINT('',(-7.35,1.49,3.8));
#7630=VECTOR('',#8672,0.4);
#7631=CARTESIAN_POINT('',(-7.35,-1.4,3.8));
#7632=CARTESIAN_POINT('',(-7.35,-1.4,3.8));
#7633=VECTOR('',#8673,2.89);
#7634=CARTESIAN_POINT('',(-9.05,-1.4,3.8));
#7635=CARTESIAN_POINT('',(-9.05,-1.4,3.8));
#7636=VECTOR('',#8674,1.7);
#7637=CARTESIAN_POINT('',(-9.05,1.49,3.8));
#7638=CARTESIAN_POINT('',(-9.05,-1.4,3.8));
#7639=VECTOR('',#8675,2.89);
#7640=CARTESIAN_POINT('',(-8.65,1.49,3.8));
#7641=CARTESIAN_POINT('',(-8.65,1.49,3.8));
#7642=VECTOR('',#8676,0.4);
#7643=CARTESIAN_POINT('',(-8.65,2.35,3.8));
#7644=VECTOR('',#8677,0.86);
#7645=CARTESIAN_POINT('',(-8.65,1.49,-1.8));
#7646=CARTESIAN_POINT('',(-8.65,1.49,3.8));
#7647=VECTOR('',#8678,5.6);
#7648=CARTESIAN_POINT('',(-8.65,2.35,-1.8));
#7649=CARTESIAN_POINT('',(-8.65,2.35,-1.8));
#7650=VECTOR('',#8679,0.86);
#7651=CARTESIAN_POINT('',(-8.65,2.35,3.8));
#7652=VECTOR('',#8680,5.6);
#7653=CARTESIAN_POINT('',(-7.75,2.35,-1.8));
#7654=CARTESIAN_POINT('',(-7.75,2.35,-1.8));
#7655=VECTOR('',#8681,0.9);
#7656=CARTESIAN_POINT('',(-7.75,2.35,3.8));
#7657=VECTOR('',#8682,5.6);
#7658=CARTESIAN_POINT('',(-7.75,1.49,-1.8));
#7659=CARTESIAN_POINT('',(-7.75,1.49,-1.8));
#7660=VECTOR('',#8683,0.86);
#7661=CARTESIAN_POINT('',(-7.75,1.49,3.8));
#7662=VECTOR('',#8684,5.6);
#7663=CARTESIAN_POINT('',(-7.35,1.49,-1.8));
#7664=CARTESIAN_POINT('',(-7.35,1.49,-1.8));
#7665=VECTOR('',#8685,0.4);
#7666=CARTESIAN_POINT('',(-7.35,1.49,3.8));
#7667=VECTOR('',#8686,5.6);
#7668=CARTESIAN_POINT('',(-7.35,-1.4,-0.8));
#7669=CARTESIAN_POINT('',(-7.35,-1.4,3.8));
#7670=VECTOR('',#8687,4.6);
#7671=CARTESIAN_POINT('',(-7.35,1.14,-1.8));
#7672=CARTESIAN_POINT('',(-7.35,1.14,-1.8));
#7673=VECTOR('',#8688,0.35);
#7674=CARTESIAN_POINT('',(-7.35,1.14,-0.8));
#7675=CARTESIAN_POINT('',(-7.35,1.14,-1.8));
#7676=VECTOR('',#8689,1.0);
#7677=CARTESIAN_POINT('',(-7.35,-1.4,-0.8));
#7678=VECTOR('',#8690,2.54);
#7679=CARTESIAN_POINT('',(-7.75,1.14,-0.8));
#7680=CARTESIAN_POINT('',(-7.35,1.14,-0.8));
#7681=VECTOR('',#8691,0.4);
#7682=CARTESIAN_POINT('',(-7.75,-1.4,-0.8));
#7683=CARTESIAN_POINT('',(-7.75,-1.4,-0.8));
#7684=VECTOR('',#8692,2.54);
#7685=CARTESIAN_POINT('',(-7.35,-1.4,-0.8));
#7686=VECTOR('',#8693,0.4);
#7687=CARTESIAN_POINT('',(-8.65,-1.4,-0.8));
#7688=CARTESIAN_POINT('',(-8.65,-1.4,-1.8));
#7689=VECTOR('',#8694,1.0);
#7690=CARTESIAN_POINT('',(-9.05,-1.4,-0.8));
#7691=CARTESIAN_POINT('',(-9.05,-1.4,-0.8));
#7692=VECTOR('',#8695,0.4);
#7693=CARTESIAN_POINT('',(-9.05,-1.4,3.8));
#7694=VECTOR('',#8696,4.6);
#7695=CARTESIAN_POINT('',(-7.75,-1.4,-1.8));
#7696=VECTOR('',#8697,1.0);
#7697=CARTESIAN_POINT('',(-7.75,1.14,-1.8));
#7698=CARTESIAN_POINT('',(-7.75,1.14,-0.8));
#7699=VECTOR('',#8698,1.0);
#7700=CARTESIAN_POINT('',(-7.75,-0.35,-1.8));
#7701=VECTOR('',#8699,1.49);
#7702=CARTESIAN_POINT('',(-7.35,1.14,-1.8));
#7703=VECTOR('',#8700,0.4);
#7704=CARTESIAN_POINT('',(-9.05,1.49,-1.8));
#7705=CARTESIAN_POINT('',(-8.65,1.49,-1.8));
#7706=VECTOR('',#8701,0.4);
#7707=CARTESIAN_POINT('',(-9.05,1.14,-1.8));
#7708=CARTESIAN_POINT('',(-9.05,1.49,-1.8));
#7709=VECTOR('',#8702,0.35);
#7710=CARTESIAN_POINT('',(-8.65,1.14,-1.8));
#7711=CARTESIAN_POINT('',(-9.05,1.14,-1.8));
#7712=VECTOR('',#8703,0.4);
#7713=CARTESIAN_POINT('',(-8.65,-0.35,-1.8));
#7714=VECTOR('',#8704,1.49);
#7715=CARTESIAN_POINT('',(-8.65,1.14,-0.8));
#7716=CARTESIAN_POINT('',(-8.65,1.14,-1.8));
#7717=VECTOR('',#8705,1.0);
#7718=CARTESIAN_POINT('',(-8.65,1.14,-0.8));
#7719=VECTOR('',#8706,2.54);
#7720=CARTESIAN_POINT('',(-9.05,1.14,-0.8));
#7721=CARTESIAN_POINT('',(-9.05,1.14,-0.8));
#7722=VECTOR('',#8707,0.4);
#7723=CARTESIAN_POINT('',(-9.05,-1.4,-0.8));
#7724=VECTOR('',#8708,2.54);
#7725=CARTESIAN_POINT('',(-9.05,1.14,-1.8));
#7726=VECTOR('',#8709,1.0);
#7727=CARTESIAN_POINT('',(-9.05,1.49,3.8));
#7728=VECTOR('',#8710,5.6);
#7729=CARTESIAN_POINT('',(-6.65,1.49,-1.8));
#7730=CARTESIAN_POINT('',(-6.65,1.49,3.8));
#7731=VECTOR('',#8711,5.6);
#7732=CARTESIAN_POINT('',(-6.65,2.35,-1.8));
#7733=CARTESIAN_POINT('',(-6.65,2.35,-1.8));
#7734=VECTOR('',#8712,0.86);
#7735=CARTESIAN_POINT('',(-6.65,2.35,3.8));
#7736=VECTOR('',#8713,5.6);
#7737=CARTESIAN_POINT('',(-5.75,2.35,-1.8));
#7738=CARTESIAN_POINT('',(-5.75,2.35,-1.8));
#7739=VECTOR('',#8714,0.9);
#7740=CARTESIAN_POINT('',(-5.75,2.35,3.8));
#7741=VECTOR('',#8715,5.6);
#7742=CARTESIAN_POINT('',(-5.75,1.49,-1.8));
#7743=CARTESIAN_POINT('',(-5.75,1.49,-1.8));
#7744=VECTOR('',#8716,0.86);
#7745=CARTESIAN_POINT('',(-5.75,1.49,3.8));
#7746=VECTOR('',#8717,5.6);
#7747=CARTESIAN_POINT('',(-5.35,1.49,-1.8));
#7748=CARTESIAN_POINT('',(-5.35,1.49,-1.8));
#7749=VECTOR('',#8718,0.4);
#7750=CARTESIAN_POINT('',(-5.35,1.49,3.8));
#7751=VECTOR('',#8719,5.6);
#7752=CARTESIAN_POINT('',(-5.35,-1.4,-0.8));
#7753=CARTESIAN_POINT('',(-5.35,-1.4,3.8));
#7754=VECTOR('',#8720,4.6);
#7755=CARTESIAN_POINT('',(-5.35,1.14,-1.8));
#7756=CARTESIAN_POINT('',(-5.35,1.14,-1.8));
#7757=VECTOR('',#8721,0.35);
#7758=CARTESIAN_POINT('',(-5.35,1.14,-0.8));
#7759=CARTESIAN_POINT('',(-5.35,1.14,-1.8));
#7760=VECTOR('',#8722,1.0);
#7761=CARTESIAN_POINT('',(-5.35,-1.4,-0.8));
#7762=VECTOR('',#8723,2.54);
#7763=CARTESIAN_POINT('',(-5.75,1.14,-0.8));
#7764=CARTESIAN_POINT('',(-5.35,1.14,-0.8));
#7765=VECTOR('',#8724,0.4);
#7766=CARTESIAN_POINT('',(-5.75,-1.4,-0.8));
#7767=CARTESIAN_POINT('',(-5.75,-1.4,-0.8));
#7768=VECTOR('',#8725,2.54);
#7769=CARTESIAN_POINT('',(-5.35,-1.4,-0.8));
#7770=VECTOR('',#8726,0.4);
#7771=CARTESIAN_POINT('',(-6.65,-1.4,-0.8));
#7772=CARTESIAN_POINT('',(-6.65,-1.4,-1.8));
#7773=VECTOR('',#8727,1.0);
#7774=CARTESIAN_POINT('',(-7.05,-1.4,-0.8));
#7775=CARTESIAN_POINT('',(-7.05,-1.4,-0.8));
#7776=VECTOR('',#8728,0.4);
#7777=CARTESIAN_POINT('',(-7.05,-1.4,3.8));
#7778=VECTOR('',#8729,4.6);
#7779=CARTESIAN_POINT('',(-5.75,-1.4,-1.8));
#7780=VECTOR('',#8730,1.0);
#7781=CARTESIAN_POINT('',(-5.75,1.14,-1.8));
#7782=CARTESIAN_POINT('',(-5.75,1.14,-0.8));
#7783=VECTOR('',#8731,1.0);
#7784=CARTESIAN_POINT('',(-5.75,-0.35,-1.8));
#7785=VECTOR('',#8732,1.49);
#7786=CARTESIAN_POINT('',(-5.35,1.14,-1.8));
#7787=VECTOR('',#8733,0.4);
#7788=CARTESIAN_POINT('',(-7.05,1.49,-1.8));
#7789=CARTESIAN_POINT('',(-6.65,1.49,-1.8));
#7790=VECTOR('',#8734,0.4);
#7791=CARTESIAN_POINT('',(-7.05,1.14,-1.8));
#7792=CARTESIAN_POINT('',(-7.05,1.49,-1.8));
#7793=VECTOR('',#8735,0.35);
#7794=CARTESIAN_POINT('',(-6.65,1.14,-1.8));
#7795=CARTESIAN_POINT('',(-7.05,1.14,-1.8));
#7796=VECTOR('',#8736,0.4);
#7797=CARTESIAN_POINT('',(-6.65,-0.35,-1.8));
#7798=VECTOR('',#8737,1.49);
#7799=CARTESIAN_POINT('',(-6.65,1.14,-0.8));
#7800=CARTESIAN_POINT('',(-6.65,1.14,-1.8));
#7801=VECTOR('',#8738,1.0);
#7802=CARTESIAN_POINT('',(-6.65,1.14,-0.8));
#7803=VECTOR('',#8739,2.54);
#7804=CARTESIAN_POINT('',(-7.05,1.14,-0.8));
#7805=CARTESIAN_POINT('',(-7.05,1.14,-0.8));
#7806=VECTOR('',#8740,0.4);
#7807=CARTESIAN_POINT('',(-7.05,-1.4,-0.8));
#7808=VECTOR('',#8741,2.54);
#7809=CARTESIAN_POINT('',(-7.05,1.14,-1.8));
#7810=VECTOR('',#8742,1.0);
#7811=CARTESIAN_POINT('',(-7.05,1.49,3.8));
#7812=VECTOR('',#8743,5.6);
#7813=CARTESIAN_POINT('',(-3.35,1.49,10.4));
#7814=VECTOR('',#8744,6.6);
#7815=CARTESIAN_POINT('',(-3.35,-1.4,-0.8));
#7816=CARTESIAN_POINT('',(-3.35,-1.4,3.8));
#7817=VECTOR('',#8745,4.6);
#7818=CARTESIAN_POINT('',(-3.35,1.49,-1.8));
#7819=CARTESIAN_POINT('',(-3.35,1.49,3.8));
#7820=VECTOR('',#8746,5.6);
#7821=CARTESIAN_POINT('',(-3.35,1.14,-1.8));
#7822=CARTESIAN_POINT('',(-3.35,1.14,-1.8));
#7823=VECTOR('',#8747,0.35);
#7824=CARTESIAN_POINT('',(-3.35,1.14,-0.8));
#7825=CARTESIAN_POINT('',(-3.35,1.14,-1.8));
#7826=VECTOR('',#8748,1.0);
#7827=CARTESIAN_POINT('',(-3.35,-1.4,-0.8));
#7828=VECTOR('',#8749,2.54);
#7829=CARTESIAN_POINT('',(-3.75,1.14,-0.8));
#7830=CARTESIAN_POINT('',(-3.35,1.14,-0.8));
#7831=VECTOR('',#8750,0.4);
#7832=CARTESIAN_POINT('',(-3.75,-1.4,-0.8));
#7833=CARTESIAN_POINT('',(-3.75,-1.4,-0.8));
#7834=VECTOR('',#8751,2.54);
#7835=CARTESIAN_POINT('',(-3.35,-1.4,-0.8));
#7836=VECTOR('',#8752,0.4);
#7837=CARTESIAN_POINT('',(-4.65,-1.4,-0.8));
#7838=CARTESIAN_POINT('',(-4.65,-1.4,-1.8));
#7839=VECTOR('',#8753,1.0);
#7840=CARTESIAN_POINT('',(-5.05,-1.4,-0.8));
#7841=CARTESIAN_POINT('',(-5.05,-1.4,-0.8));
#7842=VECTOR('',#8754,0.4);
#7843=CARTESIAN_POINT('',(-5.05,-1.4,3.8));
#7844=VECTOR('',#8755,4.6);
#7845=CARTESIAN_POINT('',(-3.75,-1.4,-1.8));
#7846=VECTOR('',#8756,1.0);
#7847=CARTESIAN_POINT('',(-3.75,1.14,-1.8));
#7848=CARTESIAN_POINT('',(-3.75,1.14,-0.8));
#7849=VECTOR('',#8757,1.0);
#7850=CARTESIAN_POINT('',(-3.75,-0.35,-1.8));
#7851=VECTOR('',#8758,1.49);
#7852=CARTESIAN_POINT('',(-3.35,1.14,-1.8));
#7853=VECTOR('',#8759,0.4);
#7854=CARTESIAN_POINT('',(-3.75,1.49,-1.8));
#7855=CARTESIAN_POINT('',(-3.35,1.49,-1.8));
#7856=VECTOR('',#8760,0.4);
#7857=CARTESIAN_POINT('',(-3.75,2.35,-1.8));
#7858=CARTESIAN_POINT('',(-3.75,1.49,-1.8));
#7859=VECTOR('',#8761,0.86);
#7860=CARTESIAN_POINT('',(-4.65,2.35,-1.8));
#7861=CARTESIAN_POINT('',(-3.75,2.35,-1.8));
#7862=VECTOR('',#8762,0.9);
#7863=CARTESIAN_POINT('',(-4.65,1.49,-1.8));
#7864=CARTESIAN_POINT('',(-4.65,2.35,-1.8));
#7865=VECTOR('',#8763,0.86);
#7866=CARTESIAN_POINT('',(-5.05,1.49,-1.8));
#7867=CARTESIAN_POINT('',(-4.65,1.49,-1.8));
#7868=VECTOR('',#8764,0.4);
#7869=CARTESIAN_POINT('',(-5.05,1.14,-1.8));
#7870=CARTESIAN_POINT('',(-5.05,1.49,-1.8));
#7871=VECTOR('',#8765,0.35);
#7872=CARTESIAN_POINT('',(-4.65,1.14,-1.8));
#7873=CARTESIAN_POINT('',(-5.05,1.14,-1.8));
#7874=VECTOR('',#8766,0.4);
#7875=CARTESIAN_POINT('',(-4.65,-0.35,-1.8));
#7876=VECTOR('',#8767,1.49);
#7877=CARTESIAN_POINT('',(-4.65,1.14,-0.8));
#7878=CARTESIAN_POINT('',(-4.65,1.14,-1.8));
#7879=VECTOR('',#8768,1.0);
#7880=CARTESIAN_POINT('',(-4.65,1.14,-0.8));
#7881=VECTOR('',#8769,2.54);
#7882=CARTESIAN_POINT('',(-5.05,1.14,-0.8));
#7883=CARTESIAN_POINT('',(-5.05,1.14,-0.8));
#7884=VECTOR('',#8770,0.4);
#7885=CARTESIAN_POINT('',(-5.05,-1.4,-0.8));
#7886=VECTOR('',#8771,2.54);
#7887=CARTESIAN_POINT('',(-5.05,1.14,-1.8));
#7888=VECTOR('',#8772,1.0);
#7889=CARTESIAN_POINT('',(-5.05,1.49,3.8));
#7890=VECTOR('',#8773,5.6);
#7891=CARTESIAN_POINT('',(-4.65,1.49,3.8));
#7892=VECTOR('',#8774,5.6);
#7893=CARTESIAN_POINT('',(-4.65,2.35,3.8));
#7894=VECTOR('',#8775,5.6);
#7895=CARTESIAN_POINT('',(-3.75,2.35,3.8));
#7896=VECTOR('',#8776,5.6);
#7897=CARTESIAN_POINT('',(-3.75,1.49,3.8));
#7898=VECTOR('',#8777,5.6);
#7899=CARTESIAN_POINT('',(-10.25,0.45,3.8));
#7900=VECTOR('',#8778,14.2);
#7901=CARTESIAN_POINT('',(2.7,-0.8,7.1));
#7902=CARTESIAN_POINT('',(3.35,-0.8,7.1));
#7903=VECTOR('',#8779,0.65);
#7904=CARTESIAN_POINT('',(2.7,-0.8,7.1));
#7905=VECTOR('',#8780,3.3);
#7906=CARTESIAN_POINT('',(2.7,-1.3,7.1));
#7907=VECTOR('',#8781,0.5);
#7908=CARTESIAN_POINT('',(2.7,-1.8,7.1));
#7909=VECTOR('',#8782,0.5);
#7910=CARTESIAN_POINT('',(-0.3,-2.2,-1.8));
#7911=VECTOR('',#8783,0.4);
#7912=CARTESIAN_POINT('',(-0.3,-1.8,-0.53));
#7913=VECTOR('',#8784,0.5176488730339);
#7914=CARTESIAN_POINT('',(-0.3,1.5,2.574));
#7915=CARTESIAN_POINT('',(-0.3,1.5,5.6));
#7916=VECTOR('',#8785,3.026);
#7917=CARTESIAN_POINT('',(-0.3,0.7,5.6));
#7918=VECTOR('',#8786,0.8);
#7919=CARTESIAN_POINT('',(-0.3,0.7,2.574));
#7920=VECTOR('',#8787,0.8);
#7921=CARTESIAN_POINT('',(-1.747678106418,-1.299886581029,-0.3954951577903));
#7922=VECTOR('',#8788,1.115678121353);
#7923=CARTESIAN_POINT('',(-0.632,-0.09597228928638,-0.07));
#7924=CARTESIAN_POINT('',(-1.750518659626,-0.09597228928638,-0.07));
#7925=VECTOR('',#8789,1.118518659626);
#7926=CARTESIAN_POINT('',(-0.632,-0.09597228928638,-0.07));
#7927=VECTOR('',#8790,1.247321968853);
#7928=CARTESIAN_POINT('',(-0.632,-0.6,1.0));
#7929=AXIS2_PLACEMENT_3D('',#8791,#8792,#8793);
#7930=CARTESIAN_POINT('',(-0.632,-0.7,1.0));
#7931=CARTESIAN_POINT('',(-0.632,-0.7,1.0));
#7932=VECTOR('',#8794,0.1);
#7933=AXIS2_PLACEMENT_3D('',#8795,#8796,#8797);
#7934=CARTESIAN_POINT('',(-0.632,1.22,0.67));
#7935=CARTESIAN_POINT('',(-0.632,1.22,0.67));
#7936=VECTOR('',#8798,1.509762586028);
#7937=CARTESIAN_POINT('',(-0.632,1.5,1.737296518422));
#7938=CARTESIAN_POINT('',(-0.632,1.5,1.737296518422));
#7939=VECTOR('',#8799,1.103413729403);
#7940=CARTESIAN_POINT('',(-0.632,1.5,2.574));
#7941=CARTESIAN_POINT('',(-0.632,1.5,1.737296518422));
#7942=VECTOR('',#8800,0.8367034815782);
#7943=CARTESIAN_POINT('',(-0.632,1.5,2.574));
#7944=VECTOR('',#8801,0.8);
#7945=AXIS2_PLACEMENT_3D('',#8802,#8803,#8804);
#7946=CARTESIAN_POINT('',(-1.766290697401,1.5,1.737296518422));
#7947=VECTOR('',#8805,1.134290697401);
#7948=CARTESIAN_POINT('',(-1.756976541792,1.22,0.67));
#7949=VECTOR('',#8806,1.124976541792);
#7950=CARTESIAN_POINT('',(-1.759856408163,-0.7,1.0));
#7951=VECTOR('',#8807,1.127856408163);
#7952=CARTESIAN_POINT('',(-1.759856408163,-0.6,1.0));
#7953=VECTOR('',#8808,1.127856408163);
#7954=CARTESIAN_POINT('',(-0.1399046414254,2.036272267085,-9.687421767621));
#7955=CARTESIAN_POINT('',(-0.3,2.8,5.6));
#7956=VECTOR('',#8809,15.30732422323);
#7957=CARTESIAN_POINT('',(-0.1324422668432,1.287206441334,-10.4));
#7958=CARTESIAN_POINT('',(-0.1399046414254,2.036272267085,-9.687421767621));
#7959=CARTESIAN_POINT('',(-0.1386609463407,2.030339275424,-9.806181558529));
#7960=CARTESIAN_POINT('',(-0.1366958364865,1.971027605815,-9.993828867158));
#7961=CARTESIAN_POINT('',(-0.134493740117,1.814330179481,-10.20410589376));
#7962=CARTESIAN_POINT('',(-0.1329646196651,1.596497375573,-10.35012080318));
#7963=CARTESIAN_POINT('',(-0.1324422668432,1.406120843759,-10.4));
#7964=CARTESIAN_POINT('',(-0.1324422668432,1.287206441334,-10.4));
#7965=CARTESIAN_POINT('',(-0.1324422668432,0.192187633765,-10.4));
#7966=CARTESIAN_POINT('',(-0.1324422668432,1.287206441334,-10.4));
#7967=VECTOR('',#8810,1.095018807569);
#7968=CARTESIAN_POINT('',(-0.1476271864106,-1.663727732915,-8.95));
#7969=CARTESIAN_POINT('',(-0.1324422668432,0.192187633765,-10.4));
#7970=VECTOR('',#8811,2.355239357276);
#7971=CARTESIAN_POINT('',(-0.1580995447329,-1.663727732915,-7.95));
#7972=CARTESIAN_POINT('',(-0.1476271864106,-1.663727732915,-8.95));
#7973=VECTOR('',#8812,1.000054833641);
#7974=CARTESIAN_POINT('',(-0.1580995447329,-0.06372773291499,-7.95));
#7975=CARTESIAN_POINT('',(-0.1580995447329,-1.663727732915,-7.95));
#7976=VECTOR('',#8813,1.6);
#7977=CARTESIAN_POINT('',(-0.1580995447329,-0.06372773291499,-7.95));
#7978=VECTOR('',#8814,8.763269851272);
#7979=CARTESIAN_POINT('',(1.058099544733,-0.06372773291499,-7.95));
#7980=CARTESIAN_POINT('',(1.058099544733,-0.06372773291499,-7.95));
#7981=VECTOR('',#8815,1.216199089466);
#7982=CARTESIAN_POINT('',(1.058099544733,-0.06372773291499,-7.95));
#7983=VECTOR('',#8816,8.763269851272);
#7984=CARTESIAN_POINT('',(1.058099544733,-1.663727732915,-7.95));
#7985=CARTESIAN_POINT('',(1.058099544733,-1.663727732915,-7.95));
#7986=VECTOR('',#8817,1.6);
#7987=CARTESIAN_POINT('',(1.047627186411,-1.663727732915,-8.95));
#7988=CARTESIAN_POINT('',(1.047627186411,-1.663727732915,-8.95));
#7989=VECTOR('',#8818,1.000054833641);
#7990=CARTESIAN_POINT('',(1.032442266843,0.192187633765,-10.4));
#7991=CARTESIAN_POINT('',(1.032442266843,0.192187633765,-10.4));
#7992=VECTOR('',#8819,2.355239357276);
#7993=CARTESIAN_POINT('',(1.032442266843,1.287206441334,-10.4));
#7994=CARTESIAN_POINT('',(1.032442266843,1.287206441334,-10.4));
#7995=VECTOR('',#8820,1.095018807569);
#7996=CARTESIAN_POINT('',(1.039904641425,2.036272267085,-9.687421767621));
#7997=CARTESIAN_POINT('',(1.039904641425,2.036272267085,-9.687421767621));
#7998=CARTESIAN_POINT('',(1.038660946341,2.030339275424,-9.806181558529));
#7999=CARTESIAN_POINT('',(1.036695836487,1.971027605815,-9.993828867158));
#8000=CARTESIAN_POINT('',(1.034493740117,1.814330179481,-10.20410589376));
#8001=CARTESIAN_POINT('',(1.032964619665,1.596497375573,-10.35012080318));
#8002=CARTESIAN_POINT('',(1.032442266843,1.406120843759,-10.4));
#8003=CARTESIAN_POINT('',(1.032442266843,1.287206441334,-10.4));
#8004=CARTESIAN_POINT('',(1.2,2.8,5.6));
#8005=VECTOR('',#8821,15.30732422323);
#8006=CARTESIAN_POINT('',(1.039904641425,2.036272267085,-9.687421767621));
#8007=VECTOR('',#8822,1.179809282851);
#8008=CARTESIAN_POINT('',(1.2,2.8,5.6));
#8009=VECTOR('',#8823,1.5);
#8010=CARTESIAN_POINT('',(3.1,2.8,6.7));
#8011=VECTOR('',#8824,5.3);
#8012=CARTESIAN_POINT('',(3.1,3.05,6.7));
#8013=VECTOR('',#8825,5.3);
#8014=CARTESIAN_POINT('',(3.1,3.05,7.8));
#8015=VECTOR('',#8826,5.3);
#8016=CARTESIAN_POINT('',(3.1,3.3,7.8));
#8017=VECTOR('',#8827,5.3);
#8018=CARTESIAN_POINT('',(3.1,3.3,8.9));
#8019=VECTOR('',#8828,5.3);
#8020=CARTESIAN_POINT('',(3.1,3.55,8.9));
#8021=VECTOR('',#8829,5.3);
#8022=CARTESIAN_POINT('',(1.032442266843,1.287206441334,-10.4));
#8023=VECTOR('',#8830,1.164884533686);
#8024=CARTESIAN_POINT('',(1.032442266843,0.192187633765,-10.4));
#8025=VECTOR('',#8831,1.164884533686);
#8026=CARTESIAN_POINT('',(1.047627186411,-1.663727732915,-8.95));
#8027=VECTOR('',#8832,1.195254372821);
#8028=CARTESIAN_POINT('',(1.058099544733,-1.663727732915,-7.95));
#8029=VECTOR('',#8833,1.216199089466);
#8030=CARTESIAN_POINT('',(7.4,-2.8,-1.1));
#8031=CARTESIAN_POINT('',(7.4,-2.8,10.4));
#8032=VECTOR('',#8834,11.5);
#8033=CARTESIAN_POINT('',(7.8,-3.2,-1.1));
#8034=VECTOR('',#8835,0.5656854249492);
#8035=CARTESIAN_POINT('',(-3.5,-2.8,-1.1));
#8036=CARTESIAN_POINT('',(-3.1,-3.2,-1.1));
#8037=VECTOR('',#8836,0.5656854249492);
#8038=CARTESIAN_POINT('',(-6.5,-2.8,-1.1));
#8039=CARTESIAN_POINT('',(-3.5,-2.8,-1.1));
#8040=VECTOR('',#8837,3.0);
#8041=CARTESIAN_POINT('',(-6.5,-2.8,-1.1));
#8042=VECTOR('',#8838,0.5656854249492);
#8043=CARTESIAN_POINT('',(4.4,-2.8,-1.1));
#8044=CARTESIAN_POINT('',(7.4,-2.8,-1.1));
#8045=VECTOR('',#8839,3.0);
#8046=CARTESIAN_POINT('',(4.4,-2.8,-1.1));
#8047=VECTOR('',#8840,0.5656854249492);
#8048=CARTESIAN_POINT('',(-6.5,-2.8,10.4));
#8049=VECTOR('',#8841,11.5);
#8050=CARTESIAN_POINT('',(-3.5,-2.8,10.4));
#8051=VECTOR('',#8842,11.5);
#8052=CARTESIAN_POINT('',(4.4,-2.8,10.4));
#8053=VECTOR('',#8843,11.5);
#8054=CARTESIAN_POINT('',(2.15,-3.1,10.4));
#8055=VECTOR('',#8844,15.0);
#8056=CARTESIAN_POINT('',(0.95,-3.1,10.4));
#8057=VECTOR('',#8845,15.0);
#8058=CARTESIAN_POINT('',(-0.05,-3.1,10.4));
#8059=VECTOR('',#8846,15.0);
#8060=DIRECTION('',(0.0,0.0,-1.0));
#8061=DIRECTION('',(1.0,0.0,0.0));
#8062=DIRECTION('',(0.0,0.0,-1.0));
#8063=DIRECTION('',(1.0,0.0,0.0));
#8064=DIRECTION('',(0.0,0.0,-1.0));
#8065=DIRECTION('',(1.0,0.0,0.0));
#8066=DIRECTION('',(0.0,0.0,1.0));
#8067=DIRECTION('',(-1.0,0.0,0.0));
#8068=DIRECTION('',(0.0,0.0,-1.0));
#8069=DIRECTION('',(1.0,0.0,0.0));
#8070=DIRECTION('',(0.0,0.0,-1.0));
#8071=DIRECTION('',(-1.0,0.0,0.0));
#8072=DIRECTION('',(0.0,0.0,-1.0));
#8073=DIRECTION('',(1.0,0.0,0.0));
#8074=DIRECTION('',(0.0,0.0,-1.0));
#8075=DIRECTION('',(1.0,0.0,0.0));
#8076=DIRECTION('',(0.0,0.0,-1.0));
#8077=DIRECTION('',(1.0,0.0,0.0));
#8078=DIRECTION('',(0.0,0.0,-1.0));
#8079=DIRECTION('',(1.0,0.0,0.0));
#8080=DIRECTION('',(0.0,0.0,-1.0));
#8081=DIRECTION('',(1.0,0.0,0.0));
#8082=DIRECTION('',(0.0,0.0,-1.0));
#8083=DIRECTION('',(1.0,0.0,0.0));
#8084=DIRECTION('',(0.0,1.0,-1.7763568394E-14));
#8085=DIRECTION('',(-1.0,0.0,0.0));
#8086=DIRECTION('',(0.0,-1.0,0.0));
#8087=DIRECTION('',(0.0,1.0,-1.7763568394E-14));
#8088=DIRECTION('',(-1.0,0.0,0.0));
#8089=DIRECTION('',(0.0,-1.0,0.0));
#8090=DIRECTION('',(0.0,0.0,-1.0));
#8091=DIRECTION('',(0.0,1.0,0.0));
#8092=DIRECTION('',(-1.0,0.0,0.0));
#8093=DIRECTION('',(0.0,1.0,0.0));
#8094=DIRECTION('',(1.0,0.0,0.0));
#8095=DIRECTION('',(0.0,-1.0,0.0));
#8096=DIRECTION('',(1.0,0.0,0.0));
#8097=DIRECTION('',(0.0,-1.0,0.0));
#8098=DIRECTION('',(1.0,0.0,0.0));
#8099=DIRECTION('',(0.0,-1.0,0.0));
#8100=DIRECTION('',(1.0,0.0,0.0));
#8101=DIRECTION('',(0.0,1.0,0.0));
#8102=DIRECTION('',(-0.707106781186548,-0.707106781186548,0.0));
#8103=DIRECTION('',(-1.0,0.0,0.0));
#8104=DIRECTION('',(-0.707106781186548,0.707106781186548,0.0));
#8105=DIRECTION('',(-1.0,0.0,0.0));
#8106=DIRECTION('',(0.0,1.0,0.0));
#8107=DIRECTION('',(0.0,1.0,0.0));
#8108=DIRECTION('',(-1.0,0.0,0.0));
#8109=DIRECTION('',(0.0,1.0,0.0));
#8110=DIRECTION('',(-0.707106781186548,-0.707106781186548,0.0));
#8111=DIRECTION('',(-1.0,0.0,0.0));
#8112=DIRECTION('',(-0.707106781186548,0.707106781186548,0.0));
#8113=DIRECTION('',(0.0,1.0,0.0));
#8114=DIRECTION('',(1.0,0.0,0.0));
#8115=DIRECTION('',(0.0,-1.0,0.0));
#8116=DIRECTION('',(1.0,0.0,0.0));
#8117=DIRECTION('',(0.0,-1.0,0.0));
#8118=DIRECTION('',(-1.0,0.0,0.0));
#8119=DIRECTION('',(0.0,-1.0,0.0));
#8120=DIRECTION('',(-1.0,0.0,0.0));
#8121=DIRECTION('',(0.0,-1.0,0.0));
#8122=DIRECTION('',(0.0,0.965905710703775,0.258894105822893));
#8123=DIRECTION('',(0.0,0.0,1.0));
#8124=DIRECTION('',(0.0,1.0,0.0));
#8125=DIRECTION('',(0.0,0.0,-1.0));
#8126=DIRECTION('',(0.0,0.0,-1.0));
#8127=DIRECTION('',(0.0,0.0,1.0));
#8128=DIRECTION('',(0.0,1.0,0.0));
#8129=DIRECTION('',(0.0,0.0,-1.0));
#8130=DIRECTION('',(0.0,1.0,0.0));
#8131=DIRECTION('',(-1.0,0.0,0.0));
#8132=DIRECTION('',(0.0,1.54381614468905E-05,-0.999999999880832));
#8133=DIRECTION('',(0.999999008616085,9.27924320504286E-05,0.00140504676519798));
#8134=DIRECTION('',(0.0,0.0,-1.0));
#8135=DIRECTION('',(0.0,0.0,1.0));
#8136=DIRECTION('',(0.00872653549837275,0.0,0.999961923064171));
#8137=DIRECTION('',(0.0,0.0,1.0));
#8138=DIRECTION('',(0.0,0.0,-1.0));
#8139=DIRECTION('',(0.0,0.0,1.0));
#8140=DIRECTION('',(-0.999999098910978,-0.000189417205424796,0.00132902157780597));
#8141=DIRECTION('',(0.0,3.15135199769015E-05,0.999999999503449));
#8142=DIRECTION('',(1.0,0.0,0.0));
#8143=DIRECTION('',(-0.00872653549837275,0.0,0.999961923064171));
#8144=DIRECTION('',(0.0,1.0,0.0));
#8145=DIRECTION('',(0.00872653549837275,0.0,0.999961923064171));
#8146=DIRECTION('',(0.00226653161307201,0.965681629105004,0.259718798017301));
#8147=DIRECTION('',(-0.0022776490885719,-0.965338078000857,-0.260992734527688));
#8148=DIRECTION('',(-0.00427737655450612,-0.871633899878125,-0.490138805475614));
#8149=DIRECTION('',(-0.0084409170768769,-0.253748904413597,-0.967233293692789));
#8150=DIRECTION('',(0.00872653549837275,0.0,0.999961923064171));
#8151=DIRECTION('',(0.0,1.0,0.0));
#8152=DIRECTION('',(0.00872653549837275,0.0,0.999961923064171));
#8153=DIRECTION('',(0.0,1.0,0.0));
#8154=DIRECTION('',(-1.0,0.0,0.0));
#8155=CARTESIAN_POINT('',(1.532,-0.7,1.6));
#8156=DIRECTION('',(-1.0,0.0,0.0));
#8157=DIRECTION('',(0.0,0.0,-1.0));
#8158=DIRECTION('',(0.0,-1.0,0.0));
#8159=DIRECTION('',(0.0,0.0,1.0));
#8160=DIRECTION('',(0.0,-0.253757944584795,-0.96726775277588));
#8161=DIRECTION('',(0.0,-0.871641873672772,-0.490143289314685));
#8162=DIRECTION('',(0.0,-0.96534062720781,-0.260993244092703));
#8163=DIRECTION('',(0.0,1.0,0.0));
#8164=CARTESIAN_POINT('',(1.532,-0.6,2.3));
#8165=DIRECTION('',(-1.0,0.0,0.0));
#8166=DIRECTION('',(0.0,1.0,0.0));
#8167=DIRECTION('',(0.0,0.0,1.0));
#8168=DIRECTION('',(-1.0,0.0,0.0));
#8169=DIRECTION('',(0.0,0.0,1.0));
#8170=DIRECTION('',(-1.0,0.0,0.0));
#8171=DIRECTION('',(0.0,0.0,-1.0));
#8172=DIRECTION('',(1.0,0.0,0.0));
#8173=DIRECTION('',(0.0,0.0,-1.0));
#8174=DIRECTION('',(-1.0,0.0,0.0));
#8175=DIRECTION('',(0.0,0.0,1.0));
#8176=DIRECTION('',(1.0,0.0,0.0));
#8177=DIRECTION('',(-0.00872653549837275,0.0,0.999961923064171));
#8178=DIRECTION('',(1.0,0.0,0.0));
#8179=DIRECTION('',(0.0,0.0,1.0));
#8180=CARTESIAN_POINT('',(-0.466,0.7,2.574));
#8181=DIRECTION('',(0.0,1.0,0.0));
#8182=DIRECTION('',(-1.0,0.0,0.0));
#8183=DIRECTION('',(0.0,0.0,1.0));
#8184=DIRECTION('',(-0.0104717841162501,0.0,0.999945169365512));
#8185=DIRECTION('',(-1.0,0.0,0.0));
#8186=DIRECTION('',(0.0104717841162501,0.0,0.999945169365512));
#8187=CARTESIAN_POINT('',(1.366,0.7,2.574));
#8188=DIRECTION('',(0.0,1.0,0.0));
#8189=DIRECTION('',(-1.0,0.0,0.0));
#8190=DIRECTION('',(-1.0,0.0,0.0));
#8191=DIRECTION('',(-1.0,0.0,0.0));
#8192=CARTESIAN_POINT('',(1.366,1.5,2.574));
#8193=DIRECTION('',(0.0,1.0,0.0));
#8194=DIRECTION('',(-1.0,0.0,2.140188963133E-14));
#8195=DIRECTION('',(-1.0,0.0,0.0));
#8196=DIRECTION('',(1.0,0.0,0.0));
#8197=DIRECTION('',(0.0,-1.0,0.0));
#8198=DIRECTION('',(-1.0,0.0,0.0));
#8199=DIRECTION('',(0.0,1.0,0.0));
#8200=DIRECTION('',(0.0,0.0,-1.0));
#8201=DIRECTION('',(0.0,-1.0,0.0));
#8202=DIRECTION('',(0.0,0.0,-1.0));
#8203=DIRECTION('',(0.0,-1.0,0.0));
#8204=DIRECTION('',(0.0,0.0,-1.0));
#8205=DIRECTION('',(0.0,-1.0,0.0));
#8206=DIRECTION('',(0.0,0.0,-1.0));
#8207=DIRECTION('',(0.0,1.0,0.0));
#8208=DIRECTION('',(-1.0,0.0,0.0));
#8209=DIRECTION('',(0.0,1.0,0.0));
#8210=DIRECTION('',(-1.0,0.0,0.0));
#8211=DIRECTION('',(0.0,1.0,0.0));
#8212=DIRECTION('',(0.0,1.0,0.0));
#8213=DIRECTION('',(0.0,-1.0,0.0));
#8214=DIRECTION('',(0.0,0.0,-1.0));
#8215=DIRECTION('',(-1.0,0.0,0.0));
#8216=DIRECTION('',(0.0,0.0,-1.0));
#8217=DIRECTION('',(0.0,1.0,0.0));
#8218=DIRECTION('',(0.0,0.0,-1.0));
#8219=DIRECTION('',(0.0,-1.0,0.0));
#8220=DIRECTION('',(0.0,0.0,-1.0));
#8221=DIRECTION('',(0.0,-1.0,0.0));
#8222=DIRECTION('',(0.0,0.0,-1.0));
#8223=DIRECTION('',(0.0,-1.0,0.0));
#8224=DIRECTION('',(0.0,0.0,-1.0));
#8225=DIRECTION('',(0.0,1.0,0.0));
#8226=DIRECTION('',(1.0,0.0,0.0));
#8227=DIRECTION('',(0.0,-1.0,0.0));
#8228=DIRECTION('',(-1.0,0.0,0.0));
#8229=DIRECTION('',(0.0,1.0,0.0));
#8230=DIRECTION('',(0.0,1.0,0.0));
#8231=DIRECTION('',(-0.00872653549837275,0.0,0.999961923064171));
#8232=DIRECTION('',(0.0084409170768759,-0.253748904413597,-0.967233293692789));
#8233=DIRECTION('',(0.00427737655450512,-0.871633899878125,-0.490138805475614));
#8234=DIRECTION('',(0.00227764899995306,-0.965338080746527,-0.260992724373007));
#8235=DIRECTION('',(-0.00226653159842902,0.965681629556308,0.259718796339402));
#8236=DIRECTION('',(0.00872653549837275,0.0,-0.999961923064171));
#8237=DIRECTION('',(0.0,1.0,-3.5527136788E-14));
#8238=DIRECTION('',(0.0,0.0,-1.0));
#8239=DIRECTION('',(0.0,1.0,0.0));
#8240=DIRECTION('',(1.0,0.0,0.0));
#8241=DIRECTION('',(0.0,1.0,0.0));
#8242=DIRECTION('',(1.0,0.0,0.0));
#8243=DIRECTION('',(0.0,1.0,0.0));
#8244=DIRECTION('',(0.0,0.0,1.0));
#8245=DIRECTION('',(0.0,0.0,-1.0));
#8246=DIRECTION('',(0.0,1.0,0.0));
#8247=DIRECTION('',(0.0,0.0,1.0));
#8248=DIRECTION('',(0.0,1.0,0.0));
#8249=DIRECTION('',(0.0,0.0,1.0));
#8250=DIRECTION('',(0.0,-1.0,0.0));
#8251=DIRECTION('',(0.0,0.0,-1.0));
#8252=DIRECTION('',(0.0,-1.0,0.0));
#8253=DIRECTION('',(0.0,0.0,-1.0));
#8254=DIRECTION('',(0.0,0.0,1.0));
#8255=DIRECTION('',(0.0,0.0,1.0));
#8256=DIRECTION('',(-1.0,0.0,0.0));
#8257=DIRECTION('',(0.0,0.0,-1.0));
#8258=DIRECTION('',(-1.0,0.0,0.0));
#8259=DIRECTION('',(-1.0,0.0,0.0));
#8260=DIRECTION('',(0.0,0.0,1.0));
#8261=DIRECTION('',(1.0,0.0,0.0));
#8262=DIRECTION('',(-1.0,0.0,0.0));
#8263=DIRECTION('',(-0.999999996286587,-8.32425129975189E-05,-2.23049539754797E-05));
#8264=DIRECTION('',(-1.0,0.0,0.0));
#8265=DIRECTION('',(-1.0,0.0,0.0));
#8266=DIRECTION('',(0.0,1.0,0.0));
#8267=DIRECTION('',(-1.0,0.0,0.0));
#8268=DIRECTION('',(0.0,0.0,-1.0));
#8269=DIRECTION('',(1.0,0.0,0.0));
#8270=DIRECTION('',(0.0,0.0,-1.0));
#8271=DIRECTION('',(-1.0,0.0,0.0));
#8272=DIRECTION('',(0.0,0.0,1.0));
#8273=DIRECTION('',(-1.0,0.0,0.0));
#8274=DIRECTION('',(0.0,0.0,1.0));
#8275=DIRECTION('',(-1.0,0.0,0.0));
#8276=DIRECTION('',(0.0,0.0,1.0));
#8277=DIRECTION('',(-1.0,0.0,0.0));
#8278=DIRECTION('',(1.0,0.0,0.0));
#8279=DIRECTION('',(0.0,0.0,-1.0));
#8280=DIRECTION('',(0.0,0.0,1.0));
#8281=DIRECTION('',(-1.0,0.0,0.0));
#8282=DIRECTION('',(0.0,0.0,1.0));
#8283=DIRECTION('',(-1.0,0.0,0.0));
#8284=DIRECTION('',(0.0,0.0,1.0));
#8285=DIRECTION('',(-1.0,0.0,0.0));
#8286=DIRECTION('',(0.0,0.0,1.0));
#8287=DIRECTION('',(-1.0,0.0,0.0));
#8288=DIRECTION('',(0.0,0.707106781186548,0.707106781186548));
#8289=DIRECTION('',(-1.0,0.0,0.0));
#8290=DIRECTION('',(0.0,-0.707106781186548,-0.707106781186548));
#8291=DIRECTION('',(0.0,1.0,0.0));
#8292=DIRECTION('',(0.0,-1.0,0.0));
#8293=DIRECTION('',(0.0,-1.0,0.0));
#8294=DIRECTION('',(0.0,1.0,0.0));
#8295=DIRECTION('',(0.0,0.707106781186548,0.707106781186548));
#8296=DIRECTION('',(-1.0,0.0,0.0));
#8297=DIRECTION('',(0.0,-0.707106781186548,-0.707106781186548));
#8298=DIRECTION('',(0.0,1.0,0.0));
#8299=DIRECTION('',(0.0,0.0,-1.0));
#8300=DIRECTION('',(0.0,-1.0,0.0));
#8301=DIRECTION('',(0.0,0.0,1.0));
#8302=DIRECTION('',(0.0,1.0,0.0));
#8303=DIRECTION('',(0.0,0.0,1.0));
#8304=DIRECTION('',(0.0,1.0,0.0));
#8305=DIRECTION('',(1.0,0.0,0.0));
#8306=DIRECTION('',(0.0,1.0,0.0));
#8307=DIRECTION('',(0.0,-1.0,0.0));
#8308=DIRECTION('',(1.0,0.0,0.0));
#8309=DIRECTION('',(0.0,1.0,0.0));
#8310=DIRECTION('',(0.0,0.0,1.0));
#8311=DIRECTION('',(0.0,1.0,0.0));
#8312=DIRECTION('',(0.0,-1.0,0.0));
#8313=DIRECTION('',(-1.0,0.0,0.0));
#8314=DIRECTION('',(0.0,1.0,0.0));
#8315=DIRECTION('',(1.0,0.0,0.0));
#8316=DIRECTION('',(0.0,-1.0,0.0));
#8317=DIRECTION('',(-1.0,0.0,0.0));
#8318=DIRECTION('',(0.0,1.0,0.0));
#8319=DIRECTION('',(1.0,0.0,0.0));
#8320=DIRECTION('',(0.0,-1.0,0.0));
#8321=DIRECTION('',(-1.0,0.0,0.0));
#8322=DIRECTION('',(0.0,1.0,0.0));
#8323=DIRECTION('',(1.0,0.0,0.0));
#8324=DIRECTION('',(0.0,-1.0,0.0));
#8325=DIRECTION('',(-1.0,0.0,0.0));
#8326=DIRECTION('',(0.0,-1.0,0.0));
#8327=DIRECTION('',(-1.0,0.0,0.0));
#8328=DIRECTION('',(0.0,1.0,0.0));
#8329=DIRECTION('',(1.0,0.0,0.0));
#8330=DIRECTION('',(0.0,-1.0,0.0));
#8331=DIRECTION('',(-1.0,0.0,0.0));
#8332=DIRECTION('',(0.0,1.0,0.0));
#8333=DIRECTION('',(1.0,0.0,0.0));
#8334=DIRECTION('',(0.0,-1.0,0.0));
#8335=DIRECTION('',(-1.0,0.0,0.0));
#8336=DIRECTION('',(0.0,-1.0,0.0));
#8337=DIRECTION('',(0.0,1.0,0.0));
#8338=DIRECTION('',(-1.0,0.0,0.0));
#8339=DIRECTION('',(0.0,1.0,0.0));
#8340=DIRECTION('',(1.0,0.0,0.0));
#8341=DIRECTION('',(1.0,0.0,0.0));
#8342=DIRECTION('',(1.0,0.0,0.0));
#8343=DIRECTION('',(1.0,0.0,0.0));
#8344=DIRECTION('',(-1.0,0.0,0.0));
#8345=DIRECTION('',(1.0,0.0,0.0));
#8346=DIRECTION('',(0.0,0.0,1.0));
#8347=DIRECTION('',(0.0,-1.0,0.0));
#8348=DIRECTION('',(1.0,0.0,0.0));
#8349=DIRECTION('',(0.0,1.0,0.0));
#8350=DIRECTION('',(0.0,1.0,0.0));
#8351=DIRECTION('',(0.0,1.0,0.0));
#8352=DIRECTION('',(0.0,0.0,-1.0));
#8353=DIRECTION('',(0.0,0.0,-1.0));
#8354=DIRECTION('',(0.0,-1.0,0.0));
#8355=DIRECTION('',(0.0,0.0,-1.0));
#8356=DIRECTION('',(0.0,-1.0,0.0));
#8357=DIRECTION('',(0.0,0.0,1.0));
#8358=DIRECTION('',(0.0,0.0,1.0));
#8359=DIRECTION('',(-1.0,0.0,0.0));
#8360=DIRECTION('',(0.0,0.0,1.0));
#8361=DIRECTION('',(0.0,0.0,1.0));
#8362=DIRECTION('',(1.0,0.0,0.0));
#8363=DIRECTION('',(1.0,0.0,0.0));
#8364=DIRECTION('',(1.0,0.0,0.0));
#8365=DIRECTION('',(0.0,1.0,0.0));
#8366=DIRECTION('',(-1.0,0.0,0.0));
#8367=DIRECTION('',(0.0,1.0,0.0));
#8368=DIRECTION('',(-1.0,0.0,0.0));
#8369=DIRECTION('',(0.0,1.0,0.0));
#8370=DIRECTION('',(-1.0,0.0,0.0));
#8371=DIRECTION('',(0.0,-1.0,0.0));
#8372=DIRECTION('',(-1.0,0.0,0.0));
#8373=DIRECTION('',(0.0,-1.0,0.0));
#8374=DIRECTION('',(1.0,0.0,0.0));
#8375=DIRECTION('',(0.0,1.0,0.0));
#8376=DIRECTION('',(0.0,0.0,1.0));
#8377=DIRECTION('',(0.0,-1.0,0.0));
#8378=DIRECTION('',(0.0,0.0,1.0));
#8379=DIRECTION('',(1.0,0.0,0.0));
#8380=DIRECTION('',(0.0,0.0,-1.0));
#8381=DIRECTION('',(1.0,0.0,0.0));
#8382=DIRECTION('',(0.0,0.0,-1.0));
#8383=DIRECTION('',(-1.0,0.0,0.0));
#8384=DIRECTION('',(0.0,0.0,1.0));
#8385=DIRECTION('',(0.0,1.0,0.0));
#8386=DIRECTION('',(0.0,0.0,-1.0));
#8387=DIRECTION('',(-1.0,0.0,0.0));
#8388=DIRECTION('',(0.0,0.0,1.0));
#8389=DIRECTION('',(0.0,1.0,0.0));
#8390=DIRECTION('',(0.0,0.0,-1.0));
#8391=DIRECTION('',(0.0,1.0,0.0));
#8392=DIRECTION('',(0.0,0.0,-1.0));
#8393=DIRECTION('',(-1.0,0.0,0.0));
#8394=DIRECTION('',(0.0,-1.0,0.0));
#8395=DIRECTION('',(-1.0,0.0,0.0));
#8396=DIRECTION('',(0.0,1.0,0.0));
#8397=DIRECTION('',(0.0,-1.0,0.0));
#8398=DIRECTION('',(-1.0,0.0,0.0));
#8399=DIRECTION('',(0.0,-1.0,0.0));
#8400=DIRECTION('',(1.0,0.0,0.0));
#8401=DIRECTION('',(-1.0,0.0,0.0));
#8402=DIRECTION('',(0.0,-1.0,0.0));
#8403=DIRECTION('',(1.0,0.0,0.0));
#8404=DIRECTION('',(-1.0,0.0,0.0));
#8405=DIRECTION('',(0.0,-1.0,0.0));
#8406=DIRECTION('',(-1.0,0.0,0.0));
#8407=DIRECTION('',(0.0,1.0,0.0));
#8408=DIRECTION('',(-1.0,0.0,0.0));
#8409=DIRECTION('',(0.0,1.0,0.0));
#8410=DIRECTION('',(1.0,0.0,0.0));
#8411=DIRECTION('',(0.0,1.0,0.0));
#8412=DIRECTION('',(-1.0,0.0,0.0));
#8413=DIRECTION('',(0.0,-1.0,0.0));
#8414=DIRECTION('',(-1.0,0.0,0.0));
#8415=DIRECTION('',(0.0,1.0,0.0));
#8416=DIRECTION('',(-1.0,0.0,0.0));
#8417=DIRECTION('',(0.0,1.0,0.0));
#8418=DIRECTION('',(1.0,0.0,0.0));
#8419=DIRECTION('',(0.0,1.0,0.0));
#8420=DIRECTION('',(0.0,0.0,1.0));
#8421=DIRECTION('',(0.0,-1.0,0.0));
#8422=DIRECTION('',(0.0,0.0,-1.0));
#8423=DIRECTION('',(0.0,0.0,-1.0));
#8424=DIRECTION('',(0.0,1.0,0.0));
#8425=DIRECTION('',(1.0,0.0,0.0));
#8426=DIRECTION('',(0.0,-1.0,0.0));
#8427=DIRECTION('',(1.0,0.0,0.0));
#8428=DIRECTION('',(0.0,0.0,1.0));
#8429=DIRECTION('',(1.0,0.0,0.0));
#8430=DIRECTION('',(0.0,1.0,0.0));
#8431=DIRECTION('',(-1.0,0.0,0.0));
#8432=DIRECTION('',(0.0,1.0,0.0));
#8433=DIRECTION('',(-1.0,0.0,0.0));
#8434=DIRECTION('',(0.0,1.0,0.0));
#8435=DIRECTION('',(-1.0,0.0,0.0));
#8436=DIRECTION('',(0.0,-1.0,0.0));
#8437=DIRECTION('',(-1.0,0.0,0.0));
#8438=DIRECTION('',(0.0,1.0,0.0));
#8439=DIRECTION('',(0.0,0.0,1.0));
#8440=DIRECTION('',(0.0,0.0,-1.0));
#8441=DIRECTION('',(-1.0,0.0,0.0));
#8442=DIRECTION('',(0.0,0.0,1.0));
#8443=DIRECTION('',(0.0,1.0,0.0));
#8444=DIRECTION('',(0.0,0.0,-1.0));
#8445=DIRECTION('',(-1.0,0.0,0.0));
#8446=DIRECTION('',(0.0,0.0,1.0));
#8447=DIRECTION('',(0.0,0.0,-1.0));
#8448=DIRECTION('',(0.0,1.0,0.0));
#8449=DIRECTION('',(0.0,0.0,-1.0));
#8450=DIRECTION('',(0.0,0.0,-1.0));
#8451=DIRECTION('',(0.0,0.0,-1.0));
#8452=DIRECTION('',(0.0,0.0,-1.0));
#8453=DIRECTION('',(0.0,0.0,1.0));
#8454=DIRECTION('',(0.0,-1.0,0.0));
#8455=DIRECTION('',(0.0,0.0,-1.0));
#8456=DIRECTION('',(0.0,0.0,-1.0));
#8457=DIRECTION('',(0.0,1.0,0.0));
#8458=DIRECTION('',(1.0,0.0,0.0));
#8459=DIRECTION('',(0.0,-1.0,0.0));
#8460=DIRECTION('',(1.0,0.0,0.0));
#8461=DIRECTION('',(0.0,0.0,1.0));
#8462=DIRECTION('',(1.0,0.0,0.0));
#8463=DIRECTION('',(0.0,1.0,0.0));
#8464=DIRECTION('',(-1.0,0.0,0.0));
#8465=DIRECTION('',(0.0,1.0,0.0));
#8466=DIRECTION('',(-1.0,0.0,0.0));
#8467=DIRECTION('',(0.0,1.0,0.0));
#8468=DIRECTION('',(-1.0,0.0,0.0));
#8469=DIRECTION('',(0.0,-1.0,0.0));
#8470=DIRECTION('',(-1.0,0.0,0.0));
#8471=DIRECTION('',(0.0,1.0,0.0));
#8472=DIRECTION('',(0.0,0.0,1.0));
#8473=DIRECTION('',(0.0,0.0,-1.0));
#8474=DIRECTION('',(-1.0,0.0,0.0));
#8475=DIRECTION('',(0.0,0.0,1.0));
#8476=DIRECTION('',(0.0,1.0,0.0));
#8477=DIRECTION('',(0.0,0.0,-1.0));
#8478=DIRECTION('',(-1.0,0.0,0.0));
#8479=DIRECTION('',(0.0,0.0,1.0));
#8480=DIRECTION('',(0.0,0.0,-1.0));
#8481=DIRECTION('',(0.0,1.0,0.0));
#8482=DIRECTION('',(0.0,0.0,-1.0));
#8483=DIRECTION('',(0.0,0.0,-1.0));
#8484=DIRECTION('',(0.0,0.0,-1.0));
#8485=DIRECTION('',(0.0,0.0,-1.0));
#8486=DIRECTION('',(0.0,0.0,-1.0));
#8487=DIRECTION('',(0.0,0.0,-1.0));
#8488=DIRECTION('',(0.0,0.0,-1.0));
#8489=DIRECTION('',(0.0,0.0,-1.0));
#8490=DIRECTION('',(0.0,0.0,1.0));
#8491=DIRECTION('',(0.0,0.0,-1.0));
#8492=DIRECTION('',(0.0,0.0,1.0));
#8493=DIRECTION('',(0.0,1.0,0.0));
#8494=DIRECTION('',(1.0,0.0,0.0));
#8495=DIRECTION('',(0.0,0.0,-1.0));
#8496=DIRECTION('',(0.0,0.0,-1.0));
#8497=DIRECTION('',(-1.0,0.0,0.0));
#8498=DIRECTION('',(0.0,1.0,0.0));
#8499=DIRECTION('',(0.0,0.0,-1.0));
#8500=DIRECTION('',(0.0,1.0,0.0));
#8501=DIRECTION('',(-1.0,0.0,0.0));
#8502=DIRECTION('',(1.0,0.0,0.0));
#8503=DIRECTION('',(0.0,1.0,0.0));
#8504=DIRECTION('',(-1.0,0.0,0.0));
#8505=DIRECTION('',(0.0,1.0,0.0));
#8506=DIRECTION('',(-1.0,0.0,0.0));
#8507=DIRECTION('',(0.0,-1.0,0.0));
#8508=DIRECTION('',(-1.0,0.0,0.0));
#8509=DIRECTION('',(0.0,-1.0,0.0));
#8510=DIRECTION('',(1.0,0.0,0.0));
#8511=DIRECTION('',(0.0,1.0,0.0));
#8512=DIRECTION('',(-1.0,0.0,0.0));
#8513=DIRECTION('',(0.0,1.0,0.0));
#8514=DIRECTION('',(-1.0,0.0,0.0));
#8515=DIRECTION('',(0.0,-1.0,0.0));
#8516=DIRECTION('',(-1.0,0.0,0.0));
#8517=DIRECTION('',(0.0,-1.0,0.0));
#8518=DIRECTION('',(1.0,0.0,0.0));
#8519=DIRECTION('',(0.0,1.0,0.0));
#8520=DIRECTION('',(-1.0,0.0,0.0));
#8521=DIRECTION('',(0.0,1.0,0.0));
#8522=DIRECTION('',(-1.0,0.0,0.0));
#8523=DIRECTION('',(0.0,-1.0,0.0));
#8524=DIRECTION('',(-1.0,0.0,0.0));
#8525=DIRECTION('',(0.0,-1.0,0.0));
#8526=DIRECTION('',(1.0,0.0,0.0));
#8527=DIRECTION('',(0.0,-1.0,0.0));
#8528=DIRECTION('',(-1.0,0.0,0.0));
#8529=DIRECTION('',(1.0,0.0,0.0));
#8530=DIRECTION('',(0.0,1.0,0.0));
#8531=DIRECTION('',(-1.0,0.0,0.0));
#8532=DIRECTION('',(0.0,1.0,0.0));
#8533=DIRECTION('',(-1.0,0.0,0.0));
#8534=DIRECTION('',(0.0,-1.0,0.0));
#8535=DIRECTION('',(-1.0,0.0,0.0));
#8536=DIRECTION('',(0.0,-1.0,0.0));
#8537=DIRECTION('',(1.0,0.0,0.0));
#8538=DIRECTION('',(0.0,1.0,0.0));
#8539=DIRECTION('',(-1.0,0.0,0.0));
#8540=DIRECTION('',(0.0,1.0,0.0));
#8541=DIRECTION('',(-1.0,0.0,0.0));
#8542=DIRECTION('',(0.0,-1.0,0.0));
#8543=DIRECTION('',(-1.0,0.0,0.0));
#8544=DIRECTION('',(0.0,-1.0,0.0));
#8545=DIRECTION('',(1.0,0.0,0.0));
#8546=DIRECTION('',(0.0,1.0,0.0));
#8547=DIRECTION('',(-1.0,0.0,0.0));
#8548=DIRECTION('',(0.0,1.0,0.0));
#8549=DIRECTION('',(-1.0,0.0,0.0));
#8550=DIRECTION('',(0.0,-1.0,0.0));
#8551=DIRECTION('',(-1.0,0.0,0.0));
#8552=DIRECTION('',(0.0,-1.0,0.0));
#8553=DIRECTION('',(0.0,0.0,1.0));
#8554=DIRECTION('',(0.0,-1.0,0.0));
#8555=DIRECTION('',(0.0,0.0,1.0));
#8556=DIRECTION('',(1.0,0.0,0.0));
#8557=DIRECTION('',(0.0,0.0,1.0));
#8558=DIRECTION('',(0.0,1.0,0.0));
#8559=DIRECTION('',(0.0,0.0,1.0));
#8560=DIRECTION('',(-1.0,0.0,0.0));
#8561=DIRECTION('',(0.0,0.0,1.0));
#8562=DIRECTION('',(0.0,1.0,0.0));
#8563=DIRECTION('',(0.0,0.0,1.0));
#8564=DIRECTION('',(-1.0,0.0,0.0));
#8565=DIRECTION('',(0.0,0.0,1.0));
#8566=DIRECTION('',(0.0,-1.0,0.0));
#8567=DIRECTION('',(0.0,0.0,1.0));
#8568=DIRECTION('',(-1.0,0.0,0.0));
#8569=DIRECTION('',(0.0,0.0,1.0));
#8570=DIRECTION('',(0.0,-1.0,0.0));
#8571=DIRECTION('',(0.0,0.0,1.0));
#8572=DIRECTION('',(1.0,0.0,0.0));
#8573=DIRECTION('',(0.0,0.0,1.0));
#8574=DIRECTION('',(0.0,1.0,0.0));
#8575=DIRECTION('',(0.0,0.0,1.0));
#8576=DIRECTION('',(-1.0,0.0,0.0));
#8577=DIRECTION('',(0.0,0.0,1.0));
#8578=DIRECTION('',(0.0,1.0,0.0));
#8579=DIRECTION('',(0.0,0.0,1.0));
#8580=DIRECTION('',(-1.0,0.0,0.0));
#8581=DIRECTION('',(0.0,0.0,1.0));
#8582=DIRECTION('',(0.0,-1.0,0.0));
#8583=DIRECTION('',(0.0,0.0,1.0));
#8584=DIRECTION('',(-1.0,0.0,0.0));
#8585=DIRECTION('',(0.0,0.0,1.0));
#8586=DIRECTION('',(0.0,-1.0,0.0));
#8587=DIRECTION('',(0.0,0.0,1.0));
#8588=DIRECTION('',(1.0,0.0,0.0));
#8589=DIRECTION('',(0.0,0.0,1.0));
#8590=DIRECTION('',(0.0,1.0,0.0));
#8591=DIRECTION('',(0.0,0.0,1.0));
#8592=DIRECTION('',(-1.0,0.0,0.0));
#8593=DIRECTION('',(0.0,0.0,1.0));
#8594=DIRECTION('',(0.0,1.0,0.0));
#8595=DIRECTION('',(0.0,0.0,1.0));
#8596=DIRECTION('',(-1.0,0.0,0.0));
#8597=DIRECTION('',(0.0,0.0,1.0));
#8598=DIRECTION('',(0.0,-1.0,0.0));
#8599=DIRECTION('',(0.0,0.0,1.0));
#8600=DIRECTION('',(-1.0,0.0,0.0));
#8601=DIRECTION('',(0.0,0.0,1.0));
#8602=DIRECTION('',(0.0,-1.0,0.0));
#8603=DIRECTION('',(0.0,0.0,1.0));
#8604=DIRECTION('',(1.0,0.0,0.0));
#8605=DIRECTION('',(0.0,0.0,1.0));
#8606=DIRECTION('',(0.0,1.0,0.0));
#8607=DIRECTION('',(0.0,0.0,1.0));
#8608=DIRECTION('',(-1.0,0.0,0.0));
#8609=DIRECTION('',(0.0,0.0,1.0));
#8610=DIRECTION('',(0.0,1.0,0.0));
#8611=DIRECTION('',(0.0,0.0,1.0));
#8612=DIRECTION('',(-1.0,0.0,0.0));
#8613=DIRECTION('',(0.0,0.0,1.0));
#8614=DIRECTION('',(0.0,-1.0,0.0));
#8615=DIRECTION('',(0.0,0.0,1.0));
#8616=DIRECTION('',(-1.0,0.0,0.0));
#8617=DIRECTION('',(0.0,0.0,1.0));
#8618=DIRECTION('',(0.0,-1.0,0.0));
#8619=DIRECTION('',(0.0,0.0,1.0));
#8620=DIRECTION('',(1.0,0.0,0.0));
#8621=DIRECTION('',(0.0,0.0,1.0));
#8622=DIRECTION('',(0.0,1.0,0.0));
#8623=DIRECTION('',(0.0,0.0,1.0));
#8624=DIRECTION('',(-1.0,0.0,0.0));
#8625=DIRECTION('',(0.0,0.0,1.0));
#8626=DIRECTION('',(0.0,1.0,0.0));
#8627=DIRECTION('',(0.0,0.0,1.0));
#8628=DIRECTION('',(-1.0,0.0,0.0));
#8629=DIRECTION('',(0.0,0.0,1.0));
#8630=DIRECTION('',(0.0,-1.0,0.0));
#8631=DIRECTION('',(0.0,0.0,1.0));
#8632=DIRECTION('',(-1.0,0.0,0.0));
#8633=DIRECTION('',(0.0,0.0,1.0));
#8634=DIRECTION('',(0.0,-1.0,0.0));
#8635=DIRECTION('',(0.0,0.0,1.0));
#8636=DIRECTION('',(1.0,0.0,0.0));
#8637=DIRECTION('',(0.0,0.0,1.0));
#8638=DIRECTION('',(0.0,1.0,0.0));
#8639=DIRECTION('',(0.0,0.0,1.0));
#8640=DIRECTION('',(-1.0,0.0,0.0));
#8641=DIRECTION('',(0.0,0.0,1.0));
#8642=DIRECTION('',(0.0,1.0,0.0));
#8643=DIRECTION('',(0.0,0.0,1.0));
#8644=DIRECTION('',(-1.0,0.0,0.0));
#8645=DIRECTION('',(0.0,0.0,1.0));
#8646=DIRECTION('',(0.0,-1.0,0.0));
#8647=DIRECTION('',(0.0,0.0,1.0));
#8648=DIRECTION('',(-1.0,0.0,0.0));
#8649=DIRECTION('',(0.0,0.0,1.0));
#8650=DIRECTION('',(1.0,0.0,0.0));
#8651=DIRECTION('',(0.0,-1.0,0.0));
#8652=DIRECTION('',(1.0,0.0,0.0));
#8653=DIRECTION('',(0.0,-1.0,0.0));
#8654=DIRECTION('',(-1.0,0.0,0.0));
#8655=DIRECTION('',(0.0,1.0,0.0));
#8656=DIRECTION('',(-1.0,0.0,0.0));
#8657=DIRECTION('',(0.0,-1.0,0.0));
#8658=DIRECTION('',(-1.0,0.0,0.0));
#8659=DIRECTION('',(0.0,1.0,0.0));
#8660=DIRECTION('',(-1.0,0.0,0.0));
#8661=DIRECTION('',(-1.0,0.0,0.0));
#8662=DIRECTION('',(-1.0,0.0,0.0));
#8663=DIRECTION('',(0.0,1.0,0.0));
#8664=DIRECTION('',(-1.0,0.0,0.0));
#8665=DIRECTION('',(0.0,1.0,0.0));
#8666=DIRECTION('',(1.0,0.0,0.0));
#8667=DIRECTION('',(0.0,1.0,0.0));
#8668=DIRECTION('',(-1.0,0.0,0.0));
#8669=DIRECTION('',(0.0,-1.0,0.0));
#8670=DIRECTION('',(-1.0,0.0,0.0));
#8671=DIRECTION('',(0.0,1.0,0.0));
#8672=DIRECTION('',(-1.0,0.0,0.0));
#8673=DIRECTION('',(0.0,1.0,0.0));
#8674=DIRECTION('',(1.0,0.0,0.0));
#8675=DIRECTION('',(0.0,1.0,0.0));
#8676=DIRECTION('',(-1.0,0.0,0.0));
#8677=DIRECTION('',(0.0,-1.0,0.0));
#8678=DIRECTION('',(0.0,0.0,-1.0));
#8679=DIRECTION('',(0.0,-1.0,0.0));
#8680=DIRECTION('',(0.0,0.0,-1.0));
#8681=DIRECTION('',(-1.0,0.0,0.0));
#8682=DIRECTION('',(0.0,0.0,-1.0));
#8683=DIRECTION('',(0.0,1.0,0.0));
#8684=DIRECTION('',(0.0,0.0,-1.0));
#8685=DIRECTION('',(-1.0,0.0,0.0));
#8686=DIRECTION('',(0.0,0.0,-1.0));
#8687=DIRECTION('',(0.0,0.0,-1.0));
#8688=DIRECTION('',(0.0,1.0,0.0));
#8689=DIRECTION('',(0.0,0.0,1.0));
#8690=DIRECTION('',(0.0,1.0,0.0));
#8691=DIRECTION('',(-1.0,0.0,0.0));
#8692=DIRECTION('',(0.0,1.0,0.0));
#8693=DIRECTION('',(-1.0,0.0,0.0));
#8694=DIRECTION('',(0.0,0.0,1.0));
#8695=DIRECTION('',(1.0,0.0,0.0));
#8696=DIRECTION('',(0.0,0.0,-1.0));
#8697=DIRECTION('',(0.0,0.0,1.0));
#8698=DIRECTION('',(0.0,0.0,-1.0));
#8699=DIRECTION('',(0.0,1.0,0.0));
#8700=DIRECTION('',(-1.0,0.0,0.0));
#8701=DIRECTION('',(-1.0,0.0,0.0));
#8702=DIRECTION('',(0.0,-1.0,0.0));
#8703=DIRECTION('',(1.0,0.0,0.0));
#8704=DIRECTION('',(0.0,1.0,0.0));
#8705=DIRECTION('',(0.0,0.0,1.0));
#8706=DIRECTION('',(0.0,-1.0,0.0));
#8707=DIRECTION('',(1.0,0.0,0.0));
#8708=DIRECTION('',(0.0,1.0,0.0));
#8709=DIRECTION('',(0.0,0.0,1.0));
#8710=DIRECTION('',(0.0,0.0,-1.0));
#8711=DIRECTION('',(0.0,0.0,-1.0));
#8712=DIRECTION('',(0.0,-1.0,0.0));
#8713=DIRECTION('',(0.0,0.0,-1.0));
#8714=DIRECTION('',(-1.0,0.0,0.0));
#8715=DIRECTION('',(0.0,0.0,-1.0));
#8716=DIRECTION('',(0.0,1.0,0.0));
#8717=DIRECTION('',(0.0,0.0,-1.0));
#8718=DIRECTION('',(-1.0,0.0,0.0));
#8719=DIRECTION('',(0.0,0.0,-1.0));
#8720=DIRECTION('',(0.0,0.0,-1.0));
#8721=DIRECTION('',(0.0,1.0,0.0));
#8722=DIRECTION('',(0.0,0.0,1.0));
#8723=DIRECTION('',(0.0,1.0,0.0));
#8724=DIRECTION('',(-1.0,0.0,0.0));
#8725=DIRECTION('',(0.0,1.0,0.0));
#8726=DIRECTION('',(-1.0,0.0,0.0));
#8727=DIRECTION('',(0.0,0.0,1.0));
#8728=DIRECTION('',(1.0,0.0,0.0));
#8729=DIRECTION('',(0.0,0.0,-1.0));
#8730=DIRECTION('',(0.0,0.0,1.0));
#8731=DIRECTION('',(0.0,0.0,-1.0));
#8732=DIRECTION('',(0.0,1.0,0.0));
#8733=DIRECTION('',(-1.0,0.0,0.0));
#8734=DIRECTION('',(-1.0,0.0,0.0));
#8735=DIRECTION('',(0.0,-1.0,0.0));
#8736=DIRECTION('',(1.0,0.0,0.0));
#8737=DIRECTION('',(0.0,1.0,0.0));
#8738=DIRECTION('',(0.0,0.0,1.0));
#8739=DIRECTION('',(0.0,-1.0,0.0));
#8740=DIRECTION('',(1.0,0.0,0.0));
#8741=DIRECTION('',(0.0,1.0,0.0));
#8742=DIRECTION('',(0.0,0.0,1.0));
#8743=DIRECTION('',(0.0,0.0,-1.0));
#8744=DIRECTION('',(0.0,0.0,-1.0));
#8745=DIRECTION('',(0.0,0.0,-1.0));
#8746=DIRECTION('',(0.0,0.0,-1.0));
#8747=DIRECTION('',(0.0,1.0,0.0));
#8748=DIRECTION('',(0.0,0.0,1.0));
#8749=DIRECTION('',(0.0,1.0,0.0));
#8750=DIRECTION('',(-1.0,0.0,0.0));
#8751=DIRECTION('',(0.0,1.0,0.0));
#8752=DIRECTION('',(-1.0,0.0,0.0));
#8753=DIRECTION('',(0.0,0.0,1.0));
#8754=DIRECTION('',(1.0,0.0,0.0));
#8755=DIRECTION('',(0.0,0.0,-1.0));
#8756=DIRECTION('',(0.0,0.0,1.0));
#8757=DIRECTION('',(0.0,0.0,-1.0));
#8758=DIRECTION('',(0.0,1.0,0.0));
#8759=DIRECTION('',(-1.0,0.0,0.0));
#8760=DIRECTION('',(-1.0,0.0,0.0));
#8761=DIRECTION('',(0.0,1.0,0.0));
#8762=DIRECTION('',(-1.0,0.0,0.0));
#8763=DIRECTION('',(0.0,-1.0,0.0));
#8764=DIRECTION('',(-1.0,0.0,0.0));
#8765=DIRECTION('',(0.0,-1.0,0.0));
#8766=DIRECTION('',(1.0,0.0,0.0));
#8767=DIRECTION('',(0.0,1.0,0.0));
#8768=DIRECTION('',(0.0,0.0,1.0));
#8769=DIRECTION('',(0.0,-1.0,0.0));
#8770=DIRECTION('',(1.0,0.0,0.0));
#8771=DIRECTION('',(0.0,1.0,0.0));
#8772=DIRECTION('',(0.0,0.0,1.0));
#8773=DIRECTION('',(0.0,0.0,-1.0));
#8774=DIRECTION('',(0.0,0.0,-1.0));
#8775=DIRECTION('',(0.0,0.0,-1.0));
#8776=DIRECTION('',(0.0,0.0,-1.0));
#8777=DIRECTION('',(0.0,0.0,-1.0));
#8778=DIRECTION('',(0.0,0.0,-1.0));
#8779=DIRECTION('',(-1.0,0.0,0.0));
#8780=DIRECTION('',(0.0,0.0,1.0));
#8781=DIRECTION('',(0.0,1.0,0.0));
#8782=DIRECTION('',(0.0,1.0,0.0));
#8783=DIRECTION('',(0.0,1.0,0.0));
#8784=DIRECTION('',(0.0,0.965905705675591,0.258894124582498));
#8785=DIRECTION('',(0.0,0.0,-1.0));
#8786=DIRECTION('',(0.0,1.0,-1.554312234475E-14));
#8787=DIRECTION('',(0.0,1.0,0.0));
#8788=DIRECTION('',(0.999999986613194,-0.000158025452330099,-4.24448791620998E-05));
#8789=DIRECTION('',(1.0,0.0,0.0));
#8790=DIRECTION('',(0.0,-0.965340647683765,-0.26099316835789));
#8791=CARTESIAN_POINT('',(-0.632,-0.6,2.3));
#8792=DIRECTION('',(-1.0,0.0,0.0));
#8793=DIRECTION('',(0.0,1.0,0.0));
#8794=DIRECTION('',(0.0,1.0,0.0));
#8795=CARTESIAN_POINT('',(-0.632,-0.7,1.6));
#8796=DIRECTION('',(-1.0,0.0,0.0));
#8797=DIRECTION('',(0.0,0.0,-1.0));
#8798=DIRECTION('',(0.0,-0.871641873672772,-0.490143289314685));
#8799=DIRECTION('',(0.0,-0.253757944584795,-0.96726775277588));
#8800=DIRECTION('',(0.0,0.0,1.0));
#8801=DIRECTION('',(0.0,-1.0,0.0));
#8802=CARTESIAN_POINT('',(-0.466,1.5,2.574));
#8803=DIRECTION('',(0.0,1.0,0.0));
#8804=DIRECTION('',(-1.0,0.0,2.140188963133E-14));
#8805=DIRECTION('',(1.0,0.0,0.0));
#8806=DIRECTION('',(1.0,0.0,0.0));
#8807=DIRECTION('',(1.0,0.0,0.0));
#8808=DIRECTION('',(1.0,0.0,0.0));
#8809=DIRECTION('',(0.0104587422491298,-0.0498929611588291,-0.998699808319482));
#8810=DIRECTION('',(0.0,-1.0,0.0));
#8811=DIRECTION('',(-0.00644729357142529,-0.787994375580836,0.615648679409428));
#8812=DIRECTION('',(-0.0104717841162501,0.0,0.999945169365512));
#8813=DIRECTION('',(0.0,1.0,0.0));
#8814=DIRECTION('',(-0.0104319401609497,0.0871510002404076,0.996140490985872));
#8815=DIRECTION('',(-1.0,0.0,0.0));
#8816=DIRECTION('',(0.0104319401609497,0.0871510002404076,0.996140490985872));
#8817=DIRECTION('',(0.0,1.0,0.0));
#8818=DIRECTION('',(0.0104717841162501,0.0,0.999945169365512));
#8819=DIRECTION('',(0.00644729357142529,-0.787994375580836,0.615648679409428));
#8820=DIRECTION('',(0.0,-1.0,0.0));
#8821=DIRECTION('',(-0.0104587422491298,-0.0498929611588291,-0.998699808319482));
#8822=DIRECTION('',(-1.0,0.0,0.0));
#8823=DIRECTION('',(-1.0,0.0,0.0));
#8824=DIRECTION('',(-1.0,0.0,0.0));
#8825=DIRECTION('',(-1.0,0.0,0.0));
#8826=DIRECTION('',(-1.0,0.0,0.0));
#8827=DIRECTION('',(-1.0,0.0,0.0));
#8828=DIRECTION('',(-1.0,0.0,0.0));
#8829=DIRECTION('',(-1.0,0.0,0.0));
#8830=DIRECTION('',(-1.0,0.0,0.0));
#8831=DIRECTION('',(-1.0,0.0,0.0));
#8832=DIRECTION('',(-1.0,0.0,0.0));
#8833=DIRECTION('',(-1.0,0.0,0.0));
#8834=DIRECTION('',(0.0,0.0,-1.0));
#8835=DIRECTION('',(-0.707106781186548,0.707106781186548,0.0));
#8836=DIRECTION('',(-0.707106781186548,0.707106781186548,0.0));
#8837=DIRECTION('',(-1.0,0.0,0.0));
#8838=DIRECTION('',(-0.707106781186548,-0.707106781186548,0.0));
#8839=DIRECTION('',(-1.0,0.0,0.0));
#8840=DIRECTION('',(-0.707106781186548,-0.707106781186548,0.0));
#8841=DIRECTION('',(0.0,0.0,-1.0));
#8842=DIRECTION('',(0.0,0.0,-1.0));
#8843=DIRECTION('',(0.0,0.0,-1.0));
#8844=DIRECTION('',(0.0,0.0,-1.0));
#8845=DIRECTION('',(0.0,0.0,-1.0));
#8846=DIRECTION('',(0.0,0.0,-1.0));
ENDSEC;
END-ISO-10303-21;
